{"source": [-49.733663328994176, -90.2532999117832], "intensity": 100, "miu_detector": 0.3, "miu_medium": 1.2, "miu_air": 0.00018, "output": [0.0, 0.0, 0.0, 0.0, 0.0, 0.0, 0.20630649434214726, 0.7936935056578527, 0.0, 0.0, 0.0, 0.0, 0.0, 0.0, 0.0, 0.0, 0.0, 0.0, 0.0, 0.0, 0.0, 0.0, 0.0, 0.0, 0.0, 0.0, 0.0, 0.0, 0.0, 0.0, 0.0, 0.0, 0.0, 0.0, 0.0, 0.0, 0.0, 0.0, 0.0, 0.0], "miu_de": 0.5, "input": [1.5116060361345316, 1.8089964238558887, 1.928151967788936, 1.874251337982757, 1.9351931316794897, 1.846806442847682, 1.9446434498550642, 1.8983238588217697, 1.828865080217806, 1.6948328448919896, 0.6634586601557017, 0.9981446740792511, 1.0543111667236358, 1.111625961860735, 1.0841776052126368, 1.1271993351386507, 1.0830638169085796, 1.0934369172164113, 1.0393418098504146, 1.467346043944984, -0.002347721878694209, 0.23703761451118266, 0.30840075172379355, 0.3070305944766861, 0.3414297125487553, 0.34810106331584695, 0.3333260101941989, 0.34788194449136794, 0.5379897983657385, 1.3866857209968748, -0.443026065670057, -0.251884924494614, -0.22392957196986293, -0.19487893888527152, -0.2129852624994896, -0.180030779984466, -0.13168079985462697, -0.11017682856521623, 0.3552550216253446, 1.3689665499974135, -0.7318416538143449, -0.6272372855993382, -0.5782473929976649, -0.5426423785588963, -0.5538020324840158, -0.49821726234256325, -0.5012933111041552, -0.2931354170351894, 0.23951826317459785, 1.3051673244179498, -0.9117860576790345, -0.8382235614295664, -0.8295834161067959, -0.7860811855632985, -0.7804624978075685, -0.7480078088226939, -0.6831806452674687, -0.38736895423804385, 0.29074379203647044, 1.31341241010734, -1.050625410884299, -1.0021729694283013, -0.9751209267309721, -0.9809807235892877, -0.9557780389164044, -0.8956774507329756, -0.752207080095405, -0.46156565753777407, 0.2233648807323451, 1.3766837830388963, -1.1324878283146949, -1.0956081247498983, -1.0765867002087526, -1.0819353084180643, -1.0280805954424552, -0.9633238055301703, -0.8021432071013029, -0.46594992175615396, 0.2146927910868866, 1.2720916409523364, -1.1850068155583586, -1.174882503167118, -1.1334974965575213, -1.134495527213637, -1.0853297060436904, -1.0167053410594782, -0.8609403849149769, -0.48180498529247495, 0.13047898753958273, 1.2781029392208574, -1.2336577955155756, -1.204580008871709, -1.1992491926181348, -1.193303219107182, -1.1622240204181011, -1.0880990562306991, -0.9368220729655883, -0.6161564522833095, -0.03566865392795298, 0.9945805761139601], "bean_num": 0.5, "model_info": {"det_num_x": 10, "det_num_y": 10, "det_y": 0.03, "det_x": 0.03, "size_x": 0.5, "size_y": 0.5, "med_margin": 0.0015}}