{"source": [-35.654733720040994, -235.620606574594], "intensity": 100, "miu_detector": 0.3, "miu_medium": 1.2, "miu_air": 0.00018, "output": [0.0, 0.0, 0.0, 0.0, 0.0, 0.0, 0.0, 0.0, 0.0, 0.9560961853837138, 0.04390381461628622, 0.0, 0.0, 0.0, 0.0, 0.0, 0.0, 0.0, 0.0, 0.0, 0.0, 0.0, 0.0, 0.0, 0.0, 0.0, 0.0, 0.0, 0.0, 0.0, 0.0, 0.0, 0.0, 0.0, 0.0, 0.0, 0.0, 0.0, 0.0, 0.0], "miu_de": 0.5, "input": [1.7963057478010012, 1.011737489477509, 0.34400002124873835, -0.15785547049699797, -0.4281699504142385, -0.6542380143872963, -0.815267558421774, -0.9330672126835208, -1.0066747341107996, -1.053854145295872, 2.044360647753659, 1.332957860569068, 0.6070080572654966, 0.11923399755863925, -0.27212458418652685, -0.48497386679366944, -0.6808099061303061, -0.8626105052154734, -0.9495535728626822, -1.0236532685851052, 2.160988568584404, 1.415320580881415, 0.7256422490417408, 0.15350921646950746, -0.19871329832156326, -0.4740154508608912, -0.6945622066228337, -0.827910780226279, -0.9172587910788366, -1.0162877052769974, 2.128317270276987, 1.4586764836150463, 0.7729885148500063, 0.21549072889473905, -0.171381517947486, -0.4798314713559797, -0.677898191855833, -0.8204723726348023, -0.9245442421251178, -0.990139211003351, 2.2098645946424074, 1.50834618065199, 0.693214089878011, 0.21954707564835713, -0.19256542570561205, -0.4530684519051135, -0.6634198285313813, -0.8604129887538593, -0.9222430949157765, -0.9957870512074937, 2.260317465270281, 1.480387238677141, 0.8209513494096718, 0.2148482602288469, -0.19422168489875927, -0.48144995875593155, -0.6661101613979921, -0.7958178355229362, -0.913095323907549, -1.001230600515456, 2.1118713082217755, 1.4947484702486518, 0.8353572637515899, 0.25334758861057866, -0.14488003431340427, -0.47146906353361384, -0.6538610523282884, -0.7913453113763712, -0.9046984571000296, -0.9879376347142359, 2.194178997326605, 1.3776208525825462, 0.7574515830722978, 0.21903162304148074, -0.24133168380742817, -0.48872701345800695, -0.6760305704239703, -0.8165520321987253, -0.9353101674188402, -1.004683119518042, 2.122503157544069, 1.2909260630880781, 0.653356376980434, 0.16578174147630018, -0.22490167680497988, -0.5290279706976104, -0.7069857919254835, -0.8272986190391498, -0.926651059057075, -1.0200732695081425, 1.7035176165112993, 0.981423229503475, 0.3771881216799583, -0.04231637181699923, -0.3916546195177358, -0.5815784229000243, -0.7090373455187108, -0.8169823831365706, -0.8148830559143404, -0.8688105213939294], "bean_num": 0.5, "model_info": {"det_num_x": 10, "det_num_y": 10, "det_y": 0.03, "det_x": 0.03, "size_x": 0.5, "size_y": 0.5, "med_margin": 0.0015}}