{"source": [-211.4129998020946, -137.51064197726558], "intensity": 100, "miu_detector": 0.3, "miu_medium": 1.2, "miu_air": 0.00018, "output": [0.0, 0.0, 0.0, 0.3287301756607248, 0.6712698243392752, 0.0, 0.0, 0.0, 0.0, 0.0, 0.0, 0.0, 0.0, 0.0, 0.0, 0.0, 0.0, 0.0, 0.0, 0.0, 0.0, 0.0, 0.0, 0.0, 0.0, 0.0, 0.0, 0.0, 0.0, 0.0, 0.0, 0.0, 0.0, 0.0, 0.0, 0.0, 0.0, 0.0, 0.0, 0.0], "miu_de": 0.5, "input": [-1.1328760190512621, -1.1063092342234078, -1.1180466352151819, -1.1019171169448652, -1.1209998296905985, -1.0824841851864082, -1.0867789189251573, -1.047741064355138, -0.8993067885504664, 0.05040025303331299, -1.092372710410535, -1.0096150531194026, -1.0341344154174024, -1.0176607328797305, -1.0113005253014309, -1.0173164636333598, -0.9911045475531645, -0.961525610336005, -0.7998621349163698, 0.06091917627230946, -1.004871274981537, -0.9735167936294066, -0.9355702221264426, -0.9118494487242276, -0.929231157204678, -0.92406780652555, -0.880633033578991, -0.849329604460608, -0.727459411052605, 0.03675629357588305, -0.9174118367259517, -0.8607061639147731, -0.7344635926177847, -0.7894035686407194, -0.7981529992241343, -0.7383472800841663, -0.7505948613772502, -0.7220436174889772, -0.6879005423165532, 0.2333679287991238, -0.7365180951037184, -0.6005033292327355, -0.5933018059128493, -0.5437382645665173, -0.5641333362873434, -0.5583724716123194, -0.4641045645938592, -0.5532611460787065, -0.5444536693098159, 0.212946448952788, -0.531679344588591, -0.2806197498893107, -0.21233569559904397, -0.201961395071201, -0.23989344223887876, -0.29722790083966816, -0.20055477996338822, -0.2823733338285165, -0.3034003919162143, 0.3177188738619529, -0.2710334832356359, 0.010687334886196637, 0.15914279935874157, 0.170960233857359, 0.17583182863874716, 0.15654495939766497, 0.07705785772327187, 0.0930920518633016, 0.02962612626701061, 0.37795619289232346, 0.2834422393223839, 0.660839766420823, 0.5213733521526479, 0.7165255687459531, 0.6107468638770246, 0.6803573011046155, 0.7242977973715987, 0.6310425453910038, 0.5205844968252957, 0.6977997004360212, 1.030643884808617, 1.302938482246718, 1.424489821128545, 1.4109298849355498, 1.2297742770791535, 1.4519807923331045, 1.4221088559599335, 1.3726677801922218, 1.3357724270410893, 1.0211986820825414, 1.7765419753830296, 1.912608540527865, 2.1230179055131044, 2.1972549341803513, 2.1491894398446356, 2.125749381806848, 2.143217877928351, 2.1418928196262192, 2.1611385041493514, 1.8032371424579756], "bean_num": 0.5, "model_info": {"det_num_x": 10, "det_num_y": 10, "det_y": 0.03, "det_x": 0.03, "size_x": 0.5, "size_y": 0.5, "med_margin": 0.0015}}