{"source": [89.85856428006338, -249.98166099902753], "intensity": 100, "miu_detector": 0.3, "miu_medium": 1.2, "miu_air": 0.00018, "output": [0.0, 0.0, 0.0, 0.0, 0.0, 0.0, 0.0, 0.0, 0.0, 0.0, 0.0, 0.0, 0.8031651765484525, 0.19683482345154746, 0.0, 0.0, 0.0, 0.0, 0.0, 0.0, 0.0, 0.0, 0.0, 0.0, 0.0, 0.0, 0.0, 0.0, 0.0, 0.0, 0.0, 0.0, 0.0, 0.0, 0.0, 0.0, 0.0, 0.0, 0.0, 0.0], "miu_de": 0.5, "input": [1.4754243908038027, 1.7573214603362481, 1.8125720709247586, 1.8850589282621941, 1.8610110663954464, 1.8938167349966872, 1.819870640901675, 1.9086497082151828, 1.77149674408284, 1.5246700664740362, 0.6452805450770709, 0.9714865782839041, 0.9356789085702845, 0.9880801333025879, 1.0322324271083727, 0.9901128048794879, 1.0515830047039794, 0.9399599126057638, 1.0136602443512226, 1.5271763627308803, -0.03269326001828105, 0.1292460048805572, 0.28520025713336233, 0.2537627877634549, 0.2149533874349897, 0.22754264755143722, 0.27093305766722003, 0.3081907570722549, 0.5631817465211889, 1.4293975491335302, -0.46458753691454135, -0.2728564764835197, -0.2688655896897492, -0.2687780471023215, -0.2550961495273898, -0.2895328795819847, -0.23033808433647623, -0.08782355738960533, 0.4989739454861045, 1.4387290789027074, -0.7993141116056166, -0.621926239937659, -0.5958709546526285, -0.5839723804567628, -0.6159031871067416, -0.5729860275331279, -0.5063091729618113, -0.2607922889936705, 0.40163213993723595, 1.3903199823517567, -0.9488768518806551, -0.8972910799074292, -0.8725860407646273, -0.8272870473453411, -0.7968024651145253, -0.7853610799541013, -0.623172772640537, -0.311585671570163, 0.35499221554738825, 1.4764570690005847, -1.0876301994532207, -1.0621176126939955, -1.0203156205868495, -0.9932898238986416, -0.949139908583535, -0.9012837923838828, -0.7125304986967813, -0.3496239447554777, 0.32425521118856426, 1.4138240947249239, -1.1502850112249547, -1.1165973847226829, -1.0868218727002015, -1.0691385483698492, -1.052551403580315, -0.930738859691327, -0.7190947431401419, -0.3240523417252646, 0.34078431488959104, 1.539876500246329, -1.199930394847799, -1.1793206331479247, -1.1588528538715157, -1.1483815836012365, -1.1024523034845768, -0.9642713976986403, -0.7717434064248614, -0.41833582180440193, 0.34624562796669345, 1.3716449921636513, -1.2412121040383608, -1.225773754892194, -1.2272032281551677, -1.211527932975829, -1.1053735969232106, -1.0457355321920538, -0.8781804537853578, -0.5197313573010179, 0.11832624812153317, 1.2102345261290368], "bean_num": 0.5, "model_info": {"det_num_x": 10, "det_num_y": 10, "det_y": 0.03, "det_x": 0.03, "size_x": 0.5, "size_y": 0.5, "med_margin": 0.0015}}