{"source": [597.9379919754042, 353.46331617675327], "intensity": 100, "miu_detector": 0.3, "miu_medium": 1.2, "miu_air": 0.00018, "output": [0.0, 0.0, 0.0, 0.0, 0.0, 0.0, 0.0, 0.0, 0.0, 0.0, 0.0, 0.0, 0.0, 0.0, 0.0, 0.0, 0.0, 0.0, 0.0, 0.0, 0.0, 0.0, 0.0, 0.6012324646051274, 0.3987675353948726, 0.0, 0.0, 0.0, 0.0, 0.0, 0.0, 0.0, 0.0, 0.0, 0.0, 0.0, 0.0, 0.0, 0.0, 0.0], "miu_de": 0.5, "input": [-1.2224124685901228, -1.2057038862726788, -1.1847043308880174, -1.1677229171665797, -1.1294581814679692, -1.0458782858523494, -0.9031683602613051, -0.5965269619344443, -0.07678217270495158, 0.9974211180079605, -1.1912127329582256, -1.1585323501654046, -1.1426356769621826, -1.1263289761106905, -1.0795648832707878, -0.9878628737988234, -0.7956068414309986, -0.47010979064625424, 0.1490324983019207, 1.247775595799913, -1.1383863092800142, -1.0891255988830515, -1.083075620878899, -1.0510947878255186, -1.0224847135193638, -0.950824289129406, -0.7664479249689692, -0.41267228062192796, 0.2094942454565464, 1.3012850030964778, -1.0629457563870695, -0.9975895469998314, -0.9774347066031213, -0.9739996063991966, -0.951110635494232, -0.8836256974921701, -0.7217500016669963, -0.37319071394396025, 0.25837354904215226, 1.3430637533500698, -0.9473663679398246, -0.852930380959122, -0.8395570228742737, -0.824481614558066, -0.7918565471803657, -0.7463975849531228, -0.6484470651245273, -0.3435079547248001, 0.31285519922915045, 1.397778844618018, -0.759956274368009, -0.6553944605007583, -0.6109195585860228, -0.6032860692494628, -0.5687393204589443, -0.5413055976037079, -0.47641221590055105, -0.26438323617273335, 0.3584800368331447, 1.3774929323260277, -0.498112583298402, -0.3233994787894087, -0.28134549907537654, -0.24296706762292014, -0.21202434309566726, -0.19949436069669768, -0.1746792984736171, -0.07715359786239419, 0.4393563973337218, 1.4646571524050191, -0.05881815019395246, 0.1985410799955817, 0.2081867543516916, 0.251139175826664, 0.2759672462994807, 0.3034129497016096, 0.3129682568149472, 0.3709277704670508, 0.5847627153100627, 1.5047913850569654, 0.6034098754361188, 0.9195722534917108, 0.9622654828122019, 0.9925649749922917, 1.0304883995662664, 1.047677684499297, 1.0484935999578917, 1.0605924816200447, 1.0831126774384539, 1.5189817451215974, 1.5036199522559928, 1.768480764263675, 1.8940546759272852, 1.8488425531060058, 1.8782537611527026, 1.8920183632862027, 1.95202990675803, 1.929932546407339, 1.9126984106217146, 1.768051762499234], "bean_num": 0.5, "model_info": {"det_num_x": 10, "det_num_y": 10, "det_y": 0.03, "det_x": 0.03, "size_x": 0.5, "size_y": 0.5, "med_margin": 0.0015}}