{"source": [-738.081033112436, -157.23371931253936], "intensity": 100, "miu_detector": 0.3, "miu_medium": 1.2, "miu_air": 0.00018, "output": [0.0, 0.6637806154321688, 0.33621938456783124, 0.0, 0.0, 0.0, 0.0, 0.0, 0.0, 0.0, 0.0, 0.0, 0.0, 0.0, 0.0, 0.0, 0.0, 0.0, 0.0, 0.0, 0.0, 0.0, 0.0, 0.0, 0.0, 0.0, 0.0, 0.0, 0.0, 0.0, 0.0, 0.0, 0.0, 0.0, 0.0, 0.0, 0.0, 0.0, 0.0, 0.0], "miu_de": 0.5, "input": [-1.152184849594899, -1.0977622833581469, -1.0050639782349173, -0.9032696374944922, -0.7501201325730337, -0.5778618762234293, -0.2392107191058425, 0.18937195636070828, 0.9003772933290186, 1.7123510063237848, -1.1255644130021505, -1.0585563956123016, -0.9514011234472373, -0.8270160272430535, -0.624665821036888, -0.36674107813617096, -0.025624712933730778, 0.5556296910273235, 1.3305900808591673, 1.977845164338977, -1.12070288390643, -1.042266309930059, -0.9229747485784899, -0.8483014615526644, -0.6188910429240286, -0.31251358001963403, 0.04436312916651538, 0.6824435128792875, 1.3395861906027386, 2.1678964419893547, -1.1075850531363995, -1.0527772369637438, -0.9495980456991809, -0.7868536656865069, -0.5562910154047516, -0.270092021978921, 0.05813345403343252, 0.6498269737143241, 1.3677564213599833, 2.1416515107129213, -1.1049319799755912, -1.0021471902494186, -0.9055971001345592, -0.7949872656783581, -0.5651313656664312, -0.3098560932083293, 0.13406868645538034, 0.6875927905735537, 1.4161696126550856, 2.1636344129822285, -1.109095205123807, -0.999829303180044, -0.8878084135302468, -0.7999405047922598, -0.5553776865832047, -0.31617805595591253, 0.049333499772312765, 0.6329378542178662, 1.388004665024752, 2.1453373769018524, -1.0853529460193916, -1.002170375874713, -0.8833538856156418, -0.8052910102498045, -0.5611732800852838, -0.24353018724328365, 0.08362419004947078, 0.6242405132035783, 1.3688477530337795, 2.138740568370073, -1.0435543902326572, -0.9905370283674186, -0.8792190062837287, -0.747008888863107, -0.5703561976498153, -0.2985218376765467, 0.021102017973528297, 0.6814515311886109, 1.3743510507713992, 2.1139096679081963, -0.8454327019117476, -0.7416542753178433, -0.6989175306888392, -0.5706701704011724, -0.494652545204442, -0.2451816475124768, 0.03798816276360635, 0.5894484070601009, 1.2409085286215815, 2.0174382614761255, 0.1344272570917101, 0.3647209701661427, 0.341976845882324, 0.4383781174162343, 0.4538088395094201, 0.5064068226753303, 0.5075955086012557, 0.7885263010562502, 1.1037590306394873, 1.6847961123144095], "bean_num": 0.5, "model_info": {"det_num_x": 10, "det_num_y": 10, "det_y": 0.03, "det_x": 0.03, "size_x": 0.5, "size_y": 0.5, "med_margin": 0.0015}}