{"source": [549.2385704630468, -529.1599584660205], "intensity": 100, "miu_detector": 0.3, "miu_medium": 1.2, "miu_air": 0.00018, "output": [0.0, 0.0, 0.0, 0.0, 0.0, 0.0, 0.0, 0.0, 0.0, 0.0, 0.0, 0.0, 0.0, 0.0, 0.0, 0.8814819911902306, 0.11851800880976941, 0.0, 0.0, 0.0, 0.0, 0.0, 0.0, 0.0, 0.0, 0.0, 0.0, 0.0, 0.0, 0.0, 0.0, 0.0, 0.0, 0.0, 0.0, 0.0, 0.0, 0.0, 0.0, 0.0], "miu_de": 0.5, "input": [0.665415691740464, 0.8838484215545319, 0.8515234793899326, 0.8505369846049361, 0.9190876752127488, 0.8964834561325495, 0.9631021457971775, 0.9691719893224217, 1.278667854180069, 1.610265748364788, -0.5052556848493276, -0.3048225116886776, -0.33767379292860167, -0.3175699848673887, -0.27053506441078384, -0.1287462202790381, 0.04883566436437014, 0.4486795665568079, 1.2052916215578564, 1.9928302824037525, -0.9061738415727093, -0.8544623358799152, -0.7997716554279222, -0.6780631600594306, -0.5798422470577913, -0.3389440733629396, 0.0198196218982109, 0.4766714507593855, 1.2227136092883752, 2.068021315355797, -1.0737125902184401, -0.9967773150885242, -0.9169230896604822, -0.8087502952174743, -0.6452108831128384, -0.4114500666231888, 0.03936058709841633, 0.49187893743424904, 1.2696012792023321, 2.1558853757109437, -1.1288981022939466, -1.030411872772627, -0.9502745348019012, -0.8515797041337332, -0.6702045784724054, -0.3896068973467048, -0.05041614652411031, 0.5410253978426186, 1.3127545017211135, 2.0782340664257064, -1.1460449565478348, -1.0762710517930814, -0.9892852662514087, -0.8248578892062561, -0.6568898885297005, -0.380404097188288, 0.010539066964099, 0.6078072565690203, 1.2977571627450057, 2.0037438238695846, -1.1657527619041892, -1.0921521533684466, -0.967670123503994, -0.8883706575281429, -0.7133138926781704, -0.3503714977851547, 0.0032549675435845906, 0.47088271688800315, 1.180216817701333, 1.9895037719603996, -1.173431942155649, -1.076388560940523, -1.01280091969948, -0.8875390626919076, -0.7113283998275816, -0.4066138665480848, -0.017311104844430585, 0.4760363762079229, 1.318405882153201, 2.0302613428359706, -1.174460984244097, -1.1212816484044816, -1.0136180216040307, -0.8740990232322439, -0.7095331007690009, -0.5029458220588641, -0.06319046484527702, 0.49503335820064925, 1.120014747594917, 1.971920213395833, -1.2103143575063182, -1.1302927344264913, -1.0636486511032845, -0.9841824018649326, -0.7999054996170357, -0.6599443690048953, -0.26515961712610986, 0.23134249826795877, 0.951689756196953, 1.6373349544362747], "bean_num": 0.5, "model_info": {"det_num_x": 10, "det_num_y": 10, "det_y": 0.03, "det_x": 0.03, "size_x": 0.5, "size_y": 0.5, "med_margin": 0.0015}}