{"source": [137.71531475642993, 931.0496930286617], "intensity": 100, "miu_detector": 0.3, "miu_medium": 1.2, "miu_air": 0.00018, "output": [0.0, 0.0, 0.0, 0.0, 0.0, 0.0, 0.0, 0.0, 0.0, 0.0, 0.0, 0.0, 0.0, 0.0, 0.0, 0.0, 0.0, 0.0, 0.0, 0.0, 0.0, 0.0, 0.0, 0.0, 0.0, 0.0, 0.0, 0.0, 0.0, 0.9348714258120572, 0.06512857418794281, 0.0, 0.0, 0.0, 0.0, 0.0, 0.0, 0.0, 0.0, 0.0], "miu_de": 0.5, "input": [-0.5329480988512688, -1.0130151893608084, -1.0450899766616606, -1.0292807364941459, -1.0556885036983066, -1.0441943086362366, -1.054042740423599, -1.0508248858076366, -1.0692398749296084, -1.097162633796931, -0.4190321873577979, -0.9134041866337356, -0.9581186798576544, -0.9446056113379708, -0.9842037400428881, -0.9606986255813151, -0.9677003013253608, -0.959036969516395, -1.0046619030393396, -1.021263224770449, -0.33114354586690514, -0.838181542561393, -0.8457528939436094, -0.851328791624099, -0.8475166826483442, -0.8397721943840145, -0.8627096239650932, -0.8865354257816368, -0.897603760733337, -0.9730338224355785, -0.3008667280698424, -0.7348522024840166, -0.7316571022500434, -0.6858539940517692, -0.7018768480272117, -0.7059857229205624, -0.7152106040583429, -0.7414885426233577, -0.7738373846389149, -0.8613582574691782, -0.19977765335981673, -0.5510190566594365, -0.531013258395026, -0.4876823001060259, -0.4740141340736688, -0.49519829223711287, -0.5024899019380427, -0.49552514929562225, -0.5504292174280772, -0.6768905998846196, -0.05285601575261351, -0.2469156882956205, -0.24311470363485954, -0.21828823842197095, -0.2051010425563022, -0.1980333955952768, -0.19408339655710866, -0.2575494904261428, -0.29274671694206705, -0.4980494680645278, 0.11063739229108649, 0.08499944553324712, 0.17012606806187894, 0.18619450073427593, 0.2053369977332504, 0.16985156405529503, 0.18302485139430527, 0.1737494102323969, 0.06342261414430368, -0.16914135590502394, 0.4434964310422307, 0.5968189268168581, 0.7401609458742929, 0.7198383540901669, 0.72205503666704, 0.7466371367342061, 0.7529062189561265, 0.710379036904054, 0.5847243904554408, 0.3027673749538401, 1.0295437026029757, 1.311493924450714, 1.4670338398998974, 1.4471682790164322, 1.49208095094508, 1.4867710541304517, 1.4431337452862547, 1.4956726909654796, 1.3467791098343058, 0.9353311838044132, 1.7810717390248683, 2.0778080668097694, 2.1453002203188962, 2.2131397288212518, 2.168333932437412, 2.1325409097106647, 2.1347231877574355, 2.16908070843059, 2.0919897674221652, 1.754573685845967], "bean_num": 0.5, "model_info": {"det_num_x": 10, "det_num_y": 10, "det_y": 0.03, "det_x": 0.03, "size_x": 0.5, "size_y": 0.5, "med_margin": 0.0015}}