{"source": [35.02776963473066, 99.2006153626585], "intensity": 100, "miu_detector": 0.3, "miu_medium": 1.2, "miu_air": 0.00018, "output": [0.0, 0.0, 0.0, 0.0, 0.0, 0.0, 0.0, 0.0, 0.0, 0.0, 0.0, 0.0, 0.0, 0.0, 0.0, 0.0, 0.0, 0.0, 0.0, 0.0, 0.0, 0.0, 0.0, 0.0, 0.0, 0.0, 0.0, 0.16090477390119018, 0.8390952260988098, 0.0, 0.0, 0.0, 0.0, 0.0, 0.0, 0.0, 0.0, 0.0, 0.0, 0.0], "miu_de": 0.5, "input": [1.6067510634103874, 1.2460668185414778, 1.2462176899953075, 1.2764104137792698, 1.3122309297250672, 1.3395377840241303, 1.2015025973176336, 1.2470029607643993, 1.1959496270282868, 0.9073937663797017, 1.9026796738916456, 0.9436773324060527, 0.4653768722719832, 0.20400187915443607, 0.054559204979612176, 0.077344552952372, 0.04567428861052028, 0.08392913377573787, -0.004540182195675877, -0.16892228617543886, 2.0332089653006755, 1.0663519042183858, 0.4386943987905856, -0.007561814711463409, -0.33428603992512634, -0.5147746951928999, -0.5235621552196144, -0.6344172657155127, -0.6003991267348041, -0.7304251312884568, 1.8475415810899503, 1.0925750878642866, 0.36101328779631586, -0.14548947870837411, -0.473076033607312, -0.6853782718870155, -0.8225045686505938, -0.8799446639149281, -0.9095569146016405, -0.9388408689138952, 1.8496837019383077, 1.2314656981732426, 0.4229664084498596, -0.0858527342718603, -0.4858179795290216, -0.7636413647047504, -0.8843519994214024, -0.9738088769507695, -1.0168263855736004, -1.1105316705984138, 1.91394854335241, 1.094992771192058, 0.4012156068717838, -0.11606098088487375, -0.5055017708303083, -0.8020975886715515, -0.9018353379650696, -1.0256142678088374, -1.1265195859438693, -1.1622509208496379, 1.9128213361485085, 1.3462507776074997, 0.40713069563617627, -0.11986071937948933, -0.4705178712766545, -0.7641536851128204, -0.9285125693792515, -1.006330184514368, -1.1172851372883714, -1.1820010121961573, 1.9973988385310657, 1.1242326717970637, 0.34117255094188687, -0.1465451764649271, -0.5392736277210546, -0.8531330782666631, -0.9184004026467647, -1.0456220268131775, -1.1438520267605585, -1.1817138782418155, 1.926019150831478, 1.0759035748032502, 0.3174995062485179, -0.17845272421012273, -0.49695613438480835, -0.761294788773647, -0.9470165672580803, -1.0673713527918218, -1.145540542192018, -1.2026534106995284, 1.699053428462245, 0.7370705208311471, 0.07918783864462849, -0.37854967391156247, -0.6974090050788709, -0.8982055469223489, -1.0355137683580027, -1.1146553547683946, -1.1717563894773697, -1.2267378181939725], "bean_num": 0.5, "model_info": {"det_num_x": 10, "det_num_y": 10, "det_y": 0.03, "det_x": 0.03, "size_x": 0.5, "size_y": 0.5, "med_margin": 0.0015}}