{"source": [104.81209927106097, 39.00631616971063], "intensity": 100, "miu_detector": 0.3, "miu_medium": 1.2, "miu_air": 0.00018, "output": [0.0, 0.0, 0.0, 0.0, 0.0, 0.0, 0.0, 0.0, 0.0, 0.0, 0.0, 0.0, 0.0, 0.0, 0.0, 0.0, 0.0, 0.0, 0.0, 0.0, 0.0, 0.0, 0.7318903098910532, 0.2681096901089468, 0.0, 0.0, 0.0, 0.0, 0.0, 0.0, 0.0, 0.0, 0.0, 0.0, 0.0, 0.0, 0.0, 0.0, 0.0, 0.0], "miu_de": 0.5, "input": [-0.19610766314507896, -0.07885080100213589, -0.021704238819177175, -0.017990092293198024, 0.10673405188262379, 0.2096615570269114, 0.27153203568475875, 0.57692368923702, 1.0896926647730627, 1.6905744519860988, -0.9811663489685042, -0.908312408467119, -0.7504807502101187, -0.7141366540830438, -0.5797869826427281, -0.27014415250048796, 0.12496182102694943, 0.5378192990317573, 1.3320526355701316, 2.2014250727033446, -1.0416177825690331, -0.9593881548858137, -0.8913055889818431, -0.7424931384751401, -0.5752426138457183, -0.28753207104864614, 0.15726841799747962, 0.6643019421137702, 1.397239181441896, 2.212256921467647, -1.0626015563755518, -0.977274639783511, -0.9102450400313575, -0.7824026480588603, -0.5610366269857298, -0.2567686190142209, 0.13784197125979786, 0.7276084746569985, 1.3802109218880376, 2.222657457328067, -1.0846141468994255, -0.9930636595185004, -0.8809987927682095, -0.7137430814424407, -0.5427496064771355, -0.28130673359865266, 0.18447550234138213, 0.6901512535175053, 1.3723005660540626, 2.250602244337527, -1.0939508470375612, -0.9972900325672479, -0.899564099025979, -0.7473477249808028, -0.5707115912816493, -0.23214558873074428, 0.14137029944734558, 0.7137322632667547, 1.4800018469329712, 2.1498319737966423, -1.0657129562167027, -0.9678396849854475, -0.8810426512185016, -0.717734303778083, -0.4772096085216343, -0.19482937009985177, 0.14913606411983252, 0.808167778615087, 1.3827209220879522, 2.096080008946845, -1.0764008949611472, -1.023273674565439, -0.92046495471476, -0.7561268889882781, -0.49046174429919065, -0.20366702826493743, 0.1423597292854831, 0.7110426052310341, 1.3382525769435574, 2.0839802566996464, -1.0891262630092677, -0.9448861082928458, -0.9341061378189652, -0.83119240270078, -0.6036805367259666, -0.33036113574152726, 0.07047575076457496, 0.4804045932983892, 1.284219245120384, 1.9986484263768542, -1.1085673331574057, -1.0616209590486592, -1.015670821095703, -0.8581743518719783, -0.7307115510189748, -0.5105956219197839, -0.24902356221126468, 0.3143095253439251, 1.0324805325133604, 1.7310484896250002], "bean_num": 0.5, "model_info": {"det_num_x": 10, "det_num_y": 10, "det_y": 0.03, "det_x": 0.03, "size_x": 0.5, "size_y": 0.5, "med_margin": 0.0015}}