{"source": [-89.84384766798112, -87.13720484343162], "intensity": 100, "miu_detector": 0.3, "miu_medium": 1.2, "miu_air": 0.00018, "output": [0.0, 0.0, 0.0, 0.0, 0.0973532474501786, 0.9026467525498214, 0.0, 0.0, 0.0, 0.0, 0.0, 0.0, 0.0, 0.0, 0.0, 0.0, 0.0, 0.0, 0.0, 0.0, 0.0, 0.0, 0.0, 0.0, 0.0, 0.0, 0.0, 0.0, 0.0, 0.0, 0.0, 0.0, 0.0, 0.0, 0.0, 0.0, 0.0, 0.0, 0.0, 0.0], "miu_de": 0.5, "input": [-1.1980398361991402, -1.1965377205708099, -1.1820694907637037, -1.1820759037288266, -1.1789680724743659, -1.149954793440104, -1.0376072545708785, -0.8016521066600327, -0.24285687453104174, 0.8991435234065673, -1.1879232781807292, -1.1369909975502015, -1.1127538330766642, -1.1100300195891186, -1.0867776462981664, -1.0801047508520913, -0.9964584502087005, -0.6827129767367364, -0.1420903282042858, 1.045132358762903, -1.0969884450467695, -1.059376301789363, -1.0505313948437185, -0.9842037000266988, -1.0035519526001733, -1.0142735974799513, -0.9113891730582511, -0.6272333091002836, -0.0533823663721278, 1.1479546825864275, -0.9981418124973428, -0.9321524456445227, -0.9007137630623794, -0.9095201337777203, -0.8729304475691362, -0.8656206993390752, -0.7902316767463906, -0.6662908340303544, -0.02580524665600971, 1.0929207626424484, -0.880659719607741, -0.7788619766067654, -0.7542355854998462, -0.7419397554333048, -0.7354643189959168, -0.6880048697564245, -0.6271407236308754, -0.5191180132874512, 0.005392675826657912, 1.075805403406221, -0.6852864285818246, -0.5185586560137179, -0.4668677033771644, -0.4510356344897545, -0.4520592742914048, -0.43187438534174466, -0.4472130629696107, -0.40308096471047083, -0.0011965739774272715, 1.1672809115014429, -0.35025936382592, -0.19957943401529915, -0.06638154404247841, -0.15477950077868433, -0.07581377124725734, -0.09286486226315784, -0.05435066213115361, -0.026900874967876964, 0.1832749452116469, 1.2675973587890412, 0.08438734302316753, 0.3241924690875482, 0.46332972334182226, 0.43825659406771755, 0.4591034593148522, 0.4792153835857473, 0.42334537910151876, 0.5097390113307404, 0.499500599008673, 1.2297372002287363, 0.7926762880179345, 1.0080096907939664, 1.205178593640907, 1.1826623553454239, 1.227681631557063, 1.1381974410615376, 1.2343248982608124, 1.144190572351092, 1.1375224469653409, 1.341386280196876, 1.5853015759137847, 1.9653600946501923, 1.9682097998642638, 2.0487911997550534, 1.9749416358021787, 1.8372437236316286, 1.9332018656882108, 2.0631539483754406, 1.8902027133374892, 1.597922753686026], "bean_num": 0.5, "model_info": {"det_num_x": 10, "det_num_y": 10, "det_y": 0.03, "det_x": 0.03, "size_x": 0.5, "size_y": 0.5, "med_margin": 0.0015}}