{"source": [-116.20317851972429, -46.13411619876979], "intensity": 100, "miu_detector": 0.3, "miu_medium": 1.2, "miu_air": 0.00018, "output": [0.0, 0.0, 0.5940336582721832, 0.40596634172781676, 0.0, 0.0, 0.0, 0.0, 0.0, 0.0, 0.0, 0.0, 0.0, 0.0, 0.0, 0.0, 0.0, 0.0, 0.0, 0.0, 0.0, 0.0, 0.0, 0.0, 0.0, 0.0, 0.0, 0.0, 0.0, 0.0, 0.0, 0.0, 0.0, 0.0, 0.0, 0.0, 0.0, 0.0, 0.0, 0.0], "miu_de": 0.5, "input": [0.30504883222681684, -0.8059523253006026, -1.0436643489178783, -1.057281286182057, -1.115296067260945, -1.1274544006773268, -1.1191283111168981, -1.1306751747803998, -1.141865889841039, -1.1647027239153231, 0.4121014932259396, -0.6829028784554924, -0.9218043123216135, -1.000041314920658, -1.0266135604376023, -1.0466471607574614, -1.0552653776887029, -1.036948032525128, -1.089144023475036, -1.121036230732621, 0.49553957415000094, -0.6370138985704057, -0.8583544846591515, -0.918438414183552, -0.9049418635328008, -0.9224104583336898, -0.9522846001584523, -0.9510021117736717, -0.9555823746332138, -1.0354453914681434, 0.5757569050463144, -0.49251567727522955, -0.7176539459582408, -0.7837470681994364, -0.7861327051589093, -0.8109764307833823, -0.8068962842045599, -0.8561537514746342, -0.8604004928915986, -0.9452198413627521, 0.542753567321527, -0.4534813553475756, -0.5604004840555696, -0.6370656481737181, -0.575281932629259, -0.6212572259343323, -0.6160678262102774, -0.6300949700177271, -0.6416072313559062, -0.7827822005836392, 0.642502818093299, -0.2198335686922584, -0.2822017870043602, -0.2666557532851827, -0.3770924631495951, -0.32494543122135766, -0.3115520523842348, -0.3888726009733202, -0.3929176408496052, -0.5522204534272938, 0.6687227596730446, 0.017942906521997534, 0.047625221557452906, 0.05820972197505762, 0.14357350509965475, 0.04315335817319682, 0.10198200835839268, 0.05824709963924482, -0.041177967346745545, -0.21724892980589408, 0.8361868452204295, 0.5408118117457286, 0.5952124467175983, 0.5807184781297308, 0.5688283049341062, 0.6121540637296656, 0.7099616270423227, 0.6482721110419567, 0.5544438001182952, 0.2462420855472411, 1.0817707045888418, 1.3016042078395187, 1.3550441422479533, 1.336904848672303, 1.4234421512867341, 1.3399212681686543, 1.3867672058500267, 1.315159970933218, 1.27810070084634, 0.8963191254081184, 1.7223898894710663, 2.0625304759349308, 2.0571176847177113, 2.1547163081412304, 1.991450310890298, 2.058115990779864, 2.101894904853189, 2.126715971250706, 2.1007249132724763, 1.6776686159342662], "bean_num": 0.5, "model_info": {"det_num_x": 10, "det_num_y": 10, "det_y": 0.03, "det_x": 0.03, "size_x": 0.5, "size_y": 0.5, "med_margin": 0.0015}}