{"source": [122.2811327938149, 56.722961790283044], "intensity": 100, "miu_detector": 0.3, "miu_medium": 1.2, "miu_air": 0.00018, "output": [0.0, 0.0, 0.0, 0.0, 0.0, 0.0, 0.0, 0.0, 0.0, 0.0, 0.0, 0.0, 0.0, 0.0, 0.0, 0.0, 0.0, 0.0, 0.0, 0.0, 0.0, 0.0, 0.23496332871251407, 0.7650366712874859, 0.0, 0.0, 0.0, 0.0, 0.0, 0.0, 0.0, 0.0, 0.0, 0.0, 0.0, 0.0, 0.0, 0.0, 0.0, 0.0], "miu_de": 0.5, "input": [1.6554608408224007, 0.9144985700221634, 0.2394396788639983, -0.22931689236574032, -0.5727792577856173, -0.7761341574696387, -0.9021124138002726, -1.0233540730205737, -1.0758006667218405, -1.142135686683774, 1.9954472981499811, 1.2430252404741104, 0.5329986843322929, 0.011784306913130559, -0.4142953365397447, -0.6561590365917183, -0.8274937581204661, -0.9548844252735769, -1.053000317473586, -1.1196549778547056, 2.099334463563108, 1.3854093732640052, 0.6257799740570364, 0.02037670789030046, -0.3404931478677668, -0.6154196791955937, -0.8016050328216211, -0.9233106152458931, -1.0347768955594738, -1.1133115323570473, 2.1199567747258157, 1.4222000992359645, 0.6310808214739242, 0.028584289718209033, -0.3118424341026321, -0.6046950842809188, -0.8044627183396678, -0.9183258157023049, -1.0316407490394053, -1.1077974302961209, 2.1151393742114486, 1.387427798695003, 0.651185834998874, 0.05655833350256999, -0.3066443744000767, -0.610113366342337, -0.7833028902155461, -0.922564302773207, -1.017204332221571, -1.0914916052890657, 2.177349727388899, 1.4447622263094442, 0.6845337695675735, 0.1386534668602798, -0.29321674137206216, -0.5976754463295829, -0.7904513793451697, -0.9217794976630056, -1.0227774313637048, -1.098127035356584, 2.159960456509879, 1.4151586544595136, 0.6345406062688715, 0.0756801806929377, -0.28763763494820277, -0.5937181921968676, -0.7773505428758188, -0.8878919834801038, -0.9950017103832762, -1.0653103130841497, 2.14264259698535, 1.36012773107603, 0.6306086674193493, 0.09486829000412127, -0.2887297397588484, -0.5799873992338631, -0.7535880405202241, -0.8786461851532512, -0.9569903261241258, -1.0308396757109077, 2.0242000280863084, 1.2849498986220262, 0.5692588462677765, 0.09924094832781127, -0.2893197555949805, -0.4714636110637356, -0.5970210545355004, -0.6754365798288038, -0.7015573196365346, -0.8083744713455198, 1.7159573187389972, 1.155066312339937, 0.7957251671959897, 0.5966118395044367, 0.47245228862629624, 0.40904590518170103, 0.40332436848998965, 0.3707982593848121, 0.31442972232316935, 0.14337933111052337], "bean_num": 0.5, "model_info": {"det_num_x": 10, "det_num_y": 10, "det_y": 0.03, "det_x": 0.03, "size_x": 0.5, "size_y": 0.5, "med_margin": 0.0015}}