{"source": [-148.65122929511233, -9.4807670161526], "intensity": 100, "miu_detector": 0.3, "miu_medium": 1.2, "miu_air": 0.00018, "output": [0.5945220274820093, 0.40547797251799067, 0.0, 0.0, 0.0, 0.0, 0.0, 0.0, 0.0, 0.0, 0.0, 0.0, 0.0, 0.0, 0.0, 0.0, 0.0, 0.0, 0.0, 0.0, 0.0, 0.0, 0.0, 0.0, 0.0, 0.0, 0.0, 0.0, 0.0, 0.0, 0.0, 0.0, 0.0, 0.0, 0.0, 0.0, 0.0, 0.0, 0.0, 0.0], "miu_de": 0.5, "input": [1.7769906306764818, 2.1117066162238185, 2.159156261664678, 2.191331562418818, 2.1829660452181052, 2.1753640121960913, 2.1689230192613778, 2.183811086062419, 2.0731449110393174, 1.7498211595872748, 0.9728915171461062, 1.2952510341526915, 1.3995301358454046, 1.470223623559856, 1.4445267400392006, 1.4464133711631126, 1.5164191541952345, 1.4560287767332076, 1.3633624016105674, 0.9705332125571718, 0.3196386830802554, 0.6159611885426086, 0.7546064965538579, 0.7393047574972006, 0.7966723561152458, 0.7896224952983869, 0.7803516479312584, 0.719736337294379, 0.6643535656675886, 0.3059400994068914, -0.06176792796685046, 0.10334749825106991, 0.17009462867901307, 0.21134991992754953, 0.27738311974783925, 0.25834505432040494, 0.2319770626737848, 0.1649389739779152, 0.12977998155738046, -0.144307121617118, -0.3465796496107826, -0.2512311494326961, -0.20042257083066672, -0.18694578556337949, -0.15149249923581062, -0.1582465056857483, -0.19591884754209962, -0.20424318709952075, -0.25495013063690813, -0.44285483792898134, -0.5395531664097627, -0.5266574228159291, -0.4694771086693541, -0.48694314782426396, -0.44639548714977306, -0.4575445710740694, -0.45777075394784705, -0.5094242531802755, -0.5338997701612364, -0.6706111346191671, -0.6424715886122652, -0.6997754300114153, -0.6666278858510083, -0.662172127097883, -0.6730508499430892, -0.6621543255864035, -0.6666457125494432, -0.6868231271536088, -0.7266539289515404, -0.8455126147699702, -0.7481361109301476, -0.8507404664694506, -0.8133470727450038, -0.8206334597821278, -0.7955270466975832, -0.8048732110840715, -0.8200190608185927, -0.8266539679039315, -0.8744906247299817, -0.9179231269437708, -0.791891584420965, -0.9379782742331355, -0.9171670377292676, -0.9309181880996401, -0.9089659637574506, -0.9333178403877216, -0.9290429536693153, -0.934222854233448, -0.9497253564265389, -0.9961577226640255, -0.8473856527925367, -0.9985498260343033, -1.0160033784465996, -0.9959217503709811, -1.0083428696989656, -1.0248590353455542, -1.0140004154778273, -1.0176554920622862, -1.0383381241663343, -1.049886050223117], "bean_num": 0.5, "model_info": {"det_num_x": 10, "det_num_y": 10, "det_y": 0.03, "det_x": 0.03, "size_x": 0.5, "size_y": 0.5, "med_margin": 0.0015}}