{"source": [61.82999683866613, 134.90161535016253], "intensity": 100, "miu_detector": 0.3, "miu_medium": 1.2, "miu_air": 0.00018, "output": [0.0, 0.0, 0.0, 0.0, 0.0, 0.0, 0.0, 0.0, 0.0, 0.0, 0.0, 0.0, 0.0, 0.0, 0.0, 0.0, 0.0, 0.0, 0.0, 0.0, 0.0, 0.0, 0.0, 0.0, 0.0, 0.0, 0.0, 0.7359551451338117, 0.26404485486618834, 0.0, 0.0, 0.0, 0.0, 0.0, 0.0, 0.0, 0.0, 0.0, 0.0, 0.0], "miu_de": 0.5, "input": [1.7515450182181773, 2.119445899012507, 2.2157841508994482, 2.263619318916878, 2.2657978481908723, 2.122299754496961, 2.1722507552215937, 2.162416738775549, 2.093600705868699, 1.6550478345425594, 0.855551268313544, 1.4050458661470449, 1.337732877184129, 1.4182819740272787, 1.5601056485157299, 1.4799416775632501, 1.4130247143177967, 1.4085030675994736, 1.2560131052890586, 0.952584111487454, 0.3429688660429579, 0.5772654041246247, 0.7181597345347301, 0.6950793590222966, 0.7814248851364294, 0.7000734493850662, 0.7704547254758345, 0.7832399294499495, 0.7337790206718886, 0.30598686566024746, -0.06339392383106603, 0.07233948123392861, 0.18981255133499728, 0.28280236024427563, 0.20219837558918993, 0.22137827793240797, 0.232490696139029, 0.24832921026212926, 0.19651572382498184, -0.10497613961403006, -0.3225674577658283, -0.2279711694520465, -0.20921947500919535, -0.12370649965311102, -0.21499293399479852, -0.113144293492165, -0.11236493024587137, -0.08662493160254524, -0.2863107513713849, -0.4158849237738385, -0.47447033910787817, -0.5106351594964565, -0.5188667830356691, -0.47209920654002163, -0.48857707003287965, -0.4316929777735198, -0.4510266720407809, -0.516173453777018, -0.44192393630307436, -0.7214745907728969, -0.5951903334029343, -0.6579894708908474, -0.7062978171315113, -0.6982003229781474, -0.6916074117000681, -0.7287297463579523, -0.6438686924602216, -0.6447199069605521, -0.7418621961179737, -0.8253731301034434, -0.7032018493331084, -0.8539940330840958, -0.8516324398178251, -0.7966267753668189, -0.8280707409979872, -0.8192707995963796, -0.8350522616398206, -0.8188116044808393, -0.8400943292499364, -0.9276953823844193, -0.7799762512783556, -0.9402223533914709, -0.9325863246090249, -0.9523609533008291, -0.8900621103120889, -0.915408529702083, -0.9334459535809589, -0.9676565352276485, -0.976309929829908, -1.0167793416696045, -0.812411202754359, -1.0334416745591262, -1.0388427054611948, -1.0286851448056902, -1.0180166007942275, -1.0154658568775548, -1.0277627969962921, -1.0462316021210507, -1.0506037055455695, -1.0702348150949568], "bean_num": 0.5, "model_info": {"det_num_x": 10, "det_num_y": 10, "det_y": 0.03, "det_x": 0.03, "size_x": 0.5, "size_y": 0.5, "med_margin": 0.0015}}