{"source": [33.21839724755362, -150.15365788102787], "intensity": 100, "miu_detector": 0.3, "miu_medium": 1.2, "miu_air": 0.00018, "output": [0.0, 0.0, 0.0, 0.0, 0.0, 0.0, 0.0, 0.0, 0.0, 0.0, 0.0, 0.6139348448945754, 0.3860651551054246, 0.0, 0.0, 0.0, 0.0, 0.0, 0.0, 0.0, 0.0, 0.0, 0.0, 0.0, 0.0, 0.0, 0.0, 0.0, 0.0, 0.0, 0.0, 0.0, 0.0, 0.0, 0.0, 0.0, 0.0, 0.0, 0.0, 0.0], "miu_de": 0.5, "input": [1.7208430265210115, 0.9109424197467756, 0.24688455160554743, -0.20415878067032484, -0.5165589437825829, -0.7390113861283103, -0.8975815587051345, -0.9980250537335175, -1.0725297770666387, -1.1312728753225807, 2.041375754872298, 1.304364813362895, 0.5487754965891899, 0.04119153091217659, -0.369680146293463, -0.6321910572907808, -0.8253004757566744, -0.9457183236350268, -1.027270722780777, -1.1056292663931484, 2.130957587026156, 1.4201063855363203, 0.65467989856903, 0.09586196541812066, -0.320313025875996, -0.5903191392193441, -0.7953530079275654, -0.9369962712641983, -1.0210737011687367, -1.0984535035487253, 2.1059443376082356, 1.394294673763976, 0.6638947580887289, 0.10441262573773505, -0.2617598184674529, -0.5875797925713265, -0.7651325496805037, -0.9006248799605878, -1.0131323656014908, -1.089740457307869, 2.176891137942178, 1.4127303878428124, 0.6895811949299775, 0.14167464292010012, -0.27857783087779947, -0.5519015209758107, -0.7765072709084175, -0.8982782086301512, -0.9954748747827662, -1.0855880369654733, 2.131042081480036, 1.374289950951974, 0.665577819233368, 0.1394558436038759, -0.2725024114071587, -0.5648767486685277, -0.7424494730645445, -0.900195308715177, -0.9874068451671, -1.0794650473476053, 2.166871216456395, 1.4622583877368613, 0.6965185713091735, 0.10552800078579641, -0.2837670672332566, -0.5544687139191555, -0.754812123412381, -0.8809102188213472, -0.9692380267680699, -1.0693512933189653, 2.139876401784428, 1.3860830939409932, 0.6799565788820295, 0.07751052755935368, -0.2784153806185022, -0.5248631743940819, -0.7277696725734633, -0.8781619073213212, -0.9584942135052418, -1.039440974242645, 2.057764437638418, 1.3623039741509368, 0.5615848447133217, 0.06920866838229808, -0.30327603862407526, -0.5338097257391297, -0.6753200017073059, -0.761899066070564, -0.8282486612317418, -0.8992470307756276, 1.783093927707525, 1.1301892566707854, 0.67385727297467, 0.47072168774890044, 0.33983139670499557, 0.23294949117542627, 0.21857084723920683, 0.13285838709475734, 0.0680929803291954, -0.03127908730780055], "bean_num": 0.5, "model_info": {"det_num_x": 10, "det_num_y": 10, "det_y": 0.03, "det_x": 0.03, "size_x": 0.5, "size_y": 0.5, "med_margin": 0.0015}}