{"source": [-164.5746144142456, 15.207866632046874], "intensity": 100, "miu_detector": 0.3, "miu_medium": 1.2, "miu_air": 0.00018, "output": [0.41338391874751956, 0.0, 0.0, 0.0, 0.0, 0.0, 0.0, 0.0, 0.0, 0.0, 0.0, 0.0, 0.0, 0.0, 0.0, 0.0, 0.0, 0.0, 0.0, 0.0, 0.0, 0.0, 0.0, 0.0, 0.0, 0.0, 0.0, 0.0, 0.0, 0.0, 0.0, 0.0, 0.0, 0.0, 0.0, 0.0, 0.0, 0.0, 0.0, 0.5866160812524804], "miu_de": 0.5, "input": [1.7586917327713831, 2.1071860310334376, 2.146900513931968, 2.1936260317530683, 2.2018850543823776, 2.1694218727346626, 2.166125998820806, 2.143394114001961, 2.099945109572788, 1.7401864700336007, 0.9753872806974347, 1.3338964071955366, 1.458821044469226, 1.466393971664478, 1.4814721334685748, 1.4837273129746522, 1.4544877998111527, 1.415981560984143, 1.3645260978039133, 0.9852089554909877, 0.3262622077548047, 0.6486033343441138, 0.7128486653235974, 0.7683361596892717, 0.743963470443786, 0.7643483538968857, 0.7601805038976853, 0.6776905147129044, 0.6228938035534289, 0.4220140139916953, -0.13705931408699348, 0.11095688293449811, 0.15910303106126536, 0.20038067355289996, 0.2245108664845024, 0.24789691814826034, 0.21009416853203317, 0.18004975352321756, 0.10795824492229934, 0.027723038050214286, -0.45988019943202046, -0.27352303492711616, -0.24257181867722769, -0.21349035215639442, -0.1750579072360452, -0.1774826852770106, -0.21075744841239136, -0.218303136779263, -0.2703642036663792, -0.19389462343931196, -0.6790452290883064, -0.5608195662837122, -0.5149863849887921, -0.48633367943392747, -0.4921459474020751, -0.47792187045329193, -0.4966114671054253, -0.5201472366464004, -0.5320755039800079, -0.35376815275227114, -0.8159532539707982, -0.7445193332172688, -0.7257919991259583, -0.6884022222085184, -0.6905424372193886, -0.680459749338836, -0.6951264968699172, -0.7187257396837784, -0.7125574727117887, -0.4976168642849479, -0.9345756239920409, -0.8714677343833477, -0.8542908784008374, -0.8318347785117609, -0.8403022886926852, -0.8351198924070389, -0.8348378822416932, -0.8464812303920264, -0.8310117851284216, -0.5600259037838992, -1.0256399285099862, -0.9772690826739879, -0.9561081985738968, -0.942488260196756, -0.9482116156893996, -0.9361083302862575, -0.928593108580615, -0.9293781626095662, -0.9256349676408374, -0.6130169520866223, -1.0779666080780153, -1.0589128757762103, -1.0420515999755722, -1.0223772420532884, -1.0252403388686713, -1.015942119264896, -1.0222187607792712, -1.01780065588997, -1.0135451423378177, -0.6886928197525818], "bean_num": 0.5, "model_info": {"det_num_x": 10, "det_num_y": 10, "det_y": 0.03, "det_x": 0.03, "size_x": 0.5, "size_y": 0.5, "med_margin": 0.0015}}