{"source": [-142.50137097755118, 102.12980882900054], "intensity": 100, "miu_detector": 0.3, "miu_medium": 1.2, "miu_air": 0.00018, "output": [0.0, 0.0, 0.0, 0.0, 0.0, 0.0, 0.0, 0.0, 0.0, 0.0, 0.0, 0.0, 0.0, 0.0, 0.0, 0.0, 0.0, 0.0, 0.0, 0.0, 0.0, 0.0, 0.0, 0.0, 0.0, 0.0, 0.0, 0.0, 0.0, 0.0, 0.0, 0.0, 0.0, 0.0, 0.0, 0.0, 0.9587692984136353, 0.041230701586364694, 0.0, 0.0], "miu_de": 0.5, "input": [1.610664624981355, 1.7107997615748727, 1.5957080510392418, 1.6309561894169804, 1.6048963252437929, 1.6692797146894796, 1.6046006062687292, 1.5884298963464256, 1.5714466510088585, 1.2522697728218046, 1.6497466980755389, 0.8447999806630755, 0.74875463386089, 0.6328840066088578, 0.6680581825186412, 0.6948824738170059, 0.7528422791369899, 0.709935071600588, 0.645717246006531, 0.313841972936526, 1.6855448154928114, 0.7191903798521353, 0.1314353412371503, -0.03439738469056626, -0.08631186131988479, -0.06996576675345476, -0.0980957425821124, -0.008236864590882359, -0.12427545034996694, -0.3152601700654515, 1.8328424678396709, 0.7894982975439842, 0.16456652090535495, -0.3631350517229733, -0.43678576952837495, -0.46135016662023753, -0.5497490656254108, -0.5157040640443737, -0.6372227713762338, -0.6994877923973762, 1.6803728595869682, 0.7780270143706924, 0.07030137013258878, -0.3583820908028982, -0.6668746633115513, -0.7516734058191255, -0.7703578515974364, -0.8328617754613472, -0.8326577905380455, -0.941434438725507, 1.6906435108015667, 0.867422924222146, 0.0760122964672839, -0.36380073472841473, -0.672940452231789, -0.8604257814616273, -0.9129040457665613, -0.975633111286688, -1.0519598109797805, -1.0955439774433902, 1.702521680849449, 0.8323624556665684, 0.14634368231412512, -0.4489807316091861, -0.7656206653396356, -0.9111246922053378, -1.028656302689013, -1.0728978363618014, -1.1119983969032086, -1.1460686587015567, 1.7295599838327576, 0.7182420600105202, 0.051034165953207526, -0.45601483799774273, -0.8028802779932217, -0.9880563649916696, -1.0586006818980163, -1.1381247924176165, -1.1965903185813318, -1.2222226091004473, 1.7287654246661646, 0.6901862896295989, 0.05201705811100013, -0.4922997153746695, -0.7607399555164681, -0.9285265175544346, -1.1051273444200944, -1.164776319136794, -1.2150112305262273, -1.2585683965764205, 1.3579961070451376, 0.46474184855435, -0.21525221361161193, -0.6531085297018991, -0.8973129151531518, -1.0621405627734266, -1.1451357055641782, -1.2260395338146997, -1.2367826589118713, -1.2640560764542037], "bean_num": 0.5, "model_info": {"det_num_x": 10, "det_num_y": 10, "det_y": 0.03, "det_x": 0.03, "size_x": 0.5, "size_y": 0.5, "med_margin": 0.0015}}