{"source": [-8.18880636929605, -176.05759968393136], "intensity": 100, "miu_detector": 0.3, "miu_medium": 1.2, "miu_air": 0.00018, "output": [0.0, 0.0, 0.0, 0.0, 0.0, 0.0, 0.0, 0.0, 0.0, 0.2958918895016005, 0.7041081104983995, 0.0, 0.0, 0.0, 0.0, 0.0, 0.0, 0.0, 0.0, 0.0, 0.0, 0.0, 0.0, 0.0, 0.0, 0.0, 0.0, 0.0, 0.0, 0.0, 0.0, 0.0, 0.0, 0.0, 0.0, 0.0, 0.0, 0.0, 0.0, 0.0], "miu_de": 0.5, "input": [1.7802171793926425, 0.9550236784153601, 0.30028268756295196, -0.09735532174507441, -0.40629299548945663, -0.6087046161185625, -0.7281348684133878, -0.7962407006039006, -0.859292072393126, -0.9037399942775857, 2.1668526334479163, 1.3648704643547258, 0.5803501844702917, 0.08759125310930717, -0.281809839847409, -0.5411955687951363, -0.6856270026627983, -0.8142606529892203, -0.9070562617722573, -0.990537823270527, 2.199427541284898, 1.4169271866931885, 0.7081541151158648, 0.14600413372008886, -0.2246030635725257, -0.49172348923483955, -0.6703871349738125, -0.8032573831642165, -0.9054463021303719, -0.9936676350024586, 2.2178297314209794, 1.4722204333168272, 0.7320543560665987, 0.21087618315072754, -0.1995239105124401, -0.46419876692339074, -0.6527031902899355, -0.7967411048445059, -0.8893519209198676, -0.9840139613203056, 2.1460217791645224, 1.4771100411926819, 0.7823990547817186, 0.23213955968876615, -0.19892998080860014, -0.4441791021888643, -0.6614781334885323, -0.7774966699788709, -0.8969487354725566, -0.9971856146716717, 2.251414849532968, 1.4559310156171545, 0.7572775023523707, 0.20079190024990254, -0.16455996493956243, -0.45776509154398665, -0.6481552817256752, -0.793812113310107, -0.894176677611417, -0.9867738840104007, 2.231960211499609, 1.4421259064823606, 0.7259272675611191, 0.22815660679088004, -0.1636909779612863, -0.4451793667667989, -0.6686997570989718, -0.8158430720821979, -0.9051658717778953, -1.0060492057189951, 2.1092193815449445, 1.4114695884903523, 0.6851933423823348, 0.2093223432039641, -0.20199477770784127, -0.47233814794560325, -0.6852876241637538, -0.8260751133586128, -0.9261525560816963, -0.9939157327443942, 2.1170229574382766, 1.3347971005123016, 0.6293812912983306, 0.15638310715100323, -0.254159862070555, -0.5241898208237711, -0.7211382474017434, -0.8393177396250815, -0.9477292886448867, -1.0164334907311716, 1.7733477353256477, 0.9817662590550141, 0.3402845681336133, -0.13481509447754225, -0.4142673566430294, -0.6566557757310107, -0.8190622080903123, -0.9254574535506928, -0.9861144252114847, -1.0510653335455185], "bean_num": 0.5, "model_info": {"det_num_x": 10, "det_num_y": 10, "det_y": 0.03, "det_x": 0.03, "size_x": 0.5, "size_y": 0.5, "med_margin": 0.0015}}