{"source": [149.16484308968796, -95.99907495098141], "intensity": 100, "miu_detector": 0.3, "miu_medium": 1.2, "miu_air": 0.00018, "output": [0.0, 0.0, 0.0, 0.0, 0.0, 0.0, 0.0, 0.0, 0.0, 0.0, 0.0, 0.0, 0.0, 0.0, 0.0, 0.0, 0.6404893559416406, 0.3595106440583594, 0.0, 0.0, 0.0, 0.0, 0.0, 0.0, 0.0, 0.0, 0.0, 0.0, 0.0, 0.0, 0.0, 0.0, 0.0, 0.0, 0.0, 0.0, 0.0, 0.0, 0.0, 0.0], "miu_de": 0.5, "input": [1.6911885733456347, 1.8942292784328187, 1.9369863859690046, 1.7807833282841692, 1.8900771236379739, 1.8482558274591168, 1.9283652931193, 1.9260169857835387, 1.7786352095620446, 1.5712507974817047, 1.4274167058065061, 1.0751581298061703, 0.99555569985144, 0.9570441680576109, 1.1348822365380002, 1.1274264580821212, 1.0847321517189301, 1.0679171489642123, 0.9477315959846777, 0.6343528687439002, 1.4934911109048743, 0.41457622376026415, 0.3732944735042845, 0.366669306586881, 0.3403247417466727, 0.33857270136145234, 0.3687093224419469, 0.29307317038114206, 0.2582565325501707, -0.015832645596886113, 1.4026642933979823, 0.34301202649307405, -0.06347202350407662, -0.2075780210601953, -0.20385622461625402, -0.10798899604271818, -0.1914993245688486, -0.15999418996356465, -0.19467881103273163, -0.39859892573145733, 1.396434700584215, 0.20690200950666232, -0.3460636732587098, -0.4886331479549668, -0.4873215990432211, -0.50480068154001, -0.5291879126507621, -0.5846166763322853, -0.5679410496384384, -0.7017382239918258, 1.3133871758842766, 0.2428496334344746, -0.4058050163724786, -0.671668629244568, -0.7495033385941609, -0.7589534568104589, -0.8026003554386668, -0.7645913901654638, -0.814643710471343, -0.8876167315512394, 1.3412093961011926, 0.18912958189341453, -0.4737213823189093, -0.7659352109915984, -0.9034990319684185, -0.9536906289569056, -0.9772350830590832, -0.951850668101396, -0.9847681019748203, -1.054887024437541, 1.3415013157129345, 0.10632095925919455, -0.4708178317950887, -0.8307666977431644, -1.0142081441129802, -1.0709904002458717, -1.0683631329842596, -1.0614908296153203, -1.0801506429894676, -1.1531152295080203, 1.2742555380000338, 0.20831382807667306, -0.5665042582488284, -0.8267410714287171, -0.9937317388112489, -1.1167043078970957, -1.1490886245101628, -1.1474447214124528, -1.1799843270127897, -1.2032086538028344, 1.0374005804582636, -0.028112660283355035, -0.7104016699061267, -0.9171747242173056, -1.0822128310877177, -1.1638775523795648, -1.1773338896736778, -1.2152098231866515, -1.215387782889607, -1.2305611559426162], "bean_num": 0.5, "model_info": {"det_num_x": 10, "det_num_y": 10, "det_y": 0.03, "det_x": 0.03, "size_x": 0.5, "size_y": 0.5, "med_margin": 0.0015}}