{"source": [-195.50189620962138, -43.07060775356973], "intensity": 100, "miu_detector": 0.3, "miu_medium": 1.2, "miu_air": 0.00018, "output": [0.0, 0.6195285396322485, 0.3804714603677515, 0.0, 0.0, 0.0, 0.0, 0.0, 0.0, 0.0, 0.0, 0.0, 0.0, 0.0, 0.0, 0.0, 0.0, 0.0, 0.0, 0.0, 0.0, 0.0, 0.0, 0.0, 0.0, 0.0, 0.0, 0.0, 0.0, 0.0, 0.0, 0.0, 0.0, 0.0, 0.0, 0.0, 0.0, 0.0, 0.0, 0.0], "miu_de": 0.5, "input": [1.7489161900393444, 1.0288699485442823, 0.6349580436782155, 0.2900148697707184, 0.1006333687420624, -0.012425175779747005, -0.05196929346231584, -0.078597026190651, -0.14157142798311365, -0.2130722085794409, 2.1160270969679145, 1.2732514021518258, 0.6061280299103284, 0.0933124136528543, -0.24431990129681064, -0.5494830898321028, -0.6921328108450168, -0.8284444609396, -0.8916701035248442, -1.0216736248252258, 2.15678457102299, 1.3630512036366431, 0.6973546297841796, 0.14382692621102305, -0.3025368402982631, -0.5398971212498619, -0.7231844227588582, -0.8566460880820287, -0.957212647666876, -1.0363081533356406, 2.156424112917421, 1.4465756358038413, 0.7069616009647057, 0.1786851590991828, -0.2569173553145063, -0.5719390909028196, -0.737064148913961, -0.8840102222774631, -0.960770791290885, -1.0592666595046565, 2.1847574325260846, 1.4930170315851161, 0.6977831763045121, 0.16453647353422463, -0.23865876588550203, -0.5363811161219618, -0.7332041787940418, -0.8775423267954933, -0.9760816014302266, -1.068061251618286, 2.154576182521527, 1.4211494019555708, 0.7527639971488161, 0.19573107438760554, -0.24160967500643216, -0.5652839475325642, -0.7746346607950678, -0.8831816040661161, -0.9724788764581939, -1.0933721197838737, 2.115367508142483, 1.4232859700757563, 0.6992219416822335, 0.18709168537847717, -0.1909762419600984, -0.549228533466037, -0.7432441272053587, -0.8678026672421396, -0.9851570008748902, -1.0877591421613524, 2.169126839649829, 1.437689197019638, 0.714771851983983, 0.12251091286251961, -0.19640076761331773, -0.5245943829599914, -0.7495043080290856, -0.8810049111734449, -1.0206420268508252, -1.0859490907655718, 2.0144153591107945, 1.3320169990818729, 0.5580837627095512, -0.00828135446169529, -0.311649476158829, -0.5789764833459106, -0.7945071016871335, -0.9271979391872561, -1.0055014983615542, -1.0895140963291898, 1.7523333261461227, 0.9667587418862051, 0.3277270464586464, -0.16800776424139302, -0.4722429731514648, -0.7321745595183068, -0.899635078444394, -0.9883529521073247, -1.0686521059544136, -1.127931742655667], "bean_num": 0.5, "model_info": {"det_num_x": 10, "det_num_y": 10, "det_y": 0.03, "det_x": 0.03, "size_x": 0.5, "size_y": 0.5, "med_margin": 0.0015}}