{"source": [-179.6523209132685, -108.26401284289366], "intensity": 100, "miu_detector": 0.3, "miu_medium": 1.2, "miu_air": 0.00018, "output": [0.0, 0.0, 0.0, 0.5472822864671166, 0.45271771353288337, 0.0, 0.0, 0.0, 0.0, 0.0, 0.0, 0.0, 0.0, 0.0, 0.0, 0.0, 0.0, 0.0, 0.0, 0.0, 0.0, 0.0, 0.0, 0.0, 0.0, 0.0, 0.0, 0.0, 0.0, 0.0, 0.0, 0.0, 0.0, 0.0, 0.0, 0.0, 0.0, 0.0, 0.0, 0.0], "miu_de": 0.5, "input": [1.52744812085925, 0.6361848682496867, -0.018998872457420022, -0.43406799245353156, -0.7278705554014723, -0.9366944182724077, -1.085343796617161, -1.1287470891788873, -1.175148869709855, -1.2385918563857252, 1.87355423020922, 0.975667223729017, 0.27944131595203964, -0.27945153924189625, -0.6050820119535341, -0.8148187867382344, -0.9737501253073636, -1.1074890128381782, -1.1584252352257607, -1.2139735924889685, 1.9279218671481662, 1.0915010037436312, 0.29507871951010967, -0.17187779087701388, -0.5780448522070972, -0.8021135456831726, -0.9504295455465648, -1.069720857237103, -1.1511638710177332, -1.197546740500822, 1.8270429451670325, 1.0384320147597308, 0.40452987407444624, -0.22649767439854626, -0.5624713402686599, -0.7630937878439179, -0.94427289532731, -1.062935872007752, -1.118920104815083, -1.1738476182314603, 1.9564294606777686, 1.0799480081896922, 0.32181656895564154, -0.19979370458387632, -0.5207642452938601, -0.799127845763166, -0.9309591639166851, -1.0402886746928628, -1.1227851561759734, -1.1562159132968381, 1.874536017127847, 1.0921788896525162, 0.30962487093021607, -0.15859866214905885, -0.49185727309531385, -0.7607600474544332, -0.8941191728798101, -0.9688515133366504, -1.0165701619828589, -1.0739624198255084, 1.859298465957952, 1.0246948350695562, 0.3714380634813575, -0.20883505627039148, -0.4903147902027892, -0.6938406634053548, -0.7682435403190994, -0.7924644101831066, -0.8347483928562137, -0.9207695231713874, 1.9263615247953108, 1.054211676520582, 0.307695437646571, -0.14790163140262563, -0.32084232693281256, -0.4144428037559573, -0.44226856263389486, -0.45439683391760555, -0.522418901262218, -0.6562513655599722, 1.812375918905508, 1.0353267178263816, 0.5301316474655481, 0.3173827488558204, 0.24829502142268586, 0.23724027358907296, 0.22028228536922376, 0.21483753728851523, 0.18193136544515173, -0.08317807571435157, 1.7277080184906197, 1.4523646781937778, 1.360292914491281, 1.388828964665972, 1.3466076932367765, 1.3323699036293815, 1.3852923823913572, 1.3789429660335912, 1.2611226475004795, 1.0705913950588415], "bean_num": 0.5, "model_info": {"det_num_x": 10, "det_num_y": 10, "det_y": 0.03, "det_x": 0.03, "size_x": 0.5, "size_y": 0.5, "med_margin": 0.0015}}