{"source": [130.81078472698488, 165.43188511347546], "intensity": 100, "miu_detector": 0.3, "miu_medium": 1.2, "miu_air": 0.00018, "output": [0.0, 0.0, 0.0, 0.0, 0.0, 0.0, 0.0, 0.0, 0.0, 0.0, 0.0, 0.0, 0.0, 0.0, 0.0, 0.0, 0.0, 0.0, 0.0, 0.0, 0.0, 0.0, 0.0, 0.0, 0.0, 0.2593589369546268, 0.7406410630453732, 0.0, 0.0, 0.0, 0.0, 0.0, 0.0, 0.0, 0.0, 0.0, 0.0, 0.0, 0.0, 0.0], "miu_de": 0.5, "input": [-1.246638170905592, -1.2187799173990264, -1.2070876646250568, -1.1819028306224257, -1.167131378541871, -1.0722550106559383, -0.9681967365909573, -0.650132504681175, -0.1223556982260767, 1.017912194589832, -1.174764262848496, -1.163566611387515, -1.1023976850575679, -1.1392471408632439, -1.106968260312434, -1.0313324554876087, -0.832401020361006, -0.539951896600533, 0.10781171481007149, 1.14814102310579, -1.1301134517282065, -1.103020632158667, -1.0481802325369893, -1.0543099450356301, -1.0446378955307298, -0.9732357823907476, -0.8138803920717054, -0.4974455349654968, 0.09611871702620801, 1.3082910509136574, -1.0355831275348935, -0.9733264242321099, -0.9432370637950876, -0.9427457905038752, -0.9005098080903159, -0.8770148299674214, -0.789135379070404, -0.4796858849827109, 0.140346406864588, 1.2554011346493985, -0.8913256436413977, -0.8195161887494123, -0.7956284282973628, -0.785480039715999, -0.7904802597746459, -0.7508877798773739, -0.6654276961429875, -0.3893834593482728, 0.20035891420377583, 1.3754637810997872, -0.6943687396092436, -0.6335962202462052, -0.5449404999877817, -0.5338822696564507, -0.5648968558183409, -0.5019543711909084, -0.48769676286586855, -0.38474698515497924, 0.19738941464135784, 1.2875559248731496, -0.4429273505878935, -0.26001393614950885, -0.16933736375599606, -0.20606518626347536, -0.1886839625528759, -0.15979638408775387, -0.10792995032825134, -0.124063111547882, 0.24196815279320166, 1.3091338115520328, 0.026061851339003354, 0.25779670219093975, 0.3042973460215007, 0.3960490023903704, 0.4234115691212017, 0.381667532696935, 0.3602841213836636, 0.4089153685532589, 0.5274370486920122, 1.3701261932346556, 0.6840188986097433, 1.0394323686061, 1.1565188277527794, 1.1939168242986011, 1.0703631911916773, 1.0976613292909874, 1.104670072899223, 1.0720906497262452, 1.03746206087042, 1.3744861429005237, 1.462886342975562, 1.9300918561534728, 1.8399160246968835, 1.896783830864257, 1.9485492269374607, 1.9338404952868415, 1.960771489065592, 2.003506633971058, 1.8193464194762052, 1.6559492027923448], "bean_num": 0.5, "model_info": {"det_num_x": 10, "det_num_y": 10, "det_y": 0.03, "det_x": 0.03, "size_x": 0.5, "size_y": 0.5, "med_margin": 0.0015}}