{"source": [169.36487444476904, -131.40698104111874], "intensity": 100, "miu_detector": 0.3, "miu_medium": 1.2, "miu_air": 0.00018, "output": [0.0, 0.0, 0.0, 0.0, 0.0, 0.0, 0.0, 0.0, 0.0, 0.0, 0.0, 0.0, 0.0, 0.0, 0.0, 0.2008006138847423, 0.7991993861152578, 0.0, 0.0, 0.0, 0.0, 0.0, 0.0, 0.0, 0.0, 0.0, 0.0, 0.0, 0.0, 0.0, 0.0, 0.0, 0.0, 0.0, 0.0, 0.0, 0.0, 0.0, 0.0, 0.0], "miu_de": 0.5, "input": [1.1617973675003974, 0.11449527067440086, -0.4355969996164008, -0.8077819245639342, -1.0257877988395687, -1.0905483157810472, -1.1743735060309621, -1.2115957783128373, -1.2266063521963468, -1.2475863351272123, 1.4792489279476007, 0.37479363321701137, -0.314611383343371, -0.6963546493038737, -0.9339154422951202, -1.0601011198784103, -1.1504821644363319, -1.1771342222975802, -1.1874651503490412, -1.2098388430878817, 1.4904931592133812, 0.45430422055544506, -0.27666651088236593, -0.6720477498187037, -0.8865561909899268, -1.01740375109507, -1.0879111820152911, -1.1131633406887869, -1.1314111820254928, -1.170413199530164, 1.536126247348262, 0.4837505550437264, -0.23268386867880128, -0.6226243994695457, -0.8446920384154926, -0.961065971182018, -1.0101204924724858, -1.0294820087202468, -1.0534566067571094, -1.085030930692852, 1.4936784762212412, 0.4968144907632007, -0.21172511809775788, -0.5876171581769308, -0.7822266170571701, -0.8470924596219173, -0.855036069408118, -0.8880542763776753, -0.9231780223420879, -0.994799719532701, 1.5557196125873005, 0.5210463662591215, -0.15263479606271443, -0.48595368688319235, -0.5792388842139397, -0.6474412708129811, -0.6601709345208471, -0.6809092125159327, -0.7035055875253069, -0.8179701922714967, 1.6295882383441387, 0.5741579801027328, -0.059348652398217565, -0.2385836641977277, -0.22013719514469418, -0.30592908497414606, -0.3438724374133317, -0.34678027027159847, -0.4388695187517441, -0.5612279004645466, 1.5873337010477733, 0.6394136719303117, 0.26531304410180273, 0.19834408125637393, 0.20127650018928891, 0.16953910351492588, 0.20525405990267817, 0.10309443028680094, 0.0931951406322571, -0.13550835064279393, 1.5405356964162908, 0.9864983477927324, 0.9776472268283545, 0.9379522415113895, 0.8835415164294597, 0.892500339204561, 0.8922210714541098, 0.8734764379525886, 0.8312349505789729, 0.5424231600296755, 1.648141258933416, 1.7736840302633252, 1.8463413468509138, 1.7906613228498882, 1.825571204482486, 1.7974384647910044, 1.8073091628299276, 1.794150413995502, 1.725318202409995, 1.4168958143291004], "bean_num": 0.5, "model_info": {"det_num_x": 10, "det_num_y": 10, "det_y": 0.03, "det_x": 0.03, "size_x": 0.5, "size_y": 0.5, "med_margin": 0.0015}}