{"source": [210.44298453203643, 66.89372142459179], "intensity": 100, "miu_detector": 0.3, "miu_medium": 1.2, "miu_air": 0.00018, "output": [0.0, 0.0, 0.0, 0.0, 0.0, 0.0, 0.0, 0.0, 0.0, 0.0, 0.0, 0.0, 0.0, 0.0, 0.0, 0.0, 0.0, 0.0, 0.0, 0.0, 0.0, 0.04067208254977141, 0.9593279174502286, 0.0, 0.0, 0.0, 0.0, 0.0, 0.0, 0.0, 0.0, 0.0, 0.0, 0.0, 0.0, 0.0, 0.0, 0.0, 0.0, 0.0], "miu_de": 0.5, "input": [1.6968215209000668, 1.1867856625048356, 0.7896377755717531, 0.563193233992666, 0.5464461119753289, 0.47571603531140894, 0.39669025309349076, 0.3468924890097157, 0.33973459758584873, 0.16011765179314394, 1.996876487134827, 1.2827936626996739, 0.556210146339272, 0.06298679264916394, -0.28311302566140145, -0.5089394606904959, -0.5977161050080745, -0.680307383923834, -0.7459545568576543, -0.8412489912680775, 2.110278722257556, 1.350387786706166, 0.5846784548161572, 0.06387058940105551, -0.31005236888705145, -0.5537708545844018, -0.7362179328280516, -0.8872997926857639, -0.950439937173109, -1.0424611774260137, 2.108184991678233, 1.398439520282796, 0.7148170448149785, 0.13932389869068365, -0.3182744627951817, -0.5926140658174756, -0.7624383327468259, -0.929458130982459, -1.0218855231574049, -1.0854550824415838, 2.097365675262332, 1.3470878257499943, 0.6426821618131754, 0.11509361078231663, -0.3071306743941071, -0.6086379684012972, -0.7868188732385303, -0.9217883748192477, -1.0132041137291494, -1.0969819790899238, 2.14283167031275, 1.4405066398099853, 0.713212836184778, 0.12130123942513471, -0.34002563927757273, -0.5603422539037243, -0.7712853813535787, -0.9145962988994426, -1.0445038937340811, -1.09506593606162, 2.114701748690478, 1.3987541409292161, 0.6551407165310363, 0.09535686548806305, -0.30612491975977796, -0.6011120489536357, -0.7810469309450917, -0.9419276974666468, -1.0254106659786915, -1.107773735243475, 2.079319718606579, 1.364292437602608, 0.6518721264760926, 0.06858850523296646, -0.3280101515765239, -0.6110681532970084, -0.8107637339619991, -0.9321986337004018, -1.026538226162205, -1.1039785930815365, 2.064846442974081, 1.2436296091289378, 0.5573286176286645, -0.0024897108585941077, -0.40506968317909003, -0.6201651350624746, -0.8439741381858348, -0.9845743947291288, -1.057672518783617, -1.115897248119242, 1.6958117932352672, 0.9332899492809026, 0.26487430907754517, -0.2515851177648331, -0.5406441265837904, -0.7688295074817013, -0.9243072420977442, -1.0281484890358559, -1.1014408012033972, -1.1499918943822829], "bean_num": 0.5, "model_info": {"det_num_x": 10, "det_num_y": 10, "det_y": 0.03, "det_x": 0.03, "size_x": 0.5, "size_y": 0.5, "med_margin": 0.0015}}