{"source": [222.09973397166667, -13.86629647627171], "intensity": 100, "miu_detector": 0.3, "miu_medium": 1.2, "miu_air": 0.00018, "output": [0.0, 0.0, 0.0, 0.0, 0.0, 0.0, 0.0, 0.0, 0.0, 0.0, 0.0, 0.0, 0.0, 0.0, 0.0, 0.0, 0.0, 0.0, 0.0, 0.39694400369524957, 0.6030559963047504, 0.0, 0.0, 0.0, 0.0, 0.0, 0.0, 0.0, 0.0, 0.0, 0.0, 0.0, 0.0, 0.0, 0.0, 0.0, 0.0, 0.0, 0.0, 0.0], "miu_de": 0.5, "input": [-1.082692879526527, -1.0540166628729708, -1.0497172250772866, -1.0376380007940231, -1.0464782144004114, -1.0379990950097424, -1.029889761809416, -1.0302381777113685, -1.006407645754765, -0.46611165485472006, -1.0337059701675848, -0.9800446291978548, -0.9755439533596434, -0.9627119406499618, -0.96172181822229, -0.9533839968560854, -0.9504049507983127, -0.9533812050442444, -0.9092984587231661, -0.3822026606095568, -0.9666515410150901, -0.8945542837327879, -0.8638413074342216, -0.8646084347224123, -0.8608607254201126, -0.8561420256083082, -0.8583415466249588, -0.8554944467885027, -0.8402936736015898, -0.3153792502375626, -0.8616935590168957, -0.775992428776387, -0.7212484556326443, -0.7261874496668814, -0.6926993958721204, -0.7064684840985391, -0.7008916063990441, -0.7243659298806624, -0.7034341994867506, -0.2501080693758534, -0.6954033311131473, -0.578650490380059, -0.5252361686648159, -0.5359225852202658, -0.5165647705854701, -0.5221597173441207, -0.5231797039128155, -0.5291387757112429, -0.5380183800539998, -0.15513485453688408, -0.48114464945204205, -0.3297665692468286, -0.27542999282127517, -0.250886621576189, -0.21595944403199377, -0.2262928429453198, -0.22021073716102357, -0.2636343336410824, -0.2876835115467986, -0.04668801615131226, -0.1552579525938645, 0.0977140026889585, 0.16267800596765078, 0.17323104915696158, 0.17787697105078, 0.16544124965760076, 0.18967755442333403, 0.12577028914808888, 0.09556192870477746, 0.17411950473366666, 0.30608365387065006, 0.6196629733573993, 0.6824835923212361, 0.7291911309726058, 0.7211373432178496, 0.7406778535347338, 0.7249446836080662, 0.6909577463600445, 0.6021628288561136, 0.49776327174933827, 0.9449220490299381, 1.3118154280882368, 1.4086213719506016, 1.4601439856631224, 1.457326091508314, 1.464293522315779, 1.4504456718276173, 1.4376352776583168, 1.3652363833695527, 1.0393411192944682, 1.791416024397168, 2.06817641537197, 2.1387308880817657, 2.2079383727559616, 2.183590103403141, 2.2065727608400905, 2.1849215580632873, 2.1342108954271577, 2.096875249434584, 1.7858603616608635], "bean_num": 0.5, "model_info": {"det_num_x": 10, "det_num_y": 10, "det_y": 0.03, "det_x": 0.03, "size_x": 0.5, "size_y": 0.5, "med_margin": 0.0015}}