{"source": [164.34206836551547, 166.42433339002966], "intensity": 100, "miu_detector": 0.3, "miu_medium": 1.2, "miu_air": 0.00018, "output": [0.0, 0.0, 0.0, 0.0, 0.0, 0.0, 0.0, 0.0, 0.0, 0.0, 0.0, 0.0, 0.0, 0.0, 0.0, 0.0, 0.0, 0.0, 0.0, 0.0, 0.0, 0.0, 0.0, 0.0, 0.0, 0.9599235724134756, 0.04007642758652441, 0.0, 0.0, 0.0, 0.0, 0.0, 0.0, 0.0, 0.0, 0.0, 0.0, 0.0, 0.0, 0.0], "miu_de": 0.5, "input": [1.0848552257357058, -0.04793927327620408, -0.540088238455813, -0.9058490563891707, -1.0830696712279082, -1.1456097067145485, -1.1995073269780316, -1.2136225661448543, -1.2438211932064187, -1.2485788468196535, 1.4016231522317535, 0.3087888625361198, -0.41602113667714957, -0.783269451065013, -1.0074323858288226, -1.107101481516882, -1.1714801865346485, -1.1472510214252734, -1.187399103121258, -1.2109479500898812, 1.3425011909542182, 0.3166566178482009, -0.36550344754741826, -0.7321709973977005, -0.9263319593218365, -1.0157720596727444, -1.090339259201006, -1.0753347842399499, -1.1122255667003202, -1.1400264769464608, 1.4719085577653597, 0.3789628681692008, -0.37487583181312, -0.779781889897308, -0.8514499023737631, -0.9359147385772936, -0.9955393631649413, -1.0312796254632441, -1.0301227717941785, -1.0984068037115042, 1.374206613970889, 0.4185156626863079, -0.3215862281637285, -0.7297963027045684, -0.7400302128773553, -0.8173038900992259, -0.828657541244031, -0.8265054951901084, -0.8812118610296681, -0.9699414888316827, 1.3665939999800478, 0.4008591878783111, -0.25810934372368766, -0.47462347404961996, -0.5294823828727881, -0.5580690780290211, -0.5417231054712826, -0.611629636448084, -0.6970689966821861, -0.7584428424212257, 1.4024067627969365, 0.3580217071451463, -0.07132656131054604, -0.1509086224504808, -0.17717608567639384, -0.18509697603795347, -0.23121392592697015, -0.21914578356714343, -0.3435016595808413, -0.44687966459627027, 1.4761677513324611, 0.47375447880683336, 0.2901452134107157, 0.29236386836577943, 0.31723451029576116, 0.3138233263339807, 0.301560684178816, 0.2042645454913618, 0.23519130194127918, 0.002864255392262124, 1.427035677483559, 0.9801358095133523, 0.9764199710052751, 0.9835504564074565, 0.9713048693840645, 1.1170225463733285, 0.9441383864660389, 1.0444623919259461, 0.9705442722257758, 0.6372427359034347, 1.6728404388290217, 1.8955684751566404, 1.8550799131906188, 1.835533583616536, 1.9378648944734238, 1.8388821068036558, 1.9098453899001564, 1.9072204341955112, 1.6280767695501668, 1.517455764627784], "bean_num": 0.5, "model_info": {"det_num_x": 10, "det_num_y": 10, "det_y": 0.03, "det_x": 0.03, "size_x": 0.5, "size_y": 0.5, "med_margin": 0.0015}}