{"source": [-26.470715614345725, -232.56360273386673], "intensity": 100, "miu_detector": 0.3, "miu_medium": 1.2, "miu_air": 0.00018, "output": [0.0, 0.0, 0.0, 0.0, 0.0, 0.0, 0.0, 0.0, 0.0, 0.7215044783831759, 0.27849552161682417, 0.0, 0.0, 0.0, 0.0, 0.0, 0.0, 0.0, 0.0, 0.0, 0.0, 0.0, 0.0, 0.0, 0.0, 0.0, 0.0, 0.0, 0.0, 0.0, 0.0, 0.0, 0.0, 0.0, 0.0, 0.0, 0.0, 0.0, 0.0, 0.0], "miu_de": 0.5, "input": [1.7140798974417315, 0.9884753720841213, 0.4318580033051702, 0.12102181956519774, -0.05865526578720807, -0.18248570307042827, -0.3220964657436646, -0.37291709003349544, -0.4689226283259081, -0.4980384972352039, 2.122845694693549, 1.317685302188185, 0.6561534055358439, 0.07477466675229562, -0.29871616222557035, -0.5334597271474111, -0.7281790996148358, -0.8487956819624557, -0.9255916032538568, -1.0098019193861494, 2.1994103745034166, 1.4097493478029228, 0.7085847247568562, 0.20241054769824893, -0.24764883960535733, -0.5090253500468457, -0.7399387151557617, -0.8552364414363757, -0.9659353974281895, -1.0282595567430657, 2.1464421700578926, 1.4622221623500704, 0.7276235705374874, 0.21884633415340193, -0.2306679343522429, -0.5311213618627411, -0.6909707473856386, -0.8596584177431437, -0.9658933233185555, -1.0410707609530576, 2.200940209513258, 1.4739635750496975, 0.7448011461752754, 0.22001054185595767, -0.22467808935346023, -0.5036353112861439, -0.7267915903319966, -0.8703479542245136, -0.9632068149323575, -1.0360166453421857, 2.1823491622226934, 1.4220927969539376, 0.7186721988664162, 0.18693405928876955, -0.18224113597109726, -0.5064175612135765, -0.7090597633520865, -0.8613183789863511, -0.9434684751032008, -1.0440358608330527, 2.1894665419858863, 1.4289839506604456, 0.7554911627449119, 0.19475628381508694, -0.20245115852780254, -0.48373844678518163, -0.7073270351849598, -0.8413752141500271, -0.9711786377321899, -1.0343982192495111, 2.1301967458713373, 1.392286749314938, 0.70833578097728, 0.1087644187478772, -0.2475783913319983, -0.5260871616413291, -0.7210648344020715, -0.8733954043917019, -0.9772378821453624, -1.0403210012938227, 2.086388579986921, 1.3928734855965699, 0.6306144102326137, 0.0627063256206012, -0.30706983645164837, -0.5831616449439594, -0.7577499043359719, -0.8727125743383023, -0.9929802824150064, -1.048114409752284, 1.7964228720845998, 1.001728440167115, 0.33637430572244015, -0.13342969143369895, -0.46106052960046573, -0.6888778747532602, -0.8468175991805804, -0.94997616782226, -1.0179396711844253, -1.0969892930860288], "bean_num": 0.5, "model_info": {"det_num_x": 10, "det_num_y": 10, "det_y": 0.03, "det_x": 0.03, "size_x": 0.5, "size_y": 0.5, "med_margin": 0.0015}}