{"source": [217.6206293377221, -110.1141517188304], "intensity": 100, "miu_detector": 0.3, "miu_medium": 1.2, "miu_air": 0.00018, "output": [0.0, 0.0, 0.0, 0.0, 0.0, 0.0, 0.0, 0.0, 0.0, 0.0, 0.0, 0.0, 0.0, 0.0, 0.0, 0.0, 0.0, 0.9821127632151821, 0.017887236784817816, 0.0, 0.0, 0.0, 0.0, 0.0, 0.0, 0.0, 0.0, 0.0, 0.0, 0.0, 0.0, 0.0, 0.0, 0.0, 0.0, 0.0, 0.0, 0.0, 0.0, 0.0], "miu_de": 0.5, "input": [1.6180023507157646, 1.9245727002472046, 1.8794600950224394, 2.006387856437226, 1.9189238713707895, 1.953900137249088, 1.8042849526371474, 1.850319602433529, 1.827921568430365, 1.498798271234071, 1.4026831577912262, 1.022995989755563, 1.1045643946011547, 1.07356834979828, 1.025523539156494, 1.0873415053376665, 1.1694681342165658, 1.0910386241440653, 0.9684211614021405, 0.7158115526782329, 1.3126792125868472, 0.483382883694295, 0.39903010549870926, 0.45753394683543636, 0.29298690993805304, 0.3429731584562119, 0.3389579235085652, 0.46184292307603336, 0.2431539193055198, 0.05547679430549715, 1.4082845694918584, 0.35392558750245845, -0.13072839603784076, -0.11052011150379978, -0.1701806235952642, -0.18098239830352547, -0.15985129387481556, -0.19882856976138535, -0.24205454549022762, -0.3864758038463002, 1.3186937331388835, 0.24123320789494143, -0.3740691769894632, -0.421742342948459, -0.5050709542733786, -0.5367007594415364, -0.5296635118833366, -0.5722536025689963, -0.6163431326175498, -0.6600089556157628, 1.2838020495535538, 0.17926106293093683, -0.412158578396021, -0.6674623275360153, -0.7125909096640354, -0.7482956736924984, -0.8033286048599407, -0.8103343133188616, -0.846714567297534, -0.9282204063430476, 1.2949989458686997, 0.21778051217884098, -0.4796937526249403, -0.7335280247165988, -0.8619591617799947, -0.945386911585424, -0.968000512260336, -0.9953461888820638, -0.993326203162375, -1.0217722744343005, 1.2648135529314435, 0.15914103239492655, -0.5057474716382842, -0.8369929149845122, -0.9961728254431692, -1.0972032736926585, -1.0847773783724377, -1.1035900726159908, -1.0901445612715386, -1.1508794358363315, 1.3298330114706012, 0.06966124049750162, -0.4812040813933004, -0.8500965385126125, -1.032550377652787, -1.1066728192301105, -1.1223934528333035, -1.157708776410075, -1.179112258665148, -1.1974642299216134, 1.022677803029709, -0.05155662786466846, -0.6667584611773388, -0.9435159756506027, -1.1080797222320007, -1.1534660524943858, -1.183497836281659, -1.2054267900646922, -1.2027893363635498, -1.2447180408401244], "bean_num": 0.5, "model_info": {"det_num_x": 10, "det_num_y": 10, "det_y": 0.03, "det_x": 0.03, "size_x": 0.5, "size_y": 0.5, "med_margin": 0.0015}}