{"source": [-224.90647268233568, 116.43375175529216], "intensity": 100, "miu_detector": 0.3, "miu_medium": 1.2, "miu_air": 0.00018, "output": [0.0, 0.0, 0.0, 0.0, 0.0, 0.0, 0.0, 0.0, 0.0, 0.0, 0.0, 0.0, 0.0, 0.0, 0.0, 0.0, 0.0, 0.0, 0.0, 0.0, 0.0, 0.0, 0.0, 0.0, 0.0, 0.0, 0.0, 0.0, 0.0, 0.0, 0.0, 0.0, 0.0, 0.0, 0.0, 0.0, 0.0411707248151036, 0.9588292751848964, 0.0, 0.0], "miu_de": 0.5, "input": [-0.6701932831728525, -1.0064516800650107, -1.0483845503568987, -1.0686922036842206, -1.0424197467652594, -1.0477298810052322, -1.0471882115951554, -1.0423157880831533, -1.0673121363050628, -1.09174955198558, -0.5306127218359499, -0.9609789749179197, -0.9329045251908737, -0.9632047300931048, -0.9413552199697889, -0.9449714029983218, -0.9879344110862646, -0.9838748977420582, -0.9958190036502672, -1.036727095170917, -0.5089284363167086, -0.8483274901346314, -0.8179457350111368, -0.8627619993780191, -0.8545944532191856, -0.8555616404441188, -0.8645002497569995, -0.8507440097454468, -0.8842666707814499, -0.938374149333478, -0.4166109943669218, -0.7078543946296812, -0.6924950557293854, -0.652614707601641, -0.6994760143104704, -0.6495431810142803, -0.6749790167777161, -0.6925759251872001, -0.7605013826498612, -0.8408927678945423, -0.38288582775221236, -0.5267917417689159, -0.4986887169439133, -0.4483869016616901, -0.44467607963513484, -0.47852613652530507, -0.46828772511268985, -0.5090145249866773, -0.5924804093134116, -0.7118298024433231, -0.2152701803091923, -0.22525648657846106, -0.2132344899077649, -0.20392842731967206, -0.20394836972533378, -0.16832207863589002, -0.12887817620397982, -0.21339160270016433, -0.3160646489226466, -0.4628289895590364, 0.0351421791963928, 0.07324913567358778, 0.277819799234717, 0.21877054783527353, 0.24473956434575533, 0.24381953700374953, 0.24020668807735174, 0.172904525520497, 0.11125219479377686, -0.15231867981489572, 0.3893406864041558, 0.543950731664907, 0.7002147778996256, 0.7393253862059666, 0.7491242650722971, 0.7257662539978778, 0.8304120391369426, 0.666009136012951, 0.6052143299815669, 0.3330727043092575, 1.0350777572323904, 1.3788092231361229, 1.4963317601138884, 1.4342589312031704, 1.5471400754452984, 1.5627603781605248, 1.5176931724761815, 1.4024681611694032, 1.3365163073935824, 0.9655782258778637, 1.756286412980698, 2.081756813947069, 2.1655659292767613, 2.0555179493110223, 2.0726963734505053, 2.190374894212388, 2.174019536407249, 2.1346650869254824, 2.1439068617474626, 1.697619952943357], "bean_num": 0.5, "model_info": {"det_num_x": 10, "det_num_y": 10, "det_y": 0.03, "det_x": 0.03, "size_x": 0.5, "size_y": 0.5, "med_margin": 0.0015}}