{"source": [235.60172282081774, -103.95490687307641], "intensity": 100, "miu_detector": 0.3, "miu_medium": 1.2, "miu_air": 0.00018, "output": [0.0, 0.0, 0.0, 0.0, 0.0, 0.0, 0.0, 0.0, 0.0, 0.0, 0.0, 0.0, 0.0, 0.0, 0.0, 0.0, 0.0, 0.6453982002922104, 0.3546017997077896, 0.0, 0.0, 0.0, 0.0, 0.0, 0.0, 0.0, 0.0, 0.0, 0.0, 0.0, 0.0, 0.0, 0.0, 0.0, 0.0, 0.0, 0.0, 0.0, 0.0, 0.0], "miu_de": 0.5, "input": [-1.2285808317484948, -1.1732074716546264, -1.1265238449277766, -1.0466346476394333, -0.921268044339082, -0.7339884942525298, -0.3896104232532888, 0.06981209500691454, 0.6460905768728127, 1.4486544107941006, -1.2147369363576737, -1.1227542993345634, -1.0910470069963842, -0.9715872113849845, -0.8444167531661115, -0.5704852593544052, -0.22168481976673224, 0.27529499126151624, 1.0895018160981818, 1.7484269147066283, -1.1971681770605418, -1.1134215056002856, -1.0477068337445474, -0.9614436299839453, -0.7509548448656503, -0.5725151217238633, -0.172169434230685, 0.3253639493440918, 1.2022846634031732, 1.8644748761832561, -1.1934933750517733, -1.1122186384438273, -1.0593868381047273, -1.012191890943713, -0.8221439448149009, -0.5752181012810014, -0.195633049512383, 0.3183860730157863, 1.1430500829224322, 1.9848137548324427, -1.1508404734040807, -1.111463918499443, -1.027022651873317, -0.9517571422472113, -0.7642203535353221, -0.5235256087536585, -0.15105197999389894, 0.42262969424338254, 1.0461073165493893, 1.954624061608919, -1.093190252112951, -1.0603906223998394, -0.9698065459870202, -0.8936919724223866, -0.6972744969911323, -0.5591926828958292, -0.18646398601344547, 0.3213364770093772, 1.1410721838238709, 1.9279922163872218, -0.9251305599974963, -0.8528185243347411, -0.8440635037033306, -0.832181845098983, -0.7194475811866651, -0.5470242342448078, -0.1806792635608833, 0.4241843514277704, 1.1560856471437488, 1.8857804438069066, -0.6508968251574359, -0.5166678727657373, -0.524088971937904, -0.45810196471001263, -0.44944833871067147, -0.3040248919639974, -0.0726411221527031, 0.2872571521900164, 1.069142441365262, 1.9622101570102564, -0.03709088340976968, 0.16706566994161037, 0.15895568487633907, 0.09006910238106482, 0.23736078106781963, 0.2707866684353656, 0.2751358822303389, 0.5828100788487646, 1.0359660600343754, 1.908888885586514, 1.017074619453494, 1.2254055572630311, 1.2370458519847183, 1.277608987711711, 1.4320101256183022, 1.2752980529081797, 1.275055744527634, 1.2775393454954926, 1.4094456698094393, 1.628291384420956], "bean_num": 0.5, "model_info": {"det_num_x": 10, "det_num_y": 10, "det_y": 0.03, "det_x": 0.03, "size_x": 0.5, "size_y": 0.5, "med_margin": 0.0015}}