{"source": [-246.80778401264632, 73.25579714850193], "intensity": 100, "miu_detector": 0.3, "miu_medium": 1.2, "miu_air": 0.00018, "output": [0.0, 0.0, 0.0, 0.0, 0.0, 0.0, 0.0, 0.0, 0.0, 0.0, 0.0, 0.0, 0.0, 0.0, 0.0, 0.0, 0.0, 0.0, 0.0, 0.0, 0.0, 0.0, 0.0, 0.0, 0.0, 0.0, 0.0, 0.0, 0.0, 0.0, 0.0, 0.0, 0.0, 0.0, 0.0, 0.0, 0.0, 0.0, 0.8368423746872171, 0.16315762531278294], "miu_de": 0.5, "input": [0.9973097915695053, 1.1885541285284422, 1.2035758851134013, 1.2499538605479779, 1.2136358893558243, 1.2410920703827502, 1.2848613742772617, 1.2424358343242836, 1.3965785398433161, 1.5820126775696566, -0.2452602168000048, -0.004926092256809103, 0.1332878523395722, 0.0948397388407235, 0.059309694724212575, 0.11282911936032194, 0.25657313825691297, 0.4675844068864633, 1.1076500910689795, 1.8881152597373307, -0.7088981808331816, -0.6284931831522509, -0.5294244057094036, -0.5212304234675922, -0.5291754550174913, -0.38794624077011747, -0.1056309358304306, 0.46302187163685476, 1.1817112283295728, 1.8860336846668833, -0.9812328318402477, -0.9267753946478077, -0.8794193625032406, -0.8068577764700078, -0.6162865833486987, -0.44335311220512075, -0.12217392395261845, 0.3180570874023218, 1.1842476568707703, 1.9191834850518077, -1.1205506945266923, -1.041718497254444, -0.9613922282603934, -0.8225912824570337, -0.6682610428967224, -0.45558613683570887, -0.18928942923793282, 0.4132684697095199, 1.0747929145347734, 1.944116211827734, -1.1857463892723172, -1.1120506584744054, -1.0637886182948717, -0.9028852071488184, -0.7604754527914869, -0.45860149549664625, -0.09915632555581663, 0.4437805639174474, 1.079986004531702, 2.0479769833079406, -1.2067127037000736, -1.1282469626992737, -1.0363756469777023, -0.8968773025141604, -0.7617977913910027, -0.503740225612585, -0.16454436733096234, 0.32431784175417044, 1.2411165753455078, 1.8725106201911983, -1.2124367479282736, -1.1013433382181244, -1.069125190691505, -0.9224450130518288, -0.7570152834708281, -0.622703773450393, -0.11558518861805273, 0.4300240335923162, 1.174018533939459, 1.8757432551314925, -1.2316940809436505, -1.1461769541791753, -1.0943947365522408, -0.9885903300005697, -0.8126290987158898, -0.5186733708314131, -0.1512940701604793, 0.29238116988381274, 1.1167547131266893, 1.841802098851405, -1.2405355085629493, -1.1960044820573894, -1.1256251459737587, -1.0322931927891477, -0.9076267727774735, -0.6936706421688577, -0.3574501861900833, 0.029097270583931755, 0.7992721740669386, 1.6013718838849729], "bean_num": 0.5, "model_info": {"det_num_x": 10, "det_num_y": 10, "det_y": 0.03, "det_x": 0.03, "size_x": 0.5, "size_y": 0.5, "med_margin": 0.0015}}