{"source": [-259.02881663508623, -25.684564898893402], "intensity": 100, "miu_detector": 0.3, "miu_medium": 1.2, "miu_air": 0.00018, "output": [0.37080257896904145, 0.6291974210309585, 0.0, 0.0, 0.0, 0.0, 0.0, 0.0, 0.0, 0.0, 0.0, 0.0, 0.0, 0.0, 0.0, 0.0, 0.0, 0.0, 0.0, 0.0, 0.0, 0.0, 0.0, 0.0, 0.0, 0.0, 0.0, 0.0, 0.0, 0.0, 0.0, 0.0, 0.0, 0.0, 0.0, 0.0, 0.0, 0.0, 0.0, 0.0], "miu_de": 0.5, "input": [1.7372883730327242, 2.0889432240758268, 2.0371467682797433, 2.1437961097542235, 2.197788661278602, 2.1724991025350544, 2.1959126037198544, 2.1616619458018684, 2.130944108750359, 1.7705760981311691, 0.9771599601861797, 1.3871847119170129, 1.3831291719054337, 1.4650977565979901, 1.49962052207862, 1.5199517420762696, 1.4393260677562367, 1.4513413558656494, 1.3671595498079578, 1.020633063297449, 0.37405436241088136, 0.6445402484687063, 0.6951935108534494, 0.761233865327987, 0.7673686279236355, 0.7773446201244613, 0.7497817466108849, 0.6794536547363922, 0.6213600261344066, 0.34522171677417635, 0.06179977969064876, 0.10289565262445838, 0.14423078286432997, 0.1470612732080651, 0.232553331118702, 0.18530142046536158, 0.1924334160503802, 0.19445814411463425, 0.12554808356821087, -0.13024946620823294, -0.14752278297771443, -0.2542074223503558, -0.24354539276240655, -0.19756840570082995, -0.19225441070244723, -0.18583767914379395, -0.21412845127597138, -0.21826688711744738, -0.3126177600389147, -0.46425661756681197, -0.30785140040031134, -0.526741428110278, -0.4704644452692028, -0.5099753109179882, -0.48499544276878165, -0.4869140682779306, -0.5120942376429621, -0.5473904177730317, -0.5617040876747484, -0.6948249644531235, -0.3685391959819885, -0.715729322349244, -0.7127230298966366, -0.7233121123402606, -0.6998699641860994, -0.6813633590236072, -0.7003963096347098, -0.7316923760666687, -0.7624061150975862, -0.8339223586865535, -0.415452013001232, -0.8448185327896408, -0.8483919986510488, -0.8576804340661474, -0.8619517458105224, -0.8634667392965448, -0.8637748317669731, -0.8724113629810673, -0.8880464183083873, -0.9459963297570823, -0.47811498113953194, -0.9277636000050677, -0.9480520301800553, -0.9566292216335534, -0.9488118453715098, -0.9529139454464631, -0.9465393863222955, -0.9572544666952564, -0.9887965163154444, -1.0178180915931438, -0.5919620408222688, -1.0013263877034613, -1.032789387611237, -1.0476106143493866, -1.0370318363181177, -1.0323080545246326, -1.037280038617663, -1.0468554459171047, -1.0622964301544344, -1.081485210372095], "bean_num": 0.5, "model_info": {"det_num_x": 10, "det_num_y": 10, "det_y": 0.03, "det_x": 0.03, "size_x": 0.5, "size_y": 0.5, "med_margin": 0.0015}}