{"source": [-26.2434508320192, -260.63250950860925], "intensity": 100, "miu_detector": 0.3, "miu_medium": 1.2, "miu_air": 0.00018, "output": [0.0, 0.0, 0.0, 0.0, 0.0, 0.0, 0.0, 0.0, 0.0, 0.6388680239158465, 0.3611319760841534, 0.0, 0.0, 0.0, 0.0, 0.0, 0.0, 0.0, 0.0, 0.0, 0.0, 0.0, 0.0, 0.0, 0.0, 0.0, 0.0, 0.0, 0.0, 0.0, 0.0, 0.0, 0.0, 0.0, 0.0, 0.0, 0.0, 0.0, 0.0, 0.0], "miu_de": 0.5, "input": [1.713341816843466, 1.038020287281983, 0.4308176615853455, 0.10916858989228659, -0.16477611241558646, -0.2645643540927476, -0.36854698176886835, -0.41387575180095765, -0.5106798109229895, -0.5776864773696809, 2.0574448851911367, 1.4014320491925836, 0.6092355922822056, 0.07885426865162272, -0.23766862770568054, -0.5249731240480211, -0.7253975050689841, -0.8508974391470632, -0.9332615595033292, -1.0170143446694888, 2.1741149879474357, 1.404606972303677, 0.7287772756356413, 0.11448879612536234, -0.26541068447160976, -0.5296994262884619, -0.7071705184654855, -0.8435811327887214, -0.9504023340812077, -1.037700507489273, 2.1387623255040746, 1.4304243407604629, 0.739979775149317, 0.21543355902783304, -0.20723104418740193, -0.4982067050545655, -0.7128414921288041, -0.8547901239359739, -0.9486277878121956, -1.0273338438152677, 2.209928607217649, 1.4362438745263175, 0.8078181509804994, 0.1987616081201122, -0.22807191968551996, -0.4829837180667616, -0.7000842785662815, -0.8527368562871982, -0.9565638518659936, -1.0394981739902192, 2.2411976429212723, 1.4927456825442544, 0.7699557650863081, 0.2329969129163203, -0.17427282150189433, -0.49068788734366425, -0.6980938495566001, -0.8200650214810871, -0.9533756877545819, -1.0364455363102127, 2.166642498785069, 1.4548366478475108, 0.716722278138304, 0.22478210068321802, -0.1814944960526093, -0.5028838716752253, -0.7142196682450885, -0.8315977345219929, -0.9485649277040624, -1.0337620775066372, 2.186453334920268, 1.448672822036625, 0.6197356127641142, 0.12405779444819032, -0.2077977219796513, -0.4992327783692124, -0.7425493789790889, -0.8787070668139717, -0.9719444793985336, -1.03959110466148, 2.094604034656377, 1.3636442146034307, 0.6285802855147925, 0.05847641529308188, -0.264145873731343, -0.572496699800904, -0.757546286200524, -0.878472982615841, -0.980794952454519, -1.0518467723279543, 1.7270687720487643, 0.964898702288457, 0.3095705349202395, -0.1253527008216501, -0.46010957088066173, -0.7096374525687213, -0.8455726234697136, -0.9544771816021973, -1.0199245592428718, -1.0853572235687676], "bean_num": 0.5, "model_info": {"det_num_x": 10, "det_num_y": 10, "det_y": 0.03, "det_x": 0.03, "size_x": 0.5, "size_y": 0.5, "med_margin": 0.0015}}