{"source": [168.63132201451555, -203.95616878267631], "intensity": 100, "miu_detector": 0.3, "miu_medium": 1.2, "miu_air": 0.00018, "output": [0.0, 0.0, 0.0, 0.0, 0.0, 0.0, 0.0, 0.0, 0.0, 0.0, 0.0, 0.0, 0.0, 0.0, 0.6017774527182805, 0.3982225472817194, 0.0, 0.0, 0.0, 0.0, 0.0, 0.0, 0.0, 0.0, 0.0, 0.0, 0.0, 0.0, 0.0, 0.0, 0.0, 0.0, 0.0, 0.0, 0.0, 0.0, 0.0, 0.0, 0.0, 0.0], "miu_de": 0.5, "input": [-1.2325617123269077, -1.1993276519260572, -1.1460966656518465, -1.0889376261135277, -0.9841152960326477, -0.7981728709281153, -0.5511511741613776, -0.15107836583773943, 0.4914615025837808, 1.383876526949985, -1.2135458376403867, -1.1715376396977175, -1.1115270899450416, -1.0404757388499366, -0.8869316706126132, -0.7076569325701424, -0.3825508869312062, 0.06750189417330293, 0.7883692162620229, 1.719273528131463, -1.1975847420176644, -1.1529834035311328, -1.0807750325231353, -1.011719693298134, -0.8732960290142092, -0.6619733943288393, -0.34054818044505336, 0.13931781017920303, 0.8800698537844867, 1.7930671912151237, -1.170624863145773, -1.1385089426809716, -1.0666597540788822, -0.9983989176570996, -0.8461001685936501, -0.6632187478024817, -0.3183944914027123, 0.21751868622545764, 0.9400342455832799, 1.840645663869412, -1.1167692877632183, -1.0590681536854767, -1.0341317578374332, -0.9564697985968027, -0.8266091281377934, -0.6177790991065307, -0.3007438364407131, 0.18995243864348788, 0.9157555132068403, 1.8101529549651325, -1.019537908828032, -0.9469390702852674, -0.9217328892186785, -0.8537403592987493, -0.769165605146107, -0.5992341111804325, -0.2893114188401667, 0.23637265840255478, 1.0064818106482885, 1.8437312771014998, -0.8217282818033605, -0.7264560936407954, -0.6765190311438969, -0.6433214652816244, -0.6056662177206488, -0.47500988698707924, -0.22089890910292972, 0.25594096086982143, 0.9839547724331663, 1.920895652755374, -0.5089038274540899, -0.3532587142940317, -0.3016282203235956, -0.2636454531323957, -0.2228815032652599, -0.17472144465955577, -0.04108691257579403, 0.29645786852833544, 0.9762518512999696, 1.8651795910710243, 0.0985088631651592, 0.27157501944177115, 0.40457175604223333, 0.40242762932677756, 0.44138938292638163, 0.4923512862892312, 0.5079233630955496, 0.6247776457316829, 1.000381350533024, 1.8829450301271973, 1.0660971304970621, 1.3636406300971036, 1.4657330001750115, 1.485216223835963, 1.487698922050054, 1.5324553654505892, 1.5359930400580057, 1.5814203445790669, 1.5912021709774853, 1.7348402822130822], "bean_num": 0.5, "model_info": {"det_num_x": 10, "det_num_y": 10, "det_y": 0.03, "det_x": 0.03, "size_x": 0.5, "size_y": 0.5, "med_margin": 0.0015}}