{"source": [121.94735623940188, -236.057996421838], "intensity": 100, "miu_detector": 0.3, "miu_medium": 1.2, "miu_air": 0.00018, "output": [0.0, 0.0, 0.0, 0.0, 0.0, 0.0, 0.0, 0.0, 0.0, 0.0, 0.0, 0.0, 0.0, 0.9643514341496878, 0.03564856585031215, 0.0, 0.0, 0.0, 0.0, 0.0, 0.0, 0.0, 0.0, 0.0, 0.0, 0.0, 0.0, 0.0, 0.0, 0.0, 0.0, 0.0, 0.0, 0.0, 0.0, 0.0, 0.0, 0.0, 0.0, 0.0], "miu_de": 0.5, "input": [1.618927526770479, 0.7617410108938186, 0.08232758365059184, -0.368546518469893, -0.6861385183777218, -0.8866775537427016, -1.0274483024397079, -1.1075249061356465, -1.1753899035757318, -1.2189333740725954, 1.9309004326694115, 1.1227255691618616, 0.35915792012297293, -0.17909994702068013, -0.548080168099046, -0.7847018684002478, -0.9424969141358073, -1.0583308725387137, -1.1410097085389765, -1.1877613365236301, 1.9643866099390113, 1.1680579483869018, 0.36527973841417566, -0.15648344939749864, -0.5075093190569744, -0.7568164213232453, -0.9420960196763664, -1.0642849747488816, -1.1287497681301275, -1.1947292905621085, 1.931968053586549, 1.1432388513641576, 0.47812445505540624, -0.10674897193629333, -0.5228565139059014, -0.7648652955309305, -0.9173934038732608, -1.0403374415976667, -1.119134288237406, -1.1810900964547641, 2.034193188065508, 1.1601463932904237, 0.4157164248009891, -0.11474336633581374, -0.5217243722188353, -0.7223720303805284, -0.8998452151070012, -1.0264255227466919, -1.087293762156286, -1.1573061907773963, 1.9935565790818057, 1.1523960518048075, 0.3912047756749866, -0.10573358599609715, -0.4716844554779434, -0.7170654811609316, -0.8690045420886975, -0.9559663921343936, -1.043686955940948, -1.123951134646662, 1.9781915500199034, 1.104501333847683, 0.4282574439793745, -0.06821460826375073, -0.4076513474244975, -0.6790782142727617, -0.7874515005717658, -0.8846733197790494, -0.9201693781074899, -0.9829565563371937, 1.9397131579736644, 1.151229689494168, 0.4301104860177424, -0.09478760665540874, -0.38284572663739597, -0.46841594853142204, -0.5628962294741495, -0.6133588830066697, -0.6290757107964484, -0.7596839114347096, 1.9338251233203436, 1.115822961231531, 0.49006274717705006, 0.19343751926594174, 0.09660941042681061, 0.06498342131787535, -0.011225921280932524, -0.004626557443529435, -0.07421320272530273, -0.22240442900574547, 1.6213400808966483, 1.3435983902554829, 1.2705458826854301, 1.2432045971502974, 1.160175683059187, 1.1808001882491541, 1.198272873984811, 1.1214342117670382, 1.0661983960814914, 0.8794029444834934], "bean_num": 0.5, "model_info": {"det_num_x": 10, "det_num_y": 10, "det_y": 0.03, "det_x": 0.03, "size_x": 0.5, "size_y": 0.5, "med_margin": 0.0015}}