{"source": [3.7374478595388387, -267.1059252466373], "intensity": 100, "miu_detector": 0.3, "miu_medium": 1.2, "miu_air": 0.00018, "output": [0.0, 0.0, 0.0, 0.0, 0.0, 0.0, 0.0, 0.0, 0.0, 0.0, 0.9109275490239055, 0.08907245097609448, 0.0, 0.0, 0.0, 0.0, 0.0, 0.0, 0.0, 0.0, 0.0, 0.0, 0.0, 0.0, 0.0, 0.0, 0.0, 0.0, 0.0, 0.0, 0.0, 0.0, 0.0, 0.0, 0.0, 0.0, 0.0, 0.0, 0.0, 0.0], "miu_de": 0.5, "input": [1.1040381518206495, 1.1552739352344255, 1.2440176741859081, 1.343869892468727, 1.237257493681268, 1.2911247942151605, 1.3793445957716721, 1.3304534306781393, 1.5103778987250365, 1.5813008627948542, -0.03800233938289299, 0.1193509530913772, 0.1910746406467344, 0.17848132968761193, 0.23088800094884324, 0.21174263811525168, 0.27858630184242494, 0.4295063785311117, 1.1267453643197505, 1.8565429461962322, -0.6157942145593804, -0.5821960212495814, -0.48315669682487006, -0.390765346913154, -0.48458218908931117, -0.28556122544120793, -0.04015680283211837, 0.3579962037764243, 1.0703356912513067, 1.8221803196463846, -0.8996295680138269, -0.8544397674917532, -0.8079123684312293, -0.7749508172403302, -0.6802259621321374, -0.4763088904150521, -0.2086579551410418, 0.3712539534749572, 1.0980554607715116, 2.060559454532464, -1.0857741911209646, -1.055479683486913, -0.9710106459699133, -0.879701348134205, -0.7459804698675585, -0.5640911772362083, -0.21717865470241418, 0.3396344610422011, 1.119153959891011, 1.9125318489919325, -1.182459227153049, -1.1052607265243104, -1.0358555169276575, -0.9073440370838763, -0.7320722782571771, -0.47641394035151846, -0.17587574271453318, 0.39035517022116595, 1.086813798563808, 1.8876068406881898, -1.1950972239636444, -1.125419544172638, -1.0540448409678516, -0.936580448104232, -0.759315219981921, -0.5367234116987567, -0.20158908624584862, 0.3797292081465925, 1.0709111146231427, 1.9582769953859982, -1.2182574910303252, -1.1585882976491388, -1.0560287251520264, -1.0038759952674572, -0.8151172879765597, -0.5881261896221366, -0.1871937092534854, 0.348556697589645, 1.078245534930082, 1.791364743300793, -1.2348113947009272, -1.1674534865729678, -1.079700018662333, -1.0051647181381487, -0.8505263155181707, -0.5808846168817821, -0.2922318155998174, 0.40315990490686854, 1.1003468821972808, 1.8447351951441524, -1.253619595074756, -1.218434449137994, -1.1313024060994588, -1.032482154635916, -0.9267681262270143, -0.7088335763754684, -0.46390756890373225, 0.03460648131318532, 0.6768181804400107, 1.5357101345183903], "bean_num": 0.5, "model_info": {"det_num_x": 10, "det_num_y": 10, "det_y": 0.03, "det_x": 0.03, "size_x": 0.5, "size_y": 0.5, "med_margin": 0.0015}}