{"source": [283.33634259465884, -65.65884532833945], "intensity": 100, "miu_detector": 0.3, "miu_medium": 1.2, "miu_air": 0.00018, "output": [0.0, 0.0, 0.0, 0.0, 0.0, 0.0, 0.0, 0.0, 0.0, 0.0, 0.0, 0.0, 0.0, 0.0, 0.0, 0.0, 0.0, 0.0, 0.44968030803907644, 0.5503196919609236, 0.0, 0.0, 0.0, 0.0, 0.0, 0.0, 0.0, 0.0, 0.0, 0.0, 0.0, 0.0, 0.0, 0.0, 0.0, 0.0, 0.0, 0.0, 0.0, 0.0], "miu_de": 0.5, "input": [0.0861092429149892, -0.8876071152873041, -1.072428433004008, -1.0945425086702716, -1.0683504993967299, -1.0860019350375225, -1.1029758091667619, -1.0948569568254667, -1.1276387883011256, -1.1310113839729878, 0.27540462554506184, -0.7950208373688575, -0.9624635338543741, -1.0091958309639342, -0.9914783034535555, -1.019317737699897, -1.010058382018429, -1.0313667177601478, -1.0516995046342072, -1.0986554232343786, 0.22911988677961012, -0.7225055574555403, -0.877670451993687, -0.892823781939693, -0.9273058778153445, -0.8900250906256567, -0.9447309938380035, -0.9330487935878584, -0.9761068053084466, -0.9751927161922125, 0.25557157121062823, -0.6449622208412259, -0.7110622040590446, -0.762820920062527, -0.8006482371496996, -0.7882265985910735, -0.7729491488396657, -0.806956036419578, -0.8216655832962851, -0.9083346513546552, 0.34641156158259706, -0.48739525970839626, -0.5890737717731991, -0.5943303330449988, -0.5571287675297247, -0.5491523673865913, -0.588956959354636, -0.5692717301067155, -0.6240516139078, -0.7654590197446133, 0.3920307808998195, -0.24123345616599892, -0.30515238818830115, -0.27576401920678834, -0.32915261196667184, -0.27361566634443824, -0.2877620361631901, -0.2577964085170877, -0.3540444145073709, -0.5232407965170482, 0.4993392881382598, 0.10430204694014111, 0.09349418201921093, 0.1141167538419749, 0.07412730260101734, 0.10441406346589725, 0.10601546068702189, 0.0816044314564811, -0.0395052527012711, -0.19807052253459861, 0.7441983362412556, 0.601224428056274, 0.5983116644234278, 0.656037383995815, 0.6898532867482373, 0.6601438799184358, 0.7470941182089031, 0.5926270067438939, 0.5123010160688609, 0.2642635078415532, 1.1660018980232758, 1.2189216296806635, 1.363362961867222, 1.4217620010931684, 1.464823069768866, 1.3838178148779383, 1.4636093491939473, 1.302928177968685, 1.3085869050965255, 0.9585143712340305, 1.756325054318983, 1.969928407144278, 2.126045959289273, 2.277101759131326, 2.1494442629395407, 2.100596476072779, 2.1419987652106047, 2.0098299196815685, 2.043315404353249, 1.746832752114294], "bean_num": 0.5, "model_info": {"det_num_x": 10, "det_num_y": 10, "det_y": 0.03, "det_x": 0.03, "size_x": 0.5, "size_y": 0.5, "med_margin": 0.0015}}