{"source": [10.733162611185914, 295.01731828858397], "intensity": 100, "miu_detector": 0.3, "miu_medium": 1.2, "miu_air": 0.00018, "output": [0.0, 0.0, 0.0, 0.0, 0.0, 0.0, 0.0, 0.0, 0.0, 0.0, 0.0, 0.0, 0.0, 0.0, 0.0, 0.0, 0.0, 0.0, 0.0, 0.0, 0.0, 0.0, 0.0, 0.0, 0.0, 0.0, 0.0, 0.0, 0.0, 0.23150950086338515, 0.7684904991366148, 0.0, 0.0, 0.0, 0.0, 0.0, 0.0, 0.0, 0.0, 0.0], "miu_de": 0.5, "input": [1.649628302228111, 0.8550532793734296, 0.18590650545407014, -0.24333495598375773, -0.582225221508178, -0.828890400781419, -0.9586266790226741, -1.044013876308838, -1.1183417813478405, -1.1564230995119142, 1.9436161671621772, 1.1916026276979077, 0.44690963256101623, -0.08356566567235378, -0.44108455798020907, -0.7004592868842878, -0.875648933242206, -0.9937379924771554, -1.0827892111844777, -1.1550577535494475, 2.0864905646714305, 1.276484306926893, 0.5584775276309883, -0.043287278369519566, -0.38993726434898673, -0.6566531491579447, -0.8311551228608322, -0.9890101725395393, -1.0575738042502447, -1.1426684652405492, 2.115586551847776, 1.3002670936386653, 0.563830231530938, -0.0075123373173238165, -0.36435723922772606, -0.6446600050768461, -0.8274814665535604, -0.966436553992592, -1.053270678672338, -1.1262197488319308, 2.105539978285073, 1.3257214611601924, 0.5624088127284482, -0.00423804126630893, -0.3474819556234471, -0.6446454965270749, -0.8427498361698305, -0.9701167105531242, -1.0456231526160071, -1.120125444960738, 2.0819838895864837, 1.383731151018489, 0.589516381219012, 0.018575391768611303, -0.36815941789415585, -0.640551318071147, -0.8082255800265229, -0.9491046396018387, -1.0196001286131438, -1.116759950831407, 2.121707858481904, 1.357177324856881, 0.5971015910456425, 0.0027921387258569167, -0.3659247995795965, -0.6193538517294778, -0.7697862880170417, -0.9277677488404845, -0.9933165784913435, -1.0771065344866484, 2.0633163006934008, 1.3120373301059927, 0.540220379530574, 0.035573983059743054, -0.346120547834577, -0.588198797151368, -0.7282041468856882, -0.8441538713575999, -0.8839432742668213, -0.9765395373906515, 1.9822316297316043, 1.2523932821438424, 0.4794457997098983, 0.07146296848838896, -0.21862195656149755, -0.3228712427642353, -0.3906191131463725, -0.4512971004555297, -0.4961996078477634, -0.5955407837144038, 1.8036442680951137, 1.2059016356013113, 1.0085915791259537, 0.8678009975057163, 0.7644759196159562, 0.7143253250849758, 0.709663528186494, 0.6574184911750471, 0.6203865425003806, 0.4283714252161437], "bean_num": 0.5, "model_info": {"det_num_x": 10, "det_num_y": 10, "det_y": 0.03, "det_x": 0.03, "size_x": 0.5, "size_y": 0.5, "med_margin": 0.0015}}