{"source": [-239.78128090918625, 175.28929375689276], "intensity": 100, "miu_detector": 0.3, "miu_medium": 1.2, "miu_air": 0.00018, "output": [0.0, 0.0, 0.0, 0.0, 0.0, 0.0, 0.0, 0.0, 0.0, 0.0, 0.0, 0.0, 0.0, 0.0, 0.0, 0.0, 0.0, 0.0, 0.0, 0.0, 0.0, 0.0, 0.0, 0.0, 0.0, 0.0, 0.0, 0.0, 0.0, 0.0, 0.0, 0.0, 0.0, 0.0, 0.0, 0.0186925466123164, 0.9813074533876835, 0.0, 0.0, 0.0], "miu_de": 0.5, "input": [1.5938582367518674, 0.7260735925267365, -0.04043191487425135, -0.4923069765654182, -0.7977802109908964, -0.9600588680054034, -1.062477383509276, -1.1745676788726056, -1.194094518686057, -1.2410002416393655, 1.8279768989770349, 0.9861410583014841, 0.21908166068806992, -0.38089548254368083, -0.6798972058288869, -0.8297633167495535, -0.9930959230356077, -1.0961605207716307, -1.1868734596836839, -1.2402138292170768, 1.909555003192489, 0.9831710204447461, 0.2573313622973943, -0.32849767421357656, -0.6055476651358115, -0.8668988699070863, -0.957133569914026, -1.1005747845395955, -1.1536509355660889, -1.2187189641666885, 1.8802030760394715, 1.009079995586002, 0.2666403534464346, -0.29925416560404566, -0.6255915998242112, -0.8716769267872563, -1.0069081835515197, -1.0922276828724211, -1.1386773432761905, -1.1899794288545438, 1.7969063061303312, 1.0245861677386432, 0.21188079047278613, -0.2523791206919822, -0.5791182235863497, -0.7876567829645816, -0.9725889031952298, -0.9962011338044474, -1.0691568469110273, -1.1258839897326427, 1.869759006554596, 1.0737791430784738, 0.28727497487900794, -0.24275677003840157, -0.55716583480358, -0.7133460313642653, -0.8241447123469618, -0.9370404133373529, -0.9933684351994516, -1.0508967855494227, 1.8112237485192892, 0.997569147806003, 0.25981481905783066, -0.23881647125143723, -0.5075305907573615, -0.6866817694516429, -0.7362988211105574, -0.732469913950559, -0.8200728927284903, -0.853959209992216, 1.900688016639204, 0.9213293907982893, 0.2946167717424174, -0.11107467932043918, -0.19921580800056574, -0.3448272004962526, -0.30387638506124665, -0.27977364832520196, -0.4191724810951605, -0.5886176277331799, 1.8099892607876584, 0.9224121309353428, 0.42409056987392124, 0.3749128231293426, 0.4991222413224946, 0.3983909566301371, 0.42050316850561614, 0.30083421776897007, 0.348441958968944, 0.06482114965603707, 1.667483931744698, 1.4741719545091174, 1.5172964118875882, 1.4035222563235852, 1.4416491152391913, 1.3918660502416338, 1.3793359468413995, 1.4073625646681684, 1.2940286307428783, 1.1002709265411275], "bean_num": 0.5, "model_info": {"det_num_x": 10, "det_num_y": 10, "det_y": 0.03, "det_x": 0.03, "size_x": 0.5, "size_y": 0.5, "med_margin": 0.0015}}