{"source": [-152.97204705544996, 262.02605400680534], "intensity": 100, "miu_detector": 0.3, "miu_medium": 1.2, "miu_air": 0.00018, "output": [0.0, 0.0, 0.0, 0.0, 0.0, 0.0, 0.0, 0.0, 0.0, 0.0, 0.0, 0.0, 0.0, 0.0, 0.0, 0.0, 0.0, 0.0, 0.0, 0.0, 0.0, 0.0, 0.0, 0.0, 0.0, 0.0, 0.0, 0.0, 0.0, 0.0, 0.0, 0.0, 0.0, 0.6359350646724821, 0.36406493532751794, 0.0, 0.0, 0.0, 0.0, 0.0], "miu_de": 0.5, "input": [0.1297011723985685, 0.2337743956036659, 0.33948677061828775, 0.3403193948049402, 0.3762079118435729, 0.39452799007070827, 0.5239662536882481, 0.6696250460197185, 1.060877656668218, 1.7513389030391084, -0.9092204052460058, -0.841385097873915, -0.7151022442928959, -0.5959539054291856, -0.49539170404375776, -0.2789982842445695, 0.047020509927827386, 0.6248354276060524, 1.195426712074658, 2.028698078624173, -1.0572011324685735, -0.988902406018488, -0.8952130246364614, -0.7275662504275817, -0.5364602876373682, -0.28357558028182395, 0.10899529068530871, 0.554793682532851, 1.3086845625570052, 2.1431854531869123, -1.0730274593689175, -1.001951616684849, -0.9280997549062334, -0.7465465277140179, -0.5907206456588903, -0.2927999686145583, 0.05658768046149937, 0.601241579041665, 1.4680963880860398, 1.9978706479454278, -1.0914031846949424, -1.0011137459079884, -0.9130658748033351, -0.7684132139038139, -0.5838250969653452, -0.292218057743263, 0.08327651127224453, 0.72618058148322, 1.513210132620863, 2.115901647051059, -1.1055524166221178, -1.0224701859178873, -0.9152962073412422, -0.8083045004787187, -0.5789638991408749, -0.21435726689740367, 0.10485143165288274, 0.7519175628208723, 1.4034092193125078, 2.137207204316107, -1.1121090656754757, -1.0397172643628323, -0.9194295182434976, -0.7865226133425286, -0.572667864897458, -0.2537654418190105, 0.16868817034643666, 0.6633322002248427, 1.4238156837267129, 2.1485690942525624, -1.1093128212101222, -1.0466383517311406, -0.9261350356375325, -0.8053036225815347, -0.6011251066533742, -0.266746104913162, 0.12944018542368999, 0.6487026149962972, 1.3900321099190682, 2.116416795435445, -1.1445662758126773, -1.0501589757709557, -0.9585596964084251, -0.8408535963661246, -0.6718055984894612, -0.37267838793925695, 0.04203236023366903, 0.5516514138307633, 1.3937709375154312, 1.9898138783242294, -1.14312020464823, -1.0897359905602375, -1.015723349571281, -0.9116581710190717, -0.7284684001145743, -0.5059241577035837, -0.23798694436961457, 0.30707356207241604, 0.8668283061744101, 1.732429395315996], "bean_num": 0.5, "model_info": {"det_num_x": 10, "det_num_y": 10, "det_y": 0.03, "det_x": 0.03, "size_x": 0.5, "size_y": 0.5, "med_margin": 0.0015}}