{"source": [179.19699995111773, 245.65988711965653], "intensity": 100, "miu_detector": 0.3, "miu_medium": 1.2, "miu_air": 0.00018, "output": [0.0, 0.0, 0.0, 0.0, 0.0, 0.0, 0.0, 0.0, 0.0, 0.0, 0.0, 0.0, 0.0, 0.0, 0.0, 0.0, 0.0, 0.0, 0.0, 0.0, 0.0, 0.0, 0.0, 0.0, 0.0, 0.012104597439014762, 0.9878954025609853, 0.0, 0.0, 0.0, 0.0, 0.0, 0.0, 0.0, 0.0, 0.0, 0.0, 0.0, 0.0, 0.0], "miu_de": 0.5, "input": [-1.0839530472667651, -1.0684476311258075, -1.0397205763076898, -1.0564110791705945, -1.0164616736645025, -1.0212753802183079, -1.0324736259334548, -1.0228121321672556, -1.0037816664115535, -0.6614200550666558, -1.0202527587249781, -0.967673655393183, -0.9426314434783905, -0.9625282033783782, -0.9498235909009978, -0.9281838934716543, -0.9402979709604196, -0.9239181332946449, -0.9545851251553931, -0.6017813907427112, -0.9454912365919849, -0.8850013012154765, -0.8819284564245697, -0.8278650706375552, -0.8105444075194008, -0.8597860201869884, -0.8407301642754018, -0.8400203306863445, -0.851423482231441, -0.5526725309567493, -0.8406572120498794, -0.7695457774663836, -0.6968981277181524, -0.6783176475366932, -0.7175826791636459, -0.7053182954229763, -0.6761722727902502, -0.7018285506272105, -0.7095449704742357, -0.4768827763815565, -0.7140517482244824, -0.561970028462292, -0.5153802188912527, -0.4686177418286451, -0.4574673864178728, -0.4845921917615255, -0.46276243292439784, -0.4892162599372872, -0.5140564690388698, -0.35839654908480667, -0.49783939436270125, -0.23097146825337536, -0.19904636471886844, -0.207471155796527, -0.16536598151356502, -0.2153905392824831, -0.2639124770607829, -0.2564002810566606, -0.2531338835243202, -0.1975331197992109, -0.14091856740754066, 0.16143610878293535, 0.21090549001923198, 0.28305922730622707, 0.25003456594749124, 0.21203793801204115, 0.1657735419553197, 0.17766518887561686, 0.12917855065139827, 0.076266459278359, 0.3083256855884314, 0.6547795872228841, 0.7027368406839313, 0.8009767875414964, 0.7527816246895799, 0.7069642396308151, 0.6983707448621759, 0.7117249793691638, 0.633277928965197, 0.4061944659305723, 1.0282089754877224, 1.316805863579826, 1.4199211485496703, 1.4518690475060572, 1.5091634460193837, 1.4920223108285615, 1.3835819541480012, 1.4867673648727124, 1.3795761392455057, 0.9217390598796741, 1.7238840573456782, 2.0315765762086775, 2.153071688094232, 2.2207083961145804, 2.1937224478614263, 2.226699987078686, 2.171952302020869, 2.140404467572347, 2.1016571454753294, 1.725316269335889], "bean_num": 0.5, "model_info": {"det_num_x": 10, "det_num_y": 10, "det_y": 0.03, "det_x": 0.03, "size_x": 0.5, "size_y": 0.5, "med_margin": 0.0015}}