{"source": [174.6308134350043, 250.24106880941022], "intensity": 100, "miu_detector": 0.3, "miu_medium": 1.2, "miu_air": 0.00018, "output": [0.0, 0.0, 0.0, 0.0, 0.0, 0.0, 0.0, 0.0, 0.0, 0.0, 0.0, 0.0, 0.0, 0.0, 0.0, 0.0, 0.0, 0.0, 0.0, 0.0, 0.0, 0.0, 0.0, 0.0, 0.0, 0.0, 0.8788082681590091, 0.1211917318409909, 0.0, 0.0, 0.0, 0.0, 0.0, 0.0, 0.0, 0.0, 0.0, 0.0, 0.0, 0.0], "miu_de": 0.5, "input": [1.66629299704761, 1.9804657701379518, 2.1536535476430343, 2.1553739392934723, 2.2084450581569532, 1.9925102797170802, 2.224881614659709, 2.0022336883604788, 1.9751773495859182, 1.8325285890331204, 0.9017413276217519, 1.3083481741147076, 1.349093869058564, 1.4266090363533195, 1.431345175248364, 1.3894640115315886, 1.3205071256010077, 1.4318887121266883, 1.3709956219882231, 1.090489141110304, 0.3377638550969538, 0.6144019579628153, 0.7451718806099256, 0.6403349479758083, 0.6730838974863815, 0.8246785108120533, 0.7345110265799561, 0.6205213836688036, 0.576216338217205, 0.5606608155929635, -0.18778472389358808, 0.03592770744386798, 0.10438171489862845, 0.21114078062034272, 0.07659133357876227, 0.13860807356354743, 0.03333421119468879, 0.13873947310741214, -0.025198243207943942, 0.4532215577043398, -0.5312000619814683, -0.32119991316810553, -0.2848757918459118, -0.2742294914304163, -0.2934912499763158, -0.2984861412480989, -0.32695970275848013, -0.31007642807517266, -0.32197794761966214, 0.3712069382463066, -0.8080986221391292, -0.6224916528489599, -0.5530217843844315, -0.5627619020407443, -0.5466396550756502, -0.5385614389841982, -0.6038323363557032, -0.55227804257824, -0.5192888084990206, 0.25517105061541767, -0.9201255978327536, -0.8257143124270585, -0.7996048875423185, -0.7552334779611991, -0.778234196496365, -0.787696012482385, -0.7544130972637388, -0.7672524617774106, -0.6368436876292762, 0.3510912077597064, -0.9858327115660497, -0.9685970588669339, -0.9485978598668582, -0.8919341884254045, -0.8909222454254978, -0.9082706943901598, -0.9355262644347431, -0.9169119620483578, -0.7450063559334809, 0.23106494468101677, -1.0894867679243374, -1.0527752515489637, -1.0593641950210257, -1.0649762774039029, -1.0145081514099688, -1.0032400991230825, -0.9771137953518255, -0.9834965195872822, -0.8060370345912261, 0.24646086154989902, -1.1551348360618898, -1.1294111612868265, -1.0958235426508247, -1.1069875685102775, -1.0844857685985192, -1.0717005950395322, -1.0748604059990265, -1.0468282768353427, -0.8601128556583467, 0.18918461572677248], "bean_num": 0.5, "model_info": {"det_num_x": 10, "det_num_y": 10, "det_y": 0.03, "det_x": 0.03, "size_x": 0.5, "size_y": 0.5, "med_margin": 0.0015}}