{"source": [-66.05958237109617, -305.44093611868954], "intensity": 100, "miu_detector": 0.3, "miu_medium": 1.2, "miu_air": 0.00018, "output": [0.0, 0.0, 0.0, 0.0, 0.0, 0.0, 0.0, 0.0, 0.35597199530289214, 0.6440280046971079, 0.0, 0.0, 0.0, 0.0, 0.0, 0.0, 0.0, 0.0, 0.0, 0.0, 0.0, 0.0, 0.0, 0.0, 0.0, 0.0, 0.0, 0.0, 0.0, 0.0, 0.0, 0.0, 0.0, 0.0, 0.0, 0.0, 0.0, 0.0, 0.0, 0.0], "miu_de": 0.5, "input": [-1.0741556039491362, -1.0437558134460474, -1.030926845973551, -1.0153683801138527, -0.9996222324585214, -1.0073348157325754, -1.0137839903607782, -1.0172262601232525, -1.014335053340962, -0.8234014084410457, -1.0070620681702311, -0.9596632220571527, -0.9500778956267963, -0.942432630183652, -0.9307957554012368, -0.9228053264280982, -0.9147165424206135, -0.9117527311717852, -0.9608948495754328, -0.7503342544335535, -0.920165438920269, -0.8598588884520184, -0.8455215755183205, -0.8455496672338062, -0.8192965867647946, -0.8100013509306904, -0.8086412456797077, -0.8107147823477157, -0.8339410906965655, -0.7047037687792044, -0.8143698076166849, -0.7334562274931921, -0.6673701324873238, -0.6476309624359373, -0.6522550045800123, -0.6807779842925796, -0.6416020995593779, -0.6826195326638514, -0.6968545743380159, -0.6047775478475662, -0.6500119315774576, -0.5416643426502464, -0.5109390952264754, -0.454379922211504, -0.4494065204836883, -0.45160628896558447, -0.4583007265910352, -0.5133034598375718, -0.5197861721821717, -0.4777443500411294, -0.46385883259526617, -0.2681789730405691, -0.2182668008819915, -0.2222548279264236, -0.16232315275082917, -0.15456166774233035, -0.20560347445353935, -0.2564839910309002, -0.2626395506983241, -0.32594262461666246, -0.09356005182634006, 0.13151908250604558, 0.17989073095112956, 0.204029423657231, 0.22504252973598718, 0.25312853336695623, 0.2501449604981934, 0.17307042756010885, 0.18567191173452643, -0.05222579593529376, 0.3264268134904161, 0.6442582670945542, 0.7330362345135774, 0.7454518856733968, 0.7362071236301513, 0.7547728275857962, 0.7618467117435233, 0.6917467122102778, 0.5987950371809476, 0.3341075215797279, 0.9670882472417763, 1.321182137407391, 1.4017946610351053, 1.4575629857083239, 1.419989532101462, 1.4865030843744642, 1.4240819112790017, 1.4118078376726737, 1.3217815841114509, 1.0027984680653783, 1.7743014544987534, 2.1661913928888388, 2.203721236296683, 2.215697458851565, 2.1512811002154657, 2.1747666021622707, 2.1698660553020366, 2.1901453867557477, 2.107932328427071, 1.7859563022032403], "bean_num": 0.5, "model_info": {"det_num_x": 10, "det_num_y": 10, "det_y": 0.03, "det_x": 0.03, "size_x": 0.5, "size_y": 0.5, "med_margin": 0.0015}}