{"source": [-294.4479975542989, 123.47234223176419], "intensity": 100, "miu_detector": 0.3, "miu_medium": 1.2, "miu_air": 0.00018, "output": [0.0, 0.0, 0.0, 0.0, 0.0, 0.0, 0.0, 0.0, 0.0, 0.0, 0.0, 0.0, 0.0, 0.0, 0.0, 0.0, 0.0, 0.0, 0.0, 0.0, 0.0, 0.0, 0.0, 0.0, 0.0, 0.0, 0.0, 0.0, 0.0, 0.0, 0.0, 0.0, 0.0, 0.0, 0.0, 0.0, 0.0, 0.5277786888632027, 0.4722213111367974, 0.0], "miu_de": 0.5, "input": [-1.2196493827303783, -1.1905797696971834, -1.1987613496554885, -1.183125330677218, -1.1619771099888399, -1.121405564751273, -1.050685970020403, -0.7902748757919613, -0.24025049077772861, 0.8158932315051192, -1.189218163786011, -1.1201314450390207, -1.1320167713391909, -1.0890384565007782, -1.100749713161221, -1.0710468560101656, -0.9769102070595188, -0.7062335631221666, -0.08789828681187256, 1.0690554774647754, -1.1159096264402135, -1.043541500050408, -1.047758038587243, -1.032918456224989, -1.0486676023563057, -0.9825994669592294, -0.9556416239213489, -0.6629472405805279, -0.0752186804151819, 1.212006771214312, -0.9912181155925152, -0.9430140130871623, -0.8888830412016034, -0.9201352463652762, -0.8717739583212984, -0.8901359680993874, -0.8344429195210936, -0.6313571723602442, -0.055624287386887204, 1.1774855955827972, -0.8679399391049333, -0.7840548830740179, -0.7881270149859259, -0.717470829256554, -0.689516295563302, -0.7076818524628388, -0.6566752144940595, -0.4881359807915118, 0.03290571726813212, 1.1660676078678534, -0.6887254216308842, -0.546868716155094, -0.4589552358066413, -0.43125658506135006, -0.4489561673284866, -0.4118738753309544, -0.38911612482519414, -0.29749526845039526, 0.020042902868018648, 1.1029779041992014, -0.34687253265837753, -0.14552044745268333, -0.10767435213721564, -0.024837850983861303, -0.0886973630491909, -0.10440270398751084, -0.07640998018494481, -0.03741408577618787, 0.1729209600738668, 1.2451554233625655, 0.04651363633081548, 0.33324135693447987, 0.42252366383335116, 0.4455448392287792, 0.45223184341047457, 0.4747954558756112, 0.40518648514744554, 0.45459174301710054, 0.4520754672793208, 1.2390860382512665, 0.7443903944835846, 1.0169339853821826, 1.1526325874656094, 1.1734989894414212, 1.2303675296261343, 1.1936190761694168, 1.1538959382915017, 1.2296679692471097, 1.0585330843024112, 1.3064053965477027, 1.594519873738302, 1.9696656830486798, 1.9461482581905407, 1.9165558623993724, 2.011636897355855, 1.9918373583815403, 1.8958680870786841, 1.9106439463633345, 1.9251853520588753, 1.764110594655909], "bean_num": 0.5, "model_info": {"det_num_x": 10, "det_num_y": 10, "det_y": 0.03, "det_x": 0.03, "size_x": 0.5, "size_y": 0.5, "med_margin": 0.0015}}