{"source": [3.3030302887524394, 327.5825259411522], "intensity": 100, "miu_detector": 0.3, "miu_medium": 1.2, "miu_air": 0.00018, "output": [0.0, 0.0, 0.0, 0.0, 0.0, 0.0, 0.0, 0.0, 0.0, 0.0, 0.0, 0.0, 0.0, 0.0, 0.0, 0.0, 0.0, 0.0, 0.0, 0.0, 0.0, 0.0, 0.0, 0.0, 0.0, 0.0, 0.0, 0.0, 0.0, 0.06418850112148937, 0.9358114988785107, 0.0, 0.0, 0.0, 0.0, 0.0, 0.0, 0.0, 0.0, 0.0], "miu_de": 0.5, "input": [-1.2076772725118772, -1.1458947511088828, -1.0917424030853728, -0.9924574863473355, -0.8474472695155885, -0.6724137473345281, -0.31158010554532745, 0.14282315449055635, 0.7854140871841168, 1.574110171540861, -1.1814445840937144, -1.125953861044856, -1.033403625318251, -0.9283525635981774, -0.7300370944403687, -0.5387324912413278, -0.12871386587864514, 0.3794041785147039, 1.0982106668701264, 1.9045063214955444, -1.159467955662196, -1.131274137549911, -1.0159897126725015, -0.8886506515581939, -0.7256228285061467, -0.45138984254341946, -0.09630554050612981, 0.44974995253878347, 1.2163838538353957, 2.033220781757825, -1.1544619399727134, -1.0787923333864509, -1.0177516850891468, -0.8809313814341193, -0.7159080747306985, -0.4704433256020735, -0.05883450787191543, 0.4817504023858326, 1.2196456121244443, 2.052190016085702, -1.157021248426531, -1.0642134853140461, -0.9854869179130732, -0.8810361758301841, -0.6997433257093802, -0.41250124949638645, -0.030403107323549533, 0.509728088431002, 1.2213420317795516, 2.0021982988609666, -1.1248223257168788, -1.056301441640028, -1.0027951144907972, -0.8371425374939736, -0.6693453915967013, -0.44446925339833476, -0.07565601073615136, 0.5138115996627464, 1.2335082618271114, 1.9710746521793516, -1.0335976831458205, -0.980598370762509, -0.9177219418545515, -0.8127844314456159, -0.6811371337453366, -0.40739245138962155, -0.046438857525787566, 0.5010043892436903, 1.2757488360676768, 2.0172656423978492, -0.8430758086900997, -0.7191944529062575, -0.7254954790024577, -0.6973322498371108, -0.6035441791264989, -0.38348785619143466, -0.04763333574433389, 0.4725837875873417, 1.239550601212953, 1.985354352155083, -0.39181569750130474, -0.19801802628691362, -0.18765335496207047, -0.12418960627948858, -0.04765044902412799, -0.06091981917308884, 0.1457342012966062, 0.48660753041207616, 1.1818914215405607, 2.0043447520873707, 0.7037752454230946, 0.9425126802662729, 0.9868797136441404, 0.9842462510926413, 1.0643788468862465, 1.0733175224278668, 1.122922791783054, 1.1891040616069695, 1.3146361921235845, 1.6513628570106416], "bean_num": 0.5, "model_info": {"det_num_x": 10, "det_num_y": 10, "det_y": 0.03, "det_x": 0.03, "size_x": 0.5, "size_y": 0.5, "med_margin": 0.0015}}