{"source": [224.11244722385436, -256.04665454447115], "intensity": 100, "miu_detector": 0.3, "miu_medium": 1.2, "miu_air": 0.00018, "output": [0.0, 0.0, 0.0, 0.0, 0.0, 0.0, 0.0, 0.0, 0.0, 0.0, 0.0, 0.0, 0.0, 0.0, 0.42277762049972817, 0.5772223795002718, 0.0, 0.0, 0.0, 0.0, 0.0, 0.0, 0.0, 0.0, 0.0, 0.0, 0.0, 0.0, 0.0, 0.0, 0.0, 0.0, 0.0, 0.0, 0.0, 0.0, 0.0, 0.0, 0.0, 0.0], "miu_de": 0.5, "input": [0.9028384748686, -0.14958771689870276, -0.690718268890226, -0.9975604608913614, -1.0893565318329401, -1.1650654934030478, -1.194065783544174, -1.1969654246392702, -1.210461863711327, -1.2291284379488805, 1.1249319485710783, -0.038676340802449305, -0.5593189917367836, -0.9238010131483481, -1.0684052019213155, -1.0994206420690777, -1.0811219792185682, -1.1391053249022827, -1.1272436305759705, -1.1862547212745378, 1.2944820100703793, 0.0584596962183574, -0.550212331978643, -0.8607618874877192, -0.97002974131744, -1.0164001813827757, -1.0258066922109297, -1.0601196418093781, -1.052003278936763, -1.1089526497242688, 1.1774666745052969, 0.1268252523780905, -0.5275742100781534, -0.8052152827918382, -0.8716253875720055, -0.9077172888343585, -0.9217889078772249, -0.9504629341938076, -0.9782631470945665, -1.0431796761001761, 1.2886553142440702, 0.07373109000981554, -0.5452640623583405, -0.6536957848123585, -0.7158895469172626, -0.7317402165209701, -0.763844761487579, -0.7998221879642163, -0.7897588471385601, -0.874069768704353, 1.2711432683948243, 0.12540210134397056, -0.37222931497525613, -0.4480484454987695, -0.5304258149560499, -0.5163232082794021, -0.5069859330752299, -0.5214378691992615, -0.5655703703767453, -0.7053801412477271, 1.231934763515792, 0.1814076234907902, -0.08818090920428993, -0.06374924350130613, -0.15864118462273932, -0.14281731742481066, -0.18257213404775544, -0.15266015800387034, -0.17231329899513173, -0.3807204057723544, 1.3454465204627248, 0.4384630321639273, 0.4593413906093955, 0.5059165532748194, 0.3500521580424329, 0.33614165333150675, 0.363082730837054, 0.34846091210353414, 0.3574277804102152, 0.09763104054021646, 1.2558612582933886, 1.0332455469952402, 1.132220739778144, 1.0892057620341082, 1.1995719271408571, 1.1314971041202235, 1.204096793985893, 1.1126666351476373, 1.0422888732872015, 0.7408076331020347, 1.5695673637814052, 1.9262743355681997, 1.9315398472153782, 1.947758923195969, 2.0264714472593295, 1.9358079115155338, 1.9277338198223193, 1.9768671803551279, 1.8923264967532099, 1.643460403145548], "bean_num": 0.5, "model_info": {"det_num_x": 10, "det_num_y": 10, "det_y": 0.03, "det_x": 0.03, "size_x": 0.5, "size_y": 0.5, "med_margin": 0.0015}}