{"source": [-229.69557972553724, -260.1515752278378], "intensity": 100, "miu_detector": 0.3, "miu_medium": 1.2, "miu_air": 0.00018, "output": [0.0, 0.0, 0.0, 0.0, 0.0, 0.6046937732685694, 0.39530622673143057, 0.0, 0.0, 0.0, 0.0, 0.0, 0.0, 0.0, 0.0, 0.0, 0.0, 0.0, 0.0, 0.0, 0.0, 0.0, 0.0, 0.0, 0.0, 0.0, 0.0, 0.0, 0.0, 0.0, 0.0, 0.0, 0.0, 0.0, 0.0, 0.0, 0.0, 0.0, 0.0, 0.0], "miu_de": 0.5, "input": [1.728800458639261, 1.0132009841281606, 0.3347333704141727, -0.12010338681004486, -0.49684391437648606, -0.6668052151683993, -0.8510819267409809, -0.9468718812074655, -1.036161518520378, -1.1074670934983795, 2.0422926503241503, 1.3082954398952245, 0.6217947479258081, 0.09656147206330999, -0.30442735543163174, -0.5672997572726208, -0.7200125453872374, -0.8466017795828321, -0.9861207342085769, -1.0562632147290643, 2.1972117627418726, 1.3490043101669913, 0.7342864702563915, 0.11815775062185827, -0.21951884639842553, -0.5173329486032674, -0.7163272140515148, -0.8442370590938838, -0.9380775729897397, -1.047545258071869, 2.243365796130001, 1.4260860285653787, 0.8383647025860599, 0.20126503154350195, -0.21441299828490093, -0.4882027258579346, -0.6544210011372358, -0.8240546406314891, -0.9523627029102101, -1.0586196886673442, 2.0747731741964888, 1.4405440121124704, 0.8189403541378399, 0.30444128337905807, -0.16684059781551056, -0.5228687749596882, -0.6946435021448735, -0.8552826428668195, -0.9735198875671203, -1.0354504563927973, 2.182874903661366, 1.5266097360207924, 0.7417572118727587, 0.18118217727294458, -0.18314519568904408, -0.46573005959060865, -0.6725038048202069, -0.8427928861318793, -0.9592466142363385, -1.0215948020482015, 2.1351137447272848, 1.438384303133298, 0.7513872292977268, 0.17454796321468158, -0.1901065633950281, -0.5137116319909076, -0.6925043591220175, -0.8385711748619908, -0.932604334749844, -1.034457596487513, 2.174086506885361, 1.3574880780916252, 0.7922291151445482, 0.1992580604032274, -0.22148525657307644, -0.4924669595284901, -0.7217594196685461, -0.8225523056316155, -0.9207897857906352, -1.0408829399069675, 2.172733864855678, 1.3215305609259014, 0.6516125060047829, 0.07956714904416261, -0.22856771674738707, -0.5290660724428456, -0.7621527921555324, -0.8395775361844946, -0.9396337867529141, -1.0412906565543516, 1.8007661366585355, 0.9887899123474999, 0.39253877546725635, 0.09976641604202659, -0.14039603191433891, -0.39921012186246496, -0.46746673270541994, -0.5264539265533957, -0.5687624705095214, -0.6150817749151801], "bean_num": 0.5, "model_info": {"det_num_x": 10, "det_num_y": 10, "det_y": 0.03, "det_x": 0.03, "size_x": 0.5, "size_y": 0.5, "med_margin": 0.0015}}