{"source": [-347.42511067182716, 56.1295914191295], "intensity": 100, "miu_detector": 0.3, "miu_medium": 1.2, "miu_air": 0.00018, "output": [0.0, 0.0, 0.0, 0.0, 0.0, 0.0, 0.0, 0.0, 0.0, 0.0, 0.0, 0.0, 0.0, 0.0, 0.0, 0.0, 0.0, 0.0, 0.0, 0.0, 0.0, 0.0, 0.0, 0.0, 0.0, 0.0, 0.0, 0.0, 0.0, 0.0, 0.0, 0.0, 0.0, 0.0, 0.0, 0.0, 0.0, 0.0, 0.019704467439663118, 0.9802955325603369], "miu_de": 0.5, "input": [-1.270595927456338, -1.247222627671728, -1.2186377452754211, -1.1564306808586597, -1.061657065229324, -0.9000277841742622, -0.568791891244429, -0.21182034321929166, 0.3573459404619536, 1.308905645101735, -1.251007763138315, -1.211913577058454, -1.1726949497597976, -1.1221887803988877, -0.990556439640211, -0.7960943352386248, -0.5448532853997351, -0.07924233473168446, 0.6403094611120351, 1.7192937941693907, -1.2029600984527842, -1.1770176074244931, -1.1343040545471492, -1.0717091661267169, -0.9381161038030625, -0.8059727505665155, -0.4687043868005624, 0.01449901511724873, 0.6872583038608144, 1.674624164254655, -1.1397464563254862, -1.1185271537157504, -1.1189605767492177, -1.0370327930331016, -0.8837620363279579, -0.7728864051155593, -0.40970991685372377, -0.012501235413496967, 0.7454790426690802, 1.7114038422937639, -1.074252398400935, -1.0107791327875384, -0.9686458368540183, -0.9309361131204545, -0.82943175598386, -0.7164520270946535, -0.40225660356938786, 0.06262641116576034, 0.737989094554397, 1.6993066700426942, -0.9017907196946295, -0.8497034778925973, -0.8413671863837672, -0.7619153386634462, -0.7422852491241316, -0.6812145945844288, -0.38654547345480667, 0.017786852296844787, 0.7420849962915842, 1.7207724846777612, -0.6286910214276358, -0.592025214355137, -0.4956436351355666, -0.501890813617026, -0.4885460219823096, -0.46307862706111647, -0.2706829785539524, 0.12727457493457658, 0.7484875403437146, 1.8754039042714752, -0.23658645819995952, -0.060483593439409365, 0.006177207948361344, -0.047577745674494826, -0.023704838854399113, -0.045654982032436446, 0.033637177000273376, 0.14143361163077856, 0.6324294659614127, 1.7101665896275668, 0.38426718145161276, 0.7175322060411344, 0.5962602635930602, 0.671886078498109, 0.637072158649636, 0.7807436692110378, 0.7932142817162857, 0.732896544639517, 0.8746415383756313, 1.6450617256551399, 1.3441507306394822, 1.6126765222369368, 1.677110946007973, 1.5234225347754626, 1.7120052739846316, 1.6794127197408804, 1.5535009095700554, 1.6542761781809185, 1.6703920103813041, 1.6725688465561714], "bean_num": 0.5, "model_info": {"det_num_x": 10, "det_num_y": 10, "det_y": 0.03, "det_x": 0.03, "size_x": 0.5, "size_y": 0.5, "med_margin": 0.0015}}