{"source": [-159.95951278131258, 326.83720640642025], "intensity": 100, "miu_detector": 0.3, "miu_medium": 1.2, "miu_air": 0.00018, "output": [0.0, 0.0, 0.0, 0.0, 0.0, 0.0, 0.0, 0.0, 0.0, 0.0, 0.0, 0.0, 0.0, 0.0, 0.0, 0.0, 0.0, 0.0, 0.0, 0.0, 0.0, 0.0, 0.0, 0.0, 0.0, 0.0, 0.0, 0.0, 0.0, 0.0, 0.0, 0.0, 0.10245696044140051, 0.8975430395585995, 0.0, 0.0, 0.0, 0.0, 0.0, 0.0], "miu_de": 0.5, "input": [0.5125952884570035, 0.7367001021655751, 0.7959760616434347, 0.8135077091109508, 0.9081477214142698, 0.9038670174826258, 0.9873679848752406, 1.068206388128984, 1.290820768706853, 1.7215886312720543, -0.5510489556848758, -0.40460076352287805, -0.3471497017822148, -0.28642470240854023, -0.216999880729892, -0.13168979936033387, 0.0582598758200825, 0.4914344558178777, 1.249979068055384, 1.9942171379717217, -0.9218916882235645, -0.8339943365173721, -0.7637028263621901, -0.730873379383147, -0.5850718981332075, -0.35998251043634866, -0.009718493977965186, 0.5095538903818811, 1.2478003652496648, 2.0887641316213745, -1.071591236579687, -1.0065723785380858, -0.9097318597871946, -0.7845838188921269, -0.624458502130258, -0.34920879808660477, 0.00024224939880579318, 0.5418684419752811, 1.273338678778133, 2.1069609156117233, -1.1191134563176066, -1.0299911018192507, -0.963834417933408, -0.8061222496441512, -0.6389718052033442, -0.37914182659937706, 0.013045871924092551, 0.5210027374193625, 1.2722506196271408, 2.058865991388333, -1.1348373512200682, -1.059056164538946, -0.9789513816021027, -0.8424046571059342, -0.6608245699863332, -0.3750255868737038, -0.009478150744026498, 0.5295837775469612, 1.2484830320053366, 2.0514379852111344, -1.1426009672727917, -1.0711544176621688, -0.976971442345136, -0.8571852316628134, -0.6945897040577985, -0.4132842741073771, -0.038576992700626395, 0.5062165630526628, 1.2771425357102337, 2.071084474759032, -1.1545049731148935, -1.0752673671977848, -1.0029723718761585, -0.8864720900077205, -0.6759398609398295, -0.42772309895134175, -0.03626224796864554, 0.47858229637880484, 1.2611696803074113, 1.9943105216532675, -1.154045645648684, -1.0991372892169626, -1.0170069255343277, -0.9073145864209663, -0.7237379845898996, -0.4703464444912163, -0.12781402203874517, 0.4374815678853923, 1.1770987605876377, 1.9983586215713462, -1.179729739902163, -1.1274593394080221, -1.056713750054125, -0.9777707254423121, -0.8289600909666215, -0.6036350150260379, -0.30579344269797537, 0.16962070944224103, 0.8633346340765415, 1.6897510269420413], "bean_num": 0.5, "model_info": {"det_num_x": 10, "det_num_y": 10, "det_y": 0.03, "det_x": 0.03, "size_x": 0.5, "size_y": 0.5, "med_margin": 0.0015}}