{"source": [93.97714679623625, 355.1164815534494], "intensity": 100, "miu_detector": 0.3, "miu_medium": 1.2, "miu_air": 0.00018, "output": [0.0, 0.0, 0.0, 0.0, 0.0, 0.0, 0.0, 0.0, 0.0, 0.0, 0.0, 0.0, 0.0, 0.0, 0.0, 0.0, 0.0, 0.0, 0.0, 0.0, 0.0, 0.0, 0.0, 0.0, 0.0, 0.0, 0.0, 0.0, 0.6469799763833609, 0.35302002361663914, 0.0, 0.0, 0.0, 0.0, 0.0, 0.0, 0.0, 0.0, 0.0, 0.0], "miu_de": 0.5, "input": [-1.1894094745688126, -1.1256857332046195, -1.0802869709169038, -0.9808015674688764, -0.8097067724092918, -0.5685711147641865, -0.24034911905074194, 0.13774830699048565, 0.8861813073367205, 1.5867929648041992, -1.1750323515090748, -1.0907440122290826, -1.002500644800181, -0.9117122285385606, -0.743215821386386, -0.45349401290007973, -0.04809731526650546, 0.47248540359981134, 1.2909614605998674, 1.9460671864203536, -1.1617649774291416, -1.088969385523308, -0.9833079544958366, -0.8579318504591181, -0.6571594458107572, -0.3786408588765761, 0.03064984792628058, 0.6703442813666477, 1.30214118712659, 2.1252314221075843, -1.1257237655318768, -1.07423726971355, -0.9692684161080027, -0.8316485788797391, -0.6698145480062762, -0.38347264757259425, 0.06640621206549634, 0.6154425713603959, 1.3025530728646821, 2.0906683234029177, -1.1506481082174618, -1.0726124251014073, -0.9779431054628117, -0.8376325671726826, -0.6377361931977847, -0.4057030140713258, 0.07023277734835144, 0.5696347466826203, 1.2470361823994314, 2.0393166886832255, -1.122149418328359, -1.0644352188166157, -0.9848879040363637, -0.8253726927868157, -0.6578210285694016, -0.38760897648892206, -0.048004868244812614, 0.5190121867772797, 1.3234629710422419, 2.034953437048014, -1.0714598658331236, -1.0065445960234907, -0.9572213900812854, -0.786605951717061, -0.6444027017550767, -0.3573583872393787, 0.016420123410752538, 0.5958139848335148, 1.3133722487326849, 2.0358732447159915, -0.9536196263110019, -0.8632655355488086, -0.8407200614072949, -0.7521072654430142, -0.5461226165634959, -0.36500747040255194, -0.008745132995426046, 0.5637980323816761, 1.3603118909577685, 1.956862287789684, -0.5596650895377285, -0.39987424413413286, -0.3656218229383501, -0.33221347715570704, -0.30285409955148895, -0.22525048215002888, -0.026287363577058763, 0.46561651031411305, 1.1410890905103346, 1.9943111006291228, 0.5688681251437289, 0.7732715624697398, 0.8075910348076005, 0.7537878642394245, 0.7897945560157115, 0.9087579952656503, 0.9280868073365702, 0.9296766374605688, 1.1804538335718546, 1.7279700697406335], "bean_num": 0.5, "model_info": {"det_num_x": 10, "det_num_y": 10, "det_y": 0.03, "det_x": 0.03, "size_x": 0.5, "size_y": 0.5, "med_margin": 0.0015}}