{"source": [287.46439335202314, 238.74891986689119], "intensity": 100, "miu_detector": 0.3, "miu_medium": 1.2, "miu_air": 0.00018, "output": [0.0, 0.0, 0.0, 0.0, 0.0, 0.0, 0.0, 0.0, 0.0, 0.0, 0.0, 0.0, 0.0, 0.0, 0.0, 0.0, 0.0, 0.0, 0.0, 0.0, 0.0, 0.0, 0.0, 0.0, 0.5876910607379338, 0.41230893926206624, 0.0, 0.0, 0.0, 0.0, 0.0, 0.0, 0.0, 0.0, 0.0, 0.0, 0.0, 0.0, 0.0, 0.0], "miu_de": 0.5, "input": [0.041993027929968646, 0.24365475221153557, 0.22901282892589497, 0.29587670836714164, 0.3026607857758307, 0.389658961771166, 0.47830424704915026, 0.7010892464865289, 1.175303341230413, 1.614256006343045, -0.9077256789903002, -0.8163234179661274, -0.772802203078881, -0.676214416697741, -0.5520538431550045, -0.3025273225732476, 0.09701159242368995, 0.5046890033818391, 1.2019460796936863, 1.9981171631179924, -1.0459997766630904, -0.9244665574933539, -0.8674983782974144, -0.7704488838625184, -0.5632683478691033, -0.3131523524338968, 0.11893770649589581, 0.645507910706448, 1.4046068584017508, 2.085197850119016, -1.0796904910768037, -0.9874603084572378, -0.8985969819186622, -0.7326603504669554, -0.5826791386097596, -0.31110192209282383, 0.07584981039003362, 0.6662780420168916, 1.4455725125737844, 2.1939872847924407, -1.1039894018920025, -1.0276411436943416, -0.9285513717313667, -0.7557376876640336, -0.6037693545393201, -0.2960227832441232, 0.19630987134046216, 0.6402790359930701, 1.42888054801673, 2.212380645942241, -1.1010639145883914, -1.0318434472351585, -0.9308901388704085, -0.7630025510259587, -0.5874930775628033, -0.23580760439045076, 0.2384206458849887, 0.6861632287121548, 1.3809516388905674, 2.127195922714244, -1.0960143324419378, -1.00494405874146, -0.9263916665829066, -0.7602694175974356, -0.6009921886059596, -0.26433298069930644, 0.16504831988370855, 0.6884937092566183, 1.493394336858446, 2.105580718087162, -1.1136250992491161, -1.0243522806930012, -0.9433413797960356, -0.7997468327236344, -0.581491934732498, -0.2530085048290444, 0.07092889071142999, 0.7338594421597802, 1.4117403385012754, 2.0504241166176964, -1.1322466964075966, -1.0668707641043769, -0.9472379694926661, -0.8021562180575209, -0.6248154986594793, -0.33386771739451093, 0.012653585054273397, 0.6383133926133544, 1.3804549588712662, 2.0172404272865614, -1.1333256216481529, -1.0765436369368326, -1.0223157460683103, -0.925081746215709, -0.7601568048421488, -0.5127297643178301, -0.18951873640568379, 0.24444644686632402, 0.88054360659955, 1.652644898318381], "bean_num": 0.5, "model_info": {"det_num_x": 10, "det_num_y": 10, "det_y": 0.03, "det_x": 0.03, "size_x": 0.5, "size_y": 0.5, "med_margin": 0.0015}}