{"source": [44.38555984819575, -409.4186602327056], "intensity": 100, "miu_detector": 0.3, "miu_medium": 1.2, "miu_air": 0.00018, "output": [0.0, 0.0, 0.0, 0.0, 0.0, 0.0, 0.0, 0.0, 0.0, 0.0, 0.31251792835620856, 0.6874820716437914, 0.0, 0.0, 0.0, 0.0, 0.0, 0.0, 0.0, 0.0, 0.0, 0.0, 0.0, 0.0, 0.0, 0.0, 0.0, 0.0, 0.0, 0.0, 0.0, 0.0, 0.0, 0.0, 0.0, 0.0, 0.0, 0.0, 0.0, 0.0], "miu_de": 0.5, "input": [1.7414176093322162, 0.8746957752205405, 0.29690348189021787, -0.13176673176743842, -0.5076879062243626, -0.6712858006440544, -0.8487105119915741, -0.9575657154044985, -1.0302902218925556, -1.0949824651891944, 2.1602166076435765, 1.3374838704978507, 0.6626815787596395, 0.11519093343769776, -0.3043919744386174, -0.5716058517746606, -0.7684936408340842, -0.9060568166009749, -0.9948604597464241, -1.085348247183036, 2.1317404833641547, 1.3345664245444633, 0.6596400128721562, 0.18330330004185025, -0.2385129912781652, -0.5353302319560724, -0.7178355524406193, -0.8750659644777464, -0.9712342232029746, -1.0763316921120614, 2.2507650586504226, 1.4663317952064288, 0.766990877702306, 0.19268331428300672, -0.20413510450677244, -0.4769554331293239, -0.6980728718494945, -0.861167469047963, -0.9694084386140677, -1.0604117912899358, 2.220809209690505, 1.4493560817109366, 0.7205402430490179, 0.19622475651897264, -0.16922063032746448, -0.4774215716996442, -0.6844192058491939, -0.8249427147487365, -0.9857806630532883, -1.0514487085168516, 2.1931921713822042, 1.508747385364395, 0.7096274447713996, 0.1729070768748588, -0.23143463070540565, -0.5021458204367442, -0.7382984606896953, -0.8700627074270553, -0.9216074385858932, -1.052613445473625, 2.0675239744463187, 1.4347175812974098, 0.8131344715517262, 0.19082230113188156, -0.22550310021356598, -0.4782025354823228, -0.7241476950967114, -0.8648477831025099, -0.9568878332133623, -1.0321541992690761, 2.124647136598452, 1.4271419099586966, 0.6903392688572804, 0.1905364964656637, -0.22372725007940286, -0.5234531750846366, -0.6963766307274, -0.8435153445337422, -0.9629186337684211, -1.0534903999140408, 2.1285650219031136, 1.3170278131668771, 0.5695418989188854, 0.1034411297206088, -0.2714150604336776, -0.5515576223122378, -0.7088574158697161, -0.8413184809950598, -0.9378986962027276, -1.0090436936921576, 1.7481280294172619, 1.0446642900654226, 0.5036445668594828, 0.14921249393685124, -0.0476839324955053, -0.243901515562617, -0.3075769967544196, -0.36862567670558, -0.42273253090929613, -0.4863635695762938], "bean_num": 0.5, "model_info": {"det_num_x": 10, "det_num_y": 10, "det_y": 0.03, "det_x": 0.03, "size_x": 0.5, "size_y": 0.5, "med_margin": 0.0015}}