{"source": [-47.04577672522329, -408.56817943963017], "intensity": 100, "miu_detector": 0.3, "miu_medium": 1.2, "miu_air": 0.00018, "output": [0.0, 0.0, 0.0, 0.0, 0.0, 0.0, 0.0, 0.0, 0.0, 0.7298401027879016, 0.2701598972120985, 0.0, 0.0, 0.0, 0.0, 0.0, 0.0, 0.0, 0.0, 0.0, 0.0, 0.0, 0.0, 0.0, 0.0, 0.0, 0.0, 0.0, 0.0, 0.0, 0.0, 0.0, 0.0, 0.0, 0.0, 0.0, 0.0, 0.0, 0.0, 0.0], "miu_de": 0.5, "input": [1.6720706536298322, 1.2410257566025793, 1.0912210708120014, 1.050102982352157, 0.9272012610462971, 0.9330307390144733, 0.8965996430556228, 0.8968790045091716, 0.8554448611879149, 0.6508515816548293, 1.937610598428031, 1.167111665763762, 0.4606423837908314, 0.08990410813835002, -0.09974894019245044, -0.20254048397047472, -0.2504922086181815, -0.29079686103386604, -0.3388079291866443, -0.4973555054161132, 2.0247252344409685, 1.2601555083861176, 0.5372867418168531, 0.0007145815808019314, -0.3712714719021581, -0.6089869090297483, -0.7285982990365438, -0.7833663803635337, -0.8319464633873132, -0.9161138394826178, 2.0355438470742637, 1.2668970159598347, 0.526083102415424, -0.03194877934952479, -0.39219255909195894, -0.655773432893445, -0.8064071686567, -0.911165367713514, -1.0061746773216527, -1.0740559249573656, 2.0663616557398847, 1.2760456819412365, 0.5219451165744556, -0.024188845020935972, -0.40880937928004, -0.6220668553275629, -0.8341901756801225, -0.9590120468688907, -1.040155268392568, -1.1288189814978684, 2.082164420881178, 1.3336105439308106, 0.49075659178724185, -0.02090016028057683, -0.3750877832346725, -0.6515648183049699, -0.843515131599002, -0.9957864768282904, -1.054959126836704, -1.1356979072126878, 2.0714597378521318, 1.2964717248518631, 0.509926388651291, 0.004535549306879305, -0.43468973860905963, -0.7060638273449679, -0.8569885959484842, -0.966177702887283, -1.0902307419815773, -1.1463987279246188, 1.9902327259421524, 1.229679150658027, 0.4903162763483893, -0.06827576369915675, -0.4043765384729517, -0.6916021708249193, -0.8893722759424099, -0.9989828510591104, -1.0727154779068477, -1.1624445763123201, 2.003986133034251, 1.1671544816455548, 0.4081885247507757, -0.13088022617002637, -0.48013563872484283, -0.7087696970524606, -0.8861641203615587, -1.021005611441728, -1.095863226418234, -1.1730613892116435, 1.6274396189995075, 0.8262326301664715, 0.13728438452312502, -0.32701603245771715, -0.6181725875811204, -0.8361352997844771, -0.9778265736921706, -1.0751297116228806, -1.15154776880452, -1.1923706490395627], "bean_num": 0.5, "model_info": {"det_num_x": 10, "det_num_y": 10, "det_y": 0.03, "det_x": 0.03, "size_x": 0.5, "size_y": 0.5, "med_margin": 0.0015}}