{"source": [198.37125379444262, -363.5611290776961], "intensity": 100, "miu_detector": 0.3, "miu_medium": 1.2, "miu_air": 0.00018, "output": [0.0, 0.0, 0.0, 0.0, 0.0, 0.0, 0.0, 0.0, 0.0, 0.0, 0.0, 0.0, 0.0, 0.8201804221786302, 0.17981957782136976, 0.0, 0.0, 0.0, 0.0, 0.0, 0.0, 0.0, 0.0, 0.0, 0.0, 0.0, 0.0, 0.0, 0.0, 0.0, 0.0, 0.0, 0.0, 0.0, 0.0, 0.0, 0.0, 0.0, 0.0, 0.0], "miu_de": 0.5, "input": [1.5227451932905522, 0.5704845360793814, -0.07493693606546416, -0.5126694067009367, -0.7743866512061444, -0.9408277395193922, -1.0523712912038647, -1.151280977511445, -1.195206836644936, -1.237808182216308, 1.7506160256975947, 0.8818212388278593, 0.1364839313114563, -0.3485721479728977, -0.6567014808056786, -0.8706678847897199, -1.0096793916839688, -1.110070951211892, -1.1710037480031066, -1.2182856841100522, 1.850900219458166, 0.965066780437185, 0.22842262559958812, -0.27375857451488417, -0.6025915993439064, -0.8389493762032536, -0.9854674977125061, -1.095092202360103, -1.1545306281603807, -1.2141384756206217, 1.8635152396292236, 1.045779408348273, 0.2274135615631952, -0.255609991841588, -0.5859094251463864, -0.799058964889925, -0.9809651223016366, -1.0630789865994144, -1.1257084004387132, -1.1909973165423269, 1.866626972827214, 1.063746712166981, 0.2413324325329151, -0.2558934949642857, -0.5658464037815409, -0.7881412733962181, -0.9286131089160418, -1.0371162200774708, -1.0754689625356482, -1.1392742050987952, 1.9613218239231893, 1.0420277673294494, 0.302068694522856, -0.24214852741906537, -0.5556046233452723, -0.7771856864624814, -0.8767901356562431, -0.9464930689135577, -0.9906780335155466, -1.0371840997243336, 1.919543876877511, 1.040630594166082, 0.32339062618579906, -0.21286867949494118, -0.5383312907844856, -0.649729320676807, -0.7171895116046382, -0.7460483689445586, -0.7966567204431454, -0.8903985920537101, 1.874608939685652, 1.0297390691263557, 0.3345573454422306, -0.06930969566751427, -0.24959612570287087, -0.29668841401309104, -0.3338268273644875, -0.3752067829313696, -0.4013786368169344, -0.5731721226851736, 1.843407121783862, 0.9939671055521144, 0.5491805289656404, 0.46820785437995077, 0.36683243443578145, 0.3648498250937987, 0.2845245858698476, 0.3033212725348724, 0.2531889181514479, 0.009152854644570182, 1.714731436247287, 1.4988341654260378, 1.5052711220605486, 1.3968140282452806, 1.391540404055568, 1.403707247261881, 1.3600151451158204, 1.3808137888019174, 1.3454225156788147, 1.080538834977924], "bean_num": 0.5, "model_info": {"det_num_x": 10, "det_num_y": 10, "det_y": 0.03, "det_x": 0.03, "size_x": 0.5, "size_y": 0.5, "med_margin": 0.0015}}