{"source": [20.450947595048856, -429.945493427066], "intensity": 100, "miu_detector": 0.3, "miu_medium": 1.2, "miu_air": 0.00018, "output": [0.0, 0.0, 0.0, 0.0, 0.0, 0.0, 0.0, 0.0, 0.0, 0.0, 0.6974111371269976, 0.30258886287300235, 0.0, 0.0, 0.0, 0.0, 0.0, 0.0, 0.0, 0.0, 0.0, 0.0, 0.0, 0.0, 0.0, 0.0, 0.0, 0.0, 0.0, 0.0, 0.0, 0.0, 0.0, 0.0, 0.0, 0.0, 0.0, 0.0, 0.0, 0.0], "miu_de": 0.5, "input": [1.8625749156123423, 1.0293450128817212, 0.3371406339563742, -0.1419780040623611, -0.40533295274865316, -0.6067077232792174, -0.7920544089941124, -0.8535266064708618, -0.9654847232934219, -0.9734408438723403, 2.164960233868366, 1.3274252133981856, 0.6238252818386266, 0.07298485541436722, -0.2717938004427187, -0.5170734736556669, -0.6780876873561181, -0.8151730441443155, -0.9410450167850068, -0.973861514375017, 2.233466870148766, 1.3459514539681887, 0.6622054100296751, 0.12810707888632847, -0.178765585461186, -0.48815393713403704, -0.6450197148967051, -0.777016385511796, -0.9224184198887118, -0.9937778174833947, 2.146981523212568, 1.4720777987060523, 0.659007273294806, 0.2583835452986808, -0.131000342772232, -0.4858629973216596, -0.7211281506743129, -0.8141562027528136, -0.9024891003940454, -0.975366457371864, 2.219388134471499, 1.4587186583543916, 0.7619043145135467, 0.25654945871289714, -0.0997885690060857, -0.4102180810517651, -0.6140932747701444, -0.8347104910546984, -0.8928561867952896, -0.9806744822372792, 2.139654039244943, 1.465056728859058, 0.8141331996736878, 0.12085826380304075, -0.09704097976686343, -0.38399968958731484, -0.6170680498596743, -0.7908940042744013, -0.891389565300432, -0.9901501090793162, 2.2302948211212583, 1.3852361903723576, 0.7113451288776724, 0.2704926061915865, -0.19030275262625423, -0.42591811786519285, -0.6537605897353999, -0.7665767376843573, -0.9077146188262666, -1.0216030254810708, 2.192769933160161, 1.3998516075750913, 0.7127084618927267, 0.1342842173547048, -0.21673243568650652, -0.45195270560619016, -0.6713920823691073, -0.8286062939758913, -0.9100853506821994, -0.9769717479505361, 2.1399329650313206, 1.3621456599993298, 0.5754746245918814, 0.08053026071269374, -0.32328218571461004, -0.5134651523556865, -0.6855762442288909, -0.8455638075792431, -0.9142286631385143, -0.9928701328743131, 1.8288137251979026, 0.905314473857342, 0.3005228241676656, -0.1903770416390904, -0.37448818099611997, -0.6409973383164755, -0.7835574500309532, -0.9039320615145917, -0.9951615046386778, -1.0317027828098344], "bean_num": 0.5, "model_info": {"det_num_x": 10, "det_num_y": 10, "det_y": 0.03, "det_x": 0.03, "size_x": 0.5, "size_y": 0.5, "med_margin": 0.0015}}