{"source": [343.56306724997023, -259.0500256814663], "intensity": 100, "miu_detector": 0.3, "miu_medium": 1.2, "miu_air": 0.00018, "output": [0.0, 0.0, 0.0, 0.0, 0.0, 0.0, 0.0, 0.0, 0.0, 0.0, 0.0, 0.0, 0.0, 0.0, 0.0, 0.11296252195428297, 0.8870374780457171, 0.0, 0.0, 0.0, 0.0, 0.0, 0.0, 0.0, 0.0, 0.0, 0.0, 0.0, 0.0, 0.0, 0.0, 0.0, 0.0, 0.0, 0.0, 0.0, 0.0, 0.0, 0.0, 0.0], "miu_de": 0.5, "input": [-1.2846301361609753, -1.238759337752351, -1.1984779517969049, -1.1592556700518322, -1.0600015638769062, -0.8559409853943439, -0.6323588674523729, -0.2947433362259739, 0.39549277444605174, 1.3192716893281946, -1.241590887001389, -1.207582749533853, -1.1656527877720262, -1.1104984994962064, -0.9513616754874008, -0.8295667857638774, -0.5175979276617085, -0.03563819437363504, 0.6764355918971336, 1.6207541596598485, -1.2205145647817155, -1.1604335719764864, -1.1652984955011512, -1.100629666202059, -0.9729699710679856, -0.7613283207653901, -0.43512734920047963, 0.014606419040616802, 0.7356396444862666, 1.5999118880069934, -1.1364331609567906, -1.1045761993787755, -1.070919397268611, -1.0619004216955368, -0.9277860761071108, -0.7731125428320811, -0.47311482628561957, 0.05741940384468239, 0.8397532424107191, 1.6588843048995694, -1.059379055312654, -0.9798894519258907, -0.944961417906084, -0.9014344534547148, -0.870307821365655, -0.7568737808193451, -0.4705537268115974, 0.04626336145844206, 0.7974322682935954, 1.6457938001513226, -0.9030194556471111, -0.8071714458030791, -0.8090485330447338, -0.7939455813172978, -0.6963276712784898, -0.6434927698682538, -0.44724585086203117, 0.009103198976596987, 0.7506494009821763, 1.7174805092280392, -0.6702127599635478, -0.5504477041691154, -0.5293790477942301, -0.47055941368726933, -0.4731427109242471, -0.40155044090766356, -0.34213198244759796, 0.020884715126974474, 0.727524229634287, 1.773283587398618, -0.24999137389037132, -0.18317799970937063, -0.07281797547608769, 0.021521888935820785, -0.0270495050079127, -0.013826125760666032, 0.007361993907973856, 0.15869248899586028, 0.7832911123635862, 1.7258023617054505, 0.3130458663020506, 0.6002819323438917, 0.7092237624947964, 0.6500471300312253, 0.7484851869369057, 0.7654047415652308, 0.7709752682262666, 0.666496085103852, 0.9386388119273731, 1.6741109691607912, 1.3264262158045603, 1.5866422198512506, 1.660156629909528, 1.5872539068456395, 1.6867540362483056, 1.823763058968851, 1.7604825363034855, 1.6354617318798321, 1.6612523965549344, 1.5475834533389952], "bean_num": 0.5, "model_info": {"det_num_x": 10, "det_num_y": 10, "det_y": 0.03, "det_x": 0.03, "size_x": 0.5, "size_y": 0.5, "med_margin": 0.0015}}