{"source": [-239.69457135365215, -365.3778864461534], "intensity": 100, "miu_detector": 0.3, "miu_medium": 1.2, "miu_air": 0.00018, "output": [0.0, 0.0, 0.0, 0.0, 0.0, 0.0, 0.6961785387930062, 0.3038214612069938, 0.0, 0.0, 0.0, 0.0, 0.0, 0.0, 0.0, 0.0, 0.0, 0.0, 0.0, 0.0, 0.0, 0.0, 0.0, 0.0, 0.0, 0.0, 0.0, 0.0, 0.0, 0.0, 0.0, 0.0, 0.0, 0.0, 0.0, 0.0, 0.0, 0.0, 0.0, 0.0], "miu_de": 0.5, "input": [1.622709267238274, 1.3779834388995882, 1.4790432307706594, 1.4149078250018439, 1.4902422172251084, 1.3821330779670686, 1.4592139878299464, 1.3697087588398107, 1.2865309432562402, 1.0525679545507654, 1.8145084947177827, 0.9957688792328108, 0.5828792774886765, 0.4117295359662137, 0.39894153353723144, 0.3129846867351718, 0.3307024997789536, 0.2877421207965936, 0.22197784240044793, 0.026446012560415733, 1.858627726834155, 1.0529384805341655, 0.3474843047113641, -0.0964837374623052, -0.3250233283274785, -0.28170062243812316, -0.3375556050989489, -0.34005701988943077, -0.4654270323467588, -0.5798705118624287, 1.8301503910612915, 1.0419242892541305, 0.32750612656955785, -0.20579130075108532, -0.47402688345724103, -0.6530048182522257, -0.7180291522797009, -0.7357063876165016, -0.7868870249136634, -0.9156015079652672, 1.8026477491214075, 1.036911000074467, 0.29522022237511614, -0.20206995950229897, -0.5355607345752752, -0.7503750117758085, -0.8942036822248236, -0.945588317302771, -0.9739268438005712, -1.0654398036062291, 1.9176399972377167, 1.106778060728723, 0.2642487106616243, -0.21729028644337575, -0.5923618022833483, -0.8113686132676565, -0.9679040860380601, -1.0513723921538178, -1.106052234076853, -1.1285381178959049, 1.9040407011002647, 1.0682297053935144, 0.27883843493206717, -0.27233712330388, -0.5936269703348802, -0.7914057646346119, -0.9815959587563432, -1.084923758599958, -1.1191662928243076, -1.1814694563765886, 1.7571774261128759, 1.0153285206141849, 0.21953733446832244, -0.263863184637579, -0.6264262365223284, -0.8508881002389819, -0.9932402166412828, -1.0783556152434692, -1.1501468018579373, -1.2145039534617992, 1.9246934101759756, 0.9443576880751985, 0.16155345789626088, -0.288079081680704, -0.6629878175825341, -0.890798814050084, -1.0386561640696692, -1.106908670477271, -1.1729320957371951, -1.2307625135698255, 1.4978918914742954, 0.6795541199933642, -0.03729595526956271, -0.45568238719297716, -0.7887897358881606, -0.9465485182700617, -1.0732349514212596, -1.1557230407299746, -1.2023666987550843, -1.2420686384573671], "bean_num": 0.5, "model_info": {"det_num_x": 10, "det_num_y": 10, "det_y": 0.03, "det_x": 0.03, "size_x": 0.5, "size_y": 0.5, "med_margin": 0.0015}}