{"source": [-284.44671004905456, -334.2149039359696], "intensity": 100, "miu_detector": 0.3, "miu_medium": 1.2, "miu_air": 0.00018, "output": [0.0, 0.0, 0.0, 0.0, 0.0, 0.4889720894634011, 0.5110279105365989, 0.0, 0.0, 0.0, 0.0, 0.0, 0.0, 0.0, 0.0, 0.0, 0.0, 0.0, 0.0, 0.0, 0.0, 0.0, 0.0, 0.0, 0.0, 0.0, 0.0, 0.0, 0.0, 0.0, 0.0, 0.0, 0.0, 0.0, 0.0, 0.0, 0.0, 0.0, 0.0, 0.0], "miu_de": 0.5, "input": [1.7198141125622983, 1.976136033105265, 2.1221739094293635, 2.181622420759762, 2.2122111287695807, 2.216649745372524, 2.153161768335719, 2.1101717820650094, 2.081129446954153, 1.6661590683913656, 1.0941992046509752, 1.2466503533337725, 1.3423179927092326, 1.4878190422049613, 1.4449048177631265, 1.4735545268046935, 1.4827545945741483, 1.5115922181586423, 1.3799625500577513, 0.983580761344633, 0.5055467070120604, 0.6255400929297049, 0.6071030796367342, 0.7231588260013955, 0.6875738173408369, 0.7647608209763587, 0.811412306193251, 0.673728302033779, 0.6121624596235465, 0.2840808119451487, 0.18877427282606388, 0.10701565721711613, 0.17110090681781584, 0.1617082558647885, 0.19959041614488646, 0.2570806315737392, 0.19306965930837755, 0.19900202280630117, 0.013919287076234542, -0.1814195105997703, 0.031548222196394346, -0.3043432267952928, -0.27482262179771266, -0.22397589880538535, -0.14022731359925944, -0.20248631794427924, -0.24246153925006697, -0.21292157779287968, -0.2713925227359805, -0.47860535713023084, -0.09461944107234556, -0.5191637358913861, -0.5756458253123848, -0.48613870266958276, -0.5269061873041093, -0.5464913998245438, -0.5261169173314931, -0.5186130211104105, -0.6073913940112134, -0.7411007206437045, -0.14118392089337417, -0.7150106152525719, -0.7320085123327028, -0.711958039020449, -0.6966069056767062, -0.7583277210723124, -0.7352757910506791, -0.731061325588618, -0.7938185239404013, -0.8434113647135469, -0.1435480273894115, -0.8413348122302763, -0.8661169605736622, -0.868337915151338, -0.9025120201995858, -0.8771040605995185, -0.9144304468773838, -0.9027067076905314, -0.8852071378421643, -0.9865199394068318, -0.219624293022171, -0.9170552362867685, -0.9713847277350838, -0.9829587890998803, -0.9897573698560077, -0.9769469044631375, -0.9794580690982183, -0.98649123955901, -1.0170915129205589, -1.0708608892587164, -0.2781331209798215, -1.0186153576924861, -1.0620245719324433, -1.0549263063224752, -1.05311353166213, -1.0839129890693087, -1.0626154920265185, -1.0427077462908878, -1.076459098124064, -1.138980808347724], "bean_num": 0.5, "model_info": {"det_num_x": 10, "det_num_y": 10, "det_y": 0.03, "det_x": 0.03, "size_x": 0.5, "size_y": 0.5, "med_margin": 0.0015}}