{"source": [52.05735834310855, -442.01690998134654], "intensity": 100, "miu_detector": 0.3, "miu_medium": 1.2, "miu_air": 0.00018, "output": [0.0, 0.0, 0.0, 0.0, 0.0, 0.0, 0.0, 0.0, 0.0, 0.0, 0.2536760179157229, 0.7463239820842771, 0.0, 0.0, 0.0, 0.0, 0.0, 0.0, 0.0, 0.0, 0.0, 0.0, 0.0, 0.0, 0.0, 0.0, 0.0, 0.0, 0.0, 0.0, 0.0, 0.0, 0.0, 0.0, 0.0, 0.0, 0.0, 0.0, 0.0, 0.0], "miu_de": 0.5, "input": [1.7778083120789896, 2.151837848316399, 2.155453512561513, 2.1649758266051524, 2.210579336854949, 2.1682651644545405, 2.1618652427415417, 2.153747388190716, 2.0969512191391733, 1.7804179716031294, 1.0067205755003932, 1.4039883822571966, 1.441579308358708, 1.4823683795691518, 1.4479575959712003, 1.4189143893125902, 1.4127054397140475, 1.3877053726977198, 1.3692121447333903, 0.9735717249565342, 0.32107402631437565, 0.6912762792029565, 0.7275134865585235, 0.7981890586306228, 0.7823655349736816, 0.7565175783867716, 0.764132979167697, 0.6596692685363836, 0.6110171347117838, 0.3468391378466589, -0.11953285242759007, 0.1315125519544761, 0.19774750273925115, 0.21779318603509057, 0.2657674406241807, 0.24278498004790736, 0.20680837654473205, 0.14476821980850738, 0.12316713436196298, -0.10255425503166896, -0.4629508449297702, -0.24992550613679193, -0.18242512063560687, -0.16245316517978667, -0.17974167922192563, -0.15618905902494443, -0.18942828954496388, -0.1972943588904253, -0.27696681730350753, -0.41620547959563936, -0.665932332187319, -0.5199006399467365, -0.47388259295853125, -0.45561685609541835, -0.44607810987117974, -0.42481797398041377, -0.4428004994088609, -0.47881906233906457, -0.5357314020833456, -0.6200956316911556, -0.8186369832823008, -0.7076937151043223, -0.6725812206885627, -0.6486969887645013, -0.6423647444214918, -0.643522199044278, -0.6591227725011964, -0.6714355605448494, -0.6950426866674368, -0.7649676520104068, -0.9187710249791183, -0.8389526258278378, -0.8170957976899154, -0.8013556612090907, -0.7863913788866511, -0.7745791244771141, -0.792179643534342, -0.7994151494320849, -0.839579724308235, -0.8710164618685744, -0.9938401161088127, -0.9385193718345824, -0.9128499856215523, -0.9060400511951809, -0.9119804899595629, -0.9030596986109303, -0.8921110357810684, -0.8903634349390884, -0.9184506685160334, -0.9266347855070424, -1.0492087928547353, -1.0120840260962976, -1.0133186645949939, -1.0018146092157763, -0.9997493072834869, -0.9941949516392324, -0.9895875970185366, -0.994694634916568, -0.9938358560018218, -0.9904872906403523], "bean_num": 0.5, "model_info": {"det_num_x": 10, "det_num_y": 10, "det_y": 0.03, "det_x": 0.03, "size_x": 0.5, "size_y": 0.5, "med_margin": 0.0015}}