{"source": [-81.33662577342142, -443.9057378640383], "intensity": 100, "miu_detector": 0.3, "miu_medium": 1.2, "miu_air": 0.00018, "output": [0.0, 0.0, 0.0, 0.0, 0.0, 0.0, 0.0, 0.0, 0.15367798636343588, 0.8463220136365641, 0.0, 0.0, 0.0, 0.0, 0.0, 0.0, 0.0, 0.0, 0.0, 0.0, 0.0, 0.0, 0.0, 0.0, 0.0, 0.0, 0.0, 0.0, 0.0, 0.0, 0.0, 0.0, 0.0, 0.0, 0.0, 0.0, 0.0, 0.0, 0.0, 0.0], "miu_de": 0.5, "input": [0.961246665459422, 1.1011051052327108, 1.0558477582023544, 1.1128237721327439, 1.139014791062059, 1.0173276408658491, 1.0370592580023144, 1.0834451985875095, 1.3036817533059812, 1.6698071895878255, -0.30284875854506615, -0.13639277939299604, -0.13044418449987272, -0.06747660607910229, -0.06561124712907926, 0.08419790675709786, 0.07895502839714895, 0.4964453508335726, 1.1287638924475245, 1.8862191344187265, -0.8237914428527863, -0.7157757219679344, -0.6717206266342597, -0.5843322329578096, -0.5165761080005612, -0.3458595785083292, 0.03093405380742549, 0.4690017084883367, 1.1942132808614732, 2.0573073423862747, -1.0467654090776237, -0.9424598095664041, -0.8990612628436683, -0.7925436016761472, -0.6458842263156298, -0.4502755068771604, -0.024771391864631235, 0.45139160935461375, 1.1559571530926578, 2.069603760458822, -1.1146744263030333, -1.0463622594893585, -0.9942792233689652, -0.892745393060923, -0.7336021594255039, -0.4317183320176142, -0.016718751834979294, 0.506614101043246, 1.2933980641040381, 2.0085778405088974, -1.1555312538978404, -1.067024868446704, -0.9755420741786689, -0.9284745802499408, -0.7263093311709035, -0.4520806454551517, -0.11693519440248913, 0.5042401455370691, 1.2714323249526338, 1.9291983042443321, -1.180161722705164, -1.1112695230527858, -1.066556908096886, -0.8318337157837935, -0.7633155154834126, -0.5038003523520439, -0.13580068969957626, 0.4327707573646573, 1.2542530615794616, 1.9188667257559984, -1.1784531363619946, -1.1039543402373844, -1.0301892756279438, -0.9068121685790551, -0.779563997170789, -0.46951362684112397, -0.12393506794657341, 0.3491060362993097, 1.1382634294992398, 1.8988751643429356, -1.1830619692085202, -1.1186671660186394, -1.0133407761365922, -0.9528339053515881, -0.7590052290167539, -0.5398092104539919, -0.08264388715843639, 0.4415957058631811, 1.088297217129213, 2.0120459811359406, -1.1957930789866982, -1.1683726212737091, -1.1201792654541973, -1.0316078158699784, -0.8984357813966075, -0.6776605464672519, -0.4272663527552681, 0.21559848005875826, 0.7370507480652821, 1.583893192351256], "bean_num": 0.5, "model_info": {"det_num_x": 10, "det_num_y": 10, "det_y": 0.03, "det_x": 0.03, "size_x": 0.5, "size_y": 0.5, "med_margin": 0.0015}}