{"source": [441.4885711348188, -132.34138876384685], "intensity": 100, "miu_detector": 0.3, "miu_medium": 1.2, "miu_air": 0.00018, "output": [0.0, 0.0, 0.0, 0.0, 0.0, 0.0, 0.0, 0.0, 0.0, 0.0, 0.0, 0.0, 0.0, 0.0, 0.0, 0.0, 0.0, 0.0, 0.8540800071362148, 0.14591999286378524, 0.0, 0.0, 0.0, 0.0, 0.0, 0.0, 0.0, 0.0, 0.0, 0.0, 0.0, 0.0, 0.0, 0.0, 0.0, 0.0, 0.0, 0.0, 0.0, 0.0], "miu_de": 0.5, "input": [1.138580639110773, 1.3001201651677443, 1.2947037256462228, 1.4414230343602932, 1.383606662682504, 1.343291605449657, 1.2782185509295128, 1.4446271492611822, 1.4262895450474247, 1.5558483505157095, -0.029209663942544196, 0.18907851873001158, 0.17891889880282008, 0.2469565373945367, 0.23018518496352786, 0.2529001852216104, 0.39621766541048375, 0.5111335138058634, 1.1007579676699748, 1.8877654015814875, -0.6390644905712006, -0.46125533557458315, -0.4622025169916705, -0.40901546040861836, -0.3758414935669159, -0.27265388581706107, -0.15212109393484646, 0.2939051004357773, 1.0389149953283752, 1.807341888250434, -0.9259856032301145, -0.8366900673252119, -0.7721922013318897, -0.7642716279803288, -0.6635907313168927, -0.5124614748029496, -0.16980500226057332, 0.3200192351124279, 1.1502620828542145, 1.958554764884365, -1.0863053850167503, -1.0194220067601683, -0.9697273854025305, -0.8905331711399137, -0.7199790722623727, -0.5568274428381144, -0.22747968034717206, 0.2731014371664655, 1.040683466988688, 1.8829875715283377, -1.1497243359445886, -1.0829826588986164, -1.0334526434969462, -0.9150729747136648, -0.7841542552384247, -0.5525164993560693, -0.18697655812527805, 0.30082613798278857, 1.112599444214075, 1.972740526092452, -1.1793072878986777, -1.1325029239957793, -1.0478241123624341, -0.9811458013539245, -0.7815348593356211, -0.5454271307883362, -0.17627920213147483, 0.2725890065931807, 1.1690287749302215, 1.9424079609819254, -1.1943104775281896, -1.1744331241988637, -1.0720178937150648, -0.9785856766411606, -0.8686759759536367, -0.555411610539495, -0.22344708651753895, 0.2755498854735214, 1.0506017144753215, 1.8255363291773474, -1.2129452131991538, -1.157393342094832, -1.1160600222456118, -0.9977773275738779, -0.8276673148482953, -0.5569261489381071, -0.29142179799605905, 0.2845577212581947, 0.8592663673363035, 1.8364652043150826, -1.2281663441124722, -1.1970041248594285, -1.1112544970242044, -1.01697688907149, -0.9097548600486762, -0.7566230133680382, -0.4962381423624728, -0.05827546856715108, 0.6611874882162164, 1.537151982519009], "bean_num": 0.5, "model_info": {"det_num_x": 10, "det_num_y": 10, "det_y": 0.03, "det_x": 0.03, "size_x": 0.5, "size_y": 0.5, "med_margin": 0.0015}}