{"source": [462.414681908278, -58.357428272748194], "intensity": 100, "miu_detector": 0.3, "miu_medium": 1.2, "miu_air": 0.00018, "output": [0.0, 0.0, 0.0, 0.0, 0.0, 0.0, 0.0, 0.0, 0.0, 0.0, 0.0, 0.0, 0.0, 0.0, 0.0, 0.0, 0.0, 0.0, 0.0, 0.7991987003157769, 0.20080129968422308, 0.0, 0.0, 0.0, 0.0, 0.0, 0.0, 0.0, 0.0, 0.0, 0.0, 0.0, 0.0, 0.0, 0.0, 0.0, 0.0, 0.0, 0.0, 0.0], "miu_de": 0.5, "input": [0.10926586297130987, -0.8971465225023376, -1.0267288099247018, -1.0901497305036998, -1.1052506310300279, -1.0977456028184074, -1.085687208379919, -1.1004947889502332, -1.1015585412173328, -1.150475486311305, 0.24249430645773593, -0.7864925019362535, -0.9506973433690521, -1.0160214993891996, -0.9817868446709456, -1.0004841820142378, -1.0495249366228045, -1.039597733035963, -1.0758703699614391, -1.0820958039728734, 0.2759337782275748, -0.7621932791797053, -0.8456295837872698, -0.9177448232600737, -0.9344275008443467, -0.9242209470633127, -0.9066943397335233, -0.9377753392214961, -0.9664145610379767, -1.0369610793805681, 0.32080209739307725, -0.624428144128643, -0.7459137381279163, -0.807263654202551, -0.7330587099261487, -0.7636420124208266, -0.7804078551757112, -0.7561075530203455, -0.748211129487223, -0.9235037470853039, 0.35097006366361533, -0.49659190403586706, -0.5541630918728341, -0.5340654034982723, -0.6011313625641904, -0.6016273809021544, -0.6163316651263013, -0.5454036242671281, -0.6375751980064156, -0.7701352922198464, 0.4456975823267626, -0.36828029787865424, -0.28523012408569426, -0.29197268711580476, -0.31121167520402315, -0.283225339044012, -0.3479177549541964, -0.26611937732294877, -0.3525426139447404, -0.4705067159285914, 0.5173387226246463, -0.06027921667057758, 0.15574785825170187, 0.14404295922502736, 0.16402538391724042, 0.12491102310682903, 0.12164962252597283, 0.013845796920472182, -0.006280276506057905, -0.209386762457373, 0.7705598040031231, 0.590750813523457, 0.5846585604827951, 0.7184252815915914, 0.7243521276734964, 0.6350248018099489, 0.6665870079579164, 0.5627645435299962, 0.578589279989999, 0.27486517185449616, 1.1308183458443972, 1.3166481311209335, 1.3303265684485663, 1.3916425590031671, 1.435879252536579, 1.4373344639650882, 1.3074020609377133, 1.4467310322410698, 1.3249714588665706, 0.8583259545739199, 1.8630639623957947, 1.9445575731757216, 2.0964010244407842, 2.1960806357209997, 2.1916177057029955, 2.1442593500965343, 2.0256213923107635, 2.0839630917978407, 2.0594089596106833, 1.684028324480444], "bean_num": 0.5, "model_info": {"det_num_x": 10, "det_num_y": 10, "det_y": 0.03, "det_x": 0.03, "size_x": 0.5, "size_y": 0.5, "med_margin": 0.0015}}