{"source": [-382.901788827296, 266.806789671899], "intensity": 100, "miu_detector": 0.3, "miu_medium": 1.2, "miu_air": 0.00018, "output": [0.0, 0.0, 0.0, 0.0, 0.0, 0.0, 0.0, 0.0, 0.0, 0.0, 0.0, 0.0, 0.0, 0.0, 0.0, 0.0, 0.0, 0.0, 0.0, 0.0, 0.0, 0.0, 0.0, 0.0, 0.0, 0.0, 0.0, 0.0, 0.0, 0.0, 0.0, 0.0, 0.0, 0.0, 0.0, 0.0, 0.8743185225766547, 0.1256814774233454, 0.0, 0.0], "miu_de": 0.5, "input": [1.52442930181938, 1.9539492724285077, 1.9988066037759395, 1.981549352091246, 1.9522135628167558, 1.9342103314105958, 1.944680038670542, 1.9411689190467871, 1.8654758070160058, 1.5631246849384128, 1.3243355579163125, 1.0856745321093044, 1.2071616823950342, 1.1817280986894814, 1.1965942547786832, 1.242528924931707, 1.201538774427942, 1.1774399218798612, 1.1222454047922548, 0.7506729947560489, 1.2880716587427197, 0.4301637043830434, 0.44155049653596956, 0.4692410503636519, 0.4648094213337929, 0.44247256436318166, 0.45753699191774194, 0.4176341193468249, 0.3824660254551897, 0.1413583274709123, 1.2516664086532863, 0.16019634500030008, -0.03033955606955528, -0.0591865588029407, -0.10375685831792351, -0.03705701020771959, -0.10981619430090252, -0.11592204319028547, -0.16239783034113964, -0.3510160084859387, 1.2099199447318167, 0.12937397482262145, -0.3924828406471172, -0.4823476532765793, -0.48950688563641004, -0.5230021069950298, -0.4980722413979969, -0.484214018854428, -0.5769832572032347, -0.6706735697107622, 1.13651321933069, 0.05026052386282601, -0.5842474573328686, -0.6853583975595283, -0.6803133082802184, -0.6997886911503326, -0.7321600044129493, -0.7373083375135041, -0.7973304957066101, -0.8923750462065748, 1.1943421301109114, 0.02714342678888982, -0.612992864727754, -0.8055650035226408, -0.873257370049871, -0.904241877545481, -0.9209844989028765, -0.9240589462740476, -0.916914552696292, -1.022425184258185, 1.1009307194419957, -0.08910377925602998, -0.6510871788223906, -0.9191136850566359, -0.9753678554338098, -1.0022192662931573, -1.0290113976559712, -1.0430943954274796, -1.0400588848011423, -1.0996202777867703, 1.0849723889144431, -0.02392925315440646, -0.6704939466374944, -0.9505842731384233, -1.0606888557929466, -1.1124620775606961, -1.1151134740781543, -1.1194319398440762, -1.1505265440797436, -1.144612290859532, 0.7963809237776174, -0.25855139905832636, -0.7863073392433018, -0.9993225203232936, -1.1296741425721615, -1.1599714275227402, -1.1933120449824075, -1.1908736839480514, -1.2081763064971183, -1.2277274766352908], "bean_num": 0.5, "model_info": {"det_num_x": 10, "det_num_y": 10, "det_y": 0.03, "det_x": 0.03, "size_x": 0.5, "size_y": 0.5, "med_margin": 0.0015}}