{"source": [-322.17082087647907, 337.0486006678818], "intensity": 100, "miu_detector": 0.3, "miu_medium": 1.2, "miu_air": 0.00018, "output": [0.0, 0.0, 0.0, 0.0, 0.0, 0.0, 0.0, 0.0, 0.0, 0.0, 0.0, 0.0, 0.0, 0.0, 0.0, 0.0, 0.0, 0.0, 0.0, 0.0, 0.0, 0.0, 0.0, 0.0, 0.0, 0.0, 0.0, 0.0, 0.0, 0.0, 0.0, 0.0, 0.0, 0.0, 0.14365294566801753, 0.8563470543319824, 0.0, 0.0, 0.0, 0.0], "miu_de": 0.5, "input": [1.5827648593635677, 1.8228904646236723, 1.8508106907167672, 1.7957963231805856, 1.8424595317036316, 1.8748020978067088, 1.9235292027273707, 1.8539015298025232, 1.7979629199287348, 1.5250269394049432, 0.6613162981639693, 1.0940014328985965, 0.9569491635759565, 1.0952390053080858, 1.0413773126684402, 1.0589892594115036, 0.9347692590428375, 0.970755617576882, 0.9805089299782661, 1.5744528612298532, -0.008299917413784122, 0.1853682695459127, 0.2792864796436984, 0.2548614557233925, 0.3158487517790124, 0.32840162398931716, 0.3409372288005571, 0.34052364793114837, 0.5344691517286619, 1.3052337130923108, -0.5378866755828076, -0.2799863090168589, -0.2126016807606987, -0.10990419668799978, -0.23987983342153654, -0.24759180037025874, -0.2046344068264873, -0.10446223052061168, 0.4567386681829155, 1.4587812503700814, -0.790977762952949, -0.5573596657849375, -0.6070992565412808, -0.5109369276638908, -0.5736379655650818, -0.5080705886258986, -0.48542130958869634, -0.3164123896262124, 0.27031186440099236, 1.3443297926351714, -0.9226050012899831, -0.8546139357923799, -0.8147538092292639, -0.7670070646877305, -0.7564953412146102, -0.7675009592847375, -0.6799122649215522, -0.3828305715548756, 0.2326366009095763, 1.3516601535328527, -1.052027283846237, -0.978218868567587, -0.9642619222810457, -0.9930477502068876, -0.9157183536841793, -0.8837766029466403, -0.7378080014425347, -0.4146499301615704, 0.32564188070589156, 1.4021308101923282, -1.1512704311659194, -1.1260922547042345, -1.0888102879359747, -1.0719974431424624, -1.050782760616061, -0.9685165732442551, -0.8293143208338328, -0.3573144357237904, 0.3322465583216039, 1.457437657814627, -1.2163048218126202, -1.1851915787940919, -1.1637715383264164, -1.1350398522440863, -1.1347229375995844, -1.0173499338416527, -0.822181814521813, -0.4757497884145502, 0.2759901077593656, 1.4253392512180727, -1.2425839527947555, -1.2364537694041675, -1.2238894434750065, -1.1923581403066905, -1.1592566055332185, -1.084593322656158, -0.9159017173935543, -0.5777523664676898, -0.014273334934573906, 1.1653853865585697], "bean_num": 0.5, "model_info": {"det_num_x": 10, "det_num_y": 10, "det_y": 0.03, "det_x": 0.03, "size_x": 0.5, "size_y": 0.5, "med_margin": 0.0015}}