{"source": [391.97502793298077, -253.96762433741148], "intensity": 100, "miu_detector": 0.3, "miu_medium": 1.2, "miu_air": 0.00018, "output": [0.0, 0.0, 0.0, 0.0, 0.0, 0.0, 0.0, 0.0, 0.0, 0.0, 0.0, 0.0, 0.0, 0.0, 0.0, 0.0, 0.6599914616726666, 0.3400085383273333, 0.0, 0.0, 0.0, 0.0, 0.0, 0.0, 0.0, 0.0, 0.0, 0.0, 0.0, 0.0, 0.0, 0.0, 0.0, 0.0, 0.0, 0.0, 0.0, 0.0, 0.0, 0.0], "miu_de": 0.5, "input": [1.0345126871343986, 0.08449344605618618, -0.5760452221896322, -0.9039612295516262, -1.0597052291855844, -1.1476022003064696, -1.1999254289827805, -1.2129479092826985, -1.2283001758285375, -1.2372219000220965, 1.3396188936719984, 0.2541668612037028, -0.45083462962009013, -0.8250964233135388, -0.9959674580736924, -1.1017692458892852, -1.1404481781153586, -1.1673754424627747, -1.1752657075539554, -1.206880641005349, 1.4215346779271028, 0.32628930288277935, -0.41448883072041715, -0.7801249952243613, -0.9714079649100361, -1.0572862888395, -1.0624370121482227, -1.0701982354062636, -1.1047566796982968, -1.1494709871365931, 1.4303902987134107, 0.26107594476483803, -0.3808019891795813, -0.7310230224714978, -0.8977487917620918, -0.9385963737659606, -0.9514613571856538, -0.9772745957124996, -1.0154644132460362, -1.057504066057331, 1.385693295383591, 0.33395118578524297, -0.34776703737318276, -0.6666318237937865, -0.7553553839281847, -0.7903757439624638, -0.8043138891540615, -0.8580056974623058, -0.8728654727044215, -0.9525968635599384, 1.419850818834604, 0.32816307691251173, -0.23795348279165598, -0.4942188452760246, -0.5403471956045547, -0.5857871830846065, -0.591537641786503, -0.6236329332285577, -0.6346751438998475, -0.7930925761936021, 1.4152617899599256, 0.42254421990295793, -0.1379108327508086, -0.19709149078785415, -0.22475557874335902, -0.20132661531298815, -0.22972381217337082, -0.26780816267167135, -0.24530060374964044, -0.42824263534295076, 1.4037191994602585, 0.48894310928190066, 0.327031992046442, 0.28290621970663754, 0.28767063882175303, 0.2966515126431802, 0.292465907976602, 0.2931940834616773, 0.17323537109332054, -0.013227083404143023, 1.497082856378775, 1.0418765915061659, 1.048882586565204, 1.1145141407333679, 1.0554698216659069, 1.0412521689153829, 1.0052425127648712, 1.053391268127497, 0.9831752185951997, 0.6373048702481673, 1.6100115297817594, 1.789246693305781, 1.8711349931865566, 1.896494187620577, 1.8003015472203667, 1.7884817292647361, 1.9046486667863698, 1.8425407832240108, 1.8067167006324767, 1.5928029534401054], "bean_num": 0.5, "model_info": {"det_num_x": 10, "det_num_y": 10, "det_y": 0.03, "det_x": 0.03, "size_x": 0.5, "size_y": 0.5, "med_margin": 0.0015}}