{"source": [-471.3015581940406, -92.79249259871986], "intensity": 100, "miu_detector": 0.3, "miu_medium": 1.2, "miu_air": 0.00018, "output": [0.0, 0.7624164847398553, 0.23758351526014462, 0.0, 0.0, 0.0, 0.0, 0.0, 0.0, 0.0, 0.0, 0.0, 0.0, 0.0, 0.0, 0.0, 0.0, 0.0, 0.0, 0.0, 0.0, 0.0, 0.0, 0.0, 0.0, 0.0, 0.0, 0.0, 0.0, 0.0, 0.0, 0.0, 0.0, 0.0, 0.0, 0.0, 0.0, 0.0, 0.0, 0.0], "miu_de": 0.5, "input": [1.7064608130882875, 2.1014204341209424, 2.0897049480408585, 2.11438130593955, 2.0714821377102632, 2.099835233626922, 2.121829584773626, 2.128411025143226, 2.0781084312471925, 1.7474532250313168, 1.0178990096726794, 1.3507599651047681, 1.4743280378519121, 1.4692536736972308, 1.375771125401368, 1.369783184947639, 1.3786570331133423, 1.4749229461867872, 1.303375898219542, 0.9221161545415452, 0.6639755356840569, 0.621018497138733, 0.6590406759004723, 0.7812105869806378, 0.7095838614332062, 0.7187326688214004, 0.6928951563675253, 0.6661979680117633, 0.5881487348190518, 0.18459181995615392, 0.42940527550633817, 0.07472151263012514, 0.12497680120052725, 0.16913833436418813, 0.1346845302928626, 0.07407765324263967, 0.14411706356373544, 0.14035398396011692, 0.010745349790805143, -0.22668478964550937, 0.374901031426286, -0.28966230367434004, -0.30422555511738375, -0.28855043880329895, -0.2286531247227247, -0.27294897601129764, -0.26538736928175416, -0.26390975847841186, -0.34542928644652043, -0.55665454641391, 0.26485537865174497, -0.5270453369698567, -0.5520786496271883, -0.5358062187313692, -0.536151059858608, -0.6026770142420845, -0.5634366129470362, -0.6282759334498734, -0.5888790639243654, -0.7626203435112335, 0.24103190855187334, -0.7058926047374738, -0.7080840311196178, -0.7721769830033325, -0.7960272055583825, -0.7568624874548171, -0.7415789411807431, -0.8088898536675568, -0.8034767656490199, -0.888198078245614, 0.1601319603534882, -0.7620782630654159, -0.8737235136780539, -0.9062806918989219, -0.9171031839829643, -0.912448660049741, -0.908887005418484, -0.9432883674070808, -0.9501718374152757, -0.9936291972151733, 0.1039926127114322, -0.8482767836973982, -0.9325556555852775, -0.9970862220523027, -1.0231460076338812, -1.0285065975872734, -1.00509770430959, -1.001270686306267, -1.0342839876841, -1.0649982167987133, -0.054298554866628865, -0.9205276618578447, -1.026629639047823, -1.077554035002049, -1.0836655298815678, -1.0982610326367823, -1.099754721776464, -1.1063417948922851, -1.111828736334952, -1.126525448262556], "bean_num": 0.5, "model_info": {"det_num_x": 10, "det_num_y": 10, "det_y": 0.03, "det_x": 0.03, "size_x": 0.5, "size_y": 0.5, "med_margin": 0.0015}}