{"source": [-183.41853701830564, 446.61746346685106], "intensity": 100, "miu_detector": 0.3, "miu_medium": 1.2, "miu_air": 0.00018, "output": [0.0, 0.0, 0.0, 0.0, 0.0, 0.0, 0.0, 0.0, 0.0, 0.0, 0.0, 0.0, 0.0, 0.0, 0.0, 0.0, 0.0, 0.0, 0.0, 0.0, 0.0, 0.0, 0.0, 0.0, 0.0, 0.0, 0.0, 0.0, 0.0, 0.0, 0.0, 0.0, 0.5192044914182626, 0.4807955085817373, 0.0, 0.0, 0.0, 0.0, 0.0, 0.0], "miu_de": 0.5, "input": [-1.2494330151130852, -1.2325079026089125, -1.220050478161187, -1.178227280709187, -1.091390140906695, -0.9752710812719904, -0.7719954449004128, -0.40855966424542156, 0.20017193916589654, 1.2158371784922481, -1.214240205926198, -1.1989273098436506, -1.167960154614153, -1.1259485567124339, -1.0508245288929277, -0.8881770927696814, -0.6418170464113528, -0.24879987763405287, 0.4514795287995417, 1.4929727072332444, -1.1748299362507935, -1.1352141328905314, -1.1140817108444927, -1.0793282816621543, -1.0234083652015158, -0.8674300201004425, -0.6520891553851157, -0.21360049562940112, 0.5041665046200824, 1.5351848470345464, -1.118013963315733, -1.0609133519036757, -1.040497524495674, -0.9995506838461171, -0.956431502885864, -0.8465123990236821, -0.5642791911066339, -0.20379819727083584, 0.5415424883779475, 1.5447910254031065, -1.0058276240293451, -0.9305992218295959, -0.8967060613744633, -0.8917388399639606, -0.8597177254354453, -0.7993189177323062, -0.5681700916779221, -0.14485899614931497, 0.5744801338564152, 1.5822171376161274, -0.8138671414267523, -0.7227682044983301, -0.6906142101546334, -0.6700027570015419, -0.6742272367185657, -0.6049135273289564, -0.504916793170392, -0.11745595113579037, 0.5461239755274412, 1.6086230735872606, -0.5785791446062438, -0.4396777038732799, -0.3824161234241287, -0.3796151338184809, -0.3882786846930497, -0.35113330320493635, -0.27284042196578506, -0.006765003472020813, 0.6562558039455874, 1.6009888124608305, -0.1401464054499022, 0.02367973646174593, 0.0638051597511774, 0.1313452046698874, 0.11156605032080699, 0.13773899824792332, 0.18026864156316852, 0.26566579341080754, 0.6650038326445603, 1.6421054414691032, 0.5358299363863638, 0.7501733599603736, 0.8337977288527816, 0.8655884259110151, 0.8969388053626862, 0.8883812850800284, 0.8897218228739714, 0.86368300421603, 0.9532543516674813, 1.6174953678034418, 1.3852105477731709, 1.726250388489605, 1.7608182301344457, 1.811918098400965, 1.712960860352552, 1.7872631876996619, 1.7531829139825632, 1.7913111674075042, 1.771840400806476, 1.677630018848563], "bean_num": 0.5, "model_info": {"det_num_x": 10, "det_num_y": 10, "det_y": 0.03, "det_x": 0.03, "size_x": 0.5, "size_y": 0.5, "med_margin": 0.0015}}