{"source": [139.82000112461975, -468.1038648196372], "intensity": 100, "miu_detector": 0.3, "miu_medium": 1.2, "miu_air": 0.00018, "output": [0.0, 0.0, 0.0, 0.0, 0.0, 0.0, 0.0, 0.0, 0.0, 0.0, 0.0, 0.1521565997611558, 0.8478434002388442, 0.0, 0.0, 0.0, 0.0, 0.0, 0.0, 0.0, 0.0, 0.0, 0.0, 0.0, 0.0, 0.0, 0.0, 0.0, 0.0, 0.0, 0.0, 0.0, 0.0, 0.0, 0.0, 0.0, 0.0, 0.0, 0.0, 0.0], "miu_de": 0.5, "input": [1.2822349873588443, 0.2688404317991362, -0.33997543351150405, -0.7457999300241263, -0.963135119309355, -1.0897054951273841, -1.1755568655726631, -1.227024144945137, -1.2398086780122068, -1.2693146983048154, 1.532868412654773, 0.5498796032162592, -0.1621100329565638, -0.636545937774106, -0.8942640259976052, -1.0209371565088146, -1.1112288831959576, -1.177211348108909, -1.2033183880881697, -1.2321810173984755, 1.6256882456046162, 0.5429451090662593, -0.11451950443826167, -0.5406739781627211, -0.8584478766872753, -1.013420859939679, -1.0874711353607538, -1.1177518684257823, -1.1388119171494984, -1.1951147535210922, 1.6008233566102987, 0.6594479284581272, -0.08009860643960667, -0.5564991922283403, -0.8109617579222327, -0.9707514861366687, -1.0107314890515244, -1.0522502530963287, -1.0882742248974175, -1.1269459261709276, 1.624055583495496, 0.6746694104654626, -0.044310608301816407, -0.5136455934051838, -0.7818812134663624, -0.8988550730986454, -0.9094364571227082, -0.9522346874874245, -0.9508583978995945, -1.0103442570519832, 1.672338693695025, 0.6715601677654631, -0.03318793205333082, -0.4499330030981493, -0.6549726518244345, -0.662758905624876, -0.7033018426965867, -0.6955162123156183, -0.7612661868073753, -0.8561207146678015, 1.6402180463092488, 0.6478723149726839, -0.050436080265960234, -0.2962846025873298, -0.39187843523962906, -0.3971158609397912, -0.3922305891786887, -0.4012771346335218, -0.4651920737834668, -0.5977695044193685, 1.629122795219074, 0.666004829436831, 0.17182806830118041, 0.08681988326865281, 0.0865292944290993, 0.09805710418266343, 0.060205239251172146, 0.11345304959227187, -0.017236172465582667, -0.21741831920670107, 1.5819352464632266, 0.9190293252072333, 0.8100873265569808, 0.8127777721521746, 0.8527376587262121, 0.780102958961468, 0.8107124368527645, 0.8053156580499471, 0.7506900236022341, 0.48440044551429284, 1.5863560557056313, 1.6386053814172348, 1.81661216866723, 1.8215158639545208, 1.7379885645692272, 1.7257388337276578, 1.7582409137011976, 1.7092916640506062, 1.6694257717884287, 1.37927786928494], "bean_num": 0.5, "model_info": {"det_num_x": 10, "det_num_y": 10, "det_y": 0.03, "det_x": 0.03, "size_x": 0.5, "size_y": 0.5, "med_margin": 0.0015}}