{"source": [84.393960316586, -509.552745510584], "intensity": 100, "miu_detector": 0.3, "miu_medium": 1.2, "miu_air": 0.00018, "output": [0.0, 0.0, 0.0, 0.0, 0.0, 0.0, 0.0, 0.0, 0.0, 0.0, 0.0, 0.9550928531743765, 0.044907146825623516, 0.0, 0.0, 0.0, 0.0, 0.0, 0.0, 0.0, 0.0, 0.0, 0.0, 0.0, 0.0, 0.0, 0.0, 0.0, 0.0, 0.0, 0.0, 0.0, 0.0, 0.0, 0.0, 0.0, 0.0, 0.0, 0.0, 0.0], "miu_de": 0.5, "input": [1.229949075196023, 1.578487099429967, 1.6086384925668116, 1.6179724897849506, 1.6111306441146913, 1.6069791421629829, 1.6011789617997838, 1.7004955042139, 1.550517567902738, 1.5913993067492587, 0.34075944286756293, 0.6210387105060787, 0.6268572331596222, 0.6421185379607766, 0.6485011226017524, 0.6483195993216365, 0.6283468255676363, 0.6905567842450596, 0.9727748737430568, 1.758318822913706, -0.3656778450829905, -0.15193474895623293, -0.07388040684633133, -0.0613672180880206, -0.034935329463806404, -0.025273146892420426, 0.0011855276128662471, 0.21660560576301732, 0.8431885359946294, 1.693632229406113, -0.6979036792125208, -0.5951162610282206, -0.6033047046761946, -0.5840566481670718, -0.5014241816279025, -0.43507918788279976, -0.2955058913089643, 0.1578241870285073, 0.849674462881538, 1.7541006725413826, -0.9690661524199505, -0.8798231372376806, -0.8445956769675911, -0.8125992548164995, -0.8025366440035933, -0.6022117220413382, -0.335454970286812, 0.10259435613373678, 0.8765354494845068, 1.7257518793778468, -1.0935807629301595, -1.0445433710391359, -1.0139514807301548, -0.9975111810484004, -0.8575927918222914, -0.68053891568102, -0.3992530736170131, 0.06139747246717724, 0.7161026225355879, 1.7625280521458873, -1.178031955095877, -1.1501959292694381, -1.1039028732140712, -1.0250907481693845, -0.9160654420267881, -0.7225000166056907, -0.44097560226043264, -0.013615256434833179, 0.7673221250405298, 1.7279397143533284, -1.2331355654776692, -1.1890230873471548, -1.131484801025168, -1.064069714406201, -0.9579202535035656, -0.709907114688665, -0.39725117905719454, 0.056808669549400274, 0.8083541461351225, 1.6393507582528135, -1.2486272299554007, -1.1989922992601225, -1.1691346283509276, -1.1026093054950712, -0.9612699263392865, -0.7691442370977744, -0.4607132080217416, 0.04307049019887899, 0.7372863473048775, 1.6658555342461387, -1.263895005498969, -1.2379242165409932, -1.2143653010603128, -1.143864841161384, -1.0370559456700417, -0.8350268965329856, -0.5556887615868454, -0.15759856321463905, 0.4609588195079219, 1.405390393473952], "bean_num": 0.5, "model_info": {"det_num_x": 10, "det_num_y": 10, "det_y": 0.03, "det_x": 0.03, "size_x": 0.5, "size_y": 0.5, "med_margin": 0.0015}}