{"source": [395.46822654032553, -334.2611184406461], "intensity": 100, "miu_detector": 0.3, "miu_medium": 1.2, "miu_air": 0.00018, "output": [0.0, 0.0, 0.0, 0.0, 0.0, 0.0, 0.0, 0.0, 0.0, 0.0, 0.0, 0.0, 0.0, 0.0, 0.0, 0.46727288058221256, 0.5327271194177875, 0.0, 0.0, 0.0, 0.0, 0.0, 0.0, 0.0, 0.0, 0.0, 0.0, 0.0, 0.0, 0.0, 0.0, 0.0, 0.0, 0.0, 0.0, 0.0, 0.0, 0.0, 0.0, 0.0], "miu_de": 0.5, "input": [1.4295905787160017, 1.6830307715464135, 1.6688018368531814, 1.707863448201242, 1.7568392521686513, 1.7011515890293594, 1.7295094475256998, 1.7004050838713791, 1.63936907787248, 1.6067399869724543, 0.45951183361825637, 0.7236894539218997, 0.8013066223192988, 0.7447187891609557, 0.744144183593345, 0.8320918048796138, 0.7469004868700041, 0.8219691146105212, 0.8888173511244376, 1.6798854303450839, -0.24133120378928002, -0.0546670810582362, 0.01569407220173519, 0.044814878384509586, 0.07586777363976815, 0.1074159605438172, 0.055062659990537124, 0.23280180149549984, 0.7589228979288429, 1.5896145211906567, -0.6136582938175151, -0.5168327367013595, -0.4569960042802946, -0.4122505096210258, -0.42553161623368047, -0.4090049325096193, -0.3138354484424157, 0.032658229122698626, 0.726873455007505, 1.683545938636495, -0.8709092609957398, -0.8134692611343765, -0.7486392244027009, -0.7770791288347093, -0.725678128079037, -0.6669528640029697, -0.42182919823937154, 0.013789478484011254, 0.6681679740843729, 1.632534268945196, -1.0226961554893557, -0.9602575985047545, -0.9179057584549604, -0.9345240477329081, -0.8816899502161665, -0.7611519817343784, -0.48541963342337546, -0.04310215974669755, 0.6219752777995562, 1.7260918649136585, -1.1431347503653284, -1.0912068506915364, -1.067722121173747, -1.0502033650608786, -0.9689799709378314, -0.8004833131285445, -0.5111857088374538, -0.04784645751355066, 0.681552046230175, 1.6520273068403197, -1.195964253038291, -1.142780873135098, -1.1311615027905233, -1.0851290779981173, -0.9977231727569661, -0.8187555326528201, -0.5625961747432531, -0.058074446954765345, 0.6614423292802512, 1.571049392053857, -1.2422144411344223, -1.2137508866305744, -1.1633931013194627, -1.1197497530380494, -1.0035407433690182, -0.8687693046904326, -0.5579117024484304, -0.16301626568343683, 0.5816670888277243, 1.5700373550778812, -1.2601580458901458, -1.2413738440040987, -1.2078897025527315, -1.1553909887378142, -1.0597695650929542, -0.9302940014502998, -0.7315040512067041, -0.33352069239333176, 0.3535540096148771, 1.2771101153713218], "bean_num": 0.5, "model_info": {"det_num_x": 10, "det_num_y": 10, "det_y": 0.03, "det_x": 0.03, "size_x": 0.5, "size_y": 0.5, "med_margin": 0.0015}}