{"source": [-478.8016329164268, -198.87961585741314], "intensity": 100, "miu_detector": 0.3, "miu_medium": 1.2, "miu_air": 0.00018, "output": [0.0, 0.0, 0.49372109246762824, 0.5062789075323717, 0.0, 0.0, 0.0, 0.0, 0.0, 0.0, 0.0, 0.0, 0.0, 0.0, 0.0, 0.0, 0.0, 0.0, 0.0, 0.0, 0.0, 0.0, 0.0, 0.0, 0.0, 0.0, 0.0, 0.0, 0.0, 0.0, 0.0, 0.0, 0.0, 0.0, 0.0, 0.0, 0.0, 0.0, 0.0, 0.0], "miu_de": 0.5, "input": [1.7580890208966886, 2.02021086831961, 2.111417553608116, 2.147648870143436, 2.151729523473521, 2.195068141288127, 2.249309270054509, 2.1250787476379283, 2.077086711554611, 1.6840552836030729, 0.956541804020708, 1.3377784993193313, 1.4514962204801634, 1.4585281881285361, 1.5598119991574133, 1.5526227719540322, 1.493297687247503, 1.414730964013363, 1.358495372981197, 0.9760753315632514, 0.3095277204000704, 0.6525190113589201, 0.7364455417922846, 0.7566120320611678, 0.6706953358887119, 0.7575627291293843, 0.7644716034328531, 0.7733310865003182, 0.5992929897475888, 0.4609606564360691, -0.14471728283225135, 0.11019752260838532, 0.1617651115674322, 0.2787708939522987, 0.1850033467062691, 0.18887443102316206, 0.2391930567872642, 0.22822647002419602, 0.1578179082704668, -0.0034912302889367306, -0.503833606619052, -0.2873074598457041, -0.24829015045644517, -0.17505330084744103, -0.11449008497657825, -0.15965404727867946, -0.16661494151312686, -0.15301776959399935, -0.28667159161782335, -0.18002202789212254, -0.7258235629938734, -0.5398148097097576, -0.5042280892805631, -0.5075681420549422, -0.5057432782184121, -0.5111570455571591, -0.4989470443758068, -0.5374249235114481, -0.52141633424328, -0.35594303630739743, -0.8563637379149699, -0.7712002677359167, -0.6733889835916006, -0.7440806590838382, -0.7364495825955205, -0.6843121981774564, -0.7096123376749806, -0.6959949252094251, -0.6956319269337929, -0.49488643422935247, -0.9461250562905723, -0.8558749531143998, -0.8731251374963415, -0.8747927928317508, -0.8269765054894738, -0.8184109992306043, -0.8332315110184612, -0.8277224859173933, -0.8427179516289512, -0.5948846962852443, -1.011969330187541, -0.9673445206603668, -0.963353374816542, -0.9439131733750777, -0.9165109318539162, -0.930308111490351, -0.9419811755174905, -0.9242973507291238, -0.9479605610150595, -0.562762046042184, -1.062162237138096, -1.0561342228721127, -1.0496756281541944, -1.0342138782428392, -1.0343546167301914, -1.0369630156255514, -1.025856416409837, -1.0384036433111556, -0.9944277267252325, -0.680735413770261], "bean_num": 0.5, "model_info": {"det_num_x": 10, "det_num_y": 10, "det_y": 0.03, "det_x": 0.03, "size_x": 0.5, "size_y": 0.5, "med_margin": 0.0015}}