{"source": [216.60769073840848, 475.7869183108197], "intensity": 100, "miu_detector": 0.3, "miu_medium": 1.2, "miu_air": 0.00018, "output": [0.0, 0.0, 0.0, 0.0, 0.0, 0.0, 0.0, 0.0, 0.0, 0.0, 0.0, 0.0, 0.0, 0.0, 0.0, 0.0, 0.0, 0.0, 0.0, 0.0, 0.0, 0.0, 0.0, 0.0, 0.0, 0.0, 0.0, 0.7197743700725637, 0.2802256299274362, 0.0, 0.0, 0.0, 0.0, 0.0, 0.0, 0.0, 0.0, 0.0, 0.0, 0.0], "miu_de": 0.5, "input": [-1.0755801943802505, -1.0268881777451506, -0.9516275512239482, -0.845196121685477, -0.6737864901400712, -0.4434547424252069, -0.1262613591556815, 0.2669854884449785, 0.9990472585819661, 1.7641870122704204, -1.0452946375527379, -0.9672189101650742, -0.8734044044254532, -0.7618497855136368, -0.5441796198860979, -0.242223792884029, 0.10084773054471152, 0.6239501481635746, 1.325633405875486, 2.054515259389854, -1.0375502838001758, -0.9536008584400394, -0.8492101725637862, -0.6932649679840955, -0.47685819744168084, -0.2042581699299918, 0.2024113479503118, 0.7386009133610479, 1.4663830964504174, 2.2093831148137535, -1.0204668715486962, -0.9539503209612805, -0.8338268421553803, -0.6770816953118535, -0.4599859327239784, -0.18619439006267918, 0.209125390009983, 0.7548384061735808, 1.4765480928489267, 2.163976652805969, -1.032357693662545, -0.9231626741562431, -0.8399676003538987, -0.6723007598573654, -0.4373810493399796, -0.16439162972992014, 0.2126461216248271, 0.8043785383814653, 1.416307381900997, 2.212647220458236, -1.0153957196399446, -0.9266465026682571, -0.8255991490632355, -0.6926767042168644, -0.45641207576920984, -0.1870593857978537, 0.24632349874180404, 0.7362475417312739, 1.4338098966521713, 2.2178334616360997, -1.0276519797224726, -0.9402726562126424, -0.8292571624785005, -0.6918734881744419, -0.4743160916953336, -0.21827950959874542, 0.20666619139087075, 0.6652374628787424, 1.4039949141178703, 2.1156040912319556, -1.0298327435592005, -0.9396872118968839, -0.8067749613129384, -0.7122689340657281, -0.4876188655504751, -0.22528234891773322, 0.20875544190199016, 0.6671353557761965, 1.4210149607979548, 2.2043825511820465, -1.0247540852126786, -0.923612193021834, -0.838993815020537, -0.7172530175728259, -0.5521065011432218, -0.3192401627545294, 0.07249215654948667, 0.6222914444427332, 1.3443266521578279, 2.118656959603207, -0.7371673946855489, -0.6455564539772779, -0.5740492952505248, -0.5097010505991119, -0.399528797844504, -0.22665355055825612, 0.01193871172819174, 0.41155887456696344, 1.0236283167747178, 1.8139866412751116], "bean_num": 0.5, "model_info": {"det_num_x": 10, "det_num_y": 10, "det_y": 0.03, "det_x": 0.03, "size_x": 0.5, "size_y": 0.5, "med_margin": 0.0015}}