{"source": [-499.8002029254721, -152.8119998580866], "intensity": 100, "miu_detector": 0.3, "miu_medium": 1.2, "miu_air": 0.00018, "output": [0.0, 0.11102091323815075, 0.8889790867618492, 0.0, 0.0, 0.0, 0.0, 0.0, 0.0, 0.0, 0.0, 0.0, 0.0, 0.0, 0.0, 0.0, 0.0, 0.0, 0.0, 0.0, 0.0, 0.0, 0.0, 0.0, 0.0, 0.0, 0.0, 0.0, 0.0, 0.0, 0.0, 0.0, 0.0, 0.0, 0.0, 0.0, 0.0, 0.0, 0.0, 0.0], "miu_de": 0.5, "input": [-1.1063748535184885, -1.0780342078381797, -1.0765430670527165, -1.0736453566422894, -1.0590384952358205, -1.0647202971344087, -1.0665705395786107, -1.0519620678415746, -1.0004262496464846, -0.33941208200910145, -1.0565075325409354, -1.0138504009950193, -0.9787880224806735, -0.985564249019877, -1.002294208915086, -0.9598661671912356, -0.9874345448632404, -0.9589445843840295, -0.9181545745845255, -0.19109763833533477, -0.9878056847769014, -0.9239689287061519, -0.9029440920365165, -0.8899786732739363, -0.8839486068299818, -0.8931025445318339, -0.8917159189077721, -0.8593112247174617, -0.8320208344992246, -0.18531605204931936, -0.844790215227689, -0.7826973011789402, -0.7542490918026261, -0.7436466336741278, -0.7400410660902236, -0.7116034039342725, -0.7337383756647983, -0.7408694396519945, -0.709760386338832, -0.1413192803898482, -0.6945423990296704, -0.5819591134844206, -0.5520081679270312, -0.5360479544263601, -0.5168808523450763, -0.5208782737084156, -0.49586026010014655, -0.5343012221338994, -0.5281572562952377, -0.02421601697550519, -0.43597840355818335, -0.3093146081005874, -0.23280035272480393, -0.2367280786507138, -0.2500884932007815, -0.22568932383013907, -0.2328702173293787, -0.2296262288205535, -0.3100087817304668, 0.05745602413281455, -0.15304369708590568, 0.05640317991037521, 0.15149766028366357, 0.16044605573899143, 0.17265485262427518, 0.20637641794872494, 0.19468109370076, 0.15043478424887333, 0.111204467242843, 0.27469840554394587, 0.2944052296342696, 0.6067375698554592, 0.6603754935403496, 0.7301653623648011, 0.7256284937692485, 0.7742733120383773, 0.734204950534794, 0.6517702146732463, 0.5868964518905265, 0.5388392149840212, 1.0286341631075853, 1.3191115101843764, 1.3709560835917063, 1.4440296041057024, 1.4127612969012546, 1.475335665951967, 1.4667351988146409, 1.3606499594097916, 1.3567071076256578, 1.0290061738480585, 1.726494550430108, 2.1101218280628538, 2.0994928341455976, 2.1682628781922295, 2.150652302573327, 2.1688198509772127, 2.152330785445897, 2.1588578167891743, 2.1035395814563436, 1.7814081692735304], "bean_num": 0.5, "model_info": {"det_num_x": 10, "det_num_y": 10, "det_y": 0.03, "det_x": 0.03, "size_x": 0.5, "size_y": 0.5, "med_margin": 0.0015}}