{"source": [-361.4164486236799, -377.51085833198835], "intensity": 100, "miu_detector": 0.3, "miu_medium": 1.2, "miu_air": 0.00018, "output": [0.0, 0.0, 0.0, 0.0, 0.0, 0.8613611979845603, 0.13863880201543968, 0.0, 0.0, 0.0, 0.0, 0.0, 0.0, 0.0, 0.0, 0.0, 0.0, 0.0, 0.0, 0.0, 0.0, 0.0, 0.0, 0.0, 0.0, 0.0, 0.0, 0.0, 0.0, 0.0, 0.0, 0.0, 0.0, 0.0, 0.0, 0.0, 0.0, 0.0, 0.0, 0.0], "miu_de": 0.5, "input": [-0.15076664896188713, -0.956368768300597, -1.0473369535628623, -1.0770867475974155, -1.0758730048502378, -1.07711482013209, -1.0659509097737019, -1.0869738605512815, -1.0973004282523204, -1.1201205502197489, -0.026397932683515406, -0.8760829214100455, -0.9611422273767313, -0.9867051875695104, -0.994384660799308, -0.9919892280573265, -0.9824957679562242, -1.0060667849289173, -1.0179140276900804, -1.0630700162347655, -0.01835437600381332, -0.8040394439434488, -0.864715360187626, -0.8932970134944428, -0.8883745556036896, -0.8927764312834863, -0.8833058020886362, -0.9119873624556147, -0.9411397321710491, -1.0106233895218704, 0.032604886574236686, -0.7123994007857751, -0.7396249283445208, -0.7421632441445384, -0.7472574285298161, -0.7357188086657338, -0.762558758874276, -0.7735325272199921, -0.7958583631392422, -0.8759963228124199, 0.09019597919240402, -0.5565494636437116, -0.5583678731853039, -0.5157563588052706, -0.5478572461618607, -0.535679605947262, -0.5553739023105052, -0.5800189366951688, -0.59656406545348, -0.7397376134596482, 0.17629900309743762, -0.3155081922826163, -0.2674629867436195, -0.25029192778902526, -0.23598747227535322, -0.24537552482411062, -0.2486083797204992, -0.2903596234622451, -0.30245126773553954, -0.5018037385579432, 0.3534340427758795, 0.07676778571502779, 0.12576535244869827, 0.18267528332737923, 0.19305570038369552, 0.1540498225283804, 0.07419295441694415, 0.1292833330143303, 0.09647536482640842, -0.18115573658592107, 0.5903002267646776, 0.6210026095350845, 0.6725895597000927, 0.6979299697667799, 0.7099605636015505, 0.6733665917364134, 0.7294428624930805, 0.6650436164898855, 0.5890044228014755, 0.30558330456117033, 1.0549777814136894, 1.3680789587999638, 1.4383792789103493, 1.4426171175576386, 1.4463688420046146, 1.490989415730332, 1.4353325920951678, 1.3814740725843693, 1.2887295805994246, 0.9322541608825174, 1.744394473352048, 2.074424180129563, 2.127829911689356, 2.150150265504096, 2.1679576994927285, 2.1621518048841986, 2.1582533680838925, 2.1112665460039084, 2.0683250311774906, 1.6967962951712292], "bean_num": 0.5, "model_info": {"det_num_x": 10, "det_num_y": 10, "det_y": 0.03, "det_x": 0.03, "size_x": 0.5, "size_y": 0.5, "med_margin": 0.0015}}