{"source": [-508.5311943355381, 127.37754596969124], "intensity": 100, "miu_detector": 0.3, "miu_medium": 1.2, "miu_air": 0.00018, "output": [0.0, 0.0, 0.0, 0.0, 0.0, 0.0, 0.0, 0.0, 0.0, 0.0, 0.0, 0.0, 0.0, 0.0, 0.0, 0.0, 0.0, 0.0, 0.0, 0.0, 0.0, 0.0, 0.0, 0.0, 0.0, 0.0, 0.0, 0.0, 0.0, 0.0, 0.0, 0.0, 0.0, 0.0, 0.0, 0.0, 0.0, 0.0, 0.5624659912514915, 0.4375340087485084], "miu_de": 0.5, "input": [-1.2490242884469032, -1.2092529136473642, -1.1824375169768595, -1.2097831001202362, -1.1747578729574317, -1.1403236851674494, -1.0474185338243522, -0.7397314449514866, -0.2468768327865248, 0.8914758875958564, -1.1582675590222034, -1.1135939070444052, -1.1270283580911875, -1.136318740337045, -1.091774661304592, -1.0664478435991194, -0.9600497263880137, -0.6633374731934408, -0.054707525936787266, 1.1267938441159686, -1.0888458519289594, -1.0477658328170036, -1.0267696941475568, -1.0022954509105038, -1.0208244273294707, -0.9893554612924802, -0.8937732942301223, -0.6430285652292016, -0.042440177554036625, 1.1037040380342864, -1.028557664515763, -0.9496942327789213, -0.9317638847467816, -0.8846306325325937, -0.8958288803046137, -0.9046113742962296, -0.8446785554602589, -0.6082215589005702, -0.014506879836656224, 1.110695878918395, -0.8867297289956758, -0.7868345301299869, -0.7742386870793592, -0.7539367343986931, -0.7227398320876335, -0.6719990803003956, -0.6596646699359542, -0.5803495190387697, 0.08736492055894017, 1.1571752089121894, -0.6774302420538331, -0.5627730388319077, -0.5028452124626418, -0.48122437982374267, -0.4805700921682681, -0.49028070527975615, -0.4477244196038931, -0.41550329408065695, 0.0816173371219506, 1.166371311183401, -0.3227022487007693, -0.014653037872021801, -0.09926836251191662, -0.06885108958524186, -0.11183090924832272, -0.07476975757641777, -0.041996277879125965, -0.06873717925156482, 0.17921877337700146, 1.165903752143141, 0.06885691795320185, 0.357444867634097, 0.4732122317896377, 0.5083463213356932, 0.4393737636156666, 0.45691477319973595, 0.48049091264706917, 0.4180183026239948, 0.3867392314385896, 1.22846088519238, 0.7283635979406498, 1.159068429814374, 1.1181817735090882, 1.1755885646866273, 1.1876455404116466, 1.2956741938412277, 1.2026133972645494, 1.1303174850520832, 1.0048576535109595, 1.4270621836155242, 1.601176228578553, 1.861809096149456, 1.915260820965278, 1.9366647710308853, 1.9780452604749768, 1.9871114505950405, 1.9610843149551884, 1.8985016715100382, 1.9138935303189013, 1.7152783078874283], "bean_num": 0.5, "model_info": {"det_num_x": 10, "det_num_y": 10, "det_y": 0.03, "det_x": 0.03, "size_x": 0.5, "size_y": 0.5, "med_margin": 0.0015}}