{"source": [484.99274141881756, -209.27470910320872], "intensity": 100, "miu_detector": 0.3, "miu_medium": 1.2, "miu_air": 0.00018, "output": [0.0, 0.0, 0.0, 0.0, 0.0, 0.0, 0.0, 0.0, 0.0, 0.0, 0.0, 0.0, 0.0, 0.0, 0.0, 0.0, 0.0, 0.5933590792681034, 0.4066409207318966, 0.0, 0.0, 0.0, 0.0, 0.0, 0.0, 0.0, 0.0, 0.0, 0.0, 0.0, 0.0, 0.0, 0.0, 0.0, 0.0, 0.0, 0.0, 0.0, 0.0, 0.0], "miu_de": 0.5, "input": [1.615737541308506, 1.4089670030230743, 1.358690175563771, 1.3304736929217387, 1.300722080358991, 1.2937180504111516, 1.2399987218335369, 1.3302350206291114, 1.2862805774559822, 1.1094045460878748, 1.7249982829358739, 1.0430815560044506, 0.4604524784795388, 0.3416063028775831, 0.26679138714677264, 0.15716221862701168, 0.12573785683550018, 0.1574800383591998, 0.09937961900505171, -0.011270397282333105, 1.943737824961218, 1.0166602582681257, 0.3745490491072586, -0.10783185331668514, -0.3273583662154216, -0.41465552551848456, -0.43216310722065404, -0.4721998231276135, -0.5446713567340831, -0.574812737645446, 1.9700947828104853, 1.0579512980747476, 0.3937975959924581, -0.17988078754390752, -0.4926185339455711, -0.7029668546630282, -0.7935446992444191, -0.8280934002139196, -0.8820467328838157, -0.9691231204614803, 1.9584575986212351, 1.1403637912435691, 0.38098508331421216, -0.10476611232473265, -0.5051132214001041, -0.7008738672066167, -0.8706498298747454, -1.0037056073877357, -1.063552530162377, -1.0722836507153584, 1.9028414661132085, 1.0312435735493581, 0.3551299706547634, -0.07859966677111815, -0.5388567093883374, -0.7527898223626538, -0.9033016276777902, -1.0803040317130992, -1.078905054865685, -1.1545202489659507, 1.901839640001944, 1.1073741070014629, 0.34774993260635834, -0.12204900760324666, -0.5554296363768307, -0.7746520585682772, -0.9848121494084877, -1.069014034758764, -1.1439630284038784, -1.1874815071433795, 1.8311165490131942, 1.2051170337865749, 0.2928891342092701, -0.2401138145476593, -0.5621505246554801, -0.7525612219763578, -0.9581605934293352, -1.0776762057219353, -1.1458760163807213, -1.2280763364644516, 1.8396272954872868, 1.043848513706222, 0.3023075682984536, -0.20217500895234328, -0.6541529610030624, -0.7985895664217326, -0.9952245990792523, -1.102597949012491, -1.1499794874798412, -1.230539666783142, 1.6358661728441113, 0.6686564725288228, -0.05749551455196704, -0.44068360861584216, -0.758572133807644, -0.9302290507663361, -1.0450000144449905, -1.1065705876420993, -1.1998399597250986, -1.23799634150123], "bean_num": 0.5, "model_info": {"det_num_x": 10, "det_num_y": 10, "det_y": 0.03, "det_x": 0.03, "size_x": 0.5, "size_y": 0.5, "med_margin": 0.0015}}