{"source": [-531.0999586416065, -120.94748590200793], "intensity": 100, "miu_detector": 0.3, "miu_medium": 1.2, "miu_air": 0.00018, "output": [0.0, 0.5745348843309529, 0.4254651156690471, 0.0, 0.0, 0.0, 0.0, 0.0, 0.0, 0.0, 0.0, 0.0, 0.0, 0.0, 0.0, 0.0, 0.0, 0.0, 0.0, 0.0, 0.0, 0.0, 0.0, 0.0, 0.0, 0.0, 0.0, 0.0, 0.0, 0.0, 0.0, 0.0, 0.0, 0.0, 0.0, 0.0, 0.0, 0.0, 0.0, 0.0], "miu_de": 0.5, "input": [1.655901361749156, 2.025283514231358, 2.067478509387598, 2.213601478071852, 2.127243498852288, 2.1001881704602092, 2.0511803627626266, 2.055651490407096, 1.9983615653699194, 1.6347896048242185, 1.126049764268369, 1.3180490832317158, 1.4193541107558432, 1.4447599891730691, 1.3389437871511596, 1.4966471667317702, 1.3484965208529562, 1.3831534834338766, 1.3237538648469136, 0.9866114748209633, 0.6662054687756207, 0.5730694902019425, 0.6983230966020775, 0.6905153902552389, 0.6701097933489131, 0.6608421357358855, 0.70381800327022, 0.6477530018062029, 0.6426249420871997, 0.29941158023362235, 0.5409521105262491, 0.05597444218739446, 0.12010354763365792, 0.08599734444032077, 0.05647735601450386, 0.12326213166575918, 0.11233711630216332, 0.08848837784851393, -0.02774987126810306, -0.23939914454218778, 0.46877045429919245, -0.2740329326948925, -0.2723675756871945, -0.2833419045640067, -0.26909914123715634, -0.29324931736255855, -0.3215387969306538, -0.34524780809305616, -0.370115469719076, -0.518556850221873, 0.39760199682815683, -0.5419650808502109, -0.5962555483606783, -0.5319376821529598, -0.5645288624189237, -0.5534558696753008, -0.5835183554740576, -0.5867160564549017, -0.691312038831998, -0.7730618103818881, 0.35898964485306184, -0.6654780008990927, -0.7715403611139491, -0.7260644696439381, -0.7897569851841325, -0.765291924988086, -0.7901977102734409, -0.8021280653304946, -0.7744149248543577, -0.9347545739248236, 0.39034232321074136, -0.7189378126476252, -0.8606006477837456, -0.9173783527777737, -0.8914494671302202, -0.9428980090097134, -0.913787113084112, -0.9815851234222731, -0.9647661608088165, -1.0147303873169093, 0.3387313741547706, -0.769602048327422, -0.9730767648629247, -1.0103014410160525, -1.0118918704964914, -1.0497414964230856, -1.018013013834918, -1.033635599932374, -1.0744955465544974, -1.0943405980252938, 0.11894689281393905, -0.8694827722874855, -1.0367172050043716, -1.077051742697687, -1.1147000643297273, -1.0931276027751, -1.11142766471375, -1.1350600026579922, -1.1297676850643519, -1.1595034903596002], "bean_num": 0.5, "model_info": {"det_num_x": 10, "det_num_y": 10, "det_y": 0.03, "det_x": 0.03, "size_x": 0.5, "size_y": 0.5, "med_margin": 0.0015}}