{"source": [456.5452699002431, 346.7298236095834], "intensity": 100, "miu_detector": 0.3, "miu_medium": 1.2, "miu_air": 0.00018, "output": [0.0, 0.0, 0.0, 0.0, 0.0, 0.0, 0.0, 0.0, 0.0, 0.0, 0.0, 0.0, 0.0, 0.0, 0.0, 0.0, 0.0, 0.0, 0.0, 0.0, 0.0, 0.0, 0.0, 0.0, 0.8649586195703711, 0.13504138042962885, 0.0, 0.0, 0.0, 0.0, 0.0, 0.0, 0.0, 0.0, 0.0, 0.0, 0.0, 0.0, 0.0, 0.0], "miu_de": 0.5, "input": [1.5771951778805378, 1.652276721300803, 1.6120458945235385, 1.6722787129619658, 1.3910575797520315, 1.5786632124336177, 1.5827408488258654, 1.6750974165803447, 1.6140904753664385, 1.2677909791070043, 1.7302337518937558, 0.9429381469776364, 0.652710464596763, 0.6651911303791267, 0.7490950309622227, 0.6937966288689731, 0.6029413863221582, 0.596859878850016, 0.532971734000053, 0.3790579918402931, 1.7681313927184719, 0.8307944193606176, 0.25064851561122165, 0.05472794615480257, -0.03238959323973894, -0.06656139724578584, -0.07994656952433271, -0.13615572921743904, -0.21641257530553565, -0.3824731999969111, 1.6980449288898327, 0.7939147871059797, 0.08312192412482805, -0.29763921424527984, -0.4833659828381897, -0.4781075820420343, -0.5446200792455926, -0.6031221785330885, -0.5728383318029169, -0.6829659953322919, 1.7485849584799347, 0.816666973044762, 0.17056904531910447, -0.37917794345040307, -0.6451138668104734, -0.7755826652206828, -0.8569081058422592, -0.8640783617701634, -0.8407814092088896, -0.9437781291556004, 1.818695050158849, 0.79772387847295, 0.03685376607058647, -0.3307733089789136, -0.7217182226197713, -0.8627862464637338, -1.0056964805752564, -0.9835095346131432, -1.044462009978191, -1.0973475097914398, 1.6990522710541869, 0.8295991117150082, 0.07516882111061259, -0.3649518512264137, -0.6786510460865534, -0.9007686067583925, -1.0484778931660579, -1.0989809595300573, -1.1332445021667974, -1.1798818908407085, 1.7262292805289288, 0.7810018256227748, 0.04918172905610333, -0.43351911931382725, -0.781961952296278, -0.9283026066291908, -1.0637977785034218, -1.131693770214291, -1.186884635710436, -1.2040154679919486, 1.71117680334565, 0.7114180106331128, 0.06224064376996827, -0.448362605949904, -0.7875721661616378, -0.9940454952207007, -1.0770015553982601, -1.1494038343463633, -1.217498675405622, -1.2585391862510156, 1.3185412009222146, 0.4729831707645902, -0.16125444074393827, -0.5930213170959784, -0.86776856909192, -1.0380161625969841, -1.1213113346935428, -1.1834518826077483, -1.246509308201726, -1.2669027802104678], "bean_num": 0.5, "model_info": {"det_num_x": 10, "det_num_y": 10, "det_y": 0.03, "det_x": 0.03, "size_x": 0.5, "size_y": 0.5, "med_margin": 0.0015}}