{"source": [-369.7734501769016, -467.3359258388287], "intensity": 100, "miu_detector": 0.3, "miu_medium": 1.2, "miu_air": 0.00018, "output": [0.0, 0.0, 0.0, 0.0, 0.0, 0.26137187256822164, 0.7386281274317784, 0.0, 0.0, 0.0, 0.0, 0.0, 0.0, 0.0, 0.0, 0.0, 0.0, 0.0, 0.0, 0.0, 0.0, 0.0, 0.0, 0.0, 0.0, 0.0, 0.0, 0.0, 0.0, 0.0, 0.0, 0.0, 0.0, 0.0, 0.0, 0.0, 0.0, 0.0, 0.0, 0.0], "miu_de": 0.5, "input": [0.5797163215568653, 0.7320203848302583, 0.7217702393595744, 0.8172986311302142, 0.8026693424146506, 0.8565307252210015, 0.8850665159878763, 1.0167900629346964, 1.1518426819004344, 1.7184513387041647, -0.5994483953475361, -0.4698914339160747, -0.3956226308579332, -0.31916684884344515, -0.2662637937446693, -0.17571010746033427, 0.013267798578374422, 0.5015987398089582, 1.1885211358951187, 2.03222598351069, -0.9582314868171815, -0.8939012216800476, -0.815727430701378, -0.7079011042618043, -0.5865773354688, -0.2979882335228386, -0.038772423641602285, 0.5432443776489382, 1.2885375099879561, 2.0197349646384994, -1.0918036670702298, -1.0256870592204328, -0.9245614777136251, -0.7947995047140733, -0.6633421934105843, -0.33355551074268175, 0.010612066393652354, 0.5577825969087163, 1.2364402551978029, 1.9436733700209947, -1.1262437750264684, -1.066274178179003, -0.9486614014461856, -0.8371397539462296, -0.6623844271484468, -0.3353303120551852, -0.013765036619137543, 0.5867509636699761, 1.299161753096605, 2.0482503690515617, -1.1459308588231156, -1.052876784674831, -0.943198802572107, -0.8367706891196235, -0.6419665478995934, -0.3607716785531469, 0.04779116783773166, 0.5444993982373143, 1.2880762347195398, 2.080855834976142, -1.1610190824770614, -1.0640059111657814, -0.9721453672556376, -0.8590006445586661, -0.6719835966155924, -0.40362082826425133, 0.0024283790746205828, 0.5547562801929312, 1.3194828554710292, 2.1174388327014713, -1.1606052584283595, -1.066091203009034, -0.9944637675978937, -0.8631402996454846, -0.6534349782828031, -0.38053954450236405, 0.025865376748266278, 0.5321297568103929, 1.2848861755121443, 2.033798540635401, -1.1697319914655302, -1.079377360199926, -1.01435541269107, -0.8936540938805049, -0.7102866828396753, -0.45529696649228973, -0.08444627807449798, 0.5346802960473104, 1.1971967240424737, 2.1090826884540244, -1.1944242530890499, -1.1221589322274337, -1.0466997522252939, -0.9366952447724588, -0.8242110329611984, -0.5689381135459183, -0.2577364982152709, 0.15390808832461664, 0.8295481954507046, 1.729946245997686], "bean_num": 0.5, "model_info": {"det_num_x": 10, "det_num_y": 10, "det_y": 0.03, "det_x": 0.03, "size_x": 0.5, "size_y": 0.5, "med_margin": 0.0015}}