{"source": [582.9591846686839, 132.05501265861017], "intensity": 100, "miu_detector": 0.3, "miu_medium": 1.2, "miu_air": 0.00018, "output": [0.0, 0.0, 0.0, 0.0, 0.0, 0.0, 0.0, 0.0, 0.0, 0.0, 0.0, 0.0, 0.0, 0.0, 0.0, 0.0, 0.0, 0.0, 0.0, 0.0, 0.0, 0.5818289758332353, 0.41817102416676466, 0.0, 0.0, 0.0, 0.0, 0.0, 0.0, 0.0, 0.0, 0.0, 0.0, 0.0, 0.0, 0.0, 0.0, 0.0, 0.0, 0.0], "miu_de": 0.5, "input": [1.5895104184053865, 0.7674031296989128, 0.0711922228974504, -0.34606795865708634, -0.6553715584232628, -0.8751818144678359, -0.9866839284584665, -1.1166211466676854, -1.1886553930896175, -1.2139024696690257, 1.9093639782545655, 1.0167788678390757, 0.3492092335430298, -0.2024170293859844, -0.551308686045235, -0.7783433940720018, -0.9367188019151232, -1.025039091303542, -1.1333939923109606, -1.188414511143504, 1.9495999731929103, 1.1760155714065643, 0.40687302790324253, -0.189808160666464, -0.5221786390292715, -0.7187299297826469, -0.9506435830735483, -1.0587050196387382, -1.1172122385533954, -1.1991563771809557, 2.0523527026601887, 1.0965819267955585, 0.504156490304503, -0.08296127724131551, -0.5164266964074857, -0.7168630412217842, -0.9451108933489186, -1.0608579432866916, -1.1110734170909504, -1.1781404820507664, 2.0327366898575643, 1.2320942821627057, 0.4526881223524988, -0.08452706245602225, -0.4440333453773076, -0.7064509094465553, -0.9285820132610958, -1.060865224607964, -1.1009488533913006, -1.1712560194013166, 2.016968711913421, 1.2299237671393932, 0.42392234736355605, -0.13574876269068858, -0.47387443417715647, -0.6687073335087345, -0.8578943217002261, -0.9623333233865105, -1.0439222618418116, -1.1228755372816392, 1.9750494166608674, 1.0638093277087142, 0.35721253654103163, -0.09868214253323351, -0.45271438255164004, -0.6822769570246352, -0.7663774182541472, -0.8511520894594604, -0.9573468311270709, -0.988317418351982, 1.8710770082721613, 1.0721042400210348, 0.4433699850083231, -0.13843238709349134, -0.3142717251197353, -0.49547830827135053, -0.5593503078830889, -0.6014866940178323, -0.669219121422336, -0.7473470345651388, 1.8771670364522028, 1.1265305436833974, 0.4429327845118186, 0.20428564791235002, 0.03479060590738141, 0.007777981030967149, -0.02685372506616859, -0.11536737842830164, -0.03886152445427281, -0.1974310334368299, 1.7204231949474693, 1.3297753427254457, 1.2482641838964488, 1.2689844063294076, 1.2926280475240703, 1.1504963502908268, 1.157318838091203, 1.1068089073300234, 1.108360335848073, 0.8924351713875531], "bean_num": 0.5, "model_info": {"det_num_x": 10, "det_num_y": 10, "det_y": 0.03, "det_x": 0.03, "size_x": 0.5, "size_y": 0.5, "med_margin": 0.0015}}