{"source": [601.1108017959914, -36.47888204584181], "intensity": 100, "miu_detector": 0.3, "miu_medium": 1.2, "miu_air": 0.00018, "output": [0.0, 0.0, 0.0, 0.0, 0.0, 0.0, 0.0, 0.0, 0.0, 0.0, 0.0, 0.0, 0.0, 0.0, 0.0, 0.0, 0.0, 0.0, 0.0, 0.3858645002542455, 0.6141354997457544, 0.0, 0.0, 0.0, 0.0, 0.0, 0.0, 0.0, 0.0, 0.0, 0.0, 0.0, 0.0, 0.0, 0.0, 0.0, 0.0, 0.0, 0.0, 0.0], "miu_de": 0.5, "input": [1.452762689329311, 1.7246145981254957, 1.814383888060219, 1.8214312907865935, 1.850748062079128, 1.8301632999823279, 1.7917963224416518, 1.8371568632875421, 1.8293946310915747, 1.6458184506468223, 0.5890991873449679, 0.8682072245994635, 0.9552713102285626, 0.9462970197239639, 0.9875863120716318, 0.981314103291168, 0.9615282318125185, 0.9961778029311685, 1.025982261520959, 1.5185144093117642, -0.07062355032543077, 0.1604959680145508, 0.1929343957748799, 0.22328782697133046, 0.20980192100608075, 0.20607436354434613, 0.2920216659235059, 0.282587704605017, 0.6282091611654164, 1.532154552265419, -0.5300244089089394, -0.37300692271959823, -0.31857709208528845, -0.29825947254815005, -0.29629179272417266, -0.26732527351780133, -0.21375395124779056, -0.07394565867228953, 0.456626303101295, 1.5923223712442651, -0.784027973084204, -0.6666159835195974, -0.6366249768763634, -0.6376727854606926, -0.6129204019736482, -0.58613160850553, -0.5237791617209294, -0.1980653959004738, 0.42225612651305916, 1.4842847171051967, -0.9624959749285923, -0.9137239043280339, -0.8738061128238019, -0.8627064915707797, -0.8276035896468916, -0.7736577653397553, -0.6416320028088096, -0.24879084441697497, 0.4561190076161626, 1.4768496823026853, -1.0829049995718707, -1.0441926151250787, -1.0265830695663563, -0.9949285237918339, -0.966947664827345, -0.868425500519792, -0.6446352732731482, -0.25870069613992946, 0.44075661207216804, 1.4413414539938991, -1.1558987932233113, -1.1330133569332852, -1.0966834688902187, -1.0819563373557703, -1.0372509663372191, -0.9418635610825947, -0.7331295355755164, -0.2872278056141226, 0.3707481665832227, 1.4210868994519847, -1.2132782675595053, -1.184242156258477, -1.161728725666506, -1.1454052915520585, -1.089860488311217, -0.956596450212584, -0.7514896952264637, -0.34147189924449484, 0.35238267346351393, 1.4087463759570602, -1.252415936982722, -1.239170186079144, -1.2031900396519521, -1.1911492136897575, -1.1226855595059406, -1.0122394718808638, -0.8158012153063043, -0.5110297749997164, 0.1277567750981481, 1.1310669531695838], "bean_num": 0.5, "model_info": {"det_num_x": 10, "det_num_y": 10, "det_y": 0.03, "det_x": 0.03, "size_x": 0.5, "size_y": 0.5, "med_margin": 0.0015}}