{"source": [537.9359136178622, -279.4260765159134], "intensity": 100, "miu_detector": 0.3, "miu_medium": 1.2, "miu_air": 0.00018, "output": [0.0, 0.0, 0.0, 0.0, 0.0, 0.0, 0.0, 0.0, 0.0, 0.0, 0.0, 0.0, 0.0, 0.0, 0.0, 0.0, 0.04991373986607716, 0.9500862601339228, 0.0, 0.0, 0.0, 0.0, 0.0, 0.0, 0.0, 0.0, 0.0, 0.0, 0.0, 0.0, 0.0, 0.0, 0.0, 0.0, 0.0, 0.0, 0.0, 0.0, 0.0, 0.0], "miu_de": 0.5, "input": [1.716625205693697, 0.9430215522936464, 0.28741103682652314, -0.12817689709084343, -0.4845869107811955, -0.702850088410081, -0.8102458829310577, -0.9600709008599652, -1.0587255076403654, -1.1081410708420096, 2.0730347189653258, 1.2981283518840396, 0.7009974151225761, 0.09262209412958217, -0.300381083192597, -0.6293648956240312, -0.784072767788968, -0.9041179599880792, -0.9874595224541406, -1.077203058154473, 2.1726106994683287, 1.4425701927115282, 0.7025629123528919, 0.19648319751269547, -0.26515768247358457, -0.593823713333901, -0.7423991698838165, -0.8443096116177556, -0.9805392610788699, -1.0381950267841094, 2.1124788725888055, 1.24357708421203, 0.7552621749339917, 0.1535611279668074, -0.21994892189616852, -0.4892332012415961, -0.7211507241261157, -0.8412006036713843, -0.9670066556139243, -1.059077692092313, 2.2042594592715075, 1.4409110922636643, 0.6983986380124303, 0.12798123211193876, -0.23201154407792235, -0.496874732271907, -0.6874625831990108, -0.8540172976861173, -0.9519536511307876, -1.0769816997112804, 2.240485151564827, 1.3687229421369205, 0.8065210566555575, 0.2158449938460842, -0.2726171558537434, -0.529897121924194, -0.6713487038705361, -0.8545330169569042, -0.9559342387185513, -1.075574692045169, 2.2359794530559487, 1.4589273784456633, 0.6451280975865553, 0.15985889595291075, -0.2514371858651747, -0.5228026256396505, -0.7177102352505474, -0.8801683072494719, -0.9737273077268983, -1.0463796877318456, 2.1528619542204255, 1.497666089761708, 0.7551833028189627, 0.10097762555857662, -0.24153467613671684, -0.46027148403387186, -0.6809467700661163, -0.8373617866449029, -0.9744502877676294, -1.0678790902466617, 2.063422999473928, 1.4855232019684481, 0.5432651321108404, 0.0993088674778485, -0.24539669453945745, -0.5105306498376879, -0.7348227747778306, -0.8412093273727308, -0.9170379140709782, -0.9982531124246783, 1.781209340049166, 1.0601494070774249, 0.4638775096391258, 0.23747369239087773, -0.007556595910686579, -0.1740238556620696, -0.2532672179722173, -0.27815229631987026, -0.3409639951578352, -0.4223550246908224], "bean_num": 0.5, "model_info": {"det_num_x": 10, "det_num_y": 10, "det_y": 0.03, "det_x": 0.03, "size_x": 0.5, "size_y": 0.5, "med_margin": 0.0015}}