{"source": [590.7232473695478, 153.95329316842827], "intensity": 100, "miu_detector": 0.3, "miu_medium": 1.2, "miu_air": 0.00018, "output": [0.0, 0.0, 0.0, 0.0, 0.0, 0.0, 0.0, 0.0, 0.0, 0.0, 0.0, 0.0, 0.0, 0.0, 0.0, 0.0, 0.0, 0.0, 0.0, 0.0, 0.0, 0.3769561728682892, 0.6230438271317108, 0.0, 0.0, 0.0, 0.0, 0.0, 0.0, 0.0, 0.0, 0.0, 0.0, 0.0, 0.0, 0.0, 0.0, 0.0, 0.0, 0.0], "miu_de": 0.5, "input": [1.657661472043757, 1.9833686366239591, 2.0417377446373894, 2.0270617201457664, 2.0637736962553603, 2.1164847974723497, 2.1018889968142833, 2.0236228093995936, 1.9958346046169166, 1.6572063641442982, 0.9334604244978922, 1.2716662204180376, 1.31198791557188, 1.3551542887958867, 1.3382730012131483, 1.3338274003259272, 1.3759600229822317, 1.3334535487738928, 1.2703764427048805, 1.193291070577629, 0.22037761764443492, 0.5527018457601433, 0.5505615966613963, 0.5802105220956206, 0.5772793910637466, 0.6092846676287758, 0.607436054550738, 0.57122946607745, 0.5123220091095264, 0.9480899640391256, -0.2881863434983299, -0.10796912405844816, 0.02784114097242021, 0.005552603966758796, 0.015622369887285655, 0.05090383461774419, 0.056145604882384154, 0.058672595783586606, 0.04964650942009018, 0.8063649130593268, -0.5928030394355293, -0.39957102955230983, -0.3748250539616997, -0.3580047541233664, -0.3545279390038878, -0.3375514907529171, -0.32495197404636056, -0.33543051310240235, -0.22401721619670592, 0.7923521668461486, -0.814099176572861, -0.7101572622755422, -0.6533191878997521, -0.6396625227861592, -0.6418665744766563, -0.6364811540125603, -0.595329407057525, -0.5743949139571513, -0.3468826996805301, 0.7077109182951703, -0.9419637229414339, -0.8872318123906183, -0.8538196873571834, -0.8583086811287943, -0.847183040855356, -0.8178948672920087, -0.8017062942225222, -0.7583234434777999, -0.42333052424876494, 0.6944087985222187, -1.039626206646523, -1.0077278081303642, -0.9912662895779594, -0.9660231612491879, -0.9498542625795405, -0.932228350196655, -0.9199665780177194, -0.8590372257348956, -0.4964203503501885, 0.6156607333495017, -1.114965897160132, -1.089538945902178, -1.0757473529149828, -1.0734116852906723, -1.0560189789975938, -1.049675348478276, -1.0214901023053133, -0.9002356184760368, -0.4961803640328448, 0.6096422515197206, -1.1747775788166566, -1.1619919920532071, -1.1411927628720284, -1.14262792330464, -1.1355046172694894, -1.1091357617519375, -1.0744883808521188, -0.9760630022921521, -0.61226597657416, 0.4611472184242207], "bean_num": 0.5, "model_info": {"det_num_x": 10, "det_num_y": 10, "det_y": 0.03, "det_x": 0.03, "size_x": 0.5, "size_y": 0.5, "med_margin": 0.0015}}