{"source": [221.159598123151, -573.5593973006681], "intensity": 100, "miu_detector": 0.3, "miu_medium": 1.2, "miu_air": 0.00018, "output": [0.0, 0.0, 0.0, 0.0, 0.0, 0.0, 0.0, 0.0, 0.0, 0.0, 0.0, 0.0, 0.6570874862826638, 0.3429125137173362, 0.0, 0.0, 0.0, 0.0, 0.0, 0.0, 0.0, 0.0, 0.0, 0.0, 0.0, 0.0, 0.0, 0.0, 0.0, 0.0, 0.0, 0.0, 0.0, 0.0, 0.0, 0.0, 0.0, 0.0, 0.0, 0.0], "miu_de": 0.5, "input": [-1.2187235396459093, -1.205105318820214, -1.1850376890782632, -1.170587562788457, -1.1567538159554323, -1.1336333349615921, -1.0566761397058844, -0.8244632992536769, -0.3147887759862537, 0.8304140586430339, -1.1664051312763462, -1.144767142400401, -1.0887867600672225, -1.1112088405063871, -1.126544996915586, -1.0914372975938484, -0.9951900875457925, -0.7207432517616147, -0.12456149594591075, 1.1684535137581007, -1.1137206004957043, -1.1017659748595836, -1.0563527295101014, -1.0236088252860513, -1.011107579658022, -0.9820748325232284, -0.9165228397654492, -0.6954477409324324, -0.08902938992508255, 1.118615712839376, -0.9757338427894892, -0.9407672151491008, -0.9147248016525412, -0.9158389325548675, -0.8608805852112528, -0.8680849809548504, -0.7728987471069393, -0.6418631880191116, -0.01414214109561066, 1.0381470370179602, -0.8685653506011233, -0.821087526431306, -0.7022917323914623, -0.7223448051766767, -0.709058792218267, -0.6473600808264806, -0.6788320317233119, -0.5969367037724994, -0.07160848664411897, 1.0111123073504535, -0.6511807201404426, -0.48865917176556556, -0.5229674159591406, -0.4029654523041966, -0.45841030638910213, -0.46606714136643496, -0.39302529425907134, -0.383646484482712, -0.0433412626273473, 1.1962136841286073, -0.31997937730392767, -0.1776450443561537, -0.013387965603191335, -0.025069915421559275, -0.06340412111870133, -0.05914339340902207, -0.1014318860157375, -0.011391800934171095, 0.2062238942897079, 1.0892530471538036, 0.1768437256322461, 0.38117890401697146, 0.4328170019701276, 0.46506212584194767, 0.53826833975537, 0.3798228628968997, 0.44473010955895853, 0.5200708919089161, 0.5329742315482033, 1.2018256330456663, 0.7425010698540707, 1.1208834435467292, 1.167072810260119, 1.3493850974695645, 1.2671271591682118, 1.246268798681054, 1.3380027858342, 1.1216627806511745, 0.9974986723340318, 1.2415110895418928, 1.644003811434737, 1.9138356504988687, 1.955714296562347, 1.906257372910052, 1.949229920810508, 1.8839639163561441, 1.9492267944483477, 2.095180571279682, 1.8977165075685594, 1.610712060373306], "bean_num": 0.5, "model_info": {"det_num_x": 10, "det_num_y": 10, "det_y": 0.03, "det_x": 0.03, "size_x": 0.5, "size_y": 0.5, "med_margin": 0.0015}}