{"source": [-357.65446103642023, 501.35728932038], "intensity": 100, "miu_detector": 0.3, "miu_medium": 1.2, "miu_air": 0.00018, "output": [0.0, 0.0, 0.0, 0.0, 0.0, 0.0, 0.0, 0.0, 0.0, 0.0, 0.0, 0.0, 0.0, 0.0, 0.0, 0.0, 0.0, 0.0, 0.0, 0.0, 0.0, 0.0, 0.0, 0.0, 0.0, 0.0, 0.0, 0.0, 0.0, 0.0, 0.0, 0.0, 0.0, 0.055220763267710075, 0.9447792367322899, 0.0, 0.0, 0.0, 0.0, 0.0], "miu_de": 0.5, "input": [1.6240330359334152, 1.90268180823085, 1.9722556602834465, 1.8189130211031797, 1.994448442668757, 2.0867177297825372, 2.0459273982951327, 2.0054426652023527, 1.9876666731911639, 1.5534630376740177, 1.178932223899145, 1.0944632294623313, 1.1750374252208469, 1.119287857041913, 1.1631616670225982, 1.211953678393659, 1.183496967164892, 1.125866844449642, 1.188429619258424, 0.6971454354413065, 1.2592317464922236, 0.49583560490724865, 0.44192206632124154, 0.3927642813196189, 0.4390216476676222, 0.5953978028651589, 0.39062711778298187, 0.3768397148139401, 0.42745551319727965, 0.15586914881267155, 1.1965218028465578, 0.17834577334453625, -0.11433411946846674, -0.08507770370818579, -0.0850963510311321, -0.014134960742589011, -0.13033539578256917, -0.19465180006965394, -0.1406933191992198, -0.3704700596649284, 1.2030690535095556, 0.11504436885317347, -0.3624678215442965, -0.4404677253271792, -0.47319598465759927, -0.4507263565956434, -0.4562324597544301, -0.4613612121044804, -0.571122156979152, -0.6673470369708508, 1.159554273692795, -0.019811369701224702, -0.5335958164171691, -0.7182648858727341, -0.7090011740793641, -0.762348812956044, -0.756084394145967, -0.6923000351411412, -0.7760515484585069, -0.8537846508404802, 1.1180668391255888, 0.0022432983100270838, -0.6113437583647556, -0.8222766607306148, -0.8547394430346908, -0.8812974117772215, -0.8883786262161742, -0.8834410070261752, -0.9172807114799467, -1.0456675564310143, 1.1150423105445106, -0.04080265603831462, -0.6399286349251584, -0.8783830034668598, -0.9616950885544858, -1.0423283282188005, -1.0495360194899954, -1.022130226740733, -1.0666184364020004, -1.1204419902043756, 1.0937530525948749, -0.13448864883068798, -0.6517451541127145, -0.9288368665989952, -1.067026900529073, -1.1016445012201967, -1.140654747350096, -1.1278337748812437, -1.135421129533339, -1.1735066045179352, 0.8389329193377862, -0.26260681832521143, -0.7563427125428672, -1.020182572193245, -1.1317793104942984, -1.1358156918782047, -1.180675992688562, -1.1893836385729846, -1.189586819584789, -1.2320841618902514], "bean_num": 0.5, "model_info": {"det_num_x": 10, "det_num_y": 10, "det_y": 0.03, "det_x": 0.03, "size_x": 0.5, "size_y": 0.5, "med_margin": 0.0015}}