{"source": [439.65602942599384, 432.76588488675225], "intensity": 100, "miu_detector": 0.3, "miu_medium": 1.2, "miu_air": 0.00018, "output": [0.0, 0.0, 0.0, 0.0, 0.0, 0.0, 0.0, 0.0, 0.0, 0.0, 0.0, 0.0, 0.0, 0.0, 0.0, 0.0, 0.0, 0.0, 0.0, 0.0, 0.0, 0.0, 0.0, 0.0, 0.05027740569632471, 0.9497225943036753, 0.0, 0.0, 0.0, 0.0, 0.0, 0.0, 0.0, 0.0, 0.0, 0.0, 0.0, 0.0, 0.0, 0.0], "miu_de": 0.5, "input": [-1.2048052599875634, -1.16446417894608, -1.0710098796036458, -1.0194504388887053, -0.8275153441806916, -0.6146111928588543, -0.2677788727739502, 0.1274425549492922, 0.8654600794767328, 1.5790322517468527, -1.175614773382557, -1.0838447774344173, -1.0148115932760962, -0.8846677544823297, -0.7435342417961112, -0.4340734960275977, -0.0552689840746301, 0.37510274726326964, 1.234573166938744, 1.9646275974213556, -1.175330849962484, -1.082137379403263, -0.9887870922735519, -0.8580654849563171, -0.6965676547804732, -0.4359526053416375, -0.04542190204745538, 0.4780496622216001, 1.2475598786689877, 2.1328580073726062, -1.1433701409470873, -1.0906158401895616, -0.9931589612574072, -0.9137073381188329, -0.6685395618829157, -0.37121952974322914, -0.015295666664401904, 0.5250443183860898, 1.2774099095242109, 1.9741496081403371, -1.1329530335924562, -1.0906204092229836, -0.9927982442091996, -0.8743313045905452, -0.6000141357973869, -0.4061652025214656, -0.048785226197735905, 0.5587423585901183, 1.277192611500895, 1.9568361979968907, -1.1166030582721567, -1.0453596877657416, -0.9809000167913606, -0.8250946551491617, -0.6468749808594214, -0.4270418701563441, 0.015480448867973636, 0.5198349160437657, 1.284817731414395, 2.12405793524801, -1.0777330904946076, -1.017121733901286, -0.8975585831127507, -0.7724442136345356, -0.6486021555086111, -0.3690376461729426, -0.029908945162331745, 0.572088930658799, 1.3895268473625229, 2.1395202040847994, -0.9097481024167097, -0.821489420766258, -0.7717807772614776, -0.7142077916080505, -0.5717056142647126, -0.3075008282719357, -0.020187344648493765, 0.49673473902870857, 1.2305577547714277, 1.9801507713868365, -0.47168251048028387, -0.3547537896271363, -0.31534795699179424, -0.2499849811000625, -0.2786899249042996, -0.10722726566113241, 0.06808775228277597, 0.4367735536428028, 1.1326289950345403, 1.9291121328948257, 0.6295870992392334, 0.8069527692004712, 0.7429325025734385, 0.8517275912220461, 1.037879906716346, 1.0354602593958337, 0.9469375537552529, 1.018397968443403, 1.2330765323601354, 1.7374694505708927], "bean_num": 0.5, "model_info": {"det_num_x": 10, "det_num_y": 10, "det_y": 0.03, "det_x": 0.03, "size_x": 0.5, "size_y": 0.5, "med_margin": 0.0015}}