{"source": [250.235527632371, 565.7591753876758], "intensity": 100, "miu_detector": 0.3, "miu_medium": 1.2, "miu_air": 0.00018, "output": [0.0, 0.0, 0.0, 0.0, 0.0, 0.0, 0.0, 0.0, 0.0, 0.0, 0.0, 0.0, 0.0, 0.0, 0.0, 0.0, 0.0, 0.0, 0.0, 0.0, 0.0, 0.0, 0.0, 0.0, 0.0, 0.0, 0.0, 0.6510919185347989, 0.3489080814652011, 0.0, 0.0, 0.0, 0.0, 0.0, 0.0, 0.0, 0.0, 0.0, 0.0, 0.0], "miu_de": 0.5, "input": [-1.2216019583023114, -1.1616726097753256, -1.0807942437760663, -0.9789601183489318, -0.8875171052601412, -0.7028309726777683, -0.3502754419615291, 0.10309945911252, 0.8291975484009871, 1.5331175869489533, -1.1928961276957848, -1.1318145895126936, -1.0724838609363871, -0.9288133342562958, -0.7865110898662042, -0.5047380054315403, -0.13335907761544433, 0.4103800289735855, 1.1248159497324237, 1.9947513710835605, -1.184138994003441, -1.1406871874243452, -1.0041293952975963, -0.8962248473122827, -0.7415756696767366, -0.491847647848559, -0.06747862774292547, 0.5007034312203245, 1.2520245001357, 1.9814677349725225, -1.1701018331117827, -1.0912146079930511, -1.0205812071318927, -0.8713988845317543, -0.7363972998799916, -0.41463395810362347, -0.056088242950123525, 0.4278474739997297, 1.2435682570230364, 2.0174307122895856, -1.1587596260977697, -1.0799649884696627, -0.9654122832465879, -0.8657987843744326, -0.691175486478122, -0.4023645687473174, -0.09200739856960437, 0.5515623117839199, 1.234434244742842, 2.035636575720827, -1.1215132689728875, -1.0778719649547983, -0.9845437386647281, -0.8194977161963454, -0.6892802350428051, -0.4283688257447278, -0.07782482411961061, 0.5088353911931481, 1.245907445157403, 2.0233677838466075, -1.0632134993329365, -1.0151665049824516, -0.8948435394073462, -0.8123987933603415, -0.6880588517888482, -0.36737212111867296, -0.04901682038608947, 0.4504420741657103, 1.2242282889835296, 1.9137856222666405, -0.8512556159111634, -0.7467025671372298, -0.6677275932744533, -0.6219125702675842, -0.5880420277171569, -0.3832023218326495, -0.009272221260033704, 0.5122195465949922, 1.1981706855112804, 1.9043345198515589, -0.3835172585648969, -0.2553238743681006, -0.13491073295989806, -0.06416639733045953, -0.05960014389242534, 0.0048432304055774315, 0.1589303527839806, 0.49776139467670005, 1.1121531082743175, 1.9864334708474778, 0.7163195739692022, 0.9995833523200108, 0.9662352848959264, 1.0863537739235738, 1.04332578848542, 1.1321199008163247, 1.0904892869357237, 1.168670736181129, 1.2871233575614138, 1.6591829472085313], "bean_num": 0.5, "model_info": {"det_num_x": 10, "det_num_y": 10, "det_y": 0.03, "det_x": 0.03, "size_x": 0.5, "size_y": 0.5, "med_margin": 0.0015}}