{"source": [446.53619703733324, 431.0979910067427], "intensity": 100, "miu_detector": 0.3, "miu_medium": 1.2, "miu_air": 0.00018, "output": [0.0, 0.0, 0.0, 0.0, 0.0, 0.0, 0.0, 0.0, 0.0, 0.0, 0.0, 0.0, 0.0, 0.0, 0.0, 0.0, 0.0, 0.0, 0.0, 0.0, 0.0, 0.0, 0.0, 0.0, 0.11197437156617711, 0.8880256284338229, 0.0, 0.0, 0.0, 0.0, 0.0, 0.0, 0.0, 0.0, 0.0, 0.0, 0.0, 0.0, 0.0, 0.0], "miu_de": 0.5, "input": [-1.248457676532836, -1.239057050646021, -1.2205891782792153, -1.2052689118520887, -1.1421375445293873, -1.0293286948331979, -0.884641978329085, -0.5117612120274773, 0.053331307600753705, 1.165502158862844, -1.22049360834519, -1.1823448438706714, -1.1553339419717892, -1.1460588356028059, -1.1160508863777576, -0.9705213607353222, -0.7675135502162846, -0.3804890475969035, 0.3257017398580807, 1.380350140158622, -1.1669621028409751, -1.1114944258005703, -1.1003380655163602, -1.0940405516809635, -1.053370923223998, -0.9384779367971714, -0.7082752064414476, -0.32193496297464896, 0.37711481016486387, 1.433662024155055, -1.090415368238989, -1.03105441881465, -1.0145751708362547, -0.9902541468137326, -0.9342413841094162, -0.8720689850393477, -0.6919189045758104, -0.3354877000723503, 0.373979249054316, 1.45871852602973, -0.9608529808050641, -0.9106546557140115, -0.857520310067139, -0.8307330665786635, -0.825293709016342, -0.8058286465109961, -0.6373446533549697, -0.2685843114430789, 0.45413124697431173, 1.4248932349953123, -0.8303070636112568, -0.6225426122194037, -0.6056963411347034, -0.618394735226332, -0.6291930922989013, -0.5615865802279626, -0.4924871246108498, -0.2196742400722236, 0.4450056339423693, 1.532453867699383, -0.5403832610788232, -0.3138567849534406, -0.2775717706404559, -0.2729237871017714, -0.2569182487152507, -0.24851676044131088, -0.2029809508647375, -0.06890592212084634, 0.4916894703102915, 1.4504159201413775, -0.06970267337808064, 0.1691849025381158, 0.2350474610315918, 0.2848699733274234, 0.2975545092723031, 0.29549488987574746, 0.22922270980692133, 0.3271758007329926, 0.5611763626944044, 1.4534952664660559, 0.6220113988724559, 0.8867088556419492, 0.9440413720704376, 0.9000830862102732, 1.041972907532716, 1.0142327322575078, 0.995882515038801, 1.0414036576751045, 0.9596035375231826, 1.507222388498063, 1.5344211896516333, 1.7481438812502423, 1.8289925184802935, 1.8052887260126724, 1.8372698670696248, 1.8719794070048292, 1.8460071271192544, 1.8176241905850739, 1.730765309258854, 1.6495869842634676], "bean_num": 0.5, "model_info": {"det_num_x": 10, "det_num_y": 10, "det_y": 0.03, "det_x": 0.03, "size_x": 0.5, "size_y": 0.5, "med_margin": 0.0015}}