{"source": [-453.28761765390794, -423.05889085740404], "intensity": 100, "miu_detector": 0.3, "miu_medium": 1.2, "miu_air": 0.00018, "output": [0.0, 0.0, 0.0, 0.0, 0.2195088122256309, 0.7804911877743691, 0.0, 0.0, 0.0, 0.0, 0.0, 0.0, 0.0, 0.0, 0.0, 0.0, 0.0, 0.0, 0.0, 0.0, 0.0, 0.0, 0.0, 0.0, 0.0, 0.0, 0.0, 0.0, 0.0, 0.0, 0.0, 0.0, 0.0, 0.0, 0.0, 0.0, 0.0, 0.0, 0.0, 0.0], "miu_de": 0.5, "input": [1.5565834929693385, 1.569766405420797, 1.6587538401267632, 1.730964836594359, 1.6988764366386297, 1.671041992055573, 1.6719237152982256, 1.7634272862239626, 1.7034158604237903, 1.3581265709229553, 1.5726095222935275, 0.9016032226598379, 0.8635087102556651, 0.8564343216289265, 0.8826286507862089, 0.7705386922913493, 0.7887378211545261, 0.7924829738057306, 0.6972492347669369, 0.48232228589613124, 1.6859940340448691, 0.6780158971738836, 0.262385585931131, 0.11754220069732631, 0.13323779493797436, 0.04718804411657075, 0.04739116683584891, 0.06646913882096848, -0.030242285461735723, -0.18693002721923774, 1.7342592078167298, 0.6365281435031152, -0.03430088271444359, -0.31873755202396054, -0.32994068805255783, -0.38232393430389333, -0.4170015208366589, -0.4264856428331154, -0.5158311065950294, -0.5783676936943862, 1.5713794650866555, 0.6055312011299511, -0.036816522838357575, -0.4489168081775727, -0.7133460793807934, -0.7403413586110935, -0.7487194774638639, -0.7585576486962462, -0.8164759883786731, -0.8710386535500215, 1.691973662001603, 0.6964791909205723, -0.07616086605170452, -0.5300915540198882, -0.7201884026875037, -0.886916747701493, -0.9331202237476939, -0.9595389550598343, -0.9708674677060932, -1.0310521966206305, 1.5956506937695758, 0.5980869373318044, -0.07603328948657394, -0.538982534766388, -0.7787955259998458, -0.9398570372388174, -1.0349655208531567, -1.0835380582552447, -1.1057095041262497, -1.1528090105839115, 1.6966197296876202, 0.5855700107896333, -0.07969752756967834, -0.4926057171863266, -0.8552918757677946, -0.9759010496950636, -1.067848619869487, -1.1296729449111034, -1.15527845806654, -1.1938740877968135, 1.646225654989546, 0.6173982700195315, -0.09532418657058735, -0.5554170728207511, -0.8459249585684815, -1.0256761126969842, -1.117564305769733, -1.203476174023045, -1.228942645206569, -1.2435907505506456, 1.3640008197558844, 0.3076091424719775, -0.3126704709872837, -0.7123037286635457, -0.9310751158871476, -1.062755431201261, -1.162999506439115, -1.2340047832181085, -1.2408492888906835, -1.2807862859525807], "bean_num": 0.5, "model_info": {"det_num_x": 10, "det_num_y": 10, "det_y": 0.03, "det_x": 0.03, "size_x": 0.5, "size_y": 0.5, "med_margin": 0.0015}}