{"source": [-339.4021925378257, -520.6473568895742], "intensity": 100, "miu_detector": 0.3, "miu_medium": 1.2, "miu_air": 0.00018, "output": [0.0, 0.0, 0.0, 0.0, 0.0, 0.0, 0.6777473201757362, 0.3222526798242637, 0.0, 0.0, 0.0, 0.0, 0.0, 0.0, 0.0, 0.0, 0.0, 0.0, 0.0, 0.0, 0.0, 0.0, 0.0, 0.0, 0.0, 0.0, 0.0, 0.0, 0.0, 0.0, 0.0, 0.0, 0.0, 0.0, 0.0, 0.0, 0.0, 0.0, 0.0, 0.0], "miu_de": 0.5, "input": [1.6351688618388303, 1.548661061846993, 1.3982635871399782, 1.526499168512523, 1.4115937157330025, 1.4634919508780992, 1.3769472241099312, 1.347943875516681, 1.3627926790702776, 1.0194592846179025, 1.702391767924779, 0.9546274170101202, 0.5748130095953351, 0.48087898756474934, 0.32290230809459797, 0.34285547496793134, 0.32683787579464174, 0.3557728254164882, 0.2597379544594217, 0.03121404170376888, 1.843678570048783, 1.0241226388912268, 0.2558144741912189, -0.14407403406653532, -0.24905523825362086, -0.3350625937525861, -0.4087663936006107, -0.3848267367903641, -0.4599497630391314, -0.5963235806101077, 1.9103537025290889, 0.9993124562341926, 0.320178887248845, -0.1659079975309108, -0.5426020070945161, -0.6561170171833886, -0.6905815798850616, -0.7363472351844834, -0.779380007236647, -0.9296663113157132, 1.833340905061324, 1.1009213662186776, 0.3650787414559918, -0.29088290162305175, -0.5470781269999442, -0.7388877636335226, -0.8969783634206558, -0.9703490767899243, -1.013699439083946, -1.0921214143961546, 1.938917362588653, 1.028479750296054, 0.3084221555786884, -0.24724007675337867, -0.59597828414973, -0.7531522029476188, -0.9403811719780728, -1.0348894139779634, -1.112594623897346, -1.1452829229383494, 1.8671684956382812, 1.0503630092330059, 0.24884709821915404, -0.220501083140033, -0.5910977263545467, -0.8355672423203447, -0.9925073089154449, -1.0645534442231548, -1.1395239104485297, -1.182285219967459, 1.7815267537814867, 1.051929382799708, 0.2779845529259111, -0.22567313167706568, -0.6138713326253212, -0.8423728302008165, -1.010887427820714, -1.113786468584894, -1.1840340782813512, -1.2040048342291079, 1.8028919471191516, 0.9471737185866697, 0.22834189116037062, -0.31188478247881196, -0.6107399086873411, -0.8523780311832572, -1.0161076145952732, -1.1133997631424921, -1.1679455139515598, -1.2102872176265187, 1.4646650422013192, 0.7133973318211763, -0.030872500537870867, -0.4896633926210156, -0.7245798943568162, -0.9456536857182242, -1.0629373247358744, -1.1362520605503723, -1.2168124490737426, -1.2374068494437607], "bean_num": 0.5, "model_info": {"det_num_x": 10, "det_num_y": 10, "det_y": 0.03, "det_x": 0.03, "size_x": 0.5, "size_y": 0.5, "med_margin": 0.0015}}