{"source": [-528.6000214581234, 328.8473162491965], "intensity": 100, "miu_detector": 0.3, "miu_medium": 1.2, "miu_air": 0.00018, "output": [0.0, 0.0, 0.0, 0.0, 0.0, 0.0, 0.0, 0.0, 0.0, 0.0, 0.0, 0.0, 0.0, 0.0, 0.0, 0.0, 0.0, 0.0, 0.0, 0.0, 0.0, 0.0, 0.0, 0.0, 0.0, 0.0, 0.0, 0.0, 0.0, 0.0, 0.0, 0.0, 0.0, 0.0, 0.0, 0.0, 0.5429058814499567, 0.45709411855004334, 0.0, 0.0], "miu_de": 0.5, "input": [1.701784085529891, 1.8108756723906012, 1.8107423368010098, 1.7651525630575535, 1.864521372670321, 1.874166914990587, 1.8003555698806406, 1.8912511280842683, 1.9154190888597205, 1.4948452194888753, 1.5896497768842215, 1.0100865836307835, 0.9347726573783655, 1.0046323673240627, 1.0191125063464705, 0.997177786086604, 1.0008644216575535, 0.9716948057715933, 0.9211355941790534, 0.6123120133396306, 1.47517659278741, 0.5294811750387607, 0.29606244572396234, 0.25774952081127755, 0.18461587698775755, 0.24076242121603156, 0.3346028436390037, 0.23679509778739816, 0.22504332000169264, -0.0017114850289496665, 1.442329742729589, 0.451234752560116, -0.1310503534618913, -0.1936701220395488, -0.23082262307802853, -0.25180017402284266, -0.2898592117602706, -0.23607884869384319, -0.27651944075633833, -0.46461706163514893, 1.4663280476297436, 0.34692791613792345, -0.19788242914841844, -0.5073859199262408, -0.5825717427344127, -0.5530328539518593, -0.5576566378449275, -0.6020261229851331, -0.667994470477109, -0.8095974013343628, 1.4934119064648608, 0.3151738808863272, -0.3251099128098065, -0.6668296543388987, -0.775575163394216, -0.7767460194033542, -0.8271045477978334, -0.833807569728731, -0.8313444331397559, -0.9248550769554278, 1.3318805396211424, 0.38891193350441733, -0.3372580973976978, -0.7161386793199647, -0.8973766860648434, -0.9544922997762817, -0.9929663569826952, -1.0033293543867687, -0.993506158770617, -1.076046250057301, 1.3366954597280853, 0.3210844386183426, -0.3354006233865061, -0.7675797221364129, -0.9667562684938682, -1.0070736257267838, -1.079739257700219, -1.0906578104136535, -1.115119611445517, -1.1426948467935398, 1.4127577773302344, 0.27360148631019604, -0.41038266647768507, -0.7723645566905509, -0.9912546839579154, -1.1046797914065236, -1.1478484603342136, -1.1629818870991728, -1.1899647556908517, -1.2122486666234782, 1.1074986970460106, 0.09285358815371698, -0.5243718789591802, -0.9335909783035461, -1.0467344356162556, -1.1632314481667594, -1.1926306712731785, -1.215872591524103, -1.2358922513585913, -1.2556972762837562], "bean_num": 0.5, "model_info": {"det_num_x": 10, "det_num_y": 10, "det_y": 0.03, "det_x": 0.03, "size_x": 0.5, "size_y": 0.5, "med_margin": 0.0015}}