{"source": [567.7145474822022, -271.7223199688998], "intensity": 100, "miu_detector": 0.3, "miu_medium": 1.2, "miu_air": 0.00018, "output": [0.0, 0.0, 0.0, 0.0, 0.0, 0.0, 0.0, 0.0, 0.0, 0.0, 0.0, 0.0, 0.0, 0.0, 0.0, 0.0, 0.0, 0.8418819562873503, 0.15811804371264976, 0.0, 0.0, 0.0, 0.0, 0.0, 0.0, 0.0, 0.0, 0.0, 0.0, 0.0, 0.0, 0.0, 0.0, 0.0, 0.0, 0.0, 0.0, 0.0, 0.0, 0.0], "miu_de": 0.5, "input": [1.6896116558638952, 1.7974260244880753, 1.9134326520484641, 1.9194048492265017, 1.8780544073304783, 1.897435803752597, 1.9798634400992356, 1.9009000558719855, 1.8367488749161995, 1.509877726655147, 1.4020033370944185, 1.1212396945140022, 1.109194928008628, 1.1787726797583247, 1.096994843929112, 1.0872069809630358, 1.0392622196055379, 1.0633308285480125, 1.0351105731352768, 0.7628861713023781, 1.364195820934127, 0.485592978583329, 0.38672692887849364, 0.42783482762610753, 0.38670973191024455, 0.38899825762345747, 0.3748672924746453, 0.3908769226532844, 0.3472798108493034, 0.06719281613192629, 1.3717007457227282, 0.22058121205260425, -0.12943961905396853, -0.05395038440443676, -0.09863851399739768, -0.16990384229949868, -0.19360755552937123, -0.08543727375783486, -0.19284809324969412, -0.393493996661516, 1.211740897310773, 0.16395411677236077, -0.3778108207279004, -0.4296412887887409, -0.4317475071571854, -0.5483460736263883, -0.5624087943068045, -0.5091687559839655, -0.568809311951671, -0.6976932837310437, 1.316782210260198, 0.15924831170562018, -0.44792164550885355, -0.6239017607900224, -0.7412357852940152, -0.7808744558984264, -0.8170616867452918, -0.827896395201796, -0.8306096900316868, -0.9438668214853051, 1.268146718226115, 0.13884715722151295, -0.4994041424495426, -0.7951296705408549, -0.8899106650985704, -0.945446629965645, -0.9554325621283439, -0.9484031488910851, -0.9841454070460409, -1.0146163444304757, 1.2947405361088387, 0.10542465937851918, -0.5736574523510986, -0.8884698458817365, -0.9801910422740804, -1.012004910410416, -1.0421154190893163, -1.0777291196212186, -1.088151905883891, -1.0958888569827716, 1.2276159222442748, 0.10884891309163305, -0.5482443320472478, -0.8971023861349733, -1.0527047674289194, -1.1018125569229538, -1.1049551145758238, -1.1675044812921749, -1.1693569622531592, -1.189441975714576, 0.9750959976088345, -0.10575306904695483, -0.712502056215942, -0.9658979106958308, -1.1043664445230628, -1.1756683656032478, -1.1823199662287156, -1.2060886262936563, -1.2306114417869687, -1.2404195964881086], "bean_num": 0.5, "model_info": {"det_num_x": 10, "det_num_y": 10, "det_y": 0.03, "det_x": 0.03, "size_x": 0.5, "size_y": 0.5, "med_margin": 0.0015}}