{"source": [-56.695350785894775, -628.2008512866565], "intensity": 100, "miu_detector": 0.3, "miu_medium": 1.2, "miu_air": 0.00018, "output": [0.0, 0.0, 0.0, 0.0, 0.0, 0.0, 0.0, 0.0, 0.0, 0.5729992616541782, 0.42700073834582175, 0.0, 0.0, 0.0, 0.0, 0.0, 0.0, 0.0, 0.0, 0.0, 0.0, 0.0, 0.0, 0.0, 0.0, 0.0, 0.0, 0.0, 0.0, 0.0, 0.0, 0.0, 0.0, 0.0, 0.0, 0.0, 0.0, 0.0, 0.0, 0.0], "miu_de": 0.5, "input": [1.7554538390024483, 1.0179718257185553, 0.3917160077824428, 0.07634672800355549, -0.14952898499630976, -0.31182342261065277, -0.3725123041741742, -0.44369879563025105, -0.44747555178361303, -0.5509121410265256, 2.158131084531575, 1.2855939161191003, 0.6882202704386152, 0.12933955613826847, -0.22590506348801778, -0.5509969083050739, -0.7613153743569974, -0.850875602677131, -0.9447436975292215, -1.0064280496234455, 2.1983800792258066, 1.441550521104881, 0.7329303828185212, 0.2059297129583756, -0.19870240102053488, -0.49881842335845017, -0.7434117496320141, -0.8714019122605152, -0.9766262305924549, -1.0310465967268707, 2.1534056633605236, 1.4484006306825399, 0.7020500388434509, 0.16327594692854952, -0.15771062231629293, -0.47313551492687306, -0.6704499578569827, -0.8599958534072373, -0.9544219568474979, -1.0521030660943338, 2.09604229853986, 1.4741697638073437, 0.7253567550033438, 0.22357370153985673, -0.2274414489242857, -0.48850085236778945, -0.7159370423194615, -0.8372210103938038, -0.9592163226581621, -1.0435665605903013, 2.150442623291547, 1.4669427938999118, 0.6804065863757748, 0.19605760131691236, -0.2028215245038179, -0.5413642295935197, -0.7301772425074063, -0.8643421579291437, -0.9585177341675798, -1.0201011322075553, 2.156562025801629, 1.5541720054616737, 0.7507973084705994, 0.138754789216872, -0.20058836023558663, -0.4837480495379819, -0.7166663886393653, -0.8443921143279184, -0.9885128494677556, -1.0383757346682232, 2.1403152823855986, 1.4550913896194189, 0.768748525120358, 0.21611594700618703, -0.2352258780270297, -0.529622431130585, -0.7183275669315594, -0.8403301104961711, -0.9693290636509846, -1.0399410586892186, 2.0026469023294595, 1.4109645727757758, 0.662237591096564, 0.12131534205756453, -0.29412267052338, -0.5260695523368436, -0.7456634062178588, -0.8672286983037115, -0.9701702215922855, -1.0509593602148282, 1.7777454654980422, 0.9227726466533647, 0.34230692258091544, -0.10678463485116939, -0.48759144239623364, -0.7021588001039724, -0.8153542166369465, -0.9838535860326552, -1.041297771133494, -1.092673637955695], "bean_num": 0.5, "model_info": {"det_num_x": 10, "det_num_y": 10, "det_y": 0.03, "det_x": 0.03, "size_x": 0.5, "size_y": 0.5, "med_margin": 0.0015}}