{"source": [202.3358063254168, 597.3253838218844], "intensity": 100, "miu_detector": 0.3, "miu_medium": 1.2, "miu_air": 0.00018, "output": [0.0, 0.0, 0.0, 0.0, 0.0, 0.0, 0.0, 0.0, 0.0, 0.0, 0.0, 0.0, 0.0, 0.0, 0.0, 0.0, 0.0, 0.0, 0.0, 0.0, 0.0, 0.0, 0.0, 0.0, 0.0, 0.0, 0.0, 0.07923417877687645, 0.9207658212231236, 0.0, 0.0, 0.0, 0.0, 0.0, 0.0, 0.0, 0.0, 0.0, 0.0, 0.0], "miu_de": 0.5, "input": [-1.0656170223180872, -0.9939035512439259, -0.9240844118074549, -0.822495154616237, -0.7153389441827401, -0.5034967920238039, -0.1969235486357766, 0.33805808144060806, 1.055196705752586, 1.7022652388224178, -1.0366192534345726, -0.9891984939635651, -0.8820887857665157, -0.739922757113232, -0.5245569024428337, -0.21204252785949457, 0.11147152836668468, 0.629165138391587, 1.329152838001832, 2.0755029866696004, -1.0261037369868473, -0.9566078157505794, -0.8087541797711008, -0.6905839496473807, -0.5469302713654317, -0.21943614108837006, 0.21462188382760553, 0.7562767430474714, 1.4526806050479015, 2.1574238514710227, -1.036415695130574, -0.9272217635434875, -0.8261654179528489, -0.6614249618649424, -0.46758737309122766, -0.13590410739272332, 0.18653681585216456, 0.7620187348977732, 1.4919510545336023, 2.1855925271920245, -1.0173513760745576, -0.9362299503452166, -0.8220038377888199, -0.6753384741139198, -0.498262696703251, -0.16911833894096537, 0.3042157098831788, 0.7078656290108191, 1.4171009243557726, 2.233903170970922, -1.0228080833816375, -0.9261962360487292, -0.796210463471243, -0.6302953307602189, -0.4146560677776816, -0.23422190349068395, 0.20085320573115378, 0.6924040759660658, 1.4650135243729527, 2.273211424757339, -1.029218867661629, -0.9026686785717342, -0.8033573830384356, -0.6505799500414226, -0.4497425056107536, -0.16739500719168054, 0.17085451098575635, 0.8325694905872059, 1.3532125845614726, 2.1215197628575724, -1.0381095138944747, -0.9427337558419818, -0.8462102148599872, -0.7115635044465032, -0.47041298086992217, -0.18589456052556835, 0.20009309664576738, 0.6493300776556489, 1.3615672467594584, 2.1595137306305996, -1.011754037312173, -0.924570412071186, -0.836755011971302, -0.7374348891384502, -0.501851519231781, -0.2411607211334823, 0.15712410951160208, 0.588035926728149, 1.3588912203866186, 2.1265593610056297, -0.7757438047785947, -0.6628341148179263, -0.6514511596514496, -0.5886917730389957, -0.5144997815986319, -0.2902902389440376, -0.07444982884277818, 0.3816262752302261, 0.9990906479854725, 1.8590200930812726], "bean_num": 0.5, "model_info": {"det_num_x": 10, "det_num_y": 10, "det_y": 0.03, "det_x": 0.03, "size_x": 0.5, "size_y": 0.5, "med_margin": 0.0015}}