{"source": [-398.61392086336076, -490.4033725669994], "intensity": 100, "miu_detector": 0.3, "miu_medium": 1.2, "miu_air": 0.00018, "output": [0.0, 0.0, 0.0, 0.0, 0.0, 0.34502224416951255, 0.6549777558304875, 0.0, 0.0, 0.0, 0.0, 0.0, 0.0, 0.0, 0.0, 0.0, 0.0, 0.0, 0.0, 0.0, 0.0, 0.0, 0.0, 0.0, 0.0, 0.0, 0.0, 0.0, 0.0, 0.0, 0.0, 0.0, 0.0, 0.0, 0.0, 0.0, 0.0, 0.0, 0.0, 0.0], "miu_de": 0.5, "input": [1.6840527734439035, 1.5401939879539757, 1.5681970008394608, 1.5715473119220562, 1.5638242171949563, 1.5193815138480973, 1.5499855405871366, 1.4920375998370383, 1.5450002076759624, 1.2824842707469852, 1.758598018915543, 0.8762714051280166, 0.6823781616341219, 0.5816880110092111, 0.6027025862640379, 0.5632489511136368, 0.5633402450903351, 0.4843196954922226, 0.472336699911003, 0.22782272225741956, 1.8235484512619757, 0.8960342311005188, 0.22997638671106346, -0.0009228409997620462, -0.11775719852164615, -0.2141421301196509, -0.17029949340758738, -0.23300219828334684, -0.20512228484850564, -0.4212780648995225, 1.8161419986938396, 0.873311568398079, 0.140996559732049, -0.29108842941157526, -0.5150105272091937, -0.5360746564099922, -0.6258023845607946, -0.655688016563404, -0.6475838859695677, -0.7827992479304258, 1.7808329275489856, 0.9386149123900046, 0.18755126241158396, -0.3493353281810091, -0.6249823514134065, -0.8193371467027692, -0.8881659582041196, -0.8953153125571895, -0.8974463534358013, -0.9745593877194133, 1.667632821726617, 0.9051975177624374, 0.124817975829423, -0.3255912385821999, -0.6724700899140985, -0.8651580390201012, -0.9714141494437608, -1.0433523819319581, -1.0412262742658556, -1.1093563605033805, 1.7437361521707297, 0.8772067344608188, 0.2196119439246941, -0.3204006695126679, -0.6914524411301848, -0.8809892279305307, -0.9874662037170312, -1.0704841205417848, -1.1309997178394389, -1.1861768121662573, 1.7494989518298698, 0.8787725038791848, 0.062165790333326844, -0.37983992445319786, -0.6850232043896398, -0.8640502040962065, -1.0579329866790006, -1.1447679403381201, -1.1957736422205436, -1.2312997228416416, 1.6476289584056485, 0.8931089631092985, 0.12218388556867106, -0.42711427347303493, -0.7556551947272068, -0.9304735953873718, -1.01867564616738, -1.1555931348663915, -1.206564579907375, -1.246914487576607, 1.4228491092259643, 0.5989900647059737, -0.07319814869493001, -0.5719887302014564, -0.8597954995955814, -0.9848469469374557, -1.0990115545697154, -1.1788572813787566, -1.2327374009132008, -1.267455568783125], "bean_num": 0.5, "model_info": {"det_num_x": 10, "det_num_y": 10, "det_y": 0.03, "det_x": 0.03, "size_x": 0.5, "size_y": 0.5, "med_margin": 0.0015}}