{"source": [-408.6539026753611, -490.0341581208187], "intensity": 100, "miu_detector": 0.3, "miu_medium": 1.2, "miu_air": 0.00018, "output": [0.0, 0.0, 0.0, 0.0, 0.0, 0.425080144253799, 0.574919855746201, 0.0, 0.0, 0.0, 0.0, 0.0, 0.0, 0.0, 0.0, 0.0, 0.0, 0.0, 0.0, 0.0, 0.0, 0.0, 0.0, 0.0, 0.0, 0.0, 0.0, 0.0, 0.0, 0.0, 0.0, 0.0, 0.0, 0.0, 0.0, 0.0, 0.0, 0.0, 0.0, 0.0], "miu_de": 0.5, "input": [1.5426207085035237, 1.5025397453070062, 1.4692662387872977, 1.664708314719322, 1.6111508277729059, 1.6235952765187047, 1.521182590274064, 1.5341641037596587, 1.5328847550107179, 1.3596694593317071, 1.718999000954247, 0.9183587078282165, 0.6716218437025618, 0.5375869039920104, 0.6320575177438968, 0.6557140353425132, 0.4925282011236969, 0.5100156455614624, 0.42813469505546775, 0.2071555613813993, 1.837850683742427, 0.921786041481386, 0.22547799063278195, -0.04839551230250957, -0.13360404124693318, -0.1200351716495816, -0.13186675228933817, -0.2363331990173404, -0.26656845822059205, -0.40321509009574485, 1.785127655850669, 0.9151088412663523, 0.1679086966474968, -0.2361502903424726, -0.4638498874625951, -0.5488456064964315, -0.553127444107112, -0.6198098645228541, -0.6794941677748969, -0.7806556732408568, 1.8326455175867649, 0.8219856902091656, 0.05377495463680628, -0.35884554876556585, -0.635281884841204, -0.786833810635531, -0.8175538025468907, -0.8890728889537884, -0.8962029905829864, -0.967640889570293, 1.7789056616302739, 0.8292700524052583, 0.09317895182435695, -0.3077412449677357, -0.6848664547496404, -0.8707147213211885, -1.0009224273894157, -1.031408107619495, -1.0440280139194746, -1.11582299414604, 1.8091117357106108, 0.9280310125513364, 0.20791311777801535, -0.36957181862610355, -0.7029820039914444, -0.8819720739304179, -0.998067415118995, -1.0888079845023093, -1.1226588589725857, -1.1790121024039277, 1.6883939663424512, 0.8329281214867377, 0.12324405369913587, -0.41072979321015995, -0.7280432327312367, -0.8788795412643339, -1.0512413460324996, -1.147147731360416, -1.1673741463015226, -1.2218184962579333, 1.766769873356649, 0.7958772206084324, 0.025300509391739293, -0.43662369264906625, -0.6967998129768034, -0.9008487215077297, -1.0615215378317961, -1.1358735429628655, -1.203853341160302, -1.2580797284110181, 1.3772086766323928, 0.5483485853823423, -0.12942858998247625, -0.5051403658891385, -0.8364261338243125, -1.0031508715554434, -1.0998899976412968, -1.159040496527036, -1.2353096067509368, -1.2609218203713615], "bean_num": 0.5, "model_info": {"det_num_x": 10, "det_num_y": 10, "det_y": 0.03, "det_x": 0.03, "size_x": 0.5, "size_y": 0.5, "med_margin": 0.0015}}