{"source": [247.4852626179091, -589.1261846954428], "intensity": 100, "miu_detector": 0.3, "miu_medium": 1.2, "miu_air": 0.00018, "output": [0.0, 0.0, 0.0, 0.0, 0.0, 0.0, 0.0, 0.0, 0.0, 0.0, 0.0, 0.0, 0.46814150467683857, 0.5318584953231614, 0.0, 0.0, 0.0, 0.0, 0.0, 0.0, 0.0, 0.0, 0.0, 0.0, 0.0, 0.0, 0.0, 0.0, 0.0, 0.0, 0.0, 0.0, 0.0, 0.0, 0.0, 0.0, 0.0, 0.0, 0.0, 0.0], "miu_de": 0.5, "input": [1.6055114962767423, 1.655252208442971, 1.8131512248269919, 1.7203441901122263, 1.805614877003239, 1.7642293746761901, 1.7560078527107035, 1.7182300719977388, 1.6982449494904674, 1.323642406927002, 1.6330350254381856, 0.9326864447626803, 0.8528313752376497, 0.8908970927130305, 0.9021186273847297, 0.8661479133205717, 0.8586889665467473, 0.843482858593447, 0.7735798547854318, 0.44243124026309844, 1.5880632065276385, 0.6735045203133756, 0.24235838529315232, 0.10569802083201159, 0.14512281941070915, 0.15140279911164733, 0.09201523339406553, 0.09296033415630182, 0.04514106354944937, -0.18871745029952267, 1.6143079143470098, 0.6439327669738774, -0.03794583679436854, -0.33265448315836565, -0.3916446918768156, -0.37046724153132277, -0.38073479280888295, -0.41899976076977175, -0.41262814293105277, -0.5771761672200147, 1.6166438760288016, 0.610818711551179, -0.07826553708690079, -0.4822536282156419, -0.6447542112281465, -0.6955452974726791, -0.7043998047463408, -0.6829890933919175, -0.7600822678866131, -0.8445346971481961, 1.6278140140306288, 0.6068737142794736, -0.1263624889662532, -0.5771323347158878, -0.7587064749480943, -0.8556749567092383, -0.8823893709204063, -0.9189512955365375, -0.9448379530548306, -1.0234803768277008, 1.5849274055665092, 0.5990229525436016, -0.148888214726396, -0.5894346708647311, -0.7908787372252553, -0.9876126142136389, -1.0223792547886283, -1.0510419679451002, -1.0780275283498573, -1.1045078253980387, 1.5874778995574077, 0.49778483735952267, -0.19844095515971086, -0.5877026265683579, -0.8685793080415246, -1.0111990593877094, -1.0797310209200839, -1.1313152864699523, -1.1481886327385076, -1.1868211715526253, 1.596084295543456, 0.4808868452265165, -0.19249302672989185, -0.6000725411736948, -0.8733580768439271, -1.049260823229205, -1.133786917393853, -1.1680273077200167, -1.2024015291481596, -1.2210446437389093, 1.2358102390430792, 0.2867666190520938, -0.3686981020211227, -0.7452328372126499, -0.9634466486870933, -1.1035212183529577, -1.1635232477367863, -1.2118795288679685, -1.245581214033564, -1.2631416317159647], "bean_num": 0.5, "model_info": {"det_num_x": 10, "det_num_y": 10, "det_y": 0.03, "det_x": 0.03, "size_x": 0.5, "size_y": 0.5, "med_margin": 0.0015}}