{"source": [-426.43969278691713, -488.8819603768767], "intensity": 100, "miu_detector": 0.3, "miu_medium": 1.2, "miu_air": 0.00018, "output": [0.0, 0.0, 0.0, 0.0, 0.0, 0.5663766127175637, 0.4336233872824363, 0.0, 0.0, 0.0, 0.0, 0.0, 0.0, 0.0, 0.0, 0.0, 0.0, 0.0, 0.0, 0.0, 0.0, 0.0, 0.0, 0.0, 0.0, 0.0, 0.0, 0.0, 0.0, 0.0, 0.0, 0.0, 0.0, 0.0, 0.0, 0.0, 0.0, 0.0, 0.0, 0.0], "miu_de": 0.5, "input": [1.6305542858237878, 1.601194586704737, 1.6325125677447752, 1.4523763913220635, 1.6901043903117532, 1.5877347004809907, 1.592865627402101, 1.464472161745206, 1.5796324715901402, 1.2587846698893563, 1.702329599513671, 0.9326083510151892, 0.6664012169457871, 0.639100358063723, 0.6531542732835902, 0.642558681239316, 0.6553037108993865, 0.5009283428006006, 0.5553865354569076, 0.28279695813270234, 1.758110986320269, 0.8717362025354041, 0.2148687807670043, -0.06580925208965556, -0.11292751398654512, -0.13261523000461303, -0.09106788850922168, -0.15605050287542, -0.18550970841177913, -0.3999018291447664, 1.792613291229589, 0.8355646536005642, 0.09930713321089746, -0.28761914036458297, -0.5002189633490023, -0.5694844575661226, -0.5162214595600686, -0.5226006117924432, -0.6473890218546611, -0.7385730779609123, 1.7937709189011244, 0.8709118504549923, 0.148595398120216, -0.3327320175901228, -0.6196132920171995, -0.8049806935160565, -0.7855478997399928, -0.8047226270014292, -0.851159802093785, -0.9575254966125049, 1.858473187233031, 0.8971466560834876, 0.1587258237487579, -0.35377827699753545, -0.7115036370158209, -0.8993335802870168, -0.9249673620628447, -1.0124700456619402, -0.9892147386214702, -1.1068272861427069, 1.790912464115388, 0.7887946164065782, 0.09183779370702426, -0.4084244595419245, -0.7194805804548408, -0.9027006051707273, -1.0396059558118782, -1.076335947272774, -1.1439843374726684, -1.1954722446584012, 1.8235177032157353, 0.8568720890430542, 0.0580981726623931, -0.4472318851243178, -0.7218202788151353, -0.9072719497202456, -1.0391492060625702, -1.1302125428988365, -1.1773166650026943, -1.2240400220723422, 1.5340760136319564, 0.7679882383806094, 0.03664508772521383, -0.48435291686840826, -0.781942128032055, -0.9540841902881753, -1.0704311685969747, -1.1399680344921292, -1.2070018201769022, -1.2544302534929461, 1.3399388170563242, 0.4457437953605351, -0.1781949474523535, -0.6269697949863002, -0.8384408487833236, -1.0228511232677189, -1.1118498685463607, -1.1885199549294505, -1.2300890405898148, -1.25251137046348], "bean_num": 0.5, "model_info": {"det_num_x": 10, "det_num_y": 10, "det_y": 0.03, "det_x": 0.03, "size_x": 0.5, "size_y": 0.5, "med_margin": 0.0015}}