{"source": [151.42348076857974, -640.1188625973464], "intensity": 100, "miu_detector": 0.3, "miu_medium": 1.2, "miu_air": 0.00018, "output": [0.0, 0.0, 0.0, 0.0, 0.0, 0.0, 0.0, 0.0, 0.0, 0.0, 0.0, 0.5212257879129458, 0.47877421208705423, 0.0, 0.0, 0.0, 0.0, 0.0, 0.0, 0.0, 0.0, 0.0, 0.0, 0.0, 0.0, 0.0, 0.0, 0.0, 0.0, 0.0, 0.0, 0.0, 0.0, 0.0, 0.0, 0.0, 0.0, 0.0, 0.0, 0.0], "miu_de": 0.5, "input": [-1.0445005885992071, -0.9640479936473142, -0.8952754877589038, -0.8119422656915938, -0.6554443402548493, -0.43745983581277004, -0.11545411494548892, 0.3518967232194141, 0.9256444638699057, 1.8038169695365764, -1.0046463093769729, -0.9157964587683212, -0.8207156240008834, -0.6808958029821607, -0.5176378857437748, -0.2653105445406075, 0.1249921999562807, 0.5678943011384618, 1.3303326550101071, 2.161286760958015, -0.9879861184210365, -0.9204121985086017, -0.7971986474032249, -0.6789999450501772, -0.4622814856340804, -0.15869363911058162, 0.20006149062351725, 0.7015417650035874, 1.417243438236977, 2.1354786599243964, -0.9935359028499643, -0.8896719743979505, -0.7824240826316785, -0.6275011223922348, -0.4619546096573235, -0.24865213072039544, 0.222034685272651, 0.7098939742564857, 1.4174926878075882, 2.20895240309663, -0.9807873017769431, -0.8940971416203259, -0.7912197353121267, -0.6630718905591028, -0.4526456494110107, -0.18911078391897043, 0.15457123716903012, 0.6935355173245441, 1.4735577784904577, 2.3207453885042155, -0.9650686602686305, -0.8714295967598137, -0.7910841390398621, -0.6233445763018214, -0.4399638640476339, -0.20306670461801457, 0.24720680105666584, 0.7533699917340798, 1.4359310906580633, 2.289939028634482, -0.971112207665428, -0.8921684871359303, -0.7826349267438081, -0.6389883941587537, -0.4316057004389927, -0.1279703748260913, 0.19580310610994664, 0.7363450824029657, 1.4719042177640058, 2.165699686027385, -0.9649879256974472, -0.9017567442628989, -0.8015769121035824, -0.6677404097398162, -0.4701218409985139, -0.26646713638394126, 0.15710133577328558, 0.6821853691444435, 1.4200248272672762, 2.184087821436181, -0.9861637908374411, -0.9163707325913808, -0.8057824632792645, -0.7107006546129462, -0.4593490687894633, -0.30344607094880366, 0.09949839515507233, 0.6138585597535238, 1.3576590705522704, 2.0637352429907754, -1.0147418907676968, -0.9543448794512297, -0.8851119301874292, -0.8062530764922677, -0.5958318472013443, -0.4437115876429121, -0.09849103326779904, 0.36410050774820624, 0.925568037122276, 1.8157679680297938], "bean_num": 0.5, "model_info": {"det_num_x": 10, "det_num_y": 10, "det_y": 0.03, "det_x": 0.03, "size_x": 0.5, "size_y": 0.5, "med_margin": 0.0015}}