{"source": [293.87263561094267, 594.3296541870048], "intensity": 100, "miu_detector": 0.3, "miu_medium": 1.2, "miu_air": 0.00018, "output": [0.0, 0.0, 0.0, 0.0, 0.0, 0.0, 0.0, 0.0, 0.0, 0.0, 0.0, 0.0, 0.0, 0.0, 0.0, 0.0, 0.0, 0.0, 0.0, 0.0, 0.0, 0.0, 0.0, 0.0, 0.0, 0.0, 0.0, 0.923398285520923, 0.07660171447907699, 0.0, 0.0, 0.0, 0.0, 0.0, 0.0, 0.0, 0.0, 0.0, 0.0, 0.0], "miu_de": 0.5, "input": [1.4721164687265373, 0.5276417646880058, -0.11386998769519446, -0.5091799174817417, -0.7978587690793032, -0.9389144118608826, -1.0815513997951742, -1.163270918743425, -1.2156024604651867, -1.2561901866296197, 1.7273948124153666, 0.9023683886230099, 0.17210266872470303, -0.36716967106965503, -0.6625857714400898, -0.8959035206902453, -1.04987864763403, -1.1452127301788368, -1.1850203825313605, -1.219961501011239, 1.8227918774642426, 0.9246646646469792, 0.15955023627541223, -0.39273686922575984, -0.6336523878536516, -0.8968138997297311, -1.0474195131337494, -1.0981083132339424, -1.1746145071444152, -1.2285170557587821, 1.90345341339011, 0.8949338547050122, 0.1670634416544811, -0.30049964661745393, -0.6580759125683734, -0.8475597055076922, -1.0040605468819732, -1.0836550067396256, -1.151234665429509, -1.174961781201598, 1.845822878630588, 0.9506286112236212, 0.2778288111604853, -0.2943621058206776, -0.6501137393968766, -0.8466909619955231, -0.9489270296354889, -1.0251744671692986, -1.0648856411619376, -1.1034376105528567, 1.8897166825045009, 0.9401434502871981, 0.23525326401213345, -0.2384686495894364, -0.5696027958109844, -0.8096369588378838, -0.8948034012703524, -0.9112512880555779, -0.9588316154665162, -1.0198750798005305, 1.755765201917843, 0.8448166273059861, 0.17102571448116274, -0.24286783483684052, -0.5124569734625722, -0.5898226447616544, -0.6440880075048987, -0.681301938449542, -0.6944202112348492, -0.840578467846516, 1.9049148268019396, 0.9292341116187994, 0.25775719852257917, -0.10250155043547453, -0.18934338025269723, -0.20139881894133996, -0.2854126142366224, -0.22441289037323245, -0.30833158406534406, -0.4841466894091839, 1.7446549195857646, 0.896649396856547, 0.5457837827822517, 0.4299863171713357, 0.49044154070389995, 0.4355732293645532, 0.44666439304543487, 0.4836823325342736, 0.4199187698287824, 0.21543400377414268, 1.6716520460105757, 1.5089728236039592, 1.5080788390597333, 1.4901075539942317, 1.5843263348961423, 1.5283292749029787, 1.463417884883041, 1.4498888502836804, 1.4845528999130657, 1.1561208747318474], "bean_num": 0.5, "model_info": {"det_num_x": 10, "det_num_y": 10, "det_y": 0.03, "det_x": 0.03, "size_x": 0.5, "size_y": 0.5, "med_margin": 0.0015}}