{"source": [-592.4772249337108, -308.0912212881209], "intensity": 100, "miu_detector": 0.3, "miu_medium": 1.2, "miu_air": 0.00018, "output": [0.0, 0.0, 0.0, 0.9472594568547942, 0.052740543145205855, 0.0, 0.0, 0.0, 0.0, 0.0, 0.0, 0.0, 0.0, 0.0, 0.0, 0.0, 0.0, 0.0, 0.0, 0.0, 0.0, 0.0, 0.0, 0.0, 0.0, 0.0, 0.0, 0.0, 0.0, 0.0, 0.0, 0.0, 0.0, 0.0, 0.0, 0.0, 0.0, 0.0, 0.0, 0.0], "miu_de": 0.5, "input": [1.0657399540837165, -0.012678022520725054, -0.5864849515351593, -0.8925720633974673, -1.0514028538196172, -1.146420275518325, -1.1995093592997985, -1.2208488179330317, -1.2069106455855554, -1.247103713012962, 1.3645124378864, 0.3354482932922591, -0.4190085186553156, -0.7952157769448174, -1.0277370790042661, -1.0929238102543581, -1.1227770339093914, -1.1348411914368903, -1.1918300867161986, -1.1972504793528405, 1.3455867420164676, 0.26322852589372087, -0.4204368863814547, -0.7822590767224679, -0.9600968807691928, -1.016478524624804, -1.0424502918800442, -1.0533624880635695, -1.0997354627967602, -1.147648091530767, 1.3383367049248558, 0.3048164482625132, -0.4141681653494654, -0.7427838421232241, -0.8853141243043912, -0.9278489504088822, -0.9919782866278987, -0.9871575075119853, -1.0055083695510347, -1.0678982040142948, 1.41589909659207, 0.27059846719716896, -0.39647957870416767, -0.6944521231830525, -0.7417701809342485, -0.815404982385411, -0.8431514636521278, -0.8086962137371762, -0.8432054268866053, -0.9253939558907804, 1.4347141232952327, 0.3703430024285539, -0.30424343713018337, -0.4708990100867055, -0.5058648300099813, -0.5910464686624362, -0.6193341042428391, -0.6490389741693077, -0.6627194758320117, -0.7114727039048181, 1.487313978427251, 0.37336285324560803, -0.07986605209991629, -0.1742596610064923, -0.17840384868570547, -0.24007611339223495, -0.2511647283774473, -0.2691370284339455, -0.28794131762108566, -0.40003433489538803, 1.436723715671453, 0.4680612675384609, 0.34450091614865724, 0.30334884958155917, 0.30664187613055194, 0.2242141586928204, 0.21792841029309545, 0.3082735910220508, 0.24029182567367754, -0.017009484756642497, 1.4920931581992252, 0.955699268137158, 1.0230283703459835, 1.0854233535299835, 1.0221293809278984, 1.0734037438087194, 1.0007060009020745, 1.0234807514248523, 0.9589813156814909, 0.6926122750132476, 1.5856589865229327, 1.8084827600742113, 1.9347017083814602, 1.9282438891023885, 1.7879858729032059, 1.9121953688144497, 1.8970558889838518, 1.9525231016775404, 1.829331134824394, 1.3880837626844595], "bean_num": 0.5, "model_info": {"det_num_x": 10, "det_num_y": 10, "det_y": 0.03, "det_x": 0.03, "size_x": 0.5, "size_y": 0.5, "med_margin": 0.0015}}