{"source": [-24.1977039052885, 669.2955274140426], "intensity": 100, "miu_detector": 0.3, "miu_medium": 1.2, "miu_air": 0.00018, "output": [0.0, 0.0, 0.0, 0.0, 0.0, 0.0, 0.0, 0.0, 0.0, 0.0, 0.0, 0.0, 0.0, 0.0, 0.0, 0.0, 0.0, 0.0, 0.0, 0.0, 0.0, 0.0, 0.0, 0.0, 0.0, 0.0, 0.0, 0.0, 0.0, 0.0, 0.76993675469191, 0.23006324530808997, 0.0, 0.0, 0.0, 0.0, 0.0, 0.0, 0.0, 0.0], "miu_de": 0.5, "input": [-0.8774686685980447, -0.7938316933757753, -0.7898302343699711, -0.6870495416462822, -0.5326145277998838, -0.3344109906042062, -0.14995242644648593, 0.36245488604570625, 1.0116357145825368, 1.739834320259261, -1.0186778038802908, -0.9489989236941505, -0.8715863721486639, -0.7252428656638853, -0.5546794422837638, -0.30751811209410507, 0.10729123151040797, 0.6431316341910917, 1.3027054684205306, 2.0587465266089713, -1.011432105855834, -0.9285781510704635, -0.8020726797215375, -0.7001687325209174, -0.4489771831831235, -0.18854333594102043, 0.20010655150033219, 0.6771487243154254, 1.4375518773179758, 2.221035486716369, -1.0045546092801219, -0.8766260531581516, -0.8091419227664108, -0.6642359070656854, -0.44477141072444604, -0.20866071769333466, 0.27050760424017806, 0.7176593887965925, 1.4824798155488592, 2.158309892620424, -1.0049945873151376, -0.9113772633507322, -0.8038536906991858, -0.6534916956160558, -0.47671414373113286, -0.15337825152000756, 0.2215727322034549, 0.8082213291918069, 1.3743428687483334, 2.141501283062046, -0.996974949121866, -0.9002798474716549, -0.7875526994110894, -0.6052505297134261, -0.4436457627839514, -0.167899013759305, 0.28164531794322706, 0.7176564235589707, 1.4584032227322457, 2.274581294187306, -1.0361210864465076, -0.9086090087978621, -0.8327662744540371, -0.646876197417597, -0.42322584631807036, -0.1244431464961226, 0.2850366936099658, 0.7592691227807679, 1.448517851258873, 2.208801390771758, -1.014450989144639, -0.9596745414937177, -0.8219310308435207, -0.6750649577701202, -0.513790606129649, -0.25578670190912095, 0.21401539794671579, 0.7377831984536203, 1.3571258517695532, 2.2031648559121635, -1.020969857184238, -0.9380496809612386, -0.8647012455376618, -0.7539480089803682, -0.5343452997459035, -0.24965776844772172, 0.09180968011741229, 0.668627281941021, 1.3214435697490483, 2.113106380632875, -1.0821265597090095, -1.0104123481526976, -0.9216000134208695, -0.8419287330376846, -0.6557754047272506, -0.4379317768206691, -0.07982547168137771, 0.3666036827538465, 0.9982832362551061, 1.7469376134529928], "bean_num": 0.5, "model_info": {"det_num_x": 10, "det_num_y": 10, "det_y": 0.03, "det_x": 0.03, "size_x": 0.5, "size_y": 0.5, "med_margin": 0.0015}}