{"source": [176.51721668888607, -646.8117731149592], "intensity": 100, "miu_detector": 0.3, "miu_medium": 1.2, "miu_air": 0.00018, "output": [0.0, 0.0, 0.0, 0.0, 0.0, 0.0, 0.0, 0.0, 0.0, 0.0, 0.0, 0.3039424467874805, 0.6960575532125195, 0.0, 0.0, 0.0, 0.0, 0.0, 0.0, 0.0, 0.0, 0.0, 0.0, 0.0, 0.0, 0.0, 0.0, 0.0, 0.0, 0.0, 0.0, 0.0, 0.0, 0.0, 0.0, 0.0, 0.0, 0.0, 0.0, 0.0], "miu_de": 0.5, "input": [-1.2300484202640196, -1.1740320746642023, -1.1202860507632075, -1.0266684002900976, -0.8473698005631715, -0.6767569509828001, -0.36290669304308226, 0.12936547195404655, 0.697213245539472, 1.6316717352350918, -1.173639395385978, -1.129263818013132, -0.9993716741827191, -0.9437618986664054, -0.7626439580969502, -0.5375233392829388, -0.19100849358572577, 0.3535233384490474, 1.1597823022157354, 1.8759811688506716, -1.1904349733434096, -1.1139777988838861, -1.01642485659711, -0.8880935345227794, -0.7195059792201823, -0.47103389032175386, -0.115673460934046, 0.38580867437000765, 1.2279126073620332, 1.989245863879854, -1.1562219362736956, -1.115247614672424, -0.9980640180765871, -0.8744589003777697, -0.6351047043082501, -0.4447749466951768, -0.04119757735324179, 0.45343719170053587, 1.1111886311133152, 2.0191547125793656, -1.1777280361023374, -1.1327399014571664, -1.0293346821035552, -0.8871870134150397, -0.6539530161994757, -0.41370357558228965, -0.08393409467293536, 0.4469628533049207, 1.2003782679099118, 2.058781699685996, -1.1469146302212196, -1.0530111884102642, -0.9998842564311243, -0.9159011420815997, -0.7030339396600868, -0.46612088612476493, -0.09220016599012155, 0.5494859395674984, 1.226579461869961, 2.119534690829151, -1.040119130457063, -0.9534979124204324, -0.9239122166602632, -0.8106336176396344, -0.6463288386851775, -0.45283403713192816, -0.07650233614712004, 0.4049834244142472, 1.119848970456581, 1.9594300421363786, -0.8558164324607423, -0.6748014117979085, -0.619855986925531, -0.6096925276546004, -0.564089712700892, -0.3220287025721893, -0.05903953015463396, 0.5192417393310843, 1.1406447512930646, 1.9395284659968717, -0.2682484043477416, -0.10472059370115915, -0.034970085074468124, -0.08497893903728956, -0.018469009003907397, -0.067704915614464, 0.09781091090812132, 0.5064661548502106, 1.101299431559336, 2.015726789885782, 0.8406500083270634, 1.1107760786314802, 1.1000997303323465, 0.9979449825404042, 1.0758179477077836, 1.1934745921653527, 1.1247610699880741, 1.1191246359714595, 1.1930970930474325, 1.7026513520442088], "bean_num": 0.5, "model_info": {"det_num_x": 10, "det_num_y": 10, "det_y": 0.03, "det_x": 0.03, "size_x": 0.5, "size_y": 0.5, "med_margin": 0.0015}}