{"source": [-457.8830183574096, -495.949113449119], "intensity": 100, "miu_detector": 0.3, "miu_medium": 1.2, "miu_air": 0.00018, "output": [0.0, 0.0, 0.0, 0.0, 0.0, 0.7460687822543177, 0.25393121774568234, 0.0, 0.0, 0.0, 0.0, 0.0, 0.0, 0.0, 0.0, 0.0, 0.0, 0.0, 0.0, 0.0, 0.0, 0.0, 0.0, 0.0, 0.0, 0.0, 0.0, 0.0, 0.0, 0.0, 0.0, 0.0, 0.0, 0.0, 0.0, 0.0, 0.0, 0.0, 0.0, 0.0], "miu_de": 0.5, "input": [1.488494807488105, 0.7904804973584584, 0.08153152979351735, -0.4034290467362305, -0.7034536703026051, -0.8431039400993402, -1.046259533732022, -1.1222179392736915, -1.1694589788790675, -1.2260413781935444, 1.8017167340923481, 1.1345036480504465, 0.339840745286247, -0.20456836727228642, -0.5952078234386395, -0.7566185512669421, -0.970707033779953, -1.0336509808032623, -1.1222716389921745, -1.1925294561679283, 1.9276950836248163, 1.1429753483354885, 0.3655322491128457, -0.1086583317939772, -0.5191539194285782, -0.7530900449487241, -0.8859216696097754, -1.053590939193451, -1.1333946766447318, -1.170863462854202, 1.8560190555131297, 1.0612807927634538, 0.3618140286567712, -0.10210376741300595, -0.4782318337993047, -0.7728878238623018, -0.9194211635137299, -1.007026509868945, -1.124550240918287, -1.1797872106589797, 1.9503303140618031, 1.1947317635382688, 0.32932346722423317, -0.12635949365882665, -0.5194690477544337, -0.7644271979681656, -0.8926191464891926, -1.0328716820953254, -1.0873703236923042, -1.1820366592239622, 1.9352539442625345, 1.2232713181850985, 0.4832959514164553, -0.10037888952435418, -0.4830341843951105, -0.7825982408735654, -0.8952948277826092, -1.0300086920896545, -1.0525771980611853, -1.1063341198783414, 1.992565399434872, 1.1435833469090104, 0.5367562926875808, -0.13302605779858506, -0.47574924038495786, -0.6731959314955654, -0.8016117709932911, -0.9060389492257933, -0.9004070656888129, -0.9789513543917874, 1.99527836988823, 1.1917699964800519, 0.3952136390945878, -0.04671069904456408, -0.41130645940264066, -0.5410415623204469, -0.5740139592918826, -0.5891206232738693, -0.5519585091562363, -0.7128457905304597, 1.915037938162408, 1.0284330529100545, 0.44268852545994974, 0.19972078282589506, 0.11784958528804064, 0.00379215483538238, 0.02579348102187913, -0.02138616347242032, -0.014112539066225806, -0.18877777824037986, 1.5864557544775462, 1.308958147795611, 1.4092424054112627, 1.291415329017478, 1.2534565094365477, 1.3601454822122117, 1.130060741208462, 1.210672744841822, 1.2381013211850234, 0.9287518113626964], "bean_num": 0.5, "model_info": {"det_num_x": 10, "det_num_y": 10, "det_y": 0.03, "det_x": 0.03, "size_x": 0.5, "size_y": 0.5, "med_margin": 0.0015}}