{"source": [-663.5265515468274, 130.3499421967742], "intensity": 100, "miu_detector": 0.3, "miu_medium": 1.2, "miu_air": 0.00018, "output": [0.0, 0.0, 0.0, 0.0, 0.0, 0.0, 0.0, 0.0, 0.0, 0.0, 0.0, 0.0, 0.0, 0.0, 0.0, 0.0, 0.0, 0.0, 0.0, 0.0, 0.0, 0.0, 0.0, 0.0, 0.0, 0.0, 0.0, 0.0, 0.0, 0.0, 0.0, 0.0, 0.0, 0.0, 0.0, 0.0, 0.0, 0.0, 0.23491502798834674, 0.7650849720116533], "miu_de": 0.5, "input": [1.7460469373748237, 0.9672753757851831, 0.29807650587555723, -0.1753232014201048, -0.44900081452457097, -0.7050070158333351, -0.8748427330920591, -0.9623347494694623, -1.0362877751313084, -1.0952541403103722, 2.1112232517408964, 1.389580518271226, 0.5768565296984806, 0.10880586342281363, -0.30913474015093884, -0.5581682006545762, -0.7600577892014759, -0.8642123906354374, -1.012893456660085, -1.072345682967131, 2.0651408483654707, 1.3490452557181254, 0.6927774222520003, 0.2061568684678475, -0.18363948455988968, -0.4953182131031039, -0.7179880117056053, -0.860503987791362, -0.957288505509573, -1.024501919156565, 2.2073812502846004, 1.4774854617292814, 0.799983062434646, 0.17549012807266864, -0.26414261831176017, -0.53411523527364, -0.7112851430140151, -0.8433020185656428, -0.9512798784800444, -1.0370937318744906, 2.186321870852598, 1.4820867502597699, 0.7702656122187919, 0.2702144224275748, -0.21077305733916576, -0.49364916130216224, -0.6966860308096597, -0.8087342136680921, -0.9516360428948045, -1.0351410383634954, 2.224906588652447, 1.525358420760203, 0.759475410632935, 0.2107956601829484, -0.1230550577587746, -0.47432221777106115, -0.654901809229797, -0.8152164062554187, -0.9316222925928341, -1.0355553462741525, 2.1141590134390547, 1.4027838406034376, 0.7534687383249886, 0.18404697509904805, -0.21092631595053732, -0.5159075773456329, -0.7097275783656666, -0.7976012581294075, -0.9331311173819241, -1.0347257419019484, 2.218772273087357, 1.418938524082025, 0.7596250936980964, 0.2467368536126582, -0.22887936072458973, -0.4696152182031525, -0.6978520020054342, -0.8479264285121988, -0.9420180120310925, -1.0362618831241206, 2.111754576157563, 1.3541984468647026, 0.6266181015339086, 0.07283371878632058, -0.2384717482878445, -0.5256450057395253, -0.7255140603627409, -0.8166927638058284, -0.9236377899659357, -1.0119764299690883, 1.7005359490529586, 1.0082825525837558, 0.4171851495116504, 0.07298915650536124, -0.1858275360387395, -0.3617065480580346, -0.42630442125556356, -0.5330781553008676, -0.5736380763930329, -0.6299998379148835], "bean_num": 0.5, "model_info": {"det_num_x": 10, "det_num_y": 10, "det_y": 0.03, "det_x": 0.03, "size_x": 0.5, "size_y": 0.5, "med_margin": 0.0015}}