{"source": [547.0706807100566, -410.92259488308844], "intensity": 100, "miu_detector": 0.3, "miu_medium": 1.2, "miu_air": 0.00018, "output": [0.0, 0.0, 0.0, 0.0, 0.0, 0.0, 0.0, 0.0, 0.0, 0.0, 0.0, 0.0, 0.0, 0.0, 0.0, 0.10126720577223963, 0.8987327942277603, 0.0, 0.0, 0.0, 0.0, 0.0, 0.0, 0.0, 0.0, 0.0, 0.0, 0.0, 0.0, 0.0, 0.0, 0.0, 0.0, 0.0, 0.0, 0.0, 0.0, 0.0, 0.0, 0.0], "miu_de": 0.5, "input": [1.7924500284035723, 1.0117063015511645, 0.310013527854798, -0.14956010137566822, -0.42792258713694464, -0.6598493088207492, -0.7990066762817676, -0.9356409672102476, -1.001518236841295, -1.0546769726358138, 2.073765912677774, 1.3188680627866474, 0.6184399261632592, 0.06545224114473795, -0.28361557485512123, -0.5401728053910906, -0.7060737270373362, -0.8618779257312676, -0.9563623946728848, -1.0206368179537904, 2.1807927154824367, 1.4781764734962104, 0.7672061418205153, 0.15905593444881605, -0.1834818772937529, -0.4523031379949061, -0.6798971261079031, -0.8267829926760625, -0.9177656244334353, -1.0050745838771526, 2.1445701106428205, 1.4334305202719704, 0.7858555846812861, 0.20365086446216796, -0.22763932683139068, -0.4412443688454401, -0.6632887793488461, -0.7725527536680878, -0.8939659351259458, -0.9949181001586553, 2.182058597831348, 1.460783181874423, 0.7537825817609464, 0.2135287734350717, -0.17819567762764055, -0.46944353838187586, -0.6479614006706355, -0.8006309175358213, -0.902697425133067, -0.9903448789647782, 2.2034007714732513, 1.4640057566091544, 0.8079986314132402, 0.21313688998765148, -0.13170364047502253, -0.4124456117754246, -0.6621923089409718, -0.7926400722894935, -0.9137472038037637, -0.992839997448027, 2.175593752374215, 1.4226678699089554, 0.7676124525183793, 0.2044166806794461, -0.15202567299953354, -0.4715102043375435, -0.670770830799195, -0.7980985792406522, -0.8849135598684137, -1.0058640096879277, 2.1819980354373563, 1.3289793335008044, 0.7138462112068715, 0.17181365010692132, -0.18468584572156438, -0.4877092025077483, -0.6863736290138239, -0.8191431233879218, -0.915685910403067, -0.9800088114227895, 2.167763733013984, 1.3880666973932394, 0.6791526330759369, 0.11369731743736723, -0.2676588167580331, -0.5197122877699675, -0.701709506993043, -0.821353641348683, -0.9155750844660961, -1.0047532307112998, 1.8173423672521516, 0.9481521805541749, 0.3172448806777607, -0.09305521279912983, -0.425125659730961, -0.5663653156643305, -0.7363895113872619, -0.8022722772208518, -0.8531664635131843, -0.9258795623057255], "bean_num": 0.5, "model_info": {"det_num_x": 10, "det_num_y": 10, "det_y": 0.03, "det_x": 0.03, "size_x": 0.5, "size_y": 0.5, "med_margin": 0.0015}}