{"source": [-589.0717334896133, 358.8789925586485], "intensity": 100, "miu_detector": 0.3, "miu_medium": 1.2, "miu_air": 0.00018, "output": [0.0, 0.0, 0.0, 0.0, 0.0, 0.0, 0.0, 0.0, 0.0, 0.0, 0.0, 0.0, 0.0, 0.0, 0.0, 0.0, 0.0, 0.0, 0.0, 0.0, 0.0, 0.0, 0.0, 0.0, 0.0, 0.0, 0.0, 0.0, 0.0, 0.0, 0.0, 0.0, 0.0, 0.0, 0.0, 0.0, 0.483438102169339, 0.516561897830661, 0.0, 0.0], "miu_de": 0.5, "input": [0.5712535501159641, -0.5099365213011496, -0.9406393116600928, -1.0890360653398656, -1.130657688710896, -1.137330080963372, -1.1461725980294641, -1.17922602041032, -1.1531362822768143, -1.2013126588988798, 0.8190101589128368, -0.372044243845585, -0.8389576872154635, -1.0201401683952023, -1.0608150514314205, -1.0620610073184882, -1.0900456087413632, -1.0903973173110766, -1.115078456419359, -1.146373139626238, 0.8928391454528135, -0.33259322502324773, -0.8107985968201386, -0.9143403805359386, -0.9628904028226228, -0.9833931647075552, -0.971426528225885, -1.013594788275942, -1.0296107143500102, -1.0707073515384324, 0.8698279492238488, -0.28044223107611393, -0.7309111064401428, -0.816745824337098, -0.8402674011049274, -0.8332888259016586, -0.8598670498656557, -0.8591348231252367, -0.8794970244824669, -0.9745513500198817, 0.9008810213378942, -0.25099526398856, -0.5398618234069674, -0.6232308731391141, -0.6306436393857741, -0.6848751218247991, -0.6423320949378174, -0.6959009032047595, -0.6919041153612028, -0.8166241592744473, 0.9399208585233476, -0.110671413598537, -0.3332671790542636, -0.37845047116450853, -0.41158893579508204, -0.3996940297609187, -0.36439071743833945, -0.42882019171456326, -0.45539897920063843, -0.6231101709507302, 0.9621673602909263, 0.09498930467397065, 0.011967237810706351, 0.042527081799207, -0.02090670977227809, -0.02845327045015349, -0.05315152658576604, -0.031077590092737677, -0.09147004478001017, -0.2758569030805038, 1.0088226758711618, 0.5093719706647524, 0.53305640154515, 0.5020431146878495, 0.5033711482153473, 0.5621317973416331, 0.4954447859791108, 0.5050747092053874, 0.3846627900106829, 0.1751291182340555, 1.2886508340890315, 1.149636942903529, 1.2460112500157847, 1.2553741906104092, 1.2940391665564885, 1.2447325514849588, 1.2610584015796895, 1.3406824637669916, 1.2271260285090737, 0.8614356091169837, 1.7629023094468022, 1.9774256091686384, 2.053665022663459, 2.071174663015434, 2.0638949863889304, 2.0068013467323373, 2.0273619106102947, 1.9939579551680244, 2.0077040843739726, 1.6119693184129995], "bean_num": 0.5, "model_info": {"det_num_x": 10, "det_num_y": 10, "det_y": 0.03, "det_x": 0.03, "size_x": 0.5, "size_y": 0.5, "med_margin": 0.0015}}