{"source": [629.8886180101766, 327.11894374030084], "intensity": 100, "miu_detector": 0.3, "miu_medium": 1.2, "miu_air": 0.00018, "output": [0.0, 0.0, 0.0, 0.0, 0.0, 0.0, 0.0, 0.0, 0.0, 0.0, 0.0, 0.0, 0.0, 0.0, 0.0, 0.0, 0.0, 0.0, 0.0, 0.0, 0.0, 0.0, 0.0, 0.9506526368931089, 0.049347363106891175, 0.0, 0.0, 0.0, 0.0, 0.0, 0.0, 0.0, 0.0, 0.0, 0.0, 0.0, 0.0, 0.0, 0.0, 0.0], "miu_de": 0.5, "input": [1.2968717550996174, 1.5622218733323405, 1.718474154315961, 1.6963153724980058, 1.6736446860815595, 1.6232054417058936, 1.707871917091574, 1.6263209991072398, 1.6932109390675363, 1.6497717447624491, 0.3320409734383366, 0.6530339081941137, 0.7644259623820138, 0.6805058961558197, 0.7538262549098013, 0.7393650839850622, 0.8285023954911073, 0.7965837644123356, 0.8754585737722712, 1.6811081137196349, -0.2673478647427341, -0.11161302186131375, -0.0430277362699224, -0.0881023579010963, -0.01785980684226784, 0.019038386267730273, 0.117176202645474, 0.22313400504419897, 0.743184431482246, 1.6711719088304784, -0.661159294817238, -0.5390363064804816, -0.4928453500309472, -0.48199714455164117, -0.46617578657504594, -0.40963610254754734, -0.27385446592826473, 0.0754215078438103, 0.8237151840826091, 1.6306486878602189, -0.9056571221866824, -0.8159345387904736, -0.7748697387082519, -0.7600259301995211, -0.7712295167590327, -0.6578330505740546, -0.3682281665138504, 0.0278952469952362, 0.7713512307476823, 1.6205345629998684, -1.0449090267933536, -0.9913377174504111, -0.9630387990777136, -0.9501992673432963, -0.8955477828851384, -0.7398862577786269, -0.4776684839290285, -0.004127822739744007, 0.800041747231156, 1.6548438914260946, -1.154953468189621, -1.1185692341274607, -1.0901942795862123, -1.0322280397036534, -0.9704427502290635, -0.7540860546250915, -0.4680697107175636, -0.0643595387017283, 0.7312379507820945, 1.6187361103768714, -1.2146434913635538, -1.183268022067912, -1.13738145883925, -1.0721420609404664, -0.9719604237313173, -0.7835549792629388, -0.4516887746260053, 0.006811093017033347, 0.7736478015732852, 1.6811623891562986, -1.2591701225224887, -1.230082965917217, -1.193381288564505, -1.0934116157234393, -0.9911873071577435, -0.8417768592440751, -0.5312393300324301, -0.0061029384383699545, 0.6713323615374375, 1.605136004394765, -1.263675703520461, -1.266102650598664, -1.2107151042168112, -1.1668790348884077, -1.0532194171162301, -0.9049279989317327, -0.6979052801676483, -0.2199918560410417, 0.40075074624199, 1.3507289600115389], "bean_num": 0.5, "model_info": {"det_num_x": 10, "det_num_y": 10, "det_y": 0.03, "det_x": 0.03, "size_x": 0.5, "size_y": 0.5, "med_margin": 0.0015}}