{"source": [35.9671646837389, -709.3153611184982], "intensity": 100, "miu_detector": 0.3, "miu_medium": 1.2, "miu_air": 0.00018, "output": [0.0, 0.0, 0.0, 0.0, 0.0, 0.0, 0.0, 0.0, 0.0, 0.0, 0.6774662560473784, 0.3225337439526216, 0.0, 0.0, 0.0, 0.0, 0.0, 0.0, 0.0, 0.0, 0.0, 0.0, 0.0, 0.0, 0.0, 0.0, 0.0, 0.0, 0.0, 0.0, 0.0, 0.0, 0.0, 0.0, 0.0, 0.0, 0.0, 0.0, 0.0, 0.0], "miu_de": 0.5, "input": [1.6443517409420552, 1.8590622770578296, 1.937197531111027, 1.8743964971037055, 1.9292265634453583, 1.9108661480775972, 1.8208284921143303, 1.887681847153983, 1.8101600405682023, 1.5612277713995348, 1.418993271687511, 1.0647151975539793, 1.097243696503206, 1.1171826597776109, 1.0878598601266611, 1.0566190886439315, 1.0449290405332825, 1.0676263479032682, 1.0036004635326674, 0.6699336131767213, 1.4202508496710216, 0.5055086887878177, 0.3518908172065265, 0.318068418216565, 0.3191492002626148, 0.32900944257965814, 0.3556617560855363, 0.28978694663497, 0.27260479781493696, -0.005046111239644891, 1.4140349994166663, 0.38019610148964, -0.08897914137744142, -0.16646022557480367, -0.19964773551216708, -0.1974133004732104, -0.17522036622346854, -0.20173318530090414, -0.2990058775923539, -0.4538530286773057, 1.3565590195488202, 0.25985568193946845, -0.27482650236597184, -0.48104038259837445, -0.5103530445258387, -0.5276612429031053, -0.5158943560501881, -0.5691216605265214, -0.6172668231625863, -0.7540111355800166, 1.320449707376149, 0.25919578699796114, -0.3800010602389951, -0.6700875492521553, -0.7630364807494007, -0.7996768833252706, -0.7879151561013121, -0.7971001995828764, -0.8381281034570836, -0.9343874387390253, 1.3646075962590982, 0.23873310176596801, -0.4252693870565989, -0.7586793757580734, -0.8818543138566537, -0.9446190744893016, -0.9478006267165087, -0.9718032663929741, -0.9976552774507702, -1.0594002058421124, 1.3138814742206923, 0.2112264774634546, -0.47811604685384973, -0.78700804762969, -0.9545146485330227, -1.0251271985143824, -1.0720815891958206, -1.0615079100428686, -1.0894873385239376, -1.1360103222903946, 1.2518195260382758, 0.17640797182888282, -0.5445106460967503, -0.8603083466115234, -1.0244563749563242, -1.093239805639261, -1.129259741576823, -1.1498130824129587, -1.176346732280973, -1.1970045854145799, 0.9983609409497394, -0.11970745280093541, -0.6477139004037594, -0.9188805631307854, -1.0849632415122148, -1.1588278825436673, -1.1962425860397967, -1.2103234215442737, -1.2166336958688266, -1.243927771856499], "bean_num": 0.5, "model_info": {"det_num_x": 10, "det_num_y": 10, "det_y": 0.03, "det_x": 0.03, "size_x": 0.5, "size_y": 0.5, "med_margin": 0.0015}}