{"source": [-573.7848582147486, 422.31269483792016], "intensity": 100, "miu_detector": 0.3, "miu_medium": 1.2, "miu_air": 0.00018, "output": [0.0, 0.0, 0.0, 0.0, 0.0, 0.0, 0.0, 0.0, 0.0, 0.0, 0.0, 0.0, 0.0, 0.0, 0.0, 0.0, 0.0, 0.0, 0.0, 0.0, 0.0, 0.0, 0.0, 0.0, 0.0, 0.0, 0.0, 0.0, 0.0, 0.0, 0.0, 0.0, 0.0, 0.0, 0.0, 0.03928046875392927, 0.9607195312460707, 0.0, 0.0, 0.0], "miu_de": 0.5, "input": [1.322205272168873, 0.4104741570410531, -0.20506551576362533, -0.6469067573911647, -0.9122102598543652, -1.0598499153796765, -1.1501818752491288, -1.2075192813425046, -1.2521303527805583, -1.2745923343623144, 1.6152648789751034, 0.6604498963206492, -0.002639242367639409, -0.5177072078392025, -0.8433790262885537, -0.989337345161628, -1.1037864363807153, -1.183527854817283, -1.2212538548537728, -1.236085423955715, 1.635749043581486, 0.7386137772297029, 0.025844283565102523, -0.5103622867514497, -0.7863234788117909, -0.9814023390787519, -1.05841282636175, -1.1268760874205108, -1.161950673182249, -1.2142415214539666, 1.6423776321140446, 0.6776613624628418, 0.02058741048414718, -0.45442338655337333, -0.7745174756335047, -0.9220254538959342, -1.0205149516281546, -1.084514647735159, -1.1237442082914832, -1.1529723700767052, 1.682763531167808, 0.7631977056945954, 0.014038153763253135, -0.41089926544291355, -0.7130834500366316, -0.902475364080135, -0.9340777435939487, -0.9683249325366389, -1.001202022062864, -1.0753988952853861, 1.6751696292165634, 0.7799736498403942, -8.863072200608981e-06, -0.37123548914167714, -0.68017147125314, -0.7535769603773782, -0.7989638936109896, -0.7920351059375398, -0.8119585872725716, -0.9212552073730957, 1.6442888816704921, 0.7456447990613091, 0.06862980097087167, -0.29404352936185857, -0.43285923480669836, -0.484693205134863, -0.4365228204023311, -0.48477471298956526, -0.5584563450590141, -0.6393021303236313, 1.65420538439104, 0.7473826069366494, 0.2066080858881383, 0.06819269669486344, 0.027576470039039652, -0.04126250639693073, -0.05272694211574582, -0.06250972915186767, -0.0711586989388838, -0.280840147629963, 1.6571015037667334, 0.8599803575640299, 0.7493145814161579, 0.7031239099238205, 0.7355610121404096, 0.6954745413441821, 0.7024550103268496, 0.6459875334798445, 0.6403694138921191, 0.380908349548641, 1.687786038799095, 1.628786113360952, 1.7027307348152902, 1.7544370481332774, 1.7598372215487998, 1.6808237520344764, 1.7373374060504398, 1.684140649999992, 1.546737991051488, 1.3724793655764491], "bean_num": 0.5, "model_info": {"det_num_x": 10, "det_num_y": 10, "det_y": 0.03, "det_x": 0.03, "size_x": 0.5, "size_y": 0.5, "med_margin": 0.0015}}