{"source": [-588.826191183804, -404.4067347628647], "intensity": 100, "miu_detector": 0.3, "miu_medium": 1.2, "miu_air": 0.00018, "output": [0.0, 0.0, 0.0, 0.16874005106558101, 0.831259948934419, 0.0, 0.0, 0.0, 0.0, 0.0, 0.0, 0.0, 0.0, 0.0, 0.0, 0.0, 0.0, 0.0, 0.0, 0.0, 0.0, 0.0, 0.0, 0.0, 0.0, 0.0, 0.0, 0.0, 0.0, 0.0, 0.0, 0.0, 0.0, 0.0, 0.0, 0.0, 0.0, 0.0, 0.0, 0.0], "miu_de": 0.5, "input": [0.8540626922942114, -0.20979951803305133, -0.7370238158645788, -0.9816122315582898, -1.1190381797259414, -1.1697071941333788, -1.1922224931853302, -1.1748942920331933, -1.196700942369854, -1.2295493956077426, 1.242410240183005, -0.024430622686757577, -0.6668233559942732, -0.9153719563691457, -1.0435190013091018, -1.1274424598320913, -1.1057476499837706, -1.1061044281338015, -1.1426652646263054, -1.173030269386612, 1.1265611486180207, 0.02683850522936489, -0.5961350535871827, -0.8648743015733464, -0.9708989404601128, -1.0386356783347737, -1.0187564321736078, -1.0561331049071918, -1.060975408858807, -1.1127382522969997, 1.229357876650733, 0.06729963458616463, -0.5696073656254961, -0.7856279150326746, -0.8678411229477415, -0.8995169660573215, -0.9374658001070669, -0.9321889151292226, -0.9473400189214013, -1.0382194391885398, 1.1520773638574264, -0.015812306624177347, -0.5139562778462704, -0.6606617931227006, -0.7348355809600076, -0.7157707947403706, -0.7539883413326411, -0.7648845773501661, -0.792024266435049, -0.8871167807105239, 1.1880492317678455, 0.10338870047543848, -0.4131252750371199, -0.4758825670462473, -0.46181795209338483, -0.44115992441136415, -0.49221257268012447, -0.513495489627097, -0.5560895193403566, -0.673662178438766, 1.0528541588856686, 0.20978307157758033, -0.10665667734745632, -0.035537272452019084, -0.08934926082621494, -0.10230141140772273, -0.08233232729662981, -0.18842071218596124, -0.1991367086601058, -0.3553019799797387, 1.3013683029354426, 0.46165689178496794, 0.3209742918300371, 0.43912837622316997, 0.3880904799217982, 0.4174762934145512, 0.511565198552057, 0.40503730199538324, 0.3854252693787455, 0.006490314349534334, 1.3515878714641159, 1.078730243067883, 1.1364189760148418, 1.2360735410178574, 1.1970799004030168, 1.08787050867054, 1.1862146074469992, 1.1077732451642306, 1.13021614253219, 0.7684551870785994, 1.7098679060597721, 1.8358535998354326, 1.9336307458672848, 1.9656820123227505, 1.8678330374716217, 1.9303858612980582, 2.076306667406245, 2.0681662369931613, 1.9158297957942778, 1.5642989035669148], "bean_num": 0.5, "model_info": {"det_num_x": 10, "det_num_y": 10, "det_y": 0.03, "det_x": 0.03, "size_x": 0.5, "size_y": 0.5, "med_margin": 0.0015}}