{"source": [585.9688979850791, -411.7533347733007], "intensity": 100, "miu_detector": 0.3, "miu_medium": 1.2, "miu_air": 0.00018, "output": [0.0, 0.0, 0.0, 0.0, 0.0, 0.0, 0.0, 0.0, 0.0, 0.0, 0.0, 0.0, 0.0, 0.0, 0.0, 0.0, 0.8994726970038466, 0.10052730299615338, 0.0, 0.0, 0.0, 0.0, 0.0, 0.0, 0.0, 0.0, 0.0, 0.0, 0.0, 0.0, 0.0, 0.0, 0.0, 0.0, 0.0, 0.0, 0.0, 0.0, 0.0, 0.0], "miu_de": 0.5, "input": [1.831011930349625, 2.151604782976404, 2.2168785198757184, 2.318178857680858, 2.118819705473066, 2.166620099347811, 2.1058077021871684, 2.2361336851774802, 2.0236729638504225, 1.646809870444198, 0.985882838903252, 1.315061790858483, 1.3365948982436786, 1.409655816148414, 1.4647120482117302, 1.3615179095891004, 1.4960660873284546, 1.3554408771520141, 1.3645025103818784, 1.0380155295762037, 0.3271003453088127, 0.5917860723088426, 0.6753300466704338, 0.7393411087765287, 0.7926987708053169, 0.7332139361813755, 0.7732931905551507, 0.7938155447355302, 0.630571341910386, 0.49151153811627324, -0.1521505805582852, 0.05414639746497873, 0.19992526888965426, 0.16440067347022252, 0.1956752136071274, 0.17560973950155423, 0.1761340925902702, 0.09441534863348817, 0.20758317771985835, 0.15125452845890205, -0.4895657380403302, -0.2814078796865753, -0.18861423198102092, -0.27136757787858223, -0.2350998099326707, -0.21083689169536907, -0.2542454342127238, -0.3054602196237784, -0.26017881898163947, -0.0360498482372779, -0.6914258184135617, -0.5764140484756689, -0.4830791175534502, -0.5328038421550677, -0.4851291208689481, -0.47602409709961224, -0.4553884323647227, -0.5367956591438331, -0.5001223974001704, -0.31453232318218566, -0.8351175899576954, -0.7899189833384469, -0.7348606742723437, -0.7166082178774799, -0.7015006464666759, -0.7340711562377749, -0.656789509560376, -0.7054975327573354, -0.711205296861787, -0.2493164708630374, -0.9527046695713639, -0.8809218359966672, -0.8842832203526813, -0.8545035051137858, -0.8220080893978888, -0.8563004964557999, -0.8671132412775484, -0.8249576323699287, -0.8769197415347407, -0.46190118395032087, -1.0353098846750313, -0.97510841274082, -0.9452304427130159, -0.9775362881209466, -0.9689097490600975, -0.9678006990563283, -0.9731553087499597, -0.93413151671388, -0.9282115627063592, -0.408812286213862, -1.0923371402871944, -1.0589617724550966, -1.0356398693592288, -1.057902033954948, -1.051612649013943, -1.0416477336120606, -1.066763439000652, -1.0110348449506599, -1.0115798269357816, -0.5159177174416658], "bean_num": 0.5, "model_info": {"det_num_x": 10, "det_num_y": 10, "det_y": 0.03, "det_x": 0.03, "size_x": 0.5, "size_y": 0.5, "med_margin": 0.0015}}