{"source": [-719.3302245173478, -43.54743918764245], "intensity": 100, "miu_detector": 0.3, "miu_medium": 1.2, "miu_air": 0.00018, "output": [0.6150673763508461, 0.3849326236491539, 0.0, 0.0, 0.0, 0.0, 0.0, 0.0, 0.0, 0.0, 0.0, 0.0, 0.0, 0.0, 0.0, 0.0, 0.0, 0.0, 0.0, 0.0, 0.0, 0.0, 0.0, 0.0, 0.0, 0.0, 0.0, 0.0, 0.0, 0.0, 0.0, 0.0, 0.0, 0.0, 0.0, 0.0, 0.0, 0.0, 0.0, 0.0], "miu_de": 0.5, "input": [1.7187263032466016, 2.1466304169025907, 2.101048966003203, 2.2023680886424013, 2.2468047685943717, 2.2267878710599036, 2.137819599013376, 2.106480614022941, 2.04489981768375, 1.7454838436262405, 0.959390177549579, 1.358032765700464, 1.4017128002991417, 1.5033945464414225, 1.4263753396721308, 1.4057050277110015, 1.495992814520423, 1.569383167563785, 1.2963133776131095, 0.9940968703850468, 0.3656712939127857, 0.6965261161080472, 0.7702855446619777, 0.7780273236786638, 0.8231057432348722, 0.7570419563164967, 0.7181164388540116, 0.7834947694395774, 0.6764384860346778, 0.3481026667128425, -0.08425672008738536, 0.14718268957751532, 0.11532150112933953, 0.18256543534617445, 0.16657074145141007, 0.22036481165154084, 0.19770394068966154, 0.16192177089830195, 0.14530965594631098, -0.15815436008022837, -0.40966572483975294, -0.21856877535948302, -0.24172233607608787, -0.16948055145944607, -0.16430949508906578, -0.12159675391281459, -0.21932083661259633, -0.22864084699843304, -0.27540862449934533, -0.4353773394117207, -0.6234158767613736, -0.4873033737012449, -0.452584278720932, -0.41631354539480325, -0.45202216186193844, -0.4660014852229255, -0.4501552663263994, -0.4711900140059289, -0.4731587348350078, -0.6254708699113947, -0.6949599699578484, -0.736978945368824, -0.6897202241545933, -0.6293706333769086, -0.6015442901441599, -0.6568400193320446, -0.654625982546887, -0.6871624318381333, -0.7270205752068468, -0.8188716581125662, -0.8650270206667717, -0.8755201856233278, -0.8491728307735322, -0.8253119105700779, -0.7896109217335662, -0.8210566153845044, -0.7867549911474195, -0.8073509361811235, -0.8751362902649561, -0.9192870093720984, -0.9013341951440335, -0.9214609866360228, -0.9532949950661501, -0.8916047168585067, -0.8746952376308287, -0.8768809712067372, -0.9243937117009189, -0.9149905314094141, -0.9463616278899732, -0.9811558651530179, -0.9549741468258733, -1.0251230461205698, -0.9627930873937309, -0.9797976152694616, -0.9941434632566639, -1.0027405300362637, -0.9993287819422735, -0.99388830149636, -1.019289679490717, -1.0675051584436688], "bean_num": 0.5, "model_info": {"det_num_x": 10, "det_num_y": 10, "det_y": 0.03, "det_x": 0.03, "size_x": 0.5, "size_y": 0.5, "med_margin": 0.0015}}