{"source": [696.8341948108958, 187.03130841804477], "intensity": 100, "miu_detector": 0.3, "miu_medium": 1.2, "miu_air": 0.00018, "output": [0.0, 0.0, 0.0, 0.0, 0.0, 0.0, 0.0, 0.0, 0.0, 0.0, 0.0, 0.0, 0.0, 0.0, 0.0, 0.0, 0.0, 0.0, 0.0, 0.0, 0.0, 0.33064734226731907, 0.6693526577326809, 0.0, 0.0, 0.0, 0.0, 0.0, 0.0, 0.0, 0.0, 0.0, 0.0, 0.0, 0.0, 0.0, 0.0, 0.0, 0.0, 0.0], "miu_de": 0.5, "input": [1.7183831763319313, 2.133711114307268, 2.160907658660154, 2.1088468787693344, 2.1519673433213575, 2.1456668118731757, 1.9953538858023399, 2.141468225637681, 2.004111260323517, 1.6151338804571913, 1.1008073837685133, 1.1849076963004657, 1.411015662971247, 1.4786943911831492, 1.47871508890223, 1.4677935783571323, 1.4730446926143168, 1.4177700136967548, 1.2985695303386093, 0.9230375704695986, 0.6032872303719411, 0.5819194896661766, 0.6853079616018177, 0.6557389149832058, 0.760066005752738, 0.6874941724023126, 0.7519955887936098, 0.6737081591400961, 0.5711508498921661, 0.2837303633926061, 0.4585668677161863, 0.04893339202325443, 0.07804049834571704, 0.08350110940026836, 0.15205820940198203, 0.123566296054603, 0.1574797844393204, 0.06002171190152309, 0.04472523546615652, -0.15896481614356128, 0.3845355199854619, -0.2770109247453464, -0.28510385916642056, -0.3176714244729895, -0.20800966686214065, -0.2594951517333885, -0.3335578413284874, -0.29845039273431734, -0.3381655378339044, -0.49359250475075944, 0.3305243823762044, -0.5292147628637702, -0.5660203511807308, -0.6013458226745965, -0.5757768592361735, -0.5381225551469918, -0.5506741209189362, -0.5476090947787337, -0.648669897105354, -0.7226967655242446, 0.201580728640518, -0.6649783600243051, -0.7306926570507598, -0.7732982246739349, -0.7510098588722848, -0.7778009157321388, -0.7805477357930466, -0.7997884418196427, -0.8419500529328487, -0.9026049157229865, 0.20709857391715042, -0.7896469218087309, -0.8585101517284354, -0.8872411474770591, -0.9182373461107347, -0.8850861872447715, -0.9340543074520266, -0.9368748657792709, -0.9725466703620809, -1.0260408603297986, 0.05091797820788133, -0.8305305362126414, -0.9385636243737, -0.9453002458713652, -1.0002529396301767, -1.0441457148784696, -1.0101377629545718, -1.0162290958681428, -1.0240694936118937, -1.0678206591795443, -0.008707201666615013, -0.8660989788066398, -1.0611007892910154, -1.0829753637859705, -1.1069680034906235, -1.098590364629042, -1.1083680287918838, -1.0928299568640285, -1.1134541025023403, -1.148650035434477], "bean_num": 0.5, "model_info": {"det_num_x": 10, "det_num_y": 10, "det_y": 0.03, "det_x": 0.03, "size_x": 0.5, "size_y": 0.5, "med_margin": 0.0015}}