{"source": [119.19202211297468, -715.2871965660947], "intensity": 100, "miu_detector": 0.3, "miu_medium": 1.2, "miu_air": 0.00018, "output": [0.0, 0.0, 0.0, 0.0, 0.0, 0.0, 0.0, 0.0, 0.0, 0.0, 0.0, 0.9488258011519126, 0.051174198848087375, 0.0, 0.0, 0.0, 0.0, 0.0, 0.0, 0.0, 0.0, 0.0, 0.0, 0.0, 0.0, 0.0, 0.0, 0.0, 0.0, 0.0, 0.0, 0.0, 0.0, 0.0, 0.0, 0.0, 0.0, 0.0, 0.0, 0.0], "miu_de": 0.5, "input": [1.5319026328069043, 0.6681380197525635, 0.08901831757511385, -0.4014127578582848, -0.6782171143618457, -0.8700479413861196, -1.052724045045805, -1.1123239496716946, -1.2080426004376705, -1.230716436612566, 1.8385276069938923, 1.1054555577772667, 0.25935472524719627, -0.20915614108948102, -0.5749769947459504, -0.7710907997517104, -0.9871705408624747, -1.0684233709024766, -1.1647742737103934, -1.2133023885812628, 1.9170701717836927, 1.108322457352607, 0.4040160509173692, -0.1660829080214917, -0.5549176542561056, -0.7911566927783766, -0.9332906990248659, -1.0857199211640935, -1.133965604975586, -1.204983782601468, 1.9901157967371021, 1.0827277420250734, 0.31624779493987243, -0.16417886931722453, -0.4982812002192019, -0.747591115075731, -0.9481030026049404, -1.050069211309854, -1.1186964967165707, -1.1896003107187665, 1.9594468390315636, 1.2190052342408635, 0.30436294696990573, -0.11429038501921457, -0.5331017525632961, -0.7505144287728113, -0.8965472358611232, -1.034900964750481, -1.1101900479030204, -1.1686903394702333, 1.9769658625268896, 1.047689335840506, 0.3482129783743378, -0.0337164486021209, -0.5167023035344726, -0.7176880232114786, -0.8822793430180504, -0.9978953154138744, -1.0317090694899056, -1.1267904750334317, 1.8540172125138625, 1.1179682711529906, 0.4439183878159068, -0.05475147726791464, -0.4010446785004617, -0.6760523957480495, -0.7976629707774211, -0.8558931226819168, -0.9172856712447963, -0.9413749198927331, 1.8566891557118375, 1.126458797852929, 0.4589831116765933, -0.06641687691737154, -0.34152161533628306, -0.42867193191479847, -0.5091347168967355, -0.5760411184161847, -0.6171790996305667, -0.712061451333926, 1.9147167666389595, 0.9628603222703793, 0.3679320549670188, 0.21108855882802802, 0.2541514024378651, 0.21231752476176444, 0.1038854252593714, 0.06142438403156353, -0.009522013278356365, -0.21537665632890912, 1.655590955537063, 1.431090574164975, 1.3634390006969577, 1.393835903731639, 1.335559528682511, 1.328618293697064, 1.1915756621219076, 1.2445250956746798, 1.1329077251267665, 0.9738894863665986], "bean_num": 0.5, "model_info": {"det_num_x": 10, "det_num_y": 10, "det_y": 0.03, "det_x": 0.03, "size_x": 0.5, "size_y": 0.5, "med_margin": 0.0015}}