{"source": [654.9228813740476, -342.6294330871137], "intensity": 100, "miu_detector": 0.3, "miu_medium": 1.2, "miu_air": 0.00018, "output": [0.0, 0.0, 0.0, 0.0, 0.0, 0.0, 0.0, 0.0, 0.0, 0.0, 0.0, 0.0, 0.0, 0.0, 0.0, 0.0, 0.06852928803112462, 0.9314707119688754, 0.0, 0.0, 0.0, 0.0, 0.0, 0.0, 0.0, 0.0, 0.0, 0.0, 0.0, 0.0, 0.0, 0.0, 0.0, 0.0, 0.0, 0.0, 0.0, 0.0, 0.0, 0.0], "miu_de": 0.5, "input": [1.5865462208818262, 1.7319030997069502, 1.7905759939531865, 1.826711866349744, 1.7086584778404506, 1.8138731011572466, 1.8712818639634183, 1.7315334381818048, 1.8423383867529564, 1.3351623827129608, 1.588891634250573, 0.9738147855766267, 0.9604510230901804, 0.9341105484749385, 1.0294866143715724, 0.964976826058476, 1.1014733079977328, 1.004782293466147, 0.9424546806817693, 0.571684023240085, 1.4540456211754658, 0.5999398696003688, 0.1506752099946827, 0.2232722563897733, 0.23348347729537675, 0.28432305742594477, 0.2873777179169125, 0.18342575689988583, 0.19032726528749222, -0.13363447445656926, 1.457759577923315, 0.48246370857208803, -0.029096634310131455, -0.23672379962573936, -0.18806847074496058, -0.2835063910863301, -0.29861884553617185, -0.320724130086537, -0.30224793557032886, -0.5068538481097902, 1.5558051411489713, 0.44107350297038767, -0.20210336715372032, -0.505848597209042, -0.5872654251863351, -0.6288364431097984, -0.6693588774302142, -0.6724715734269636, -0.6874196362270675, -0.8140043734693806, 1.4870835040322077, 0.48712963509984264, -0.2061458967689275, -0.6848751675752999, -0.7837667034039517, -0.830415406108652, -0.8837343444580837, -0.8359108577177742, -0.8858782374434522, -0.9691529751728486, 1.5044850426148557, 0.43791576990820186, -0.26355488720941933, -0.6605881856410967, -0.8994954878224974, -0.9720287053554443, -0.9923663269543113, -1.016747778647144, -1.026299652253225, -1.0880294657865008, 1.4568550779546947, 0.4155959701664781, -0.25920443482436323, -0.7081687640536248, -0.8946041546359903, -1.0475753650818023, -1.1069744100252266, -1.1040937022138932, -1.1335682233133795, -1.18410052727574, 1.420750336352157, 0.39135252798107933, -0.3384414461040343, -0.7702152953282652, -0.9302259854298623, -1.0705760829125464, -1.1505674418531433, -1.171059650037042, -1.1917539928677108, -1.2448112253580723, 1.1720187943415312, 0.17787200324149233, -0.4362926932497213, -0.8615316184350587, -1.051240760298286, -1.131867674331617, -1.2146310928924247, -1.2246907979121973, -1.2531780939827013, -1.260595059527462], "bean_num": 0.5, "model_info": {"det_num_x": 10, "det_num_y": 10, "det_y": 0.03, "det_x": 0.03, "size_x": 0.5, "size_y": 0.5, "med_margin": 0.0015}}