{"source": [-102.98023343688119, 733.4208491952345], "intensity": 100, "miu_detector": 0.3, "miu_medium": 1.2, "miu_air": 0.00018, "output": [0.0, 0.0, 0.0, 0.0, 0.0, 0.0, 0.0, 0.0, 0.0, 0.0, 0.0, 0.0, 0.0, 0.0, 0.0, 0.0, 0.0, 0.0, 0.0, 0.0, 0.0, 0.0, 0.0, 0.0, 0.0, 0.0, 0.0, 0.0, 0.0, 0.0, 0.11192270292063361, 0.8880772970793664, 0.0, 0.0, 0.0, 0.0, 0.0, 0.0, 0.0, 0.0], "miu_de": 0.5, "input": [-0.21815788718530416, -0.09516648457120555, -0.10205578404614915, -0.09228677976753234, -0.020615609685782885, 0.032585863579945744, 0.3206157109518151, 0.5903630903648165, 1.0094574982152218, 1.702435801860306, -0.9719199274707957, -0.8747179170440572, -0.8127561044066381, -0.7464281678695334, -0.5822291290518874, -0.2906104040296103, 0.10883032911087703, 0.6345419119207685, 1.2994587864802263, 2.1878099777620905, -1.0288257161531957, -0.9733650905539416, -0.8670570571863278, -0.7441403772687631, -0.5468354136955677, -0.2964125488478673, 0.1795447287642629, 0.6291433244016404, 1.3793640936002431, 2.128498141001178, -1.0688682952542592, -0.9504049897405169, -0.8603823948320168, -0.737147566790923, -0.5587763987858018, -0.2658535208796138, 0.14066067739730279, 0.6984937224188675, 1.3831661502761463, 2.2456195457619152, -1.0473446887718947, -0.973744262673918, -0.8784401391446277, -0.7256257195322724, -0.5051946949299676, -0.22655091106455413, 0.07093916861834806, 0.7443670964208687, 1.427661384771901, 2.1017671432928107, -1.0846279336777276, -0.9756039362317879, -0.8693316416125709, -0.7159813132732507, -0.4506205440594687, -0.21951944642454688, 0.2154976106098775, 0.7315624265755465, 1.466468688725372, 2.144666408203356, -1.0856577316073666, -0.9561500260105439, -0.8974095417611778, -0.7515364155901684, -0.5438730570118884, -0.2806107697781388, 0.16508733224408584, 0.6531159450168903, 1.478463395458014, 2.2277473337301608, -1.0787650411388028, -0.9575527717617143, -0.9100761115659027, -0.7582815481079003, -0.5699812776771683, -0.22678304826212672, 0.1487840669700521, 0.624740968454458, 1.5196407182918608, 2.205067963657065, -1.0846736944340687, -0.9875559563965151, -0.8959711620678404, -0.77427065411277, -0.604742768871624, -0.27308270211178176, 0.14402210884865319, 0.5388740043477466, 1.2920092806785086, 2.0953133065596545, -1.130230112036928, -1.02287881499895, -1.001001991203636, -0.8894944166809718, -0.7318157258294787, -0.49349636582954104, -0.19136824072179065, 0.20269382686385307, 0.905435089374335, 1.700344120501634], "bean_num": 0.5, "model_info": {"det_num_x": 10, "det_num_y": 10, "det_y": 0.03, "det_x": 0.03, "size_x": 0.5, "size_y": 0.5, "med_margin": 0.0015}}