{"source": [744.0572836042556, 36.95563087635535], "intensity": 100, "miu_detector": 0.3, "miu_medium": 1.2, "miu_air": 0.00018, "output": [0.0, 0.0, 0.0, 0.0, 0.0, 0.0, 0.0, 0.0, 0.0, 0.0, 0.0, 0.0, 0.0, 0.0, 0.0, 0.0, 0.0, 0.0, 0.0, 0.0, 0.6840650772368622, 0.3159349227631379, 0.0, 0.0, 0.0, 0.0, 0.0, 0.0, 0.0, 0.0, 0.0, 0.0, 0.0, 0.0, 0.0, 0.0, 0.0, 0.0, 0.0, 0.0], "miu_de": 0.5, "input": [1.5797052868471735, 1.5849353592406006, 1.4856594647954995, 1.5898264033401264, 1.4350750355557578, 1.4888345642995906, 1.4800081422151175, 1.5219036336473324, 1.4339621049556983, 1.031093795524258, 1.6951172937317214, 0.955003294157291, 0.47768857127977277, 0.4755467962099938, 0.3695416302020953, 0.3495366553452577, 0.3772329420006469, 0.39577480912166113, 0.2873172152225663, 0.17148703645264007, 1.7655421780029539, 0.9347466987622204, 0.3173557736397875, -0.11756734503500497, -0.2319627814456023, -0.2312640216210042, -0.3357253837100052, -0.3716285586416319, -0.37481083235997004, -0.4918200814660637, 1.8388564029357233, 0.9775391625541314, 0.30065531689169883, -0.20258235278595152, -0.5017519253027827, -0.646364367883024, -0.6809782181010717, -0.7355231273182405, -0.7470551198044535, -0.8475620663489707, 1.8873627683050138, 0.9631822515439735, 0.26788439003424175, -0.2504361558579239, -0.588070899473228, -0.7907356495222618, -0.8947822250767079, -0.9414330985612868, -0.9522757010744596, -1.0594417991157732, 1.8842541336857086, 0.9839383265571686, 0.31165714548535506, -0.24760032910929905, -0.5613893322190567, -0.8311341154870849, -0.9611210442306521, -1.0486740326281028, -1.1253231357852242, -1.1397308469912273, 1.8192370567182463, 1.0338121440432886, 0.240616650800457, -0.23517325755360433, -0.6008670714324675, -0.8563724773092026, -0.9843788182697809, -1.0812734460606508, -1.1430340294079195, -1.1951099617564171, 1.8265622105554824, 0.9326424352633943, 0.2679525620806939, -0.2673902960420211, -0.6213068497552846, -0.8818837096820278, -1.0217222496862786, -1.0859066870401644, -1.167709253741887, -1.216452160134704, 1.8466866551268597, 0.874992574222694, 0.1676511756821311, -0.3392513013730204, -0.6225203135402284, -0.9117954121279843, -1.0068880624481438, -1.1318941689233322, -1.181276831870516, -1.222688218198434, 1.4776233926636346, 0.5690312643943831, -0.07312505636132037, -0.47652361809789445, -0.7603163240431715, -0.9422000720966656, -1.1020542042367696, -1.151026880660464, -1.2243636725214355, -1.261783752766166], "bean_num": 0.5, "model_info": {"det_num_x": 10, "det_num_y": 10, "det_y": 0.03, "det_x": 0.03, "size_x": 0.5, "size_y": 0.5, "med_margin": 0.0015}}