{"source": [677.9191146620839, 308.9466253013151], "intensity": 100, "miu_detector": 0.3, "miu_medium": 1.2, "miu_air": 0.00018, "output": [0.0, 0.0, 0.0, 0.0, 0.0, 0.0, 0.0, 0.0, 0.0, 0.0, 0.0, 0.0, 0.0, 0.0, 0.0, 0.0, 0.0, 0.0, 0.0, 0.0, 0.0, 0.0, 0.27776933614232663, 0.7222306638576733, 0.0, 0.0, 0.0, 0.0, 0.0, 0.0, 0.0, 0.0, 0.0, 0.0, 0.0, 0.0, 0.0, 0.0, 0.0, 0.0], "miu_de": 0.5, "input": [0.46522914166669377, -0.7034525739999968, -1.0125030462314846, -1.0845096209270084, -1.0950454698385255, -1.0923827221341313, -1.1251856522919947, -1.1293995326500417, -1.131210007769709, -1.164766717205725, 0.6220379236197375, -0.5353735555047023, -0.9163904455665988, -1.0067775935279017, -1.0162910890194956, -1.0665829589939733, -1.0607514767887543, -1.0399228067165152, -1.0762165111414568, -1.1190579209186664, 0.5431644473511315, -0.5500542269161296, -0.8882966055104665, -0.9118166006147504, -0.9060410167964763, -0.9569758199766694, -0.9634296955545766, -0.9602668487546714, -1.0048436045331726, -1.054509343623419, 0.7534594177155669, -0.4669771080600398, -0.7565166391070538, -0.8052494020416784, -0.8313144609229981, -0.7826477343763032, -0.8222047680209452, -0.8222114227503643, -0.853373033993164, -0.9715524912543314, 0.6893717798992016, -0.413892364637795, -0.640153798352416, -0.5983241600399554, -0.6425222594899912, -0.6336036887214451, -0.6659808622480841, -0.6285685809336905, -0.7076323534250094, -0.7689275944885144, 0.6820904636605958, -0.24374779859979875, -0.3304937453515492, -0.31461363630058886, -0.3725543658855058, -0.3252208073745194, -0.325899955421698, -0.32560475414783047, -0.4506254311884729, -0.5931348715289355, 0.7163473789394601, 0.011452957332570832, 0.044944510930666995, 0.027752133537427105, 0.026622202454756834, 0.0855564003691984, 0.08964780504865877, 0.01941761154671298, -0.06145231424858756, -0.2915510208120013, 0.8952252821376163, 0.5507294819818334, 0.5811085784917289, 0.5477736137670421, 0.6459117561414078, 0.6243417288802064, 0.6523385558702169, 0.5396808148653408, 0.46428413924858725, 0.21388927865662202, 1.2265792402057505, 1.223479619605573, 1.3605958298798662, 1.3658046093436977, 1.3843479724224639, 1.4338798196222569, 1.3273924866043822, 1.1704077328811122, 1.3047382278004338, 0.9204013299225732, 1.6535200495746658, 2.019168399374039, 2.068338979626093, 2.082307782086204, 2.020405538494768, 2.104474034960626, 2.1439259128772705, 1.9751853495387748, 2.0762528894832406, 1.6650216788135044], "bean_num": 0.5, "model_info": {"det_num_x": 10, "det_num_y": 10, "det_y": 0.03, "det_x": 0.03, "size_x": 0.5, "size_y": 0.5, "med_margin": 0.0015}}