{"source": [725.9024690154274, 179.64850928169747], "intensity": 100, "miu_detector": 0.3, "miu_medium": 1.2, "miu_air": 0.00018, "output": [0.0, 0.0, 0.0, 0.0, 0.0, 0.0, 0.0, 0.0, 0.0, 0.0, 0.0, 0.0, 0.0, 0.0, 0.0, 0.0, 0.0, 0.0, 0.0, 0.0, 0.0, 0.45550754368214885, 0.5444924563178511, 0.0, 0.0, 0.0, 0.0, 0.0, 0.0, 0.0, 0.0, 0.0, 0.0, 0.0, 0.0, 0.0, 0.0, 0.0, 0.0, 0.0], "miu_de": 0.5, "input": [-1.233243498386835, -1.159514522950695, -1.0946513040196197, -1.0397907139022675, -0.8804409401622613, -0.6575146077182293, -0.28841255777715274, 0.11806264456926809, 0.7888263917529509, 1.5750927971882072, -1.220227783422436, -1.1441842631837942, -1.0775671323216134, -0.9203190525812975, -0.7765124769388768, -0.5238546958971787, -0.1909483846586873, 0.31508208491408124, 1.109009376137327, 1.958189181821223, -1.191480920315956, -1.1310912052684772, -1.0377339686045948, -0.899009258222736, -0.7306227545896398, -0.5176687805976843, -0.07440459834155382, 0.4372207986115825, 1.1694001614877925, 1.8676343625770517, -1.1748243383389438, -1.104449932217051, -1.0173704425855667, -0.8936316460718781, -0.7331636716702994, -0.4252698819967021, -0.0415898599382215, 0.4686524060265574, 1.2992483075739638, 2.0109920040624827, -1.1571569688317735, -1.1177964746645426, -1.0239030888925467, -0.9000818540013963, -0.7271502068238206, -0.4840096873761808, -0.04351268781426918, 0.42376477365859117, 1.152533376951458, 1.9759296600707414, -1.137608678060075, -1.079060262418512, -0.9585273025315002, -0.8927317595377654, -0.6980213951742348, -0.47357756009105767, -0.10694223325002462, 0.45341453605396137, 1.2050970930603093, 1.9274933243239825, -1.0613273640635446, -0.9637915523984625, -0.8804305589055869, -0.804418652724455, -0.6492114265752441, -0.4098836652861419, -0.06156911391637492, 0.3820595605435337, 1.1784675419942934, 2.05809271112213, -0.7491727240288891, -0.6914221425244286, -0.6212695603895748, -0.585530684132349, -0.5017046164318547, -0.36894783754181193, -0.0007964928080326695, 0.44985267969455345, 1.091168384988014, 1.9729805594237524, -0.2600376578296872, -0.16760361084786946, -0.09161650228607078, -0.037621707791723344, -0.024911337773148245, -0.006694188078765765, 0.19324125547249998, 0.4723312038926993, 1.073296494333332, 1.947746211107977, 0.7731997826547324, 1.0245813329344526, 1.2035868881427225, 1.1224813695932028, 1.1792605016522821, 1.1083793029435614, 1.1730449506449279, 1.2098167748366218, 1.3382069400009071, 1.7100970216642346], "bean_num": 0.5, "model_info": {"det_num_x": 10, "det_num_y": 10, "det_y": 0.03, "det_x": 0.03, "size_x": 0.5, "size_y": 0.5, "med_margin": 0.0015}}