{"source": [-184.3459613597413, 727.630584437688], "intensity": 100, "miu_detector": 0.3, "miu_medium": 1.2, "miu_air": 0.00018, "output": [0.0, 0.0, 0.0, 0.0, 0.0, 0.0, 0.0, 0.0, 0.0, 0.0, 0.0, 0.0, 0.0, 0.0, 0.0, 0.0, 0.0, 0.0, 0.0, 0.0, 0.0, 0.0, 0.0, 0.0, 0.0, 0.0, 0.0, 0.0, 0.0, 0.0, 0.0, 0.42035483197121776, 0.5796451680287823, 0.0, 0.0, 0.0, 0.0, 0.0, 0.0, 0.0], "miu_de": 0.5, "input": [-1.1928820081910934, -1.1708569796543762, -1.1646957042748984, -1.1174559465527394, -1.1485479308187792, -1.1427896850494748, -1.0966976264858066, -0.9306576873104945, -0.5492678217268968, 0.5405348699700573, -1.0855502462789983, -1.0947697095302453, -1.068389758573015, -1.0672748843045776, -1.0652101216336083, -1.064370930184461, -0.9907602367465104, -0.8359412925495524, -0.4526955872393138, 0.7515432533739245, -1.0876892722574703, -0.9874769171139252, -0.9859621765348343, -0.9631921521513612, -0.9573427936723885, -0.9355290112039025, -0.8930131975389076, -0.8382288015296444, -0.39419572968058747, 0.6716805251298811, -0.9908552135184667, -0.843997995708642, -0.8159853237589616, -0.8379210959001275, -0.8509879793908336, -0.8287489366454925, -0.803361508551938, -0.723828483257879, -0.36909368788052777, 0.6665316086986738, -0.8105065534286264, -0.7077607991267622, -0.6385894965544957, -0.6032049686273451, -0.6291245471331007, -0.6108968619621364, -0.6217984965732194, -0.5594384009698237, -0.32569396997837047, 0.7996886932515394, -0.6204094783395462, -0.46351758479968125, -0.3894651909319759, -0.3334082957128793, -0.35447715101694655, -0.41561574162302733, -0.40366640218730043, -0.3346942970731855, -0.26364993138667003, 0.7353509679404451, -0.2513897449862324, -0.10910630419405684, -0.07677634879462146, 0.062077432279695394, 0.07933368723250489, 0.058639658017093435, 0.008432612286155812, -0.05880710673675962, -0.005514843641805462, 0.9337030247648224, 0.24267315815289936, 0.4309983367332499, 0.4906416533516015, 0.5514938734255134, 0.49475779124649094, 0.5575492599087647, 0.4534465158603499, 0.5657319615024693, 0.4274815500828843, 0.9533231199497947, 0.9100765482935986, 1.1835271563069434, 1.4638622158469818, 1.3237447162033322, 1.4200821689496292, 1.2899550170267198, 1.378730358344763, 1.2946060060270852, 1.2124862393489928, 1.1875993671284957, 1.7997665954530353, 2.0751019714665806, 2.174259648681722, 1.950496345554919, 2.119260052610155, 2.027675720339155, 2.0654912157365497, 1.9207776442112925, 1.969257728418957, 1.6913666800715654], "bean_num": 0.5, "model_info": {"det_num_x": 10, "det_num_y": 10, "det_y": 0.03, "det_x": 0.03, "size_x": 0.5, "size_y": 0.5, "med_margin": 0.0015}}