{"source": [-641.1568461053174, -419.2480970770565], "intensity": 100, "miu_detector": 0.3, "miu_medium": 1.2, "miu_air": 0.00018, "output": [0.0, 0.0, 0.0, 0.3132889331281709, 0.6867110668718291, 0.0, 0.0, 0.0, 0.0, 0.0, 0.0, 0.0, 0.0, 0.0, 0.0, 0.0, 0.0, 0.0, 0.0, 0.0, 0.0, 0.0, 0.0, 0.0, 0.0, 0.0, 0.0, 0.0, 0.0, 0.0, 0.0, 0.0, 0.0, 0.0, 0.0, 0.0, 0.0, 0.0, 0.0, 0.0], "miu_de": 0.5, "input": [1.6677194257398458, 2.005515611491883, 2.109753606363899, 2.0656815384543985, 2.032360834863646, 2.1201373272568516, 2.008874199047123, 2.1035091633074208, 2.013980726142189, 1.7288192683358552, 1.0983765663639968, 1.3040832326672265, 1.382921764388597, 1.3949182496370303, 1.4122873361203834, 1.4761947585552808, 1.3768345830774396, 1.4050232104355496, 1.235748959050888, 0.8947114616556118, 0.8302747036177929, 0.5367788659736142, 0.7092782103193009, 0.6695462678405999, 0.6243246112330997, 0.6757473857324461, 0.7489860486424308, 0.7180859661598507, 0.5936428283465262, 0.24515822151271935, 0.6822328932998627, 0.03823956386010619, 0.07442013465663427, 0.10921957717499849, 0.03227361426048996, 0.10482851773898419, 0.04486829556818518, 0.06865858947165161, 0.07743330341712451, -0.19880710818370548, 0.561306328887422, -0.31601523139336846, -0.26828779583316975, -0.3250835055930252, -0.33666352329393356, -0.28901706421784507, -0.2985050544911972, -0.36679232608413104, -0.39185304782664765, -0.5244021165168222, 0.4504306680158059, -0.4922745382176447, -0.5886774062218194, -0.6111686946804852, -0.5906620581365956, -0.5787705981381288, -0.6468784738949259, -0.6652574377912749, -0.693928629873318, -0.7805650392185853, 0.4672823006279226, -0.6051797559223545, -0.7757492329247679, -0.7895074383360808, -0.7644043675750087, -0.766041186957016, -0.7968675269917205, -0.8227689242554642, -0.8266718153077485, -0.9281098399505024, 0.3544689961301326, -0.6806909970641579, -0.8945122895138535, -0.9075986290236836, -0.9258845672082716, -0.9019238508122581, -0.9445147026721527, -0.9445152703299992, -0.9693830108513117, -1.058458139958521, 0.35842092997502467, -0.6686808835931681, -0.931497297423366, -0.9587160182057864, -1.0244711501129429, -1.042178379133541, -1.0205233969459255, -1.0467914048465026, -1.0609098768995622, -1.0998133237070469, 0.22258451716146319, -0.8314867905659865, -1.0227994148126534, -1.1008978555629627, -1.1079435263007604, -1.1297411117059761, -1.1067484108199526, -1.1127146501074872, -1.1350939816929848, -1.1685444948811925], "bean_num": 0.5, "model_info": {"det_num_x": 10, "det_num_y": 10, "det_y": 0.03, "det_x": 0.03, "size_x": 0.5, "size_y": 0.5, "med_margin": 0.0015}}