{"source": [751.1580724423711, 157.98216120635968], "intensity": 100, "miu_detector": 0.3, "miu_medium": 1.2, "miu_air": 0.00018, "output": [0.0, 0.0, 0.0, 0.0, 0.0, 0.0, 0.0, 0.0, 0.0, 0.0, 0.0, 0.0, 0.0, 0.0, 0.0, 0.0, 0.0, 0.0, 0.0, 0.0, 0.0, 0.6803071517714412, 0.31969284822855876, 0.0, 0.0, 0.0, 0.0, 0.0, 0.0, 0.0, 0.0, 0.0, 0.0, 0.0, 0.0, 0.0, 0.0, 0.0, 0.0, 0.0], "miu_de": 0.5, "input": [-1.0364985538454028, -1.0212693429508344, -0.9915009302310023, -0.9812243710724229, -1.0100583377497576, -0.997739555334744, -1.0028440913888281, -0.9873399283434491, -1.010762047082777, -1.0079998013846445, -0.9737004810333459, -0.9407249288895494, -0.907119594116713, -0.8948671470947812, -0.8924005537526903, -0.9143200594713699, -0.9058320267760005, -0.9148086785995762, -0.946246573419713, -0.9364602323268061, -0.9143841421794838, -0.8334995016781591, -0.8087874494170662, -0.7993031362136629, -0.7623910160771673, -0.7971582501036925, -0.7790732648850949, -0.7996883540444023, -0.8100252474874309, -0.8672229812372549, -0.8358811920341243, -0.7021738280577768, -0.6349466828818822, -0.6724777344084648, -0.5910002271976647, -0.6275203988590682, -0.6336482136653186, -0.6856603745715206, -0.7241678484522064, -0.7807142678771741, -0.6907578013375714, -0.4753847898071368, -0.4533100641580915, -0.44544332969304884, -0.4027978097909835, -0.4141537937377726, -0.4785019011999398, -0.4779133498631603, -0.5005996237065276, -0.6444124660685691, -0.4128788379545664, -0.27989333946252204, -0.20485101485787133, -0.15366592005764967, -0.21585750411236637, -0.21368963606044805, -0.16848308304714593, -0.2157496656426589, -0.22277402970360477, -0.4512204091085752, -0.1372325763513759, 0.04920676957688937, 0.22087174566813844, 0.1624046104977607, 0.15288862150190394, 0.21668068156907244, 0.2723304526033789, 0.18711891633904973, 0.11026753475548673, -0.056402010859973, 0.26858117871217313, 0.6402838845687605, 0.8237999738010942, 0.7178601080594608, 0.8068452835984398, 0.7869189313970857, 0.7149603623732126, 0.6638150434400644, 0.5951087575039454, 0.37646025890242957, 0.9056678246709924, 1.4297903200090973, 1.3987665552733137, 1.5338071680729977, 1.4231462408852913, 1.5491994666213598, 1.3976462561734895, 1.5421316996629606, 1.3318943056806531, 1.041325541826809, 1.8680325449345274, 2.102904404763256, 2.122418736739779, 2.1632821949003684, 2.0720655347918098, 2.146609038577957, 2.1262103826950822, 2.232864073912063, 2.0691235543336104, 1.8261253433808236], "bean_num": 0.5, "model_info": {"det_num_x": 10, "det_num_y": 10, "det_y": 0.03, "det_x": 0.03, "size_x": 0.5, "size_y": 0.5, "med_margin": 0.0015}}