{"source": [-557.2023356323792, 533.0733178384529], "intensity": 100, "miu_detector": 0.3, "miu_medium": 1.2, "miu_air": 0.00018, "output": [0.0, 0.0, 0.0, 0.0, 0.0, 0.0, 0.0, 0.0, 0.0, 0.0, 0.0, 0.0, 0.0, 0.0, 0.0, 0.0, 0.0, 0.0, 0.0, 0.0, 0.0, 0.0, 0.0, 0.0, 0.0, 0.0, 0.0, 0.0, 0.0, 0.0, 0.0, 0.0, 0.0, 0.0, 0.0, 0.8591319302380646, 0.1408680697619355, 0.0, 0.0, 0.0], "miu_de": 0.5, "input": [-1.2052525811761683, -1.1964693568533709, -1.1742125079789294, -1.1669301849844098, -1.1311575334809394, -1.1221052367507394, -1.094986844416305, -0.8985759832008463, -0.4202398864344784, 0.6722178042224841, -1.1311612278719854, -1.1235598690564594, -1.0836233733071199, -1.1054930920375146, -1.072755946160382, -1.0455963173065885, -1.0076030620700873, -0.7907797330223892, -0.2797894554827435, 0.8857374339450236, -1.0757999733554804, -1.0147780640435353, -0.9917126078347795, -0.9432142489958079, -0.9701396444131407, -0.9564775748840239, -0.9127569134097995, -0.7830846805935138, -0.30964134294652346, 0.8965049639261357, -0.9523338976460606, -0.8950483605460925, -0.8867851288514429, -0.8930975965540242, -0.839431637862583, -0.8847077323949885, -0.8305774664659011, -0.7132084948449621, -0.2669810630094952, 0.9428638289533906, -0.8353106737100908, -0.7393108723661375, -0.6559876231748389, -0.7167301319852567, -0.6569500343781985, -0.6739495176169892, -0.6610437696175621, -0.5779989268377205, -0.11911171775566019, 0.9630487398272422, -0.600607882514502, -0.469660522331571, -0.40559211379224247, -0.4633125739117169, -0.397131816550314, -0.3915580168631171, -0.40458066464617515, -0.39463115170091206, -0.16804932937579234, 0.9534067531871344, -0.2704100429499465, -0.10710617295637909, -0.05417481941135618, -0.029789124288183148, -0.03846864364963375, -0.03825466392700973, -0.04563032537910324, -0.05132501258153104, 0.013753854097977504, 1.0466998007580188, 0.19039998486022364, 0.3896448892143562, 0.48571345152176487, 0.5039508285554984, 0.4754880909514689, 0.49870008066750127, 0.5572629153470544, 0.5627159152057732, 0.5569790476118821, 1.0995831241629586, 0.8956097852080531, 1.2183296420174055, 1.1930678694114845, 1.2366520820281028, 1.2538405867428641, 1.2641955463686525, 1.3181260109290784, 1.253524405240555, 1.1738248373066642, 1.2245618588970733, 1.6858894806768079, 2.015929018907395, 2.056530564330235, 2.0892103610643584, 2.0050105249983363, 2.002529207459018, 2.053471945315388, 1.9565093495805044, 1.9372566429659144, 1.6080035380517677], "bean_num": 0.5, "model_info": {"det_num_x": 10, "det_num_y": 10, "det_y": 0.03, "det_x": 0.03, "size_x": 0.5, "size_y": 0.5, "med_margin": 0.0015}}