{"source": [219.43242532975015, -739.7256508813922], "intensity": 100, "miu_detector": 0.3, "miu_medium": 1.2, "miu_air": 0.00018, "output": [0.0, 0.0, 0.0, 0.0, 0.0, 0.0, 0.0, 0.0, 0.0, 0.0, 0.0, 0.16416911606256981, 0.8358308839374302, 0.0, 0.0, 0.0, 0.0, 0.0, 0.0, 0.0, 0.0, 0.0, 0.0, 0.0, 0.0, 0.0, 0.0, 0.0, 0.0, 0.0, 0.0, 0.0, 0.0, 0.0, 0.0, 0.0, 0.0, 0.0, 0.0, 0.0], "miu_de": 0.5, "input": [1.7758095535606233, 0.9491458812692763, 0.2888565808870528, -0.16111261243954625, -0.43965370128848424, -0.630902837965973, -0.7454458091774171, -0.8713129694664348, -0.9563647641948114, -0.9997723581845346, 2.127890763026787, 1.2972910906370385, 0.4818683556019251, 0.09160266998355666, -0.24989893172502262, -0.5004923801195317, -0.7020670518011524, -0.8208730435987511, -0.918880247997867, -1.0032367896448715, 2.210620197434469, 1.4487436844146169, 0.6519426495181555, 0.16207327478553685, -0.23812438801520544, -0.49749405505988964, -0.6799067274767201, -0.8017170731364333, -0.8938057658084849, -0.9743321051790232, 2.2122378731202095, 1.5300913175669355, 0.7842108763071556, 0.21927479120920518, -0.1819866683051627, -0.39840390692634936, -0.6851116179904017, -0.7703868718510213, -0.858849250757774, -0.9751203302996296, 2.201116908668459, 1.4277612707769904, 0.7629453291558341, 0.20421879596772208, -0.20955694834228153, -0.44847543673218615, -0.6431467048773822, -0.7789735733118373, -0.9137392397276597, -0.9549423315519353, 2.2210057144941344, 1.4892102259780258, 0.7234171391707216, 0.23761904795054586, -0.15650359074188017, -0.474153044132932, -0.639533492985628, -0.7771766364462999, -0.8992434079286723, -0.9677981923993321, 2.1636326939748707, 1.4087739604885734, 0.7563027386517159, 0.18403026718473015, -0.1443869674150274, -0.42669415428043816, -0.6772898374586548, -0.8146691728141511, -0.876982770960552, -0.977981420792693, 2.216978306602908, 1.4192711455081188, 0.678652962454276, 0.21054611686479044, -0.2310612473002673, -0.45174725769584445, -0.691757744997133, -0.7992783724320229, -0.9025724122655653, -0.9916322709462996, 2.162889219275831, 1.380168405088823, 0.636928567379855, 0.14477832489808826, -0.19027079333285293, -0.5201177831199107, -0.7070657658949491, -0.8013008493601548, -0.9103697798647378, -1.0015826440068327, 1.7627675882523604, 0.9733373606783163, 0.30818920026207486, -0.12449938303364681, -0.43912059885178273, -0.6808667592141223, -0.8137641134567487, -0.8984413664767897, -0.986805045373727, -1.0274474801168638], "bean_num": 0.5, "model_info": {"det_num_x": 10, "det_num_y": 10, "det_y": 0.03, "det_x": 0.03, "size_x": 0.5, "size_y": 0.5, "med_margin": 0.0015}}