{"source": [773.4321061720757, 79.08556437574222], "intensity": 100, "miu_detector": 0.3, "miu_medium": 1.2, "miu_air": 0.00018, "output": [0.0, 0.0, 0.0, 0.0, 0.0, 0.0, 0.0, 0.0, 0.0, 0.0, 0.0, 0.0, 0.0, 0.0, 0.0, 0.0, 0.0, 0.0, 0.0, 0.0, 0.35129334665747053, 0.6487066533425294, 0.0, 0.0, 0.0, 0.0, 0.0, 0.0, 0.0, 0.0, 0.0, 0.0, 0.0, 0.0, 0.0, 0.0, 0.0, 0.0, 0.0, 0.0], "miu_de": 0.5, "input": [-1.1064832868623509, -1.071690551774508, -1.053569683178481, -1.0362177209360675, -1.0397162362485617, -1.0425030011221903, -1.0652744855272938, -1.0414303766276933, -1.0084067184663594, -0.46841576476986746, -0.9966150503170448, -0.9859588459969787, -0.983656889034808, -0.9484417389382692, -0.9371571799275948, -0.9871398689361726, -0.9738553760252538, -0.9390236105430525, -0.9488404482075258, -0.40595750739739117, -0.95184748127073, -0.8792997261047312, -0.902290759245707, -0.8640901028990705, -0.8843013867425306, -0.8551431244608748, -0.8432867990570873, -0.8202981053172367, -0.8667782130044902, -0.31068127304589366, -0.8426357593439201, -0.7833870979461239, -0.7337361170751958, -0.7066046549679375, -0.685452523776595, -0.6737982544164236, -0.680625876217986, -0.6840265800595686, -0.7307069248904096, -0.253101904684134, -0.7020932473531735, -0.5889685290794673, -0.5225066125251872, -0.5169794397488915, -0.459460138858882, -0.49536599080924326, -0.45499147761747094, -0.5486620399075044, -0.5500981940599285, -0.2234115001656289, -0.4866589904253196, -0.3233948510827541, -0.20617878289109937, -0.19411475630454209, -0.18767475935745678, -0.2193380666199255, -0.2793558958208536, -0.2308643244067731, -0.31476742403003766, -0.04275215528656033, -0.1149063743929019, 0.0700209661811285, 0.1596712682346746, 0.22777574086416125, 0.13488028498925464, 0.22641425779145202, 0.22571452176814014, 0.06304920680746624, 0.0892435873523884, 0.11540572104973894, 0.3339890186306364, 0.54997040626639, 0.578878827081338, 0.801864523659855, 0.756234307214154, 0.7673052526108656, 0.6437414855324629, 0.6807504162072332, 0.5683299126116655, 0.5292469622549241, 0.9911824973553754, 1.3502897349103955, 1.3209702084114958, 1.4945214616677258, 1.4081445483767874, 1.3726343218616344, 1.4572450020850058, 1.492105243636226, 1.3092879147588918, 1.0708742609661257, 1.7626014066921896, 2.0864459050619297, 2.224478101739315, 2.1300693935179833, 2.148527691134654, 2.2284240113948597, 2.200294938676297, 2.26604111361802, 2.102655558783085, 1.71571057435177], "bean_num": 0.5, "model_info": {"det_num_x": 10, "det_num_y": 10, "det_y": 0.03, "det_x": 0.03, "size_x": 0.5, "size_y": 0.5, "med_margin": 0.0015}}