{"source": [433.3276790622532, 649.891405951223], "intensity": 100, "miu_detector": 0.3, "miu_medium": 1.2, "miu_air": 0.00018, "output": [0.0, 0.0, 0.0, 0.0, 0.0, 0.0, 0.0, 0.0, 0.0, 0.0, 0.0, 0.0, 0.0, 0.0, 0.0, 0.0, 0.0, 0.0, 0.0, 0.0, 0.0, 0.0, 0.0, 0.0, 0.0, 0.0, 0.7437934372784403, 0.25620656272155967, 0.0, 0.0, 0.0, 0.0, 0.0, 0.0, 0.0, 0.0, 0.0, 0.0, 0.0, 0.0], "miu_de": 0.5, "input": [-1.0989895752212373, -1.0617919744305486, -0.9898852444215434, -0.8820359237508268, -0.7530246961935175, -0.5053709873112047, -0.17445075551530684, 0.2877025936829276, 0.9548391265704421, 1.7492294193755726, -1.1013907769857172, -1.0335690547206156, -0.9333426954015791, -0.7960867892809735, -0.5965627945116769, -0.3229459756022222, 0.04025745395285505, 0.5766416855126951, 1.3022061647040857, 2.0111939498495146, -1.0694953844682333, -1.013371492409386, -0.9014283574173263, -0.7542327029385046, -0.5716450200652101, -0.26902112734753875, 0.1525163069474777, 0.6708434115066604, 1.3566943955812443, 2.109402740866363, -1.075476820543276, -1.0207943517867841, -0.88704509015046, -0.7547813611863428, -0.5342591364277944, -0.24299803012265037, 0.1350188297955338, 0.7819187089047435, 1.4800904454810828, 2.1918530227251845, -1.0880669376280014, -0.9851896537085486, -0.8818517304624196, -0.7477751305172897, -0.528491164514873, -0.24780469164519203, 0.14017116363349016, 0.7455088709658223, 1.4799481289729093, 2.215249824748628, -1.059684687380969, -0.9746052595560205, -0.8752986007388379, -0.7244497127486267, -0.5663728625012949, -0.2557282199510546, 0.15889646244078778, 0.7111425404513684, 1.4569875979184768, 2.1378341540402124, -1.0583845540874357, -0.9727933406082454, -0.8570394829817086, -0.7422563191519483, -0.5201332436770727, -0.25065656672516234, 0.178678709646875, 0.7470102045633692, 1.4181293223807332, 2.149764611059251, -1.051807518747224, -0.9593926160771239, -0.8693573437788197, -0.7247809064178126, -0.5628432041880616, -0.2703210985268831, 0.109904390021378, 0.6477928286302338, 1.4355975505656666, 2.1028873567397466, -0.9721263420159084, -0.8963954464003833, -0.8199203375935499, -0.6838848367398569, -0.5438243028832744, -0.2749698246006536, 0.07821194587614107, 0.6100567970153189, 1.283107982658296, 2.081040791616471, -0.22054980194942927, -0.08323593397526527, -0.03726040688638751, -0.032552729074959465, 0.0854239563968632, 0.16317467860541765, 0.31874641730336356, 0.5826353772401311, 1.0738377689662395, 1.771653238737204], "bean_num": 0.5, "model_info": {"det_num_x": 10, "det_num_y": 10, "det_y": 0.03, "det_x": 0.03, "size_x": 0.5, "size_y": 0.5, "med_margin": 0.0015}}