{"source": [757.123845615272, 224.36902477235571], "intensity": 100, "miu_detector": 0.3, "miu_medium": 1.2, "miu_air": 0.00018, "output": [0.0, 0.0, 0.0, 0.0, 0.0, 0.0, 0.0, 0.0, 0.0, 0.0, 0.0, 0.0, 0.0, 0.0, 0.0, 0.0, 0.0, 0.0, 0.0, 0.0, 0.0, 0.16590354117950865, 0.8340964588204913, 0.0, 0.0, 0.0, 0.0, 0.0, 0.0, 0.0, 0.0, 0.0, 0.0, 0.0, 0.0, 0.0, 0.0, 0.0, 0.0, 0.0], "miu_de": 0.5, "input": [1.7349455259805495, 0.9082963074768707, 0.30392024499545434, -0.1943573856049718, -0.4450059728844705, -0.7045718223777201, -0.81072873837775, -0.9575971982953951, -1.0335088040616078, -1.0787719125957769, 2.09455526748892, 1.3243116591267066, 0.5885803188100337, 0.039136800593760256, -0.28308301221863125, -0.4939721615486076, -0.7342880196067977, -0.8534254287770506, -0.9697373806350349, -1.0370047412265868, 2.17984258971495, 1.4609787208727922, 0.7162392930961129, 0.15824586657328252, -0.24877403977549997, -0.4103760133652053, -0.6724695978951092, -0.8369072010220321, -0.9058775345771962, -1.048380398685497, 2.1962772219338644, 1.4375390997116355, 0.7772281189579688, 0.1606994223540885, -0.16270510339863503, -0.4960358921656055, -0.6735915112361031, -0.840907533532659, -0.9454343302370466, -1.053901311100563, 2.1115767060885613, 1.4257135514949806, 0.7047346088876631, 0.22317385098780032, -0.16503603925010651, -0.5131402141724426, -0.6967487276761903, -0.8110630708889824, -0.9348438628468907, -1.0305240912362386, 2.211422316329884, 1.486084967180451, 0.8142637346505666, 0.34215569294914155, -0.1360942866615013, -0.42866841641751907, -0.7335653661824066, -0.8056696349747196, -0.9332805833041993, -1.031708022983785, 2.244410384647001, 1.4517169828583876, 0.7425300635479734, 0.25350463134898643, -0.13149714360972775, -0.516905261940735, -0.698201371725554, -0.8193771699215923, -0.9658972269937725, -1.0075341016075112, 2.1754307388028407, 1.4366388259792116, 0.7229409310409879, 0.2595430968026889, -0.18442582665387255, -0.4975360604430112, -0.6792568114468984, -0.8338569205272996, -0.932658334369879, -1.020512843491119, 2.137853965241367, 1.417425258702097, 0.619708956072316, 0.11604306359394626, -0.17872177981159285, -0.4829513070159985, -0.7236136511039231, -0.8492186033020953, -0.9257044357021126, -1.047792305514575, 1.6121887158117256, 1.0008868881458635, 0.3704296340277962, 0.02177600706189032, -0.27845803482518694, -0.41053289500341716, -0.5674492562020698, -0.6535902622109869, -0.6874063190327613, -0.7780967456888755], "bean_num": 0.5, "model_info": {"det_num_x": 10, "det_num_y": 10, "det_y": 0.03, "det_x": 0.03, "size_x": 0.5, "size_y": 0.5, "med_margin": 0.0015}}