{"source": [-266.51167329278354, 743.6408363181824], "intensity": 100, "miu_detector": 0.3, "miu_medium": 1.2, "miu_air": 0.00018, "output": [0.0, 0.0, 0.0, 0.0, 0.0, 0.0, 0.0, 0.0, 0.0, 0.0, 0.0, 0.0, 0.0, 0.0, 0.0, 0.0, 0.0, 0.0, 0.0, 0.0, 0.0, 0.0, 0.0, 0.0, 0.0, 0.0, 0.0, 0.0, 0.0, 0.0, 0.0, 0.0, 0.8092165345483, 0.19078346545170002, 0.0, 0.0, 0.0, 0.0, 0.0, 0.0], "miu_de": 0.5, "input": [0.6021878751063161, 0.7394083461388831, 0.7411067337126219, 0.8132366067271536, 0.9082658497991588, 0.936524941075803, 0.8918402167312526, 0.9462702385213739, 1.2132663297942237, 1.745188203234491, -0.5022229774310275, -0.363719458521094, -0.39680403198972586, -0.3365597308438334, -0.2525484452111587, -0.08746163412205145, 0.09216264217987441, 0.428677386949623, 1.2410753431477168, 1.8919707202180482, -0.9601151877233866, -0.8142742368895413, -0.7789788066967598, -0.7572578409494296, -0.5881272725616895, -0.33313118684038945, -0.0705303635997779, 0.5244610499501684, 1.2394203210301598, 2.03334970418929, -1.077275726290669, -1.0176927071247879, -0.9140738819240593, -0.8310210269419778, -0.563438426709059, -0.382177862896286, -0.007229143407315639, 0.5860890041630556, 1.4046905495233835, 2.0781963768108853, -1.1272688566134104, -1.0385229055307652, -0.9549445773104248, -0.8088346086702074, -0.5907792612460285, -0.38346014123315697, 0.008175448350838296, 0.5361537823797109, 1.343431155364109, 2.1012171799926835, -1.1569526245049693, -1.0648942945095092, -0.980287632264223, -0.8665824417117574, -0.6781140390611752, -0.3869069405696133, -0.021584929380439946, 0.5325363709714709, 1.3188564436901913, 2.0856585710407076, -1.1761349345849137, -1.097707227597994, -0.9715261029705544, -0.8483649031457536, -0.6484039460017105, -0.3283327848307915, -0.01678326775328175, 0.4958035477200415, 1.3024215084260913, 1.9389007934663065, -1.1721491919524516, -1.1022993339596354, -0.9674765946895848, -0.8581107339494831, -0.6852311140295467, -0.3754545118332412, -0.05373744086935508, 0.5024283396796768, 1.3266024759362738, 1.9441527638201408, -1.145633050003806, -1.0899732604570604, -1.0264525781836364, -0.9181674455455674, -0.7495059301116052, -0.45459997611540925, -0.1040675548112813, 0.4198425714745093, 1.1416809015577631, 2.105260028536982, -1.1961178958559433, -1.1437745447787482, -1.060718168827721, -0.9639607580333552, -0.8263465603978319, -0.5785111759442781, -0.27265908982160525, 0.1923849270064327, 0.8501145594037595, 1.7229634705146792], "bean_num": 0.5, "model_info": {"det_num_x": 10, "det_num_y": 10, "det_y": 0.03, "det_x": 0.03, "size_x": 0.5, "size_y": 0.5, "med_margin": 0.0015}}