{"source": [786.981647941245, 101.81403588346154], "intensity": 100, "miu_detector": 0.3, "miu_medium": 1.2, "miu_air": 0.00018, "output": [0.0, 0.0, 0.0, 0.0, 0.0, 0.0, 0.0, 0.0, 0.0, 0.0, 0.0, 0.0, 0.0, 0.0, 0.0, 0.0, 0.0, 0.0, 0.0, 0.0, 0.18093646726582946, 0.8190635327341705, 0.0, 0.0, 0.0, 0.0, 0.0, 0.0, 0.0, 0.0, 0.0, 0.0, 0.0, 0.0, 0.0, 0.0, 0.0, 0.0, 0.0, 0.0], "miu_de": 0.5, "input": [1.7165881056612717, 1.9268079114919974, 1.8702144157536087, 1.858103217089015, 1.9007285615118807, 1.846514363745176, 1.9451019243912078, 1.966992345759748, 1.8898698114577486, 1.489994400714225, 1.4249466150042218, 1.1434509291631754, 1.1687511170116094, 1.1814152305191898, 1.194763743179185, 1.1284296667938114, 1.1768577298199883, 1.0809115863903636, 1.0893379432736325, 0.8469500484144419, 1.3084315163178029, 0.502475719829332, 0.4649200832438558, 0.42221113257818377, 0.3737465052171166, 0.3631373071634858, 0.2917792882093121, 0.3397238191790409, 0.2951679381871128, 0.07412001473621188, 1.2995190767998965, 0.2782862386619117, -0.05434723495553373, -0.1337609259477505, -0.13288550277006908, -0.10727769865864335, -0.09300039972454847, -0.16869981203667303, -0.1792238566039161, -0.32394026994770275, 1.184827915713948, 0.12904842381766018, -0.3309361301626465, -0.4741913969678341, -0.4998046101232745, -0.5387956408101886, -0.48826420117174124, -0.5020563410551909, -0.5652352312300769, -0.6850874741190697, 1.2230503044214902, 0.09173810002541961, -0.4286772341732301, -0.6874662044565424, -0.704872205491517, -0.738348550526857, -0.7718385078752549, -0.8112730243587283, -0.768432488902122, -0.870451743181917, 1.2123868903164299, 0.06324110884120655, -0.4938929791894712, -0.7663054364964009, -0.8633107725895203, -0.9618886716885326, -0.948499135011748, -0.9662440600450043, -0.9644366462908369, -1.0330131039627468, 1.1587382501562729, 0.05371581964421177, -0.5960844412010102, -0.8726231439316697, -1.0196214152361565, -1.0073172255373308, -1.0453653684811672, -1.0737679864876513, -1.0670647921650092, -1.112265389492296, 1.2300891514210062, 0.022836771073552385, -0.5965948258789633, -0.9116593200920606, -1.0655266676016795, -1.0949975404094128, -1.1097111440350795, -1.1652918394491898, -1.1618214127625064, -1.1939529101043396, 0.9722365385940993, -0.17411526647269088, -0.7329195022411527, -0.9913348559794444, -1.1421373326055975, -1.1752846984244893, -1.2012790631165875, -1.2018869368903593, -1.2043427985054505, -1.2287342136674837], "bean_num": 0.5, "model_info": {"det_num_x": 10, "det_num_y": 10, "det_y": 0.03, "det_x": 0.03, "size_x": 0.5, "size_y": 0.5, "med_margin": 0.0015}}