{"source": [-320.16538221161477, -730.4116780728418], "intensity": 100, "miu_detector": 0.3, "miu_medium": 1.2, "miu_air": 0.00018, "output": [0.0, 0.0, 0.0, 0.0, 0.0, 0.0, 0.0, 0.6299495846033554, 0.3700504153966447, 0.0, 0.0, 0.0, 0.0, 0.0, 0.0, 0.0, 0.0, 0.0, 0.0, 0.0, 0.0, 0.0, 0.0, 0.0, 0.0, 0.0, 0.0, 0.0, 0.0, 0.0, 0.0, 0.0, 0.0, 0.0, 0.0, 0.0, 0.0, 0.0, 0.0, 0.0], "miu_de": 0.5, "input": [0.8514649235266486, 1.1200471374766345, 0.9981199536546763, 0.9941740861785391, 1.111158467977274, 1.1356935922954434, 1.2753786675228107, 1.2123649763340727, 1.3647652452748738, 1.6216134126263195, -0.34958199945498364, -0.10252736176333664, -0.17297620661996624, -0.17758585825607995, -0.09476032378361642, 0.01354774426468626, 0.17894805024455923, 0.4668427959732201, 1.0515140150288365, 1.9262038491424633, -0.818624534845965, -0.720488539511378, -0.6612432885455876, -0.6944122541608246, -0.5698874754965486, -0.3269047902114277, -0.07980274390206364, 0.45023374356331314, 1.2197065238824096, 1.842843146070834, -1.0325887650398708, -0.9566293691948634, -0.9272198275991764, -0.8147248492195099, -0.6683028225816262, -0.38422711903293805, -0.08990117815951726, 0.3747647965430731, 1.1329621758567674, 1.9991861813556493, -1.1292708867414467, -1.0357498709726223, -0.9937671155174352, -0.8485899546109344, -0.6607380471670141, -0.4329193514419878, -0.03149980474971609, 0.42317640080357716, 1.212954491676309, 1.8973331116562289, -1.1704611280529331, -1.0816800381928182, -0.9870249726458343, -0.866978719839739, -0.6735003453925893, -0.4380328444983808, -0.10402044649950186, 0.5154157255261386, 1.1858971238404838, 2.1027396399215825, -1.187971713290496, -1.109738952824064, -0.9732257188497656, -0.8836493762882612, -0.700149610888556, -0.47635785635067374, -0.022330187848202447, 0.5123741131942252, 1.159987045116216, 2.084676395393498, -1.1913785081711876, -1.0921896772610966, -1.0573842049818125, -0.9115730470557868, -0.723338298963002, -0.48836268263360644, -0.12175456655754063, 0.41978968548380613, 1.1698779075341568, 2.0912012499738974, -1.1748698106310906, -1.1599957776527074, -1.042952575589746, -0.9134257390002245, -0.7159020191427233, -0.4847574379908323, -0.15596607266955498, 0.36674384342873967, 1.1160949998100878, 2.0019046811405454, -1.2293754384858704, -1.1659827686947448, -1.0946310446575716, -1.0095063747174766, -0.9038957057520549, -0.6253251182197109, -0.35619650239327827, 0.11868098731176367, 0.8241279359325436, 1.5243007987269481], "bean_num": 0.5, "model_info": {"det_num_x": 10, "det_num_y": 10, "det_y": 0.03, "det_x": 0.03, "size_x": 0.5, "size_y": 0.5, "med_margin": 0.0015}}