{"source": [284.5063652090991, -746.6656797489195], "intensity": 100, "miu_detector": 0.3, "miu_medium": 1.2, "miu_air": 0.00018, "output": [0.0, 0.0, 0.0, 0.0, 0.0, 0.0, 0.0, 0.0, 0.0, 0.0, 0.0, 0.0, 0.6823741703775018, 0.3176258296224982, 0.0, 0.0, 0.0, 0.0, 0.0, 0.0, 0.0, 0.0, 0.0, 0.0, 0.0, 0.0, 0.0, 0.0, 0.0, 0.0, 0.0, 0.0, 0.0, 0.0, 0.0, 0.0, 0.0, 0.0, 0.0, 0.0], "miu_de": 0.5, "input": [1.7669912769546874, 2.071245073739802, 2.192658892214605, 2.1955847783215763, 2.213530585311304, 2.1800376960332346, 2.1583088333761378, 2.1521379286763973, 2.1156734960607193, 1.7605745871442144, 1.0021353433664484, 1.348170259655833, 1.4337253723313812, 1.4802348877836464, 1.489910593934462, 1.4604101816799808, 1.4611464658060211, 1.408028815002005, 1.3450573348735586, 0.9633656204001597, 0.4301624494233933, 0.6240861980598432, 0.7215251452353935, 0.7366427522884996, 0.7711430357309716, 0.7833117883303491, 0.7353151777218859, 0.6989399216839288, 0.5986002227211422, 0.29541598153594084, 0.07447535777803316, 0.08726833405308675, 0.13488781443310227, 0.18029778371686112, 0.19811707237654475, 0.20241962178480802, 0.22148869260307788, 0.1580450641264088, 0.07857596878201817, -0.1363244006222263, -0.16166624729533138, -0.28666381651054473, -0.24747741803412743, -0.19635401861410282, -0.19161621481703356, -0.21838861109626398, -0.21132931620808698, -0.22727566080005313, -0.30140877544386074, -0.46393307142051105, -0.3104823964597564, -0.5532614391416099, -0.5185545481255651, -0.4976887623344279, -0.5000379787702015, -0.4957698506743552, -0.5068882068947909, -0.535027992702921, -0.5743353110650455, -0.6812316796222783, -0.42002256422044204, -0.7176061754343555, -0.7097315286375414, -0.6935126788307682, -0.6964025441502539, -0.6802431121336059, -0.7196402268845572, -0.7300299914022357, -0.7539266835024497, -0.823727819809673, -0.46086912507971856, -0.835429766393554, -0.8376863869224286, -0.8402229060824009, -0.8366240369308385, -0.8465307076456369, -0.8448276374655734, -0.8452397300646376, -0.8989553760879107, -0.9448092760970843, -0.5256725175896476, -0.9243947162936283, -0.9446837409690183, -0.9386339534052773, -0.9286198468625508, -0.9469171053178644, -0.9446580275576857, -0.9578515498738811, -0.9787953649156376, -1.020216230443871, -0.6093224449354746, -0.9999664125297623, -1.013156620732021, -1.0221984260744024, -1.0263068748884727, -1.0269708955333547, -1.0305524724076514, -1.031280983265696, -1.039204365519337, -1.0684898655074717], "bean_num": 0.5, "model_info": {"det_num_x": 10, "det_num_y": 10, "det_y": 0.03, "det_x": 0.03, "size_x": 0.5, "size_y": 0.5, "med_margin": 0.0015}}