{"source": [202.74152799967706, 775.8365926384616], "intensity": 100, "miu_detector": 0.3, "miu_medium": 1.2, "miu_air": 0.00018, "output": [0.0, 0.0, 0.0, 0.0, 0.0, 0.0, 0.0, 0.0, 0.0, 0.0, 0.0, 0.0, 0.0, 0.0, 0.0, 0.0, 0.0, 0.0, 0.0, 0.0, 0.0, 0.0, 0.0, 0.0, 0.0, 0.0, 0.0, 0.0, 0.6272254098028768, 0.3727745901971232, 0.0, 0.0, 0.0, 0.0, 0.0, 0.0, 0.0, 0.0, 0.0, 0.0], "miu_de": 0.5, "input": [-1.0602613398956657, -1.0330482253310669, -1.0382851720503319, -1.0241104422768432, -1.0240705013168219, -1.0154567258260996, -1.0026523712278412, -1.0334556278217162, -1.020922827672273, -0.7681231005950874, -1.0158430404499108, -0.9788666679187724, -0.9382378230445523, -0.9217063951516375, -0.9094400931476657, -0.9021093942382458, -0.9257919912117035, -0.9434792972534434, -0.9608806820081255, -0.7332754314049293, -0.9418610553447567, -0.850596906582253, -0.8547189841763414, -0.8594781617776488, -0.8313778564786211, -0.8079912826582558, -0.8291332213871447, -0.8031064453949502, -0.8480503581274472, -0.6637466413531979, -0.8256000862307041, -0.7056423014758024, -0.6970468819609796, -0.679058908739381, -0.6943869657649008, -0.6703691031576328, -0.6638948797812505, -0.6683484044159403, -0.7090737383560548, -0.5759382085574276, -0.7141451489082126, -0.542194165918657, -0.5076360517471052, -0.4301344803626979, -0.4747772047292466, -0.47381713768181755, -0.4305125536012494, -0.4742474083449702, -0.5078252506504358, -0.4664202075759971, -0.4412271769748523, -0.26355901407783777, -0.1917193514338545, -0.1889322166628813, -0.1788194679968423, -0.17047806332480847, -0.16046485154232396, -0.2458177706573625, -0.2803070266491698, -0.27831460024248184, -0.10687644899619485, 0.0921448598395197, 0.17597201750476055, 0.20950412356435644, 0.24852158104177216, 0.2396027036588685, 0.15861723228057342, 0.19458716589815034, 0.055292017053481086, 0.03209535046792771, 0.29045762846062895, 0.5816187887404675, 0.7064133227458366, 0.7531928801170109, 0.7267286824383309, 0.7104420566401707, 0.8373411323777389, 0.7446069006836754, 0.6453661322836769, 0.3720342143789715, 0.9212743469703029, 1.3888960046188046, 1.431775890308623, 1.4416237267776075, 1.461221636217016, 1.4861504636119862, 1.5319352862437676, 1.374620811733352, 1.3245252458357808, 1.0266500425868779, 1.7551015899151363, 2.119969283242938, 2.1525164208152763, 2.182857418731079, 2.159075352413083, 2.0883559681334205, 2.196621732787289, 2.1924221833172894, 2.17615517034903, 1.7713757748578236], "bean_num": 0.5, "model_info": {"det_num_x": 10, "det_num_y": 10, "det_y": 0.03, "det_x": 0.03, "size_x": 0.5, "size_y": 0.5, "med_margin": 0.0015}}