{"source": [552.3809759196529, 582.4668808473326], "intensity": 100, "miu_detector": 0.3, "miu_medium": 1.2, "miu_air": 0.00018, "output": [0.0, 0.0, 0.0, 0.0, 0.0, 0.0, 0.0, 0.0, 0.0, 0.0, 0.0, 0.0, 0.0, 0.0, 0.0, 0.0, 0.0, 0.0, 0.0, 0.0, 0.0, 0.0, 0.0, 0.0, 0.0, 0.8312655167777762, 0.16873448322222379, 0.0, 0.0, 0.0, 0.0, 0.0, 0.0, 0.0, 0.0, 0.0, 0.0, 0.0, 0.0, 0.0], "miu_de": 0.5, "input": [1.720390596417107, 2.0665258370655746, 1.9823639743714274, 1.9502626262824505, 2.0293725402775826, 2.0862788125185157, 2.1324864040807747, 2.0855855368567715, 2.115928336392999, 1.689802750462738, 0.9381246870476463, 1.3306638687001762, 1.3168779941866524, 1.414110044792069, 1.395607338155649, 1.3366404747842975, 1.3476121682218711, 1.2836476112530266, 1.243078734540699, 1.1549423615736512, 0.19307258830213833, 0.4951516185285009, 0.6094079914667765, 0.7048737376577489, 0.7235106503442601, 0.6504371978995913, 0.6587048741218838, 0.6492468340494215, 0.5723088476679664, 0.8766153177339312, -0.25311129519881703, -0.0016585503983965137, 0.06164818628622855, 0.07339723668922919, 0.09883001588035803, 0.07550077375355363, 0.022800549397481967, 0.01564132215904445, 0.03782005362695879, 0.6838216731037301, -0.5712065958705632, -0.4037013147825419, -0.3378504556467037, -0.31219715984194707, -0.31465530359021293, -0.34440378632509566, -0.2886534636715154, -0.33324573144991265, -0.3026189717712952, 0.6376378479794746, -0.7731888991661464, -0.7159353078493107, -0.6403175198944993, -0.5662288072728328, -0.597318807032833, -0.6103430026513401, -0.6030434519658053, -0.553563139402333, -0.4198892525772276, 0.5777151335053338, -0.9515337989086262, -0.8573715682215755, -0.8268986752934394, -0.8245674435099771, -0.8019677245443015, -0.7707902283948126, -0.786179186138221, -0.7594699423901777, -0.551280515531773, 0.5522237559343817, -1.0446895521807011, -0.9817923627649702, -0.9762741041534504, -0.951713009476574, -0.9533449046865713, -0.9254411164314238, -0.9014774283748023, -0.8509157242828371, -0.5917952366269181, 0.5193766831466222, -1.1306192978374354, -1.0773232424484707, -1.0603480997857662, -1.0548211249486918, -1.0254345447384903, -1.0333249963758084, -1.0406569044028813, -0.9715109654332296, -0.6422725451047647, 0.4523778372341568, -1.1707017791689818, -1.1209980751812498, -1.1418883953438135, -1.1339780735626144, -1.109734304656197, -1.125596679983701, -1.0916599917939531, -1.016909612107328, -0.7192220365537397, 0.355210583247166], "bean_num": 0.5, "model_info": {"det_num_x": 10, "det_num_y": 10, "det_y": 0.03, "det_x": 0.03, "size_x": 0.5, "size_y": 0.5, "med_margin": 0.0015}}