{"source": [289.3724655569793, -755.3376122535308], "intensity": 100, "miu_detector": 0.3, "miu_medium": 1.2, "miu_air": 0.00018, "output": [0.0, 0.0, 0.0, 0.0, 0.0, 0.0, 0.0, 0.0, 0.0, 0.0, 0.0, 0.0, 0.6708877742537271, 0.3291122257462729, 0.0, 0.0, 0.0, 0.0, 0.0, 0.0, 0.0, 0.0, 0.0, 0.0, 0.0, 0.0, 0.0, 0.0, 0.0, 0.0, 0.0, 0.0, 0.0, 0.0, 0.0, 0.0, 0.0, 0.0, 0.0, 0.0], "miu_de": 0.5, "input": [0.9461691003940657, 1.2250090125861537, 1.1957321247620358, 1.277502920861505, 1.3967810938865164, 1.3537451909769431, 1.3323574959753421, 1.3401223885015303, 1.4299551959405863, 1.6270429705794316, -0.04263639347708441, 0.17316979844699498, 0.21936409288854647, 0.2425884829907487, 0.21121799916675477, 0.3115461950903622, 0.3840981493056566, 0.5145811989201489, 1.039322039966045, 1.8989309924147537, -0.6290927212689665, -0.5025143580836963, -0.48756982619042005, -0.4335336496208648, -0.3753979007393402, -0.33047322316223837, -0.05607579358148708, 0.3782466125968649, 1.0793072307636116, 1.8874076932314916, -0.9329339187252585, -0.8733977839846765, -0.7932616769649122, -0.797578219708483, -0.6682743897117828, -0.4406495297382451, -0.15556611768055978, 0.41503385456231207, 1.0563486237458537, 1.869107375176654, -1.0816922427609075, -1.012607270137485, -0.9814179108070896, -0.8953166194475887, -0.709306907482098, -0.503182538927697, -0.14644471205798884, 0.340043631208694, 1.0801196250909793, 1.8912091015433228, -1.1672387666630264, -1.079967001148319, -1.0426989015603108, -0.9336913567096259, -0.7780219915301939, -0.5237510005851037, -0.18909649514984958, 0.33744727264643926, 1.1186877085512952, 1.8747582012067068, -1.2001203573647539, -1.1524354359957019, -1.0711978667273758, -0.950799080882905, -0.8181367270798192, -0.5619762950371368, -0.14000467522670684, 0.3161780267239726, 1.018330762809975, 2.023678749063366, -1.204443075465958, -1.168784551186369, -1.0867742951670507, -1.0016765596208421, -0.8498791240112774, -0.5744517651961573, -0.2600975496134106, 0.3472819211530057, 1.0335582817854732, 1.8891606284866607, -1.2294699095868489, -1.1650499405519041, -1.0991719976683372, -1.0079466525514251, -0.8460862360285165, -0.6245540318144726, -0.22530118755165088, 0.24244203120732813, 1.021634536098966, 1.8847785632370426, -1.2481262378232922, -1.1839332501717388, -1.1413595268467314, -1.050193649398099, -0.9265036062452916, -0.7262646663231401, -0.4335106963178737, 0.03345320186141268, 0.6954745834064869, 1.5587135052480523], "bean_num": 0.5, "model_info": {"det_num_x": 10, "det_num_y": 10, "det_y": 0.03, "det_x": 0.03, "size_x": 0.5, "size_y": 0.5, "med_margin": 0.0015}}