{"source": [-416.2414447322089, 694.5287193577798], "intensity": 100, "miu_detector": 0.3, "miu_medium": 1.2, "miu_air": 0.00018, "output": [0.0, 0.0, 0.0, 0.0, 0.0, 0.0, 0.0, 0.0, 0.0, 0.0, 0.0, 0.0, 0.0, 0.0, 0.0, 0.0, 0.0, 0.0, 0.0, 0.0, 0.0, 0.0, 0.0, 0.0, 0.0, 0.0, 0.0, 0.0, 0.0, 0.0, 0.0, 0.0, 0.0, 0.5627903146738055, 0.43720968532619453, 0.0, 0.0, 0.0, 0.0, 0.0], "miu_de": 0.5, "input": [-0.2948161603222064, -0.9855053474840005, -1.0549745675521904, -1.0549555415514764, -1.0756044962968292, -1.0648910696068246, -1.0665624546238326, -1.0849464009398497, -1.0952792974493692, -1.1227279531262901, -0.19791256530008078, -0.9027822438722298, -0.9526191099745376, -0.985088180714388, -0.976702149102133, -0.9816320437768549, -1.0231497037857809, -1.0085655790729378, -1.0119007620244331, -1.0453096588904798, -0.18047514916026838, -0.7873691204602714, -0.8727878937864917, -0.9008498891812672, -0.8773566274682912, -0.8864536447882609, -0.8790380348853628, -0.916604118838757, -0.9090299951778725, -0.9836443053387884, -0.09873203450015744, -0.734686604774798, -0.7745871282582892, -0.7053358414949471, -0.7334192793413786, -0.7325416338280067, -0.7066822835941662, -0.80013606157696, -0.7445644266502233, -0.85979658733316, -0.04309004990157955, -0.5741318196498291, -0.5257240913291638, -0.497548013164956, -0.49324609921979623, -0.4986309756057381, -0.5045710323037869, -0.520583823004357, -0.6347023592424436, -0.7034109566207877, -0.03169486122965286, -0.2660864714209983, -0.21501351698585597, -0.19877491127671046, -0.20241113982055364, -0.1162329082528388, -0.2746373466040264, -0.22098093544796502, -0.32151928625361564, -0.520555773279838, 0.20469096799797257, 0.08246601047251273, 0.16541049698523366, 0.16346301215826778, 0.20369934788742147, 0.2598040804220189, 0.16343795555605875, 0.16638497152258008, 0.09287555044252244, -0.14236148612574784, 0.5378954458785672, 0.5494110660806943, 0.6437399607954508, 0.7989027269007849, 0.7658643678949613, 0.6804231453009495, 0.6622169331541675, 0.7042463536303372, 0.632975584938001, 0.28902135993611083, 0.9830713728037306, 1.347679338112768, 1.4419774213228105, 1.4226193633414412, 1.4039366198538061, 1.3852888523738323, 1.4519682484614744, 1.4484729308060802, 1.3546235750590623, 0.9155254114567761, 1.733439611070594, 2.12938426625775, 2.1030912945024305, 2.1087374962985153, 2.1804646039498117, 2.170948125924064, 2.173675523130969, 2.210439218880743, 2.0940945240124225, 1.7495566670709786], "bean_num": 0.5, "model_info": {"det_num_x": 10, "det_num_y": 10, "det_y": 0.03, "det_x": 0.03, "size_x": 0.5, "size_y": 0.5, "med_margin": 0.0015}}