{"source": [11.16929657168174, -823.1510826695119], "intensity": 100, "miu_detector": 0.3, "miu_medium": 1.2, "miu_air": 0.00018, "output": [0.0, 0.0, 0.0, 0.0, 0.0, 0.0, 0.0, 0.0, 0.0, 0.0, 0.9136226769736742, 0.08637732302632588, 0.0, 0.0, 0.0, 0.0, 0.0, 0.0, 0.0, 0.0, 0.0, 0.0, 0.0, 0.0, 0.0, 0.0, 0.0, 0.0, 0.0, 0.0, 0.0, 0.0, 0.0, 0.0, 0.0, 0.0, 0.0, 0.0, 0.0, 0.0], "miu_de": 0.5, "input": [-1.2464983029623622, -1.2189346951453626, -1.1478427206262352, -1.0634851235053975, -1.0052344757772784, -0.7863645312232438, -0.5196588518676923, -0.16244396074228315, 0.559229941728078, 1.4431359481696278, -1.207751736728785, -1.2017950398772537, -1.1348670389186022, -1.0765269828296495, -0.928586524170512, -0.7046429581432058, -0.31179668654154874, 0.15201918848824272, 0.8080622231998341, 1.7863260917875063, -1.224552608770184, -1.1755012507750406, -1.1138980583693536, -1.0057413390969878, -0.8987480091991956, -0.6689749243287422, -0.31219840487672273, 0.22342025136989513, 0.9438605472165138, 1.7568588568033106, -1.182845550924034, -1.1448321765547194, -1.085578988291658, -1.0300200672312827, -0.8566617087982586, -0.588389309941411, -0.3380473128341029, 0.23915928322550903, 1.0884561626807832, 1.8125652205172398, -1.125697808126297, -1.081804154821664, -1.0356423993847739, -0.9974985206979198, -0.8327558776179957, -0.6128665055886949, -0.2560837572256732, 0.21364511913887635, 1.1345432583291948, 1.8066727493777672, -1.0162042395786162, -0.9303984587945596, -0.9572667523378454, -0.851063651352094, -0.7768641982131221, -0.6196638471820074, -0.2658917935314287, 0.15660865513563824, 1.0723435864216273, 1.9288527922688121, -0.8005188614691471, -0.7049349841973164, -0.65732825572504, -0.6475162383474532, -0.6092531927498577, -0.571029293133812, -0.2970399036036756, 0.23788963944148317, 0.9269590429301574, 1.8460551001996106, -0.5066267821800844, -0.36437968624849104, -0.21958798076725353, -0.23789718563409895, -0.25455001932838833, -0.23444970499342038, -0.10736905233976737, 0.34896549790640613, 0.955853023265359, 1.8258284651743137, 0.1307069231675633, 0.4137079724913093, 0.4920321196241007, 0.39243566636746563, 0.41796219557659003, 0.5323711073501097, 0.5716291312807107, 0.6261518899297109, 0.9325206395275177, 1.6556881831045125, 1.1191958413795158, 1.3887341969510798, 1.4416061942776515, 1.5107797414175, 1.4885991975845558, 1.4096762819338038, 1.5561188573830371, 1.5006564532543614, 1.435761551695312, 1.6309576551494216], "bean_num": 0.5, "model_info": {"det_num_x": 10, "det_num_y": 10, "det_y": 0.03, "det_x": 0.03, "size_x": 0.5, "size_y": 0.5, "med_margin": 0.0015}}