{"source": [-115.98300487777273, -819.2987096485892], "intensity": 100, "miu_detector": 0.3, "miu_medium": 1.2, "miu_air": 0.00018, "output": [0.0, 0.0, 0.0, 0.0, 0.0, 0.0, 0.0, 0.0, 0.0, 0.8952739887722547, 0.10472601122774529, 0.0, 0.0, 0.0, 0.0, 0.0, 0.0, 0.0, 0.0, 0.0, 0.0, 0.0, 0.0, 0.0, 0.0, 0.0, 0.0, 0.0, 0.0, 0.0, 0.0, 0.0, 0.0, 0.0, 0.0, 0.0, 0.0, 0.0, 0.0, 0.0], "miu_de": 0.5, "input": [1.5770286448060296, 1.6039511670765603, 1.6725776367955079, 1.6628028967359822, 1.7184641286589928, 1.6853083403299665, 1.712590741051601, 1.6350956145590858, 1.6676944250934695, 1.3517853681502492, 1.6646858031417562, 0.8563831459473737, 0.7610301165662803, 0.6446922516895345, 0.7473214359819622, 0.7269737677581235, 0.7091996858296983, 0.6326501563201429, 0.5515633738720291, 0.39445209482964577, 1.7009163429099197, 0.7865684724485618, 0.1732711975096636, -0.01577821359302831, -0.03384356879750379, -0.04909368140279725, -0.025698401018578936, -0.03227645602436814, -0.13202384117332713, -0.25393287847763896, 1.7349857036307892, 0.7484124092128851, 0.08655226551557423, -0.29761479913560823, -0.4316283073094619, -0.4831762855057492, -0.472221188199318, -0.511412377713154, -0.5597988866903036, -0.6768369172124595, 1.750241702837755, 0.7196199827240022, 0.035671755826573046, -0.37764360069609826, -0.6607229053031484, -0.7561264676170047, -0.7738378421172133, -0.843382980485858, -0.8213218888249294, -0.9120578890717084, 1.6458673754480113, 0.7194871430160229, 0.0568438832176845, -0.4221269222905358, -0.7078114788859512, -0.86794062052562, -0.9061664324500548, -0.9902215515468772, -1.0253228474733427, -1.0775565627205714, 1.6992228620209635, 0.7989649368595617, 0.025724190942002817, -0.4507116477261132, -0.7704164012721247, -0.9259089445362612, -1.0542697535749141, -1.0756662736354121, -1.1373550130560586, -1.1713635605396562, 1.6850574297988943, 0.6826892987768497, -0.013492331987358906, -0.4703169278173, -0.7663286352663378, -0.9521767589866088, -1.0383917958152717, -1.1273035382419099, -1.177700075493874, -1.2133579985595468, 1.60469882461211, 0.6248701657564868, -0.0050932902812877955, -0.4845571292216744, -0.8180317011366374, -0.9758438763568034, -1.1069074136115697, -1.1733141690025575, -1.210445817810284, -1.2316125273590446, 1.4552513362342032, 0.395344464491779, -0.23182008418102903, -0.632453678622415, -0.8940091445489399, -1.039859778421175, -1.1435848937987223, -1.2024626500972533, -1.2305961409615513, -1.263584794802372], "bean_num": 0.5, "model_info": {"det_num_x": 10, "det_num_y": 10, "det_y": 0.03, "det_x": 0.03, "size_x": 0.5, "size_y": 0.5, "med_margin": 0.0015}}