{"source": [312.6773859348678, 766.4791683791254], "intensity": 100, "miu_detector": 0.3, "miu_medium": 1.2, "miu_air": 0.00018, "output": [0.0, 0.0, 0.0, 0.0, 0.0, 0.0, 0.0, 0.0, 0.0, 0.0, 0.0, 0.0, 0.0, 0.0, 0.0, 0.0, 0.0, 0.0, 0.0, 0.0, 0.0, 0.0, 0.0, 0.0, 0.0, 0.0, 0.0, 0.46583380432793114, 0.5341661956720688, 0.0, 0.0, 0.0, 0.0, 0.0, 0.0, 0.0, 0.0, 0.0, 0.0, 0.0], "miu_de": 0.5, "input": [-1.26984211895522, -1.241811672649715, -1.1921933929510249, -1.1415300233360453, -1.0030206516203133, -0.8363003657735998, -0.537278985581689, -0.09969318634416195, 0.4278909011980387, 1.429692397057458, -1.2628799564937299, -1.1874716093994981, -1.1778558194443398, -1.0838282077750798, -0.9373847545380091, -0.7584191210420382, -0.3701384151199411, 0.10379283678894143, 0.8802591070465393, 1.747147593319228, -1.213157676478587, -1.1839972898633788, -1.1193969868725957, -1.0594119392666987, -0.9142777375180158, -0.700432421761557, -0.44889242046417466, 0.17917935123111658, 0.8611192358431909, 1.860880571038425, -1.1716601089010699, -1.1438934557800626, -1.0935216359988258, -1.0100449344131797, -0.8450782582453172, -0.6806700386661447, -0.38367300539499816, 0.12232613625295125, 0.8938848200481825, 1.7609231339635016, -1.1083647299633064, -1.0470521745393155, -1.0107860666338382, -0.9305667534328261, -0.8681817462983797, -0.598213293946903, -0.3119115455421004, 0.12011693524341019, 0.7544564495209023, 1.7792681657195775, -0.9788417931942255, -0.859906712249346, -0.8827267609162527, -0.8369894959398138, -0.8237836980032602, -0.6629607731317632, -0.33711741114685867, 0.11642567274416679, 0.7654883157437802, 1.7778631491886643, -0.7491486029005389, -0.6176748549861804, -0.6178633055549, -0.5984739790846844, -0.5916051573017118, -0.4481673212285773, -0.3399929139687793, 0.12372009833014305, 0.8977132785078755, 1.7568416611526076, -0.3900406310405633, -0.2679348903022893, -0.2085189045167368, -0.1577262129032684, -0.11325359521123558, -0.12510922845830746, -0.04386778602891183, 0.3272724903422165, 0.9425728034387663, 1.7544113391624696, 0.28150648822350116, 0.5478021366161551, 0.5741723551809345, 0.586294847515199, 0.5128212597013947, 0.691768260026952, 0.5269650003734834, 0.6140512369485215, 0.867037336783602, 1.6544510412986106, 1.0973024342382687, 1.6248607544987765, 1.65386414049948, 1.5694795438630909, 1.6281454151983725, 1.5570810493127867, 1.5896426037018865, 1.5240836855759792, 1.489960244347112, 1.6200002522876122], "bean_num": 0.5, "model_info": {"det_num_x": 10, "det_num_y": 10, "det_y": 0.03, "det_x": 0.03, "size_x": 0.5, "size_y": 0.5, "med_margin": 0.0015}}