{"source": [827.7718313060197, -40.08184293059918], "intensity": 100, "miu_detector": 0.3, "miu_medium": 1.2, "miu_air": 0.00018, "output": [0.0, 0.0, 0.0, 0.0, 0.0, 0.0, 0.0, 0.0, 0.0, 0.0, 0.0, 0.0, 0.0, 0.0, 0.0, 0.0, 0.0, 0.0, 0.0, 0.3080194108928516, 0.6919805891071483, 0.0, 0.0, 0.0, 0.0, 0.0, 0.0, 0.0, 0.0, 0.0, 0.0, 0.0, 0.0, 0.0, 0.0, 0.0, 0.0, 0.0, 0.0, 0.0], "miu_de": 0.5, "input": [-0.7586214842339467, -1.0230637358216872, -1.0366087171446943, -1.039616554424836, -1.0458176768139857, -1.0194714797878317, -1.032244245470454, -1.0368992552769605, -1.0621109267357862, -1.084517708881509, -0.7061244320058501, -0.9421144552859821, -0.9116132063327037, -0.9483732796278939, -0.9404713754852757, -0.941662334325231, -0.9279535173997536, -0.9665566227693975, -0.9635926890206848, -1.0336088565661126, -0.6145071075195045, -0.8233901207485476, -0.8067664191740954, -0.8074991960860072, -0.817269132199313, -0.8259555922895857, -0.8517111137347418, -0.8671866193721047, -0.8852125158169211, -0.9444421127360563, -0.5389872005941813, -0.69795401893653, -0.6756809417997568, -0.6783714760452754, -0.6599303480134653, -0.6656282231880755, -0.6945925457946412, -0.6942277198034632, -0.7035831862299681, -0.8325363196844927, -0.42218026749549686, -0.48035974016475985, -0.4509715543365825, -0.4688219678376069, -0.4545575873824369, -0.47834454501023416, -0.49473671033207056, -0.5131853856535719, -0.5370162279542144, -0.6735534552822862, -0.2338002163371348, -0.22487145370376355, -0.1808171094158844, -0.1742113676356671, -0.17311876480442062, -0.20702513503804826, -0.19679262882265966, -0.24635653712304756, -0.2537522227215368, -0.49830544147633615, -0.039097385226935004, 0.15606098305702235, 0.22911284822462302, 0.22773854118780437, 0.19450497793495714, 0.17171503415802378, 0.21257318547269877, 0.13226204228890517, 0.11954890307304834, -0.15937161934645536, 0.3963639621125756, 0.5806814433491377, 0.6878103614062515, 0.7498160803678581, 0.8716361306580717, 0.8311240061229781, 0.7065569846551124, 0.67074658699654, 0.6379471118223144, 0.2952256871439878, 1.0952099738914474, 1.356413541723765, 1.3641574406212031, 1.5339895034292137, 1.508499609313555, 1.4509411361920774, 1.4267956937083037, 1.4164124310414166, 1.3555444679403317, 1.0313224027025476, 1.8257201759324546, 2.0915735541910108, 2.117360774426201, 2.1721312501308874, 2.196348544565978, 2.1505535286545006, 2.2038276716421965, 2.156852192914485, 2.0036013214918276, 1.7390417017331574], "bean_num": 0.5, "model_info": {"det_num_x": 10, "det_num_y": 10, "det_y": 0.03, "det_x": 0.03, "size_x": 0.5, "size_y": 0.5, "med_margin": 0.0015}}