{"source": [-842.6800622062555, -10.661713126000553], "intensity": 100, "miu_detector": 0.3, "miu_medium": 1.2, "miu_air": 0.00018, "output": [0.9194582196626363, 0.08054178033736367, 0.0, 0.0, 0.0, 0.0, 0.0, 0.0, 0.0, 0.0, 0.0, 0.0, 0.0, 0.0, 0.0, 0.0, 0.0, 0.0, 0.0, 0.0, 0.0, 0.0, 0.0, 0.0, 0.0, 0.0, 0.0, 0.0, 0.0, 0.0, 0.0, 0.0, 0.0, 0.0, 0.0, 0.0, 0.0, 0.0, 0.0, 0.0], "miu_de": 0.5, "input": [-0.09266243334097836, -0.9492430845880165, -1.058682614383454, -1.052439501282651, -1.0617164946812976, -1.0452615857966812, -1.077300827880982, -1.0749169910207983, -1.0853573064491604, -1.0965974790387727, -0.03946694876405324, -0.8767399796978192, -0.9682060277270048, -0.9594851565619239, -0.9901142051195698, -1.0068926618718808, -0.9984336847263595, -1.0219677497162747, -0.9964338547163426, -1.0514381648297761, 0.04656746704411057, -0.8014082347865005, -0.8578497147455325, -0.9107837050066626, -0.8564695504663552, -0.8663039861032401, -0.8976411597892884, -0.8895351940432132, -0.9401532541419245, -1.0106133417012606, 0.08262618841794982, -0.697246275400383, -0.8059420763944628, -0.7926095251989559, -0.742281926080051, -0.7401717004945401, -0.7661336960402514, -0.7810411753428654, -0.8016839923541514, -0.8885111782710731, 0.08250557839533523, -0.5572986341436076, -0.5970276493832418, -0.5586741663958905, -0.5477561563111536, -0.5413638303418187, -0.5644700481825672, -0.5180502299579648, -0.6186195789332763, -0.7712081673544676, 0.19251712430512932, -0.32520346451683074, -0.28355102882469535, -0.2570860182372851, -0.2529212500969807, -0.32163469361353325, -0.2243240700396617, -0.23711454118466274, -0.3611859485881297, -0.5482003505552915, 0.3075179145910858, 0.11299275450226172, 0.1593241450860889, 0.14262881593691445, 0.15980572249852715, 0.2364756086759949, 0.1371068370343801, 0.12228750723674399, 0.11035742262934489, -0.1806119397557649, 0.5494548074967164, 0.6037929636807522, 0.6859826281502304, 0.7514461609870132, 0.6820034734419126, 0.6963110829543273, 0.7752247524557756, 0.7239458972589293, 0.632946780371491, 0.25412728635268617, 1.0392205653567104, 1.3232681841135858, 1.3474089006682943, 1.3019997590337444, 1.4646697512147722, 1.3406532160291635, 1.3864634525243504, 1.384043744500389, 1.3509974553143318, 1.0214407370004395, 1.6868762464161122, 2.0293890641613874, 2.2385107426161173, 2.0480888289642087, 2.213632800610942, 2.1589098017267654, 2.1625049596402395, 2.1412492915983288, 2.1828315593793666, 1.7459302245983777], "bean_num": 0.5, "model_info": {"det_num_x": 10, "det_num_y": 10, "det_y": 0.03, "det_x": 0.03, "size_x": 0.5, "size_y": 0.5, "med_margin": 0.0015}}