{"source": [-740.5805951537267, 417.145740303812], "intensity": 100, "miu_detector": 0.3, "miu_medium": 1.2, "miu_air": 0.00018, "output": [0.0, 0.0, 0.0, 0.0, 0.0, 0.0, 0.0, 0.0, 0.0, 0.0, 0.0, 0.0, 0.0, 0.0, 0.0, 0.0, 0.0, 0.0, 0.0, 0.0, 0.0, 0.0, 0.0, 0.0, 0.0, 0.0, 0.0, 0.0, 0.0, 0.0, 0.0, 0.0, 0.0, 0.0, 0.0, 0.0, 0.26568802097927907, 0.734311979020721, 0.0, 0.0], "miu_de": 0.5, "input": [1.577963886817823, 1.7781985419210333, 1.9631833066921807, 1.9457798379443685, 1.8954489620949222, 1.9061028112710843, 1.8848204901902499, 1.9117667498978586, 1.9335545181131488, 1.620066858446998, 0.7138310126378251, 1.037412999260796, 1.0643320779356535, 1.1525861344663884, 1.0595698508380258, 1.0614064341097287, 1.085938306740331, 1.0650034262538426, 1.124754272466787, 1.3681342435935715, 0.020360220723022127, 0.28097443706455383, 0.3448420976325258, 0.38305250815163727, 0.43369975174982367, 0.2973862506445099, 0.3450798071304759, 0.4163656883183976, 0.5065698174235037, 1.4104379437440147, -0.39444295748053043, -0.14127236066705623, -0.2135093492824335, -0.16976730641240748, -0.18059785944743198, -0.20882094234618215, -0.0978967620815462, -0.09817614119995406, 0.2988927540356892, 1.3483395273822152, -0.7503888947952866, -0.6116336831016995, -0.5719838811807828, -0.5238229910053854, -0.4912977281890199, -0.49082557804851445, -0.5099117583138801, -0.41413570307462194, 0.1459191423675792, 1.3449331469098413, -0.9298782409689378, -0.8329815261012274, -0.834508737864044, -0.7567782627593813, -0.7428812709404565, -0.6672927440835079, -0.7405447340760671, -0.43591705470828773, 0.20798598927899264, 1.3091395897712497, -1.026420126430359, -0.9751348837688261, -0.9387936068798872, -0.9452501744009912, -0.8661299703387929, -0.9052762931048147, -0.7983462802265661, -0.5107003530227028, 0.15946701804920152, 1.216463874454546, -1.0967727443719577, -1.1026872901336997, -1.0681554941204543, -1.036355687705318, -1.0274122238834877, -0.982255069114286, -0.8253717119346816, -0.543298776434351, 0.21718745980087434, 1.2823792232053985, -1.2017100169645738, -1.1470826288662843, -1.1338490441806692, -1.1221394516677847, -1.0913057779868693, -1.0368198160418889, -0.866539724888279, -0.5243131448729591, 0.1112195578601874, 1.2698220185702755, -1.2546963517346978, -1.2203637684056232, -1.198144884618744, -1.2117991635850034, -1.1648977081053697, -1.0799515811350633, -0.9430153702360958, -0.7208123108933574, -0.09686736208438598, 0.9715627143063319], "bean_num": 0.5, "model_info": {"det_num_x": 10, "det_num_y": 10, "det_y": 0.03, "det_x": 0.03, "size_x": 0.5, "size_y": 0.5, "med_margin": 0.0015}}