{"source": [158.40312145002696, 836.3698913482484], "intensity": 100, "miu_detector": 0.3, "miu_medium": 1.2, "miu_air": 0.00018, "output": [0.0, 0.0, 0.0, 0.0, 0.0, 0.0, 0.0, 0.0, 0.0, 0.0, 0.0, 0.0, 0.0, 0.0, 0.0, 0.0, 0.0, 0.0, 0.0, 0.0, 0.0, 0.0, 0.0, 0.0, 0.0, 0.0, 0.0, 0.0, 0.19160343064106009, 0.8083965693589399, 0.0, 0.0, 0.0, 0.0, 0.0, 0.0, 0.0, 0.0, 0.0, 0.0], "miu_de": 0.5, "input": [1.260185608636376, 0.2711047261593156, -0.44121913251796374, -0.7489590177585916, -0.9998383565546595, -1.1255280893925248, -1.2033778630885186, -1.217141597690832, -1.2503405843211823, -1.2616178037508026, 1.437386487057817, 0.39170668996713903, -0.3251219296217018, -0.6507527640360673, -0.9549321635375552, -1.0613318309793953, -1.12225705868167, -1.1750567603568312, -1.1993518714544968, -1.2315868022739405, 1.461324725377567, 0.5555194154948813, -0.22139259279874615, -0.6721501335159386, -0.9067679859323381, -1.046758686242507, -1.0928218450372653, -1.1388619936273183, -1.1386346110081906, -1.1732917830199627, 1.609917297676488, 0.5545263691596339, -0.2154824450201293, -0.6387594248912606, -0.8675569889035941, -0.9684943256479142, -0.9989115979496861, -1.0665814445131383, -1.0426011517597358, -1.097264400588258, 1.6022457071108036, 0.5900173176848316, -0.15795243675237625, -0.6201697598779903, -0.7822515874496371, -0.8314752428428742, -0.8909047775535588, -0.9013289168893979, -0.9125082977336918, -0.9477352795507827, 1.5695889127254208, 0.5355330849509032, -0.17552347209108252, -0.4980115989336577, -0.5786876006900229, -0.6845050966610511, -0.7243946084114596, -0.6508639084671263, -0.717641391661987, -0.827341157840533, 1.4578935287919152, 0.5380944562895068, -0.05941070215736817, -0.2800175689920914, -0.2931752848651054, -0.30162076868112897, -0.3304750834555564, -0.35426276033424403, -0.33100836538065626, -0.5772369171756142, 1.5778932386943914, 0.573655829720141, 0.245586205096256, 0.2153622411611208, 0.15296703058998323, 0.23005745328851096, 0.17653663453372578, 0.17511080551376446, 0.1100597795499958, -0.1471945929540864, 1.5171590574752678, 0.9366342485262628, 0.9295548197179075, 1.0137878124425175, 0.9055527652619058, 0.9456222016911776, 0.8824953376469483, 0.8620175146210799, 0.7600563299173064, 0.596639526576577, 1.4921495069306585, 1.7466608990071695, 1.8502941825248542, 1.760204142388129, 1.772577978477465, 1.8214357283401885, 1.6925486788714472, 1.7837645223939786, 1.8181763618302769, 1.4508370540041888], "bean_num": 0.5, "model_info": {"det_num_x": 10, "det_num_y": 10, "det_y": 0.03, "det_x": 0.03, "size_x": 0.5, "size_y": 0.5, "med_margin": 0.0015}}