{"source": [803.5253105968073, -294.77522188630616], "intensity": 100, "miu_detector": 0.3, "miu_medium": 1.2, "miu_air": 0.00018, "output": [0.0, 0.0, 0.0, 0.0, 0.0, 0.0, 0.0, 0.0, 0.0, 0.0, 0.0, 0.0, 0.0, 0.0, 0.0, 0.0, 0.0, 0.23840950268993336, 0.7615904973100667, 0.0, 0.0, 0.0, 0.0, 0.0, 0.0, 0.0, 0.0, 0.0, 0.0, 0.0, 0.0, 0.0, 0.0, 0.0, 0.0, 0.0, 0.0, 0.0, 0.0, 0.0], "miu_de": 0.5, "input": [0.42314854694919507, 0.6232064058803013, 0.6088192800482247, 0.678371306937337, 0.7481989422256594, 0.7540201024234674, 0.8609579330368721, 0.9879350581953573, 1.1837331207963864, 1.6763072310759646, -0.6367900248065147, -0.4853151051518799, -0.4697144176161707, -0.4037757426521609, -0.3891438714944245, -0.20685182748356157, 0.04801010301473356, 0.5411017867015075, 1.2348700063126055, 2.018611557184249, -0.991174084320945, -0.9090116362320179, -0.8388153472757938, -0.7377647125336341, -0.5943556508704563, -0.3339662641557747, 0.06323366064811911, 0.5470405680130304, 1.2996067388289583, 2.045880125949904, -1.0859190996570494, -1.0019876537301302, -0.9241951008954306, -0.7971032643917618, -0.6307681592434453, -0.3302060767409098, -0.024101144291634843, 0.5867139511625158, 1.3283455431744797, 2.0237031110912436, -1.120976761687816, -1.0404203025611298, -0.9544494848215759, -0.8167952684409221, -0.6621607715632581, -0.361818023121724, 0.01452223771511677, 0.6130176541939273, 1.322580579895353, 2.0478541835828, -1.137000106691772, -1.0713572331188816, -0.9489118169515213, -0.8406304667680051, -0.6289735326302276, -0.3507100084719139, 0.025662543938605037, 0.5849387919741091, 1.3245538389753133, 2.0645096392916558, -1.1290026964391107, -1.0514809224998938, -0.9515576227636205, -0.8261729888063374, -0.6694563588746995, -0.3614394690024127, 0.021671546047533595, 0.6197125663731611, 1.3545570141583665, 2.11939767333438, -1.1405771635194788, -1.0729705728689651, -0.9617472805477033, -0.8770999961527068, -0.6674675152033268, -0.35808036584050035, -0.001865350253549703, 0.5415065057453257, 1.327484420739578, 2.0891196515310884, -1.1616447320474788, -1.0702442157015175, -0.9990371678024249, -0.8569848836645342, -0.6726520118094684, -0.39982732526314907, -0.05676034050115464, 0.4446067414116517, 1.2509239477192151, 2.100874956103127, -1.1698709771932052, -1.1044772009150212, -1.0553449819482315, -0.9452854978397929, -0.7964811771344648, -0.5700378971625282, -0.24225237332103322, 0.21383030036762501, 0.8570523204472237, 1.6747898522534828], "bean_num": 0.5, "model_info": {"det_num_x": 10, "det_num_y": 10, "det_y": 0.03, "det_x": 0.03, "size_x": 0.5, "size_y": 0.5, "med_margin": 0.0015}}