{"source": [-664.219730305645, 538.6009809843779], "intensity": 100, "miu_detector": 0.3, "miu_medium": 1.2, "miu_air": 0.00018, "output": [0.0, 0.0, 0.0, 0.0, 0.0, 0.0, 0.0, 0.0, 0.0, 0.0, 0.0, 0.0, 0.0, 0.0, 0.0, 0.0, 0.0, 0.0, 0.0, 0.0, 0.0, 0.0, 0.0, 0.0, 0.0, 0.0, 0.0, 0.0, 0.0, 0.0, 0.0, 0.0, 0.0, 0.0, 0.0, 0.3375362064400519, 0.6624637935599481, 0.0, 0.0, 0.0], "miu_de": 0.5, "input": [-1.0391724308522465, -0.9817483803742939, -0.9049189517589882, -0.7898234116801534, -0.6405355372820012, -0.419116678717754, -0.1344575917651804, 0.3187482069469388, 0.9457257760942795, 1.7495166407801945, -1.0155487166072357, -0.9346589003981924, -0.8396823316230704, -0.7107451223396365, -0.5222802198461268, -0.2543141457935199, 0.12524806445773395, 0.6508395562824892, 1.363757573092946, 2.1136462174999524, -0.9976474909433533, -0.9157231186594699, -0.8014758688335967, -0.6612637990367084, -0.4626986747410912, -0.1947916384467926, 0.19853576443529383, 0.7276118091637871, 1.4444199695168303, 2.2239924354838525, -0.9777665820827866, -0.8824773217015904, -0.7762198225276145, -0.6594255245581071, -0.4488918892985494, -0.1430013604897952, 0.19920024334861747, 0.7454438006203228, 1.4358566415762015, 2.248985234666972, -0.9822389297029088, -0.8971972937005228, -0.7747608722468885, -0.6437254713559123, -0.4295669011189174, -0.1574860481206133, 0.21088322815468727, 0.7730361717212627, 1.4179280188365602, 2.1991909622731365, -0.9662402636105631, -0.8781238873927772, -0.7786435726451617, -0.651292675220461, -0.44954165004911395, -0.1824397293476812, 0.20734511817567644, 0.7497917256474685, 1.4273491397015012, 2.2079317946268793, -0.9784250750274547, -0.8753116145331615, -0.7814821323997467, -0.6342776873385725, -0.4719515983813894, -0.18284417049145762, 0.18146741856583937, 0.7131330633510946, 1.4382566932949858, 2.2199422397020596, -0.9815245325559121, -0.8916265030216358, -0.8090036216107658, -0.6789525957921249, -0.46480500542638253, -0.21115982823799326, 0.16737520123699107, 0.6765975876773718, 1.4268816661639006, 2.17901966572717, -0.9878730472601011, -0.9128511309384608, -0.8131662881360875, -0.7038231854426544, -0.5111084911148512, -0.28637010709657845, 0.08685018244748235, 0.6081296810969126, 1.3595034607742933, 2.104875409462931, -1.019571271280642, -0.9566157533610211, -0.8869404306862668, -0.8018559667906433, -0.6490209489072719, -0.44107258876241745, -0.11881795398330225, 0.32740328619205605, 0.992332679126217, 1.7833420055233618], "bean_num": 0.5, "model_info": {"det_num_x": 10, "det_num_y": 10, "det_y": 0.03, "det_x": 0.03, "size_x": 0.5, "size_y": 0.5, "med_margin": 0.0015}}