{"source": [852.7730370347886, -87.5666996173518], "intensity": 100, "miu_detector": 0.3, "miu_medium": 1.2, "miu_air": 0.00018, "output": [0.0, 0.0, 0.0, 0.0, 0.0, 0.0, 0.0, 0.0, 0.0, 0.0, 0.0, 0.0, 0.0, 0.0, 0.0, 0.0, 0.0, 0.0, 0.0, 0.6514275978137474, 0.3485724021862526, 0.0, 0.0, 0.0, 0.0, 0.0, 0.0, 0.0, 0.0, 0.0, 0.0, 0.0, 0.0, 0.0, 0.0, 0.0, 0.0, 0.0, 0.0, 0.0], "miu_de": 0.5, "input": [-1.2529558576848074, -1.2119021382565485, -1.1854055350644943, -1.1490010953223029, -1.0101458816791176, -0.8902631527644136, -0.6674353839294284, -0.22430322568241406, 0.42863578635217425, 1.4234523983262637, -1.2410918454896067, -1.1998006511913126, -1.15435160932005, -1.085675403788261, -0.9980208156964469, -0.7825481731865969, -0.42822861535582524, 0.00977596298807521, 0.7534133564146241, 1.7319522117625847, -1.2184195353885616, -1.1788004510877717, -1.1228412931148741, -1.033411744577939, -0.9640704544088905, -0.7298865772836788, -0.48042008625135746, 0.05678278228866485, 0.7822270499330601, 1.691556651823546, -1.1807004636717988, -1.096019817838793, -1.0877241372603512, -1.0075491839989388, -0.8639894068360713, -0.7101208114781659, -0.396092231121154, 0.04001015818351222, 0.7218832036616482, 1.6702890971867652, -1.0663420849015055, -1.001154351211501, -0.9889680661308223, -0.9608071268561297, -0.8780498113249546, -0.7077377068049722, -0.424453702737002, 0.09642634037051732, 0.7808139164121038, 1.7563879804003377, -0.9401365022358645, -0.8495709248135708, -0.8533370947548126, -0.8143855162420864, -0.7567559627733513, -0.653403147959356, -0.3565405028011693, 0.08287077525799277, 0.7615682812953374, 1.7902010572972622, -0.7268410729488295, -0.591981159969029, -0.5789793445888588, -0.4725415157655159, -0.5018183208539103, -0.46042200194541927, -0.17631806683442758, 0.13953876293077935, 0.8224264602960566, 1.745990685008976, -0.3618644686546782, -0.17718020715298194, -0.11509412006537166, -0.08325637326925432, -0.10978358247830519, -0.1017275270086009, 0.012135369410257356, 0.14531508977672195, 0.8716353764480365, 1.7311731601906537, 0.2867632156593069, 0.607094489608779, 0.5535926718527999, 0.6210642329204457, 0.65518166720115, 0.6011591561762376, 0.6275318019085004, 0.623193200892496, 1.0043695983423087, 1.7787112480842966, 1.2117396039979573, 1.58698439497916, 1.5707034246244695, 1.6045471158957931, 1.7165947045572514, 1.6350070324432269, 1.6693023625799277, 1.5470171364405532, 1.6181349694654368, 1.6954719001662308], "bean_num": 0.5, "model_info": {"det_num_x": 10, "det_num_y": 10, "det_y": 0.03, "det_x": 0.03, "size_x": 0.5, "size_y": 0.5, "med_margin": 0.0015}}