{"source": [755.8137630815784, 412.8745231594131], "intensity": 100, "miu_detector": 0.3, "miu_medium": 1.2, "miu_air": 0.00018, "output": [0.0, 0.0, 0.0, 0.0, 0.0, 0.0, 0.0, 0.0, 0.0, 0.0, 0.0, 0.0, 0.0, 0.0, 0.0, 0.0, 0.0, 0.0, 0.0, 0.0, 0.0, 0.0, 0.0, 0.8170854841037201, 0.18291451589627997, 0.0, 0.0, 0.0, 0.0, 0.0, 0.0, 0.0, 0.0, 0.0, 0.0, 0.0, 0.0, 0.0, 0.0, 0.0], "miu_de": 0.5, "input": [1.8171059511677965, 2.050831529560443, 2.1161572475385566, 2.1209138598146526, 2.1972118936076512, 2.308725916303924, 2.1967370697524293, 2.1454792789314374, 2.13600343462387, 1.7069493981367925, 0.9359978087815218, 1.290403036379092, 1.3743292736210593, 1.4505101445712616, 1.5015144711020472, 1.3941695290527938, 1.406698013229592, 1.3600144080529795, 1.464767307412436, 0.9480075810415096, 0.42889036183519685, 0.6090717970084877, 0.669835138083169, 0.7523590508158167, 0.8264714017470588, 0.7141265080963181, 0.8040986656612105, 0.7181631605964793, 0.6171428789427224, 0.3739719825619861, -0.11036013443022158, 0.21926423700258263, 0.25069575489574436, 0.20959308745513985, 0.24631343647282422, 0.26357435102785615, 0.1620133322395222, 0.29227983860702555, 0.15048564533032954, 0.026130055642613247, -0.44979822440321016, -0.25851105248308215, -0.22776216095803112, -0.24021896751335234, -0.1772269191169501, -0.10108203498494406, -0.17610702062558833, -0.23895385257445073, -0.30258288761192065, -0.29760902188291527, -0.6943552659741566, -0.5639324462932666, -0.497728566192437, -0.49892637811491525, -0.4491002414991292, -0.43801278375842884, -0.4793276671812595, -0.5029697292088565, -0.49760262862888727, -0.49892913894905305, -0.8449925862048072, -0.7237424655446504, -0.6493095683185022, -0.6466153630588872, -0.6865105883701561, -0.6604380626366266, -0.6966579980376657, -0.6101503669679659, -0.7285323837074431, -0.6107741926221327, -0.9379489076004839, -0.8736296625340979, -0.8306682848756036, -0.8376788790977412, -0.7873432552021377, -0.8416136749861941, -0.815344210690964, -0.8221279392416593, -0.8402462348088374, -0.7217654163166813, -1.0260322791238363, -0.9841813093408066, -0.9464592983941432, -0.9045657930914933, -0.8762613353691223, -0.909531811317732, -0.9296782303738071, -0.933240375290096, -0.950097379902725, -0.7741180958372916, -1.094581722990237, -1.0697508450106277, -1.039264386509977, -1.024024694786638, -1.0193238504194735, -1.0223307769241785, -1.011182928664743, -1.043014535399883, -1.0235006985290833, -0.8086803262197388], "bean_num": 0.5, "model_info": {"det_num_x": 10, "det_num_y": 10, "det_y": 0.03, "det_x": 0.03, "size_x": 0.5, "size_y": 0.5, "med_margin": 0.0015}}