{"source": [-223.4865588076887, 837.780589579096], "intensity": 100, "miu_detector": 0.3, "miu_medium": 1.2, "miu_air": 0.00018, "output": [0.0, 0.0, 0.0, 0.0, 0.0, 0.0, 0.0, 0.0, 0.0, 0.0, 0.0, 0.0, 0.0, 0.0, 0.0, 0.0, 0.0, 0.0, 0.0, 0.0, 0.0, 0.0, 0.0, 0.0, 0.0, 0.0, 0.0, 0.0, 0.0, 0.0, 0.0, 0.34039744808766914, 0.6596025519123309, 0.0, 0.0, 0.0, 0.0, 0.0, 0.0, 0.0], "miu_de": 0.5, "input": [1.5973323496240115, 1.508644966456988, 1.4370960023527877, 1.4780016634251332, 1.552693391810651, 1.395075858206235, 1.5152338282853879, 1.4307734742728346, 1.4521765944472818, 1.1800619557509087, 1.7365360577401603, 0.9053720113834465, 0.6094196763805741, 0.6292999528964023, 0.3896906098762932, 0.43096049650573504, 0.44199348696266266, 0.31710562042023127, 0.3841836316076398, 0.14441744386655056, 1.8629815393752385, 0.9673898209828987, 0.22957989292902023, -0.16265580558324044, -0.1493686816642141, -0.22924285070780556, -0.25758115723845143, -0.2672586129310784, -0.3139662050037786, -0.48757395436862633, 1.7987279250812787, 1.0257779881717237, 0.2019179436856653, -0.233718239377264, -0.504904286096812, -0.6128803813323513, -0.6522678000420011, -0.784214467434943, -0.7533166828223238, -0.8287916302884774, 1.8105714565639341, 0.9935626044980531, 0.2626905090623395, -0.12278361098117099, -0.5780535462989512, -0.8326234925225411, -0.9034398242656482, -0.8941584384301037, -0.9338468062052877, -1.0364116833995123, 1.6663832614083354, 1.041380467807744, 0.2479299006869603, -0.3342865934550188, -0.6572510453522001, -0.8373131289527405, -0.9902825703173668, -1.0443665688075747, -1.0728687414392248, -1.1090119000457783, 1.8880696169130646, 0.9773250828289713, 0.3736940086158872, -0.25190513908734136, -0.6430896628921962, -0.838315125216248, -1.0021807922462587, -1.1199335897645046, -1.1721209198979372, -1.1949424984468948, 1.8164011763902879, 1.0238605117139066, 0.203429032176577, -0.29756653891876983, -0.6273919198824931, -0.8602242772157624, -1.0219036805112087, -1.1083196496385204, -1.1938591281244222, -1.220048431369858, 1.7651662907151815, 0.8426460112912303, 0.16158094012309052, -0.36922485371675884, -0.721174737751386, -0.8674135615414336, -1.0490029226339037, -1.1219152324571566, -1.1876661370533883, -1.2264821960962915, 1.505342482155876, 0.5958935888637388, -0.06745234934547378, -0.49911591102096287, -0.7964390586978592, -0.9805819745934118, -1.117425139412367, -1.1811948202885558, -1.2241470030567758, -1.2528951680702498], "bean_num": 0.5, "model_info": {"det_num_x": 10, "det_num_y": 10, "det_y": 0.03, "det_x": 0.03, "size_x": 0.5, "size_y": 0.5, "med_margin": 0.0015}}