{"source": [-354.0122786346179, 798.8301418711364], "intensity": 100, "miu_detector": 0.3, "miu_medium": 1.2, "miu_air": 0.00018, "output": [0.0, 0.0, 0.0, 0.0, 0.0, 0.0, 0.0, 0.0, 0.0, 0.0, 0.0, 0.0, 0.0, 0.0, 0.0, 0.0, 0.0, 0.0, 0.0, 0.0, 0.0, 0.0, 0.0, 0.0, 0.0, 0.0, 0.0, 0.0, 0.0, 0.0, 0.0, 0.0, 0.3443146467236853, 0.6556853532763147, 0.0, 0.0, 0.0, 0.0, 0.0, 0.0], "miu_de": 0.5, "input": [-1.2571245953598755, -1.2403163621681814, -1.1973961854609496, -1.141944310172936, -1.0620868288558152, -0.9091327342043825, -0.6507645336030812, -0.2938850413591772, 0.3689010393014164, 1.2653313924805099, -1.2207447175886026, -1.2005640221965783, -1.169063888164778, -1.0978152912277237, -1.0097200225334462, -0.8406687813662101, -0.5406819628179134, -0.13139285234444203, 0.6516003870051204, 1.6437988367994454, -1.189928793438225, -1.1504719438230337, -1.1483810429275882, -1.0756213066901352, -0.9494976686476267, -0.8021435798067719, -0.5193499559751669, -0.08844219049408134, 0.6746173207041264, 1.6329766626600823, -1.134068702167456, -1.0812669626275178, -1.058274927418366, -1.0157589653910382, -0.9587975773185144, -0.7504470621212949, -0.4866735026272249, -0.03727702259797978, 0.668445554109797, 1.632775446364285, -1.0496161349510855, -1.0095682775030674, -0.9665815919233237, -0.942821993806839, -0.8716788172329182, -0.7244728774826414, -0.422083756784473, -0.021561469341161398, 0.6963251093409903, 1.6617196129256278, -0.9072991709596802, -0.8094073543934078, -0.7886961320279244, -0.7747720759284464, -0.7260470444034574, -0.6619871740160429, -0.410871928616019, 0.039709617737415805, 0.7202674553915082, 1.6773739645216192, -0.6515584757978194, -0.5267526094474426, -0.5077086442952651, -0.475895434515694, -0.4449376524807103, -0.38830375868012695, -0.28925944697408723, 0.048464535799995004, 0.789159280000535, 1.7321483249709595, -0.2769211630833778, -0.10851327730009286, -0.033530254986214474, 0.005380007346816012, 0.0009279264487977979, 0.03797225527848768, 0.03960206191579038, 0.18209556668097926, 0.7904705858921232, 1.7831301324305808, 0.31775927609712984, 0.6607876432601855, 0.6566030596384668, 0.7123704730809561, 0.7363021055776157, 0.7514712600595018, 0.7956018348413778, 0.7954325359097916, 0.9089259436943967, 1.679643694540869, 1.3094569247624706, 1.580588351546657, 1.636189030976355, 1.6920594661692077, 1.7177593469899906, 1.729453778113608, 1.6448806519591908, 1.7198629559974399, 1.746085131617754, 1.6661233094874692], "bean_num": 0.5, "model_info": {"det_num_x": 10, "det_num_y": 10, "det_y": 0.03, "det_x": 0.03, "size_x": 0.5, "size_y": 0.5, "med_margin": 0.0015}}