{"source": [177.0205532032023, -855.2177357586936], "intensity": 100, "miu_detector": 0.3, "miu_medium": 1.2, "miu_air": 0.00018, "output": [0.0, 0.0, 0.0, 0.0, 0.0, 0.0, 0.0, 0.0, 0.0, 0.0, 0.0, 0.7006176184566046, 0.29938238154339536, 0.0, 0.0, 0.0, 0.0, 0.0, 0.0, 0.0, 0.0, 0.0, 0.0, 0.0, 0.0, 0.0, 0.0, 0.0, 0.0, 0.0, 0.0, 0.0, 0.0, 0.0, 0.0, 0.0, 0.0, 0.0, 0.0, 0.0], "miu_de": 0.5, "input": [1.7362732240998433, 1.127184668476262, 0.7589231756634393, 0.7290510158793857, 0.6154019211661431, 0.5397628633262416, 0.5548066297059278, 0.48576723734849686, 0.5089250092078546, 0.2226083468180828, 2.026290351986267, 1.2335548161067498, 0.5951789438367107, 0.03809185218347888, -0.3211962363440053, -0.4440031031812564, -0.5501278661948859, -0.6103569848381378, -0.6599242375968933, -0.7524228839311964, 2.0924550704269347, 1.3631810349762383, 0.572255289535537, 0.10714610416897255, -0.3519022557569619, -0.5546711611203443, -0.7639263174830653, -0.8782487702270017, -0.9191745957974513, -1.0273666827903534, 2.100107207026218, 1.3346092026282137, 0.5913522073358455, 0.10434735636181044, -0.27275586185271405, -0.5628504911252521, -0.806519079803387, -0.9090966533519246, -1.006146876935734, -1.1023373327445112, 2.0691819000692524, 1.3565211859178932, 0.626177280043223, 0.06712347010846734, -0.2881348650904394, -0.6307520313722018, -0.7885846265578711, -0.9239328244775525, -1.014721375999509, -1.099982775852009, 2.06244628670221, 1.4423379469519833, 0.6988451323375763, 0.04092308074996759, -0.36513537755558356, -0.585097730442831, -0.790876379071594, -0.9565731371346301, -1.0620881241817344, -1.1153951878629298, 2.135156945950879, 1.3267456889251488, 0.6200300525566351, 0.11987222063622884, -0.32137602937798393, -0.613518150184054, -0.7891354779435058, -0.9627575886546744, -1.038352591220637, -1.129810228486828, 2.0055917176337466, 1.409979741188803, 0.622853070800929, 0.05989056250796354, -0.3341929874980301, -0.610939511479365, -0.8032434564931363, -0.9768527014525691, -1.0636189592246663, -1.1351935282534076, 2.0658202105174444, 1.226869189346375, 0.5581078390626909, -0.007506662777323002, -0.4228988350767082, -0.634203256940205, -0.8637177829589245, -0.9805769832475032, -1.0755978742116508, -1.1278138959490664, 1.7429669285721998, 0.8879017433212376, 0.24627675814987285, -0.18996671519516503, -0.5669089817433633, -0.777497557823692, -0.9422169967738796, -1.0472770201066026, -1.1331985097105637, -1.166218370857906], "bean_num": 0.5, "model_info": {"det_num_x": 10, "det_num_y": 10, "det_y": 0.03, "det_x": 0.03, "size_x": 0.5, "size_y": 0.5, "med_margin": 0.0015}}