{"source": [824.5001291980693, 296.3426422691199], "intensity": 100, "miu_detector": 0.3, "miu_medium": 1.2, "miu_air": 0.00018, "output": [0.0, 0.0, 0.0, 0.0, 0.0, 0.0, 0.0, 0.0, 0.0, 0.0, 0.0, 0.0, 0.0, 0.0, 0.0, 0.0, 0.0, 0.0, 0.0, 0.0, 0.0, 0.0, 0.8033887062961415, 0.19661129370385852, 0.0, 0.0, 0.0, 0.0, 0.0, 0.0, 0.0, 0.0, 0.0, 0.0, 0.0, 0.0, 0.0, 0.0, 0.0, 0.0], "miu_de": 0.5, "input": [1.7799685400044796, 2.072612428658859, 1.9997735851302878, 2.2338560198634774, 2.170259230890098, 2.0472606421801918, 2.1939280965801413, 2.169113304658147, 1.9973412291875348, 1.6877666162503375, 0.9599463422584743, 1.4057866906786671, 1.4168628061205082, 1.423310162446776, 1.4126827729420839, 1.3961336971764653, 1.4808970076737678, 1.4904645926958033, 1.284898845667159, 1.0351299048196607, 0.29074790355472274, 0.6257459402351302, 0.7198773167458463, 0.7534599770648907, 0.7341359139574137, 0.7394126282189292, 0.7596257253067346, 0.6833119266324273, 0.6216822442380429, 0.6246868683190475, -0.2288718568772942, 0.0631737240303047, 0.10962457106826726, 0.13031257413468117, 0.18555273019534543, 0.2249087293857399, 0.23006756849651497, 0.11566653576724702, 0.1068170004330386, 0.27487700049508007, -0.48021705757047156, -0.4246653171471931, -0.22486641143969804, -0.2517705370478179, -0.22358995633604475, -0.21538763245269277, -0.22236828174460363, -0.3244416194757073, -0.3031437979857783, 0.10896978201516541, -0.7135208949778442, -0.5873070401683012, -0.5150966468475074, -0.569180236352793, -0.5742307852142448, -0.5382693359284305, -0.5477934271327513, -0.4913703830937602, -0.5502561668899362, 0.08520518854506773, -0.893188064642704, -0.7749057710336138, -0.7760387191097492, -0.7627826476444102, -0.6910969491240051, -0.7265945817456451, -0.7532900763543401, -0.7043134254529481, -0.7198160898430976, -0.02275686214946072, -0.9918142600162337, -0.9631853779732555, -0.933961840769777, -0.8715027756368676, -0.894159934664363, -0.8888475235301675, -0.8819195676351205, -0.8870151620514619, -0.8453855928662034, -0.07174710247032802, -1.0499004521662214, -1.010281577873067, -1.0233929439000018, -0.9843413176281517, -0.9661245691728737, -0.9726813150351878, -0.9973971964400411, -0.9549620691682117, -0.9101907124124152, -0.07655163945292365, -1.1304478393597888, -1.0974878164752633, -1.08527738102871, -1.0746167521247125, -1.0631023623437257, -1.071305385394432, -1.0772517978014273, -1.0567830438487584, -0.9545246638553873, -0.24856381984460071], "bean_num": 0.5, "model_info": {"det_num_x": 10, "det_num_y": 10, "det_y": 0.03, "det_x": 0.03, "size_x": 0.5, "size_y": 0.5, "med_margin": 0.0015}}