{"source": [586.4530693508912, 651.3362591703867], "intensity": 100, "miu_detector": 0.3, "miu_medium": 1.2, "miu_air": 0.00018, "output": [0.0, 0.0, 0.0, 0.0, 0.0, 0.0, 0.0, 0.0, 0.0, 0.0, 0.0, 0.0, 0.0, 0.0, 0.0, 0.0, 0.0, 0.0, 0.0, 0.0, 0.0, 0.0, 0.0, 0.0, 0.0, 0.6665979371585329, 0.3334020628414671, 0.0, 0.0, 0.0, 0.0, 0.0, 0.0, 0.0, 0.0, 0.0, 0.0, 0.0, 0.0, 0.0], "miu_de": 0.5, "input": [-1.2585565614845233, -1.259234384146162, -1.195873261312604, -1.1282877736466677, -1.0477556753822297, -0.8540789844601959, -0.5371089637219079, -0.243842372481711, 0.4705544206545075, 1.3581117125160886, -1.2567455985208504, -1.2034005751769936, -1.1815804765802533, -1.0818007863233308, -0.9605642351244753, -0.7775827230233429, -0.4875732394185009, 0.023493293699852702, 0.8063317451995512, 1.670103080684975, -1.1996514678806345, -1.1765437367607867, -1.1268601151633997, -1.0794616670384707, -0.9257019361698592, -0.7211442587243316, -0.43429437089349915, 0.0566806688752575, 0.8648910815756033, 1.7943554327753921, -1.1640354453309103, -1.111967152424995, -1.067635754121603, -1.0138056460425418, -0.856910858193702, -0.7105963003019666, -0.36492392556907866, 0.1611349993061392, 0.7502826445988918, 1.7674066900323446, -1.0681439052170603, -1.0402816056969622, -0.9652697824219334, -0.9562933457556605, -0.8903518136669152, -0.6760420315931023, -0.4081406473649103, 0.1417056829260241, 0.6939295363839906, 1.7636165851443784, -0.9560150902211031, -0.8528261146512633, -0.8508585352576912, -0.8012276260934957, -0.7778951147612432, -0.6389639348750298, -0.3841610026673617, 0.07069277803785688, 0.7575367400739862, 1.5849508579487968, -0.782773342302157, -0.5872593398785059, -0.6031596717359288, -0.5245554770435013, -0.5194647614687938, -0.49298991837618145, -0.25442643726017544, 0.12693810872481112, 0.8338898139329765, 1.653716107286008, -0.40734190945174026, -0.1986982210649488, -0.15802116885548648, -0.08624855513906583, -0.11168315410517134, 0.02532562867631278, -0.016857500475022998, 0.24245110243377707, 0.8648626013784624, 1.8312446762918717, 0.15692215889476907, 0.6548215899317328, 0.6412625765429449, 0.6355560812001709, 0.5630181757672978, 0.5984547468031346, 0.7067997605325708, 0.6625472787828625, 0.933122744291921, 1.7860680188913676, 1.238730875101333, 1.5804186186458486, 1.446467234780046, 1.6067591899296638, 1.7366038804296549, 1.7722816936451466, 1.6358634627995943, 1.599226366231431, 1.5657738644150232, 1.6025639460455987], "bean_num": 0.5, "model_info": {"det_num_x": 10, "det_num_y": 10, "det_y": 0.03, "det_x": 0.03, "size_x": 0.5, "size_y": 0.5, "med_margin": 0.0015}}