{"source": [-714.6197378435508, -508.11740238620405], "intensity": 100, "miu_detector": 0.3, "miu_medium": 1.2, "miu_air": 0.00018, "output": [0.0, 0.0, 0.0, 0.06510672613817015, 0.9348932738618299, 0.0, 0.0, 0.0, 0.0, 0.0, 0.0, 0.0, 0.0, 0.0, 0.0, 0.0, 0.0, 0.0, 0.0, 0.0, 0.0, 0.0, 0.0, 0.0, 0.0, 0.0, 0.0, 0.0, 0.0, 0.0, 0.0, 0.0, 0.0, 0.0, 0.0, 0.0, 0.0, 0.0, 0.0, 0.0], "miu_de": 0.5, "input": [0.5606278307364598, 0.7363229670374225, 0.6823793408368581, 0.7009298596132112, 0.7705109886396508, 0.7792283090101348, 0.8647446562722647, 0.8737677030317905, 1.2347662046096086, 1.855922974473616, -0.6329358202819364, -0.5113959663038907, -0.4837316162279661, -0.4764726832380543, -0.3930478091475418, -0.18126393061259188, 0.006064876572947589, 0.5380497756956777, 1.1607950059047367, 1.9240022690564675, -0.9957200512754572, -0.8869621511693726, -0.9026650928861958, -0.741410211361082, -0.5723545105598291, -0.3478986868192263, 0.038206208355962404, 0.6252750914866644, 1.2017524118218619, 2.046087585561074, -1.0906074370709784, -0.9921062669685925, -0.9410472951960619, -0.7815090077048534, -0.5812073512591597, -0.3758501672857546, 0.09654354648316225, 0.5102183214053594, 1.3421857198594658, 2.038632579008272, -1.1407638429156923, -1.0301549670282264, -0.9315171070373233, -0.8060318018141077, -0.5749830119627202, -0.3488083286079012, 0.013202651156633397, 0.5881489696055282, 1.2918315510552216, 2.0755225687226107, -1.1435645376858905, -1.0797992647911479, -0.9858609996942242, -0.833786234424055, -0.6492299433926009, -0.3583893222263723, 0.10861902160554017, 0.57873838236391, 1.2945734389041654, 2.1125657115029934, -1.1292881631194551, -1.0488771892803646, -1.0085157906263533, -0.8380065143181018, -0.6580696944214441, -0.39426676886123146, -0.025520416608827784, 0.5833283427131026, 1.2593816080947373, 2.116934529457169, -1.153675261709352, -1.070076215599139, -0.9468846571056941, -0.8459544169978678, -0.6776470875941629, -0.39311364803124016, -0.01726898716616138, 0.5437718957890679, 1.3327675296832948, 1.9682121417138465, -1.1633131773026744, -1.0772077187545117, -1.0122920029838742, -0.877740170077845, -0.7130020385241528, -0.39569858346822523, -0.04809039013805365, 0.5106514137970746, 1.232919014730503, 2.002307352827116, -1.1671781160848045, -1.1284624247329549, -1.023860833639083, -0.92806843227763, -0.7909720110913318, -0.5940573340784365, -0.2400216970200728, 0.27097466474989435, 0.9349301278496444, 1.7318100167671604], "bean_num": 0.5, "model_info": {"det_num_x": 10, "det_num_y": 10, "det_y": 0.03, "det_x": 0.03, "size_x": 0.5, "size_y": 0.5, "med_margin": 0.0015}}