{"source": [21.87206524312127, 880.97333321114], "intensity": 100, "miu_detector": 0.3, "miu_medium": 1.2, "miu_air": 0.00018, "output": [0.0, 0.0, 0.0, 0.0, 0.0, 0.0, 0.0, 0.0, 0.0, 0.0, 0.0, 0.0, 0.0, 0.0, 0.0, 0.0, 0.0, 0.0, 0.0, 0.0, 0.0, 0.0, 0.0, 0.0, 0.0, 0.0, 0.0, 0.0, 0.0, 0.15802214242791057, 0.8419778575720894, 0.0, 0.0, 0.0, 0.0, 0.0, 0.0, 0.0, 0.0, 0.0], "miu_de": 0.5, "input": [1.4348958077762635, 0.4206721955787597, -0.2107634652926797, -0.6429638455091946, -0.9498265481638348, -1.0700012150769267, -1.1475937472955482, -1.2139793741262233, -1.2408722150889053, -1.2602798332264722, 1.5670945316470688, 0.7860340595558352, -0.02771726714448192, -0.6492739194632842, -0.8032266494052328, -0.9725336736505831, -1.073717308910698, -1.1943198603827019, -1.2140068791674665, -1.2400794488102196, 1.7101621830888107, 0.7458129573515115, 0.046897160560590075, -0.5429577798975062, -0.8232103870097606, -0.933326391187987, -1.0474246567693182, -1.1306838312121457, -1.1534586484177045, -1.2020833630791412, 1.631001725462043, 0.6845297530542552, -0.03466840700251912, -0.41739436503544336, -0.7099937668995665, -0.9287414239341518, -0.9917784390930198, -1.0867955763278907, -1.1375009528877815, -1.1554310141091408, 1.6986302781734046, 0.7468020166760985, 0.005347290000696, -0.4371494556127865, -0.7153302562969797, -0.8483250042687129, -0.9577199927171022, -0.9700297993952974, -0.9763653421168892, -1.0947890694775804, 1.6210193841242324, 0.7647730578763117, 0.1394810954250082, -0.3940524611924385, -0.5929142895268524, -0.8076692991886079, -0.8245987717505233, -0.8050265967847747, -0.806003874017768, -0.8486204613604685, 1.682142150257814, 0.7560492853007224, 0.19676565666618792, -0.3495859023066903, -0.4415821335912575, -0.5273325317679108, -0.4826582565906919, -0.534615309230043, -0.5597886507401458, -0.6467440698250124, 1.7273207711463492, 0.8319215601306694, 0.20046136783643984, 0.0013409705326954014, -0.11471759774542081, -0.017825402495233768, -0.05382761339303475, -0.028157419724429936, -0.11642193942912157, -0.2449060251370518, 1.6944787754445445, 0.843055228698465, 0.7800426133376267, 0.6827346336473689, 0.6857024930714085, 0.7026378801209848, 0.771011911112943, 0.6412535387811003, 0.6429674716664592, 0.3296496329315003, 1.608747888376238, 1.7907576565434533, 1.6278810406485906, 1.7099435875913231, 1.7339890038207093, 1.6016665811507989, 1.6840218957256181, 1.6182387896387627, 1.574596718353115, 1.2808291803775882], "bean_num": 0.5, "model_info": {"det_num_x": 10, "det_num_y": 10, "det_y": 0.03, "det_x": 0.03, "size_x": 0.5, "size_y": 0.5, "med_margin": 0.0015}}