{"source": [851.7934874134262, -227.57046922928527], "intensity": 100, "miu_detector": 0.3, "miu_medium": 1.2, "miu_air": 0.00018, "output": [0.0, 0.0, 0.0, 0.0, 0.0, 0.0, 0.0, 0.0, 0.0, 0.0, 0.0, 0.0, 0.0, 0.0, 0.0, 0.0, 0.0, 0.0, 0.6620152619824679, 0.3379847380175321, 0.0, 0.0, 0.0, 0.0, 0.0, 0.0, 0.0, 0.0, 0.0, 0.0, 0.0, 0.0, 0.0, 0.0, 0.0, 0.0, 0.0, 0.0, 0.0, 0.0], "miu_de": 0.5, "input": [0.3937895732171559, -0.7772291977058846, -1.0161420281097746, -1.0962326009215644, -1.1120782887806293, -1.1176471413019957, -1.1583982057779136, -1.123117454962174, -1.1475638627813582, -1.1772965597444278, 0.5406668835112473, -0.61626916957766, -0.9517432346121474, -1.0151289973425721, -1.0559606660159364, -1.0632414465230127, -1.0837569197767822, -1.0630903400865388, -1.0606383966539055, -1.1164194096503735, 0.47221854936881535, -0.6126739956168985, -0.7883844859989879, -0.8972821662375469, -0.9491840884584359, -0.9307315842167956, -0.9056982979410275, -0.9511054952006255, -0.9917002000581727, -1.038974079433018, 0.5346515012707512, -0.48803965084288703, -0.7221582780410188, -0.7908636904396901, -0.7905095356146532, -0.8307054489688712, -0.8384467914171259, -0.8009348514164649, -0.8568872252648763, -0.9311886732074706, 0.6595024391748564, -0.40986916039836735, -0.5677701722633508, -0.5662935398682414, -0.607280235748424, -0.5807725457382109, -0.5823542947304458, -0.6436188471078242, -0.682474813921961, -0.8055654717182781, 0.653511632336883, -0.2869879698799761, -0.3321643650665332, -0.2872415040900677, -0.32072357788812417, -0.3515294030724045, -0.3581382140388172, -0.3562383766924957, -0.4079442206394416, -0.593729539432577, 0.7138343246071542, 0.04021734853508735, -0.02007049215201882, 0.08018487628575932, 0.12740091434158618, 0.06064641185070966, -0.031075788201175222, 0.122212819888326, -0.01920805427023895, -0.17896193292931364, 0.9157312667547984, 0.5728422876559957, 0.4649608489821766, 0.5973538454883786, 0.5693191734145815, 0.6627000703651232, 0.6740038793547262, 0.5792296290229226, 0.5058993124001352, 0.25944688322035997, 1.1571948669722705, 1.2689896206453752, 1.3567864954471538, 1.3504372483736433, 1.3171382191518575, 1.4614742997510255, 1.3409288915372093, 1.49484895502646, 1.251416195019128, 0.8401432938788136, 1.5861059792618633, 1.9633485943078468, 2.109703510891076, 2.164923563659232, 2.0379971311483573, 2.0562099014806487, 2.1756394571053987, 2.0877113071526683, 1.9994618960918338, 1.6366510805980985], "bean_num": 0.5, "model_info": {"det_num_x": 10, "det_num_y": 10, "det_y": 0.03, "det_x": 0.03, "size_x": 0.5, "size_y": 0.5, "med_margin": 0.0015}}