{"source": [772.9954741272352, 429.24686516593795], "intensity": 100, "miu_detector": 0.3, "miu_medium": 1.2, "miu_air": 0.00018, "output": [0.0, 0.0, 0.0, 0.0, 0.0, 0.0, 0.0, 0.0, 0.0, 0.0, 0.0, 0.0, 0.0, 0.0, 0.0, 0.0, 0.0, 0.0, 0.0, 0.0, 0.0, 0.0, 0.0, 0.7729384001326561, 0.2270615998673439, 0.0, 0.0, 0.0, 0.0, 0.0, 0.0, 0.0, 0.0, 0.0, 0.0, 0.0, 0.0, 0.0, 0.0, 0.0], "miu_de": 0.5, "input": [-1.03991655086055, -1.008420093997054, -0.9764232340939583, -0.9754963736797041, -0.9760062314623558, -0.9851159203873306, -0.9553797969600092, -0.9535065087589553, -0.9652185821418807, -1.0281496748467323, -0.9764620192461371, -0.9212609375938471, -0.9275286268164123, -0.8923321009369388, -0.8564199534780096, -0.8862526887601565, -0.8817023573480959, -0.8486407953502219, -0.9155985626765423, -0.9887481667812555, -0.906867457830322, -0.8587181064377608, -0.7989561499258463, -0.7793564946633529, -0.7980065061300987, -0.7811932555127555, -0.7549997321249389, -0.7774830938821226, -0.8012620980190577, -0.893520375099736, -0.8041009291102591, -0.6734506598698264, -0.6144030674172122, -0.6315245833255648, -0.6470267303433944, -0.6327540053220001, -0.6895786446946135, -0.6456519621975586, -0.7012009501173533, -0.819879313111227, -0.6598071043655163, -0.5430996728440353, -0.4508700795384955, -0.4163068652455326, -0.46520185017665605, -0.4465787746332158, -0.4598912756169157, -0.4679079110593678, -0.5505860334275733, -0.6502623669714184, -0.45752747859094983, -0.23568063523827826, -0.19206114974067948, -0.19833634849185586, -0.10486352995634379, -0.12049963031600236, -0.16811980622568676, -0.2944372435330035, -0.2732379416594646, -0.45506758815711795, -0.1738515537202199, 0.07986285218645242, 0.18488041206236974, 0.16167779479604386, 0.2231034252428336, 0.2594488293598135, 0.1715441463106421, 0.18023561325551465, 0.05318156444089179, -0.14208735351000923, 0.32759332823179005, 0.6339719103608167, 0.6891592859257499, 0.6885491469274921, 0.655280271194454, 0.7458256461145335, 0.7316611013845818, 0.6900351632130586, 0.6723947947375108, 0.30478829674278446, 0.9539037052420825, 1.3765696296668182, 1.4039564029653118, 1.489950127113427, 1.4617431836445776, 1.4756540572818144, 1.4673542842861194, 1.4880321692328642, 1.416842739789196, 0.9009817888286664, 1.8657472355925877, 2.1437208581742406, 2.2047499082914515, 2.1396031708015033, 2.178923639618765, 2.1365668750846822, 2.1430706566562336, 2.1946880214600015, 2.197703068007101, 1.8018403801046845], "bean_num": 0.5, "model_info": {"det_num_x": 10, "det_num_y": 10, "det_y": 0.03, "det_x": 0.03, "size_x": 0.5, "size_y": 0.5, "med_margin": 0.0015}}