{"source": [449.5044265627102, -768.4468083064085], "intensity": 100, "miu_detector": 0.3, "miu_medium": 1.2, "miu_air": 0.00018, "output": [0.0, 0.0, 0.0, 0.0, 0.0, 0.0, 0.0, 0.0, 0.0, 0.0, 0.0, 0.0, 0.0, 0.6304909826106392, 0.36950901738936087, 0.0, 0.0, 0.0, 0.0, 0.0, 0.0, 0.0, 0.0, 0.0, 0.0, 0.0, 0.0, 0.0, 0.0, 0.0, 0.0, 0.0, 0.0, 0.0, 0.0, 0.0, 0.0, 0.0, 0.0, 0.0], "miu_de": 0.5, "input": [1.5167363565317094, 0.6357175008727841, 0.021333088452130396, -0.4339772040513769, -0.7089540594300558, -0.937467608909476, -1.0453986083371298, -1.1308672210305666, -1.1929111998341242, -1.234615425729564, 1.7830609177429855, 1.045529719730986, 0.19267564563805534, -0.19840738101134303, -0.5543934446812955, -0.8222081873626724, -1.004478247269064, -1.1167990887018435, -1.148811699281535, -1.1920515281504742, 1.9631393542090925, 1.1400771517602042, 0.42665738747960413, -0.30176871946687045, -0.5695917675661551, -0.7614973367829593, -0.9782679749130868, -1.0690719995991915, -1.131609635533112, -1.197812521417829, 1.8881416433029676, 1.152369821331749, 0.34837965709123286, -0.1875595536469035, -0.5442104673450381, -0.7686060424026857, -0.9514697316771795, -1.065961590775252, -1.1171126154443054, -1.1682781517166094, 1.8819223179141875, 1.0409997105574544, 0.3819612475535904, -0.1458392600158945, -0.5359132172902193, -0.75111322610292, -0.9467798033843557, -1.042376226493528, -1.122028720562969, -1.1619620779899296, 1.8415018211769847, 1.1469262844471908, 0.31622007784310235, -0.14837568654915392, -0.44490719040161175, -0.7707085618841972, -0.9413539581097813, -0.9955324102177335, -1.0368005940845149, -1.0906405081734536, 1.9594133233662845, 1.0776225462789042, 0.47533351678763086, -0.13990217102415664, -0.46321880391233244, -0.7363890930357626, -0.783487326480586, -0.8235994041968261, -0.8628331521287304, -0.9348106523051654, 2.014817098217759, 1.036447304444349, 0.3012018355662594, -0.18049133020037827, -0.3303102474765469, -0.44370744132012885, -0.4379880358254071, -0.4608838086874269, -0.5376458413225426, -0.6605579662600246, 1.8110798720576724, 0.9387615851347527, 0.5269523716695917, 0.26291107411182113, 0.2849048172630875, 0.17306636098335623, 0.18293342270251509, 0.2353598627692717, 0.1649975300619856, -0.038711560295030596, 1.6019090336028667, 1.4355072671267795, 1.40423856509813, 1.3235655302017935, 1.3177654632388223, 1.3924740205047639, 1.2652821259180411, 1.3359095437504687, 1.2691793387210406, 0.988044174585039], "bean_num": 0.5, "model_info": {"det_num_x": 10, "det_num_y": 10, "det_y": 0.03, "det_x": 0.03, "size_x": 0.5, "size_y": 0.5, "med_margin": 0.0015}}