{"source": [595.9150671350793, -665.2088920870785], "intensity": 100, "miu_detector": 0.3, "miu_medium": 1.2, "miu_air": 0.00018, "output": [0.0, 0.0, 0.0, 0.0, 0.0, 0.0, 0.0, 0.0, 0.0, 0.0, 0.0, 0.0, 0.0, 0.0, 0.3494462595834893, 0.6505537404165107, 0.0, 0.0, 0.0, 0.0, 0.0, 0.0, 0.0, 0.0, 0.0, 0.0, 0.0, 0.0, 0.0, 0.0, 0.0, 0.0, 0.0, 0.0, 0.0, 0.0, 0.0, 0.0, 0.0, 0.0], "miu_de": 0.5, "input": [-1.0792220831562238, -1.0418638180199222, -0.9621499634875055, -0.842106375779843, -0.6806854891237877, -0.46255516646517403, -0.12597000278467654, 0.24089264920530673, 1.00258950682006, 1.7158083847152061, -1.082896913245716, -1.0251319936995646, -0.9055543278204364, -0.7579754875471103, -0.5664305045480003, -0.29406149902485773, 0.04529081272818067, 0.586539208838216, 1.3673977488122508, 2.0512461509717372, -1.0699135062059724, -0.9991155018592865, -0.8422762264522216, -0.7202606181948621, -0.5226170962433352, -0.22983664751632737, 0.2554782027236976, 0.6181020417772494, 1.3372305633589814, 2.0841604175428223, -1.066514699609494, -0.9728561862153081, -0.88878162753175, -0.7003308468356707, -0.4137054045600984, -0.18646179477874847, 0.21894668289519773, 0.6290324967774732, 1.41216736829138, 2.1518196416187343, -1.0431026242353523, -0.9742956733223501, -0.8527465462281388, -0.7011607726676722, -0.46972719253470563, -0.13791928100604245, 0.18562819903971153, 0.6749525927646741, 1.4192756597790919, 2.2423208036715194, -1.0578010215413154, -0.955903774777425, -0.8591861696818487, -0.7407540541088535, -0.5112257494703287, -0.12883154331002455, 0.3235013049064768, 0.8073686098169974, 1.4372486298502996, 2.149759943191252, -1.0385528233965249, -1.0004392024676645, -0.84670067296986, -0.6926141532115784, -0.4547701455237433, -0.14376256201336282, 0.20186993718377924, 0.804456263616147, 1.3749886647456246, 2.223504344697876, -1.0362242591797124, -0.9447069737952418, -0.8859919363700244, -0.7064377502656964, -0.4498650246846279, -0.2103050800128451, 0.1449396176799339, 0.764205344160739, 1.5102086039363884, 2.192715801690614, -1.0149064062484952, -0.9243946218557273, -0.8381320647809811, -0.7209072973824623, -0.5749687328037756, -0.20359956316611044, 0.13688531606859128, 0.6919916196212625, 1.369347791335696, 2.180809117232611, -0.5262058291665056, -0.4823034737190212, -0.45205610094303267, -0.40106361231056453, -0.2709478394124181, -0.14739414610649293, 0.10634125273517481, 0.4570581289140295, 1.0011127554571473, 1.7219862762042988], "bean_num": 0.5, "model_info": {"det_num_x": 10, "det_num_y": 10, "det_y": 0.03, "det_x": 0.03, "size_x": 0.5, "size_y": 0.5, "med_margin": 0.0015}}