{"source": [-898.1300953232468, 13.792479530784393], "intensity": 100, "miu_detector": 0.3, "miu_medium": 1.2, "miu_air": 0.00018, "output": [0.90224272551317, 0.0, 0.0, 0.0, 0.0, 0.0, 0.0, 0.0, 0.0, 0.0, 0.0, 0.0, 0.0, 0.0, 0.0, 0.0, 0.0, 0.0, 0.0, 0.0, 0.0, 0.0, 0.0, 0.0, 0.0, 0.0, 0.0, 0.0, 0.0, 0.0, 0.0, 0.0, 0.0, 0.0, 0.0, 0.0, 0.0, 0.0, 0.0, 0.09775727448683008], "miu_de": 0.5, "input": [1.8180130546655717, 2.178576664976078, 2.049294230956553, 2.1680292000304897, 2.3384936164348558, 2.0485274795785973, 2.3187032782904575, 2.2084439037227472, 2.0891995711715463, 1.6998790867150484, 0.9445584798161891, 1.4667112435665708, 1.4125860563362815, 1.4797573410251355, 1.4033344407221062, 1.4859656953824623, 1.440113628318494, 1.3423596956821768, 1.3609775693203834, 0.9633175708853638, 0.326580911993657, 0.5952202787684533, 0.6428756091131587, 0.7634041614067735, 0.8154260549913207, 0.6935132564278919, 0.7536348296370139, 0.7929663596634907, 0.6816495993302228, 0.33742646449485864, -0.14630051726569274, 0.09768100212308106, 0.2333468771131735, 0.21441956106497884, 0.19087576726929406, 0.17787153676127823, 0.2552467938110939, 0.14132506277366594, 0.14495531909124212, -0.06627197339036076, -0.39592551456712505, -0.32086422639588247, -0.2622173674567134, -0.18262214718894312, -0.1537589639077652, -0.21592461972167826, -0.19993300625624563, -0.19702897313776033, -0.2204065159663644, -0.4292420348055702, -0.7065791182840109, -0.5770844015657901, -0.464342535410865, -0.5176420344052419, -0.4557842868508587, -0.4707650424831366, -0.4495815575446897, -0.4185440146228117, -0.5484724671982134, -0.5751687162998796, -0.757018015887014, -0.73169412131749, -0.7215057468162253, -0.6562081696713514, -0.6671261158910006, -0.6286014787745936, -0.6647783252665498, -0.6453262928778308, -0.6880424354533705, -0.7847871239602208, -0.8978642548301947, -0.8166249077892402, -0.8212686016440774, -0.7523374354199627, -0.786704474106733, -0.783597995445586, -0.7738671747052263, -0.7978027288697892, -0.848200028338875, -0.8491191842059654, -0.9947034654696867, -0.9154680299356083, -0.9283482504578269, -0.8648394413957028, -0.8538806413997909, -0.8964922521844622, -0.8916288298997211, -0.922690433359707, -0.9379114899046194, -0.8965460446454849, -1.0360472804999263, -1.024099195051289, -0.9872801889208189, -0.981930118308918, -0.9561134923755762, -0.9740475706739747, -0.978222287676219, -1.0182394049357355, -0.97805709033354, -0.9917811000062473], "bean_num": 0.5, "model_info": {"det_num_x": 10, "det_num_y": 10, "det_y": 0.03, "det_x": 0.03, "size_x": 0.5, "size_y": 0.5, "med_margin": 0.0015}}