{"source": [-366.0644854505499, 824.2590753154409], "intensity": 100, "miu_detector": 0.3, "miu_medium": 1.2, "miu_air": 0.00018, "output": [0.0, 0.0, 0.0, 0.0, 0.0, 0.0, 0.0, 0.0, 0.0, 0.0, 0.0, 0.0, 0.0, 0.0, 0.0, 0.0, 0.0, 0.0, 0.0, 0.0, 0.0, 0.0, 0.0, 0.0, 0.0, 0.0, 0.0, 0.0, 0.0, 0.0, 0.0, 0.0, 0.3392614042621212, 0.6607385957378789, 0.0, 0.0, 0.0, 0.0, 0.0, 0.0], "miu_de": 0.5, "input": [0.8301962795372211, 1.0433989866853592, 1.0047531342990441, 1.0438400179933365, 1.0227777118244217, 1.149590636757157, 1.1558739951035115, 1.1497148653787552, 1.3147859582500876, 1.6566831392940378, -0.30623080231241656, -0.23289868298060318, -0.12095001936218387, -0.04951309633263619, -0.10614421858486689, -0.026026909419031387, 0.07934636877299563, 0.46693528428639025, 1.1779461030901437, 1.925803080580672, -0.8731545257616943, -0.7613028556086968, -0.6987307855724687, -0.7080589995831381, -0.5402389550384725, -0.35597283887168996, -0.07560270836047596, 0.43047928090890264, 1.143168363262233, 1.9240403125741776, -1.0568111386899994, -0.9913804986585809, -0.9354575619316875, -0.806036347971361, -0.6786025252328904, -0.376544909999558, -0.010865007988416319, 0.47665898926752104, 1.1748594548220839, 1.929687665739619, -1.1395886444033174, -1.0496291335553463, -0.9238729469090425, -0.8268517704476096, -0.7084319088749716, -0.46010872948331794, -0.05443952498262491, 0.4577734900123663, 1.2656693814096989, 2.080703562597168, -1.153952692922107, -1.0723715818098953, -0.9805312652914339, -0.9015232701753796, -0.6994657912327696, -0.4300716659746415, 0.0015420582142127793, 0.50464305741056, 1.2733009730912819, 1.9952129240085756, -1.1932133360067396, -1.0939843907572597, -1.0148890095499363, -0.8709861757746387, -0.6934771737635257, -0.41673094863292415, -0.06232408954200027, 0.5232602174689275, 1.1222685022130305, 1.9651549971785278, -1.162689264281064, -1.11781635502362, -1.000742041448118, -0.9361789925403319, -0.7156215933214963, -0.4590982986771651, -0.06116909226192554, 0.4691487268124946, 1.3341079850088153, 2.009166243524848, -1.2000152288941441, -1.150612192447362, -1.0404022077921453, -0.9285363878715912, -0.7824911950277867, -0.4751021662604969, -0.1965716206659963, 0.4134463012379861, 1.0326125930739138, 1.9164841686508904, -1.2193279944040338, -1.1718569032974653, -1.1129130143855894, -1.010822912470492, -0.9073469123597928, -0.6519139914916614, -0.3293076043468664, 0.15925710640508434, 0.8443448283387305, 1.6188666625347243], "bean_num": 0.5, "model_info": {"det_num_x": 10, "det_num_y": 10, "det_y": 0.03, "det_x": 0.03, "size_x": 0.5, "size_y": 0.5, "med_margin": 0.0015}}