{"source": [-900.9477184266796, 61.065435751656175], "intensity": 100, "miu_detector": 0.3, "miu_medium": 1.2, "miu_air": 0.00018, "output": [0.5691637242263261, 0.0, 0.0, 0.0, 0.0, 0.0, 0.0, 0.0, 0.0, 0.0, 0.0, 0.0, 0.0, 0.0, 0.0, 0.0, 0.0, 0.0, 0.0, 0.0, 0.0, 0.0, 0.0, 0.0, 0.0, 0.0, 0.0, 0.0, 0.0, 0.0, 0.0, 0.0, 0.0, 0.0, 0.0, 0.0, 0.0, 0.0, 0.0, 0.4308362757736739], "miu_de": 0.5, "input": [1.5576133701241357, 1.8538532771082876, 1.8588378828405643, 1.9770581588867397, 1.9495185606053262, 1.9768432357512573, 1.962063267088291, 1.8169295160530756, 1.8296130462386166, 1.5834008220879194, 0.7174150178844482, 1.135046132673242, 1.124469859828107, 1.1827942637371167, 1.1988735674817395, 1.1476318594995616, 1.1368249195958064, 1.1264787066186566, 1.0840160441569373, 1.3496315923779942, 0.028575960453961588, 0.3178508177013115, 0.4068971485855242, 0.43578356135291374, 0.3858484440527618, 0.29005124253120645, 0.41009502660231384, 0.43718746096194006, 0.4574900795742965, 1.3194831653532866, -0.38889834132686496, -0.23445164628876647, -0.11879695957780888, -0.07949613751812123, -0.1408850673373673, -0.1648499775917726, -0.11400219926569174, -0.09839525155874722, 0.24492227816113246, 1.2205442465586733, -0.6831149904436747, -0.5113949382006302, -0.5054517004219743, -0.5819219323111249, -0.47916948578496316, -0.44894446522141596, -0.5075903172022802, -0.39789060208742116, 0.16733631109820263, 1.2383725165169546, -0.9031469142139626, -0.7847159184844867, -0.7946986998080662, -0.7671562697032918, -0.7441196914576987, -0.7076184235232508, -0.6759581599879168, -0.5036029103839913, 0.0659648691190394, 1.2576291514612146, -1.049131605242227, -0.9444309738522342, -0.9525276776429771, -0.8729499473022297, -0.9114481585091191, -0.8931705627618292, -0.808624701489846, -0.5438565891770433, 0.16758434984360407, 1.27768166273549, -1.1319712825974753, -1.0810826190552576, -1.0842287478511519, -1.0283910032838997, -1.021079267393317, -1.001120996215244, -0.8651672709518202, -0.5057176672880069, 0.12243452553254013, 1.238858376710145, -1.1899401050768514, -1.1616586873280472, -1.1391270234695599, -1.119699660229189, -1.1093958306576026, -1.0723560477720997, -0.911054460614455, -0.6147832129720561, 0.025409487797514434, 1.2666392961607897, -1.2412602540165532, -1.2019089201883797, -1.2078327966749363, -1.1940925731198913, -1.168085785061502, -1.1208602376195362, -0.9898925620038587, -0.7092149434227705, -0.17143481522661744, 1.0022149062662387], "bean_num": 0.5, "model_info": {"det_num_x": 10, "det_num_y": 10, "det_y": 0.03, "det_x": 0.03, "size_x": 0.5, "size_y": 0.5, "med_margin": 0.0015}}