{"source": [-41.536816537914234, 902.0870376438711], "intensity": 100, "miu_detector": 0.3, "miu_medium": 1.2, "miu_air": 0.00018, "output": [0.0, 0.0, 0.0, 0.0, 0.0, 0.0, 0.0, 0.0, 0.0, 0.0, 0.0, 0.0, 0.0, 0.0, 0.0, 0.0, 0.0, 0.0, 0.0, 0.0, 0.0, 0.0, 0.0, 0.0, 0.0, 0.0, 0.0, 0.0, 0.0, 0.0, 0.7070737813992332, 0.2929262186007668, 0.0, 0.0, 0.0, 0.0, 0.0, 0.0, 0.0, 0.0], "miu_de": 0.5, "input": [1.718226019503774, 2.011951310803685, 2.043511848947907, 2.078226117960171, 1.9969596088600359, 2.121538631972749, 2.0134861645743243, 1.991821637032676, 1.9315765748283167, 1.6683067634598314, 0.8963452074800631, 1.2098866673062918, 1.2790849213775468, 1.3388445849883779, 1.3540491936257064, 1.3501833515073667, 1.2135545530412708, 1.218295100909195, 1.1234584237239351, 1.2200044904762757, 0.12363732572638234, 0.4674131615584718, 0.4948960095767268, 0.5802642472242749, 0.5241016708415123, 0.537740354719308, 0.4859436808401861, 0.5416236738752859, 0.48488332384408395, 1.018661027917359, -0.29542308047506594, -0.07240340423177691, -0.04738872594889201, 0.009360846194515096, -0.017114713005748745, 0.0004990550244442573, -0.007762470321386894, 0.01161360438342582, 0.09759707664818597, 0.9745735848125431, -0.6217456351102311, -0.44352764346811485, -0.3449617911374358, -0.3611978999881169, -0.32969799145848416, -0.3426332511253871, -0.40037274823241153, -0.32740906417554383, -0.1421547219928779, 0.8586727796334932, -0.8267526002433656, -0.6932622225338115, -0.6857670095981334, -0.6804863333191584, -0.6403320177063352, -0.6519497693616121, -0.6475811516834485, -0.5919286043717482, -0.25304203173193235, 0.9209846856643589, -0.9672998437855205, -0.8941719757486166, -0.8696829473208872, -0.8546461828759084, -0.8489144230881462, -0.8295898421463987, -0.850214356505566, -0.7520978021808338, -0.29465923350342726, 0.8467248071615311, -1.0663795057368786, -1.0384885755510678, -0.9917536651187076, -0.9613413082676528, -0.9694071193169572, -0.9652406500925055, -0.9139788133314867, -0.8154669335259562, -0.3382817540598253, 0.8022974176043653, -1.1488033895190832, -1.1192215097323526, -1.0687508896965892, -1.070372748284249, -1.0736695590225955, -1.0515637140641585, -0.9834200897296759, -0.8753487704316054, -0.3731651565428306, 0.8527331720902812, -1.2054709579734575, -1.1795475982423949, -1.1628929587126757, -1.1616982334470873, -1.1416288007051458, -1.1237813399342222, -1.0681812579269352, -0.9540788410842208, -0.5626415747168811, 0.5572145254232769], "bean_num": 0.5, "model_info": {"det_num_x": 10, "det_num_y": 10, "det_y": 0.03, "det_x": 0.03, "size_x": 0.5, "size_y": 0.5, "med_margin": 0.0015}}