{"source": [-908.0716343728703, -110.35931046650138], "intensity": 100, "miu_detector": 0.3, "miu_medium": 1.2, "miu_air": 0.00018, "output": [0.23008214588085227, 0.7699178541191477, 0.0, 0.0, 0.0, 0.0, 0.0, 0.0, 0.0, 0.0, 0.0, 0.0, 0.0, 0.0, 0.0, 0.0, 0.0, 0.0, 0.0, 0.0, 0.0, 0.0, 0.0, 0.0, 0.0, 0.0, 0.0, 0.0, 0.0, 0.0, 0.0, 0.0, 0.0, 0.0, 0.0, 0.0, 0.0, 0.0, 0.0, 0.0], "miu_de": 0.5, "input": [0.44376409860033694, -0.7141091439171129, -1.0300567816191275, -1.0909635919562342, -1.114807874248547, -1.1182902430755293, -1.1251411343955577, -1.107667630032033, -1.1353938921939215, -1.1903637860783793, 0.46362149590103036, -0.5945738143943462, -0.9105710846286391, -1.0334574392636793, -1.0322182249670202, -1.059816098047038, -1.0735839420472562, -1.052533956933779, -1.0994820228450837, -1.10697036304503, 0.7060700285804963, -0.5680697397092052, -0.891293247553569, -0.9411618473165204, -0.9344181549270456, -0.9621968691689936, -0.956825939865406, -0.9912370573062411, -0.9827788288925791, -1.06559316168992, 0.5957758462348406, -0.5579352003921147, -0.7613861081448766, -0.7826325652748428, -0.7964496670251033, -0.8621870235384727, -0.8206861490344689, -0.8437750960868659, -0.8730620051522325, -0.9103374961786359, 0.5562544606412796, -0.4180737242540154, -0.5708761329632457, -0.57353227185032, -0.6012860215905272, -0.6353309975194135, -0.5973937910365777, -0.606747609853943, -0.6731006277917438, -0.7291334165983083, 0.6867137144154891, -0.22932812471335343, -0.34863962640422297, -0.34730144950962283, -0.26243671504392335, -0.3278424637434771, -0.34670658410612404, -0.3303670986419528, -0.45033217085502586, -0.5279921523530414, 0.7720362196505767, 0.06439008202654788, 0.12998062474501404, -0.03455183143247644, 0.13568533705551408, 0.09895134297943735, 0.03454409643317015, 0.017271315047150303, -0.0930433325068218, -0.24724358252161918, 0.8189784074353424, 0.5107987286847526, 0.5395158992239854, 0.6985154948659378, 0.6603603292526024, 0.6187310156538968, 0.5989149275113568, 0.5473053552979645, 0.5610092521456502, 0.266943168065464, 1.1138434781927031, 1.3382600016800263, 1.3283179101952742, 1.3416387376875016, 1.2814937578839347, 1.2970543255155047, 1.400609026011159, 1.3213202556474253, 1.3059077891193707, 0.9233587246190659, 1.7935636432014233, 1.923816813983224, 1.9845932007693856, 2.2300591185354435, 2.0080609812221084, 2.060733815181148, 2.156100407154889, 2.0908907875543794, 1.9964228594414886, 1.6211100321918954], "bean_num": 0.5, "model_info": {"det_num_x": 10, "det_num_y": 10, "det_y": 0.03, "det_x": 0.03, "size_x": 0.5, "size_y": 0.5, "med_margin": 0.0015}}