{"source": [-64.98390970505372, -915.5254697388394], "intensity": 100, "miu_detector": 0.3, "miu_medium": 1.2, "miu_air": 0.00018, "output": [0.0, 0.0, 0.0, 0.0, 0.0, 0.0, 0.0, 0.0, 0.0, 0.4511155213167425, 0.5488844786832575, 0.0, 0.0, 0.0, 0.0, 0.0, 0.0, 0.0, 0.0, 0.0, 0.0, 0.0, 0.0, 0.0, 0.0, 0.0, 0.0, 0.0, 0.0, 0.0, 0.0, 0.0, 0.0, 0.0, 0.0, 0.0, 0.0, 0.0, 0.0, 0.0], "miu_de": 0.5, "input": [1.6322603631327979, 0.7633259431442461, 0.12842555258628738, -0.2802459495313436, -0.6153280731512315, -0.8293539028666885, -0.9899916739823923, -1.0757528825744045, -1.1482122479818444, -1.2033331762364856, 1.9044084274611077, 1.1415267533720346, 0.43097261346467125, -0.10725826789226707, -0.4953843888357288, -0.7384418504379217, -0.8823332143593854, -1.014713771529405, -1.1194810939315192, -1.1807632068541472, 1.9994248474528484, 1.176426895841391, 0.4948151165070456, -0.060584703872927394, -0.46237260863486596, -0.6944654755947494, -0.862698820092376, -1.0136971987261172, -1.0888594006210628, -1.1671199754478299, 2.041201671400486, 1.2076203780705965, 0.5139459749800217, -0.013059606401996863, -0.3889445815516547, -0.6777265686619501, -0.8542436362559847, -0.9895898461113029, -1.0853376008586777, -1.1553633875227174, 2.080735881680354, 1.2783385419329172, 0.5325110609120994, 0.008488219898523048, -0.41825441833339183, -0.6846893082086233, -0.8411544698948386, -0.9889625009975328, -1.0700195823050986, -1.1458377305839351, 2.0909491430976415, 1.2911185130188982, 0.5709019763869824, -0.028697278066555382, -0.3683515206368247, -0.6578535882008705, -0.8567239445401607, -0.9409120712096943, -1.0304827494635822, -1.1221986644463113, 2.049332567247894, 1.286291768408166, 0.5778331688454713, -0.002925444067938302, -0.3734143305168257, -0.6335933439147818, -0.8152209789025094, -0.9250323232409486, -1.0097379190816387, -1.0947492237080207, 2.024068897579708, 1.253447497560837, 0.5501233561292662, 0.014856285417781155, -0.37779363353972417, -0.5677862251752821, -0.703025844842618, -0.7771346736635505, -0.8385123863312999, -0.9102140303212275, 1.9720995987842982, 1.1744433969935875, 0.5060461755860293, 0.06501202094200613, -0.08363663599076561, -0.23325829650032376, -0.25890453302338795, -0.27432756969084177, -0.3335079905690214, -0.5099680788723003, 1.7228971902444932, 1.2378725152907624, 1.1017320517071671, 1.0316579670698638, 0.983617291982495, 0.9565011439726782, 0.9215942828096773, 0.8739173758729664, 0.863144214298985, 0.6176517582743083], "bean_num": 0.5, "model_info": {"det_num_x": 10, "det_num_y": 10, "det_y": 0.03, "det_x": 0.03, "size_x": 0.5, "size_y": 0.5, "med_margin": 0.0015}}