{"source": [388.3178246897612, -840.9720283523553], "intensity": 100, "miu_detector": 0.3, "miu_medium": 1.2, "miu_air": 0.00018, "output": [0.0, 0.0, 0.0, 0.0, 0.0, 0.0, 0.0, 0.0, 0.0, 0.0, 0.0, 0.0, 0.24610278838723015, 0.7538972116127698, 0.0, 0.0, 0.0, 0.0, 0.0, 0.0, 0.0, 0.0, 0.0, 0.0, 0.0, 0.0, 0.0, 0.0, 0.0, 0.0, 0.0, 0.0, 0.0, 0.0, 0.0, 0.0, 0.0, 0.0, 0.0, 0.0], "miu_de": 0.5, "input": [-1.2080523716805003, -1.185686259450269, -1.1782960321670772, -1.1649448548187407, -1.1401861086432294, -1.1174591702661294, -0.9910258778591844, -0.7716040291335756, -0.2775123674980003, 0.8116392470650765, -1.1665663486495004, -1.1340088639561325, -1.1292545012990953, -1.103875014806329, -1.074259483574208, -1.0376710699010978, -0.9329825587026492, -0.6612557848436742, -0.10344938432025287, 1.0699870217325982, -1.0969986591430052, -1.0709880546378359, -1.0498725840393546, -1.0302134595612196, -1.0011479640891028, -0.9750200740595506, -0.89898393489705, -0.6358261386856118, -0.047381895203322144, 1.1296399546804365, -1.0125836853902823, -0.9396393723944936, -0.9310421727204334, -0.917802025976938, -0.9020724442557311, -0.8795874212417027, -0.7983482495297395, -0.5697680881944084, -0.004483657715319784, 1.1108164048631854, -0.8845242723728642, -0.7769338857392256, -0.7505715812030553, -0.7624304675380064, -0.7397221585029228, -0.7029342592799814, -0.6589380397085611, -0.5015416857520568, 0.05216682928555415, 1.1578170479831769, -0.6897608225843758, -0.5454731789484952, -0.49960984668530384, -0.5007140352522452, -0.4942298579873799, -0.4356511092307447, -0.43514428853908615, -0.37743625384384244, 0.09298819272291767, 1.152856298776126, -0.3846045069777893, -0.17550699258782676, -0.1578134757342856, -0.11779066083328134, -0.11618954263208141, -0.11124476243307256, -0.0712781343682232, -0.03920172132999175, 0.15062866674609546, 1.2198249117869528, 0.07827214917725976, 0.3118541303112838, 0.34430654601586813, 0.4106501148987982, 0.4362612451693976, 0.44373040319591134, 0.47267282261352905, 0.4376780206742117, 0.4855805588787885, 1.290516111863867, 0.7518551599034877, 1.0510302817003856, 1.1348390953635543, 1.156784722031802, 1.190093932207743, 1.2090518061493083, 1.204742087069453, 1.209328155713994, 1.1452033807686912, 1.3832465215871694, 1.5876422117619675, 1.8934501966028063, 1.9396351594104193, 1.9308008164788295, 2.0169247688308274, 2.0117491717719336, 1.9898697288866498, 1.9668005387174188, 1.957006429641141, 1.6791546603308498], "bean_num": 0.5, "model_info": {"det_num_x": 10, "det_num_y": 10, "det_y": 0.03, "det_x": 0.03, "size_x": 0.5, "size_y": 0.5, "med_margin": 0.0015}}