{"source": [-867.9254604577106, 334.5624145067834], "intensity": 100, "miu_detector": 0.3, "miu_medium": 1.2, "miu_air": 0.00018, "output": [0.0, 0.0, 0.0, 0.0, 0.0, 0.0, 0.0, 0.0, 0.0, 0.0, 0.0, 0.0, 0.0, 0.0, 0.0, 0.0, 0.0, 0.0, 0.0, 0.0, 0.0, 0.0, 0.0, 0.0, 0.0, 0.0, 0.0, 0.0, 0.0, 0.0, 0.0, 0.0, 0.0, 0.0, 0.0, 0.0, 0.0, 0.34225975727025665, 0.6577402427297433, 0.0], "miu_de": 0.5, "input": [1.4277414210228672, 1.7002352874111164, 1.7823627637238137, 1.7744750851137225, 1.721331605546774, 1.8279924032146686, 1.8435915148639628, 1.8689267956693527, 1.8005083104531179, 1.6841498432842466, 0.5347650337978035, 0.7997875532122041, 0.8479958821584164, 0.913041872265144, 0.9223880833137534, 0.9037045418424203, 0.9221616326299209, 0.8993965479442398, 1.0311125931457523, 1.6080164808506665, -0.15881013644665906, 0.07156422962215266, 0.1459256529267302, 0.16498248181311262, 0.14692981764777183, 0.20761733621507145, 0.194740950246751, 0.2826258317850397, 0.6772932723806325, 1.6045867880262692, -0.5723881147321427, -0.3912477121255118, -0.33993555057326763, -0.3489301878219579, -0.33628453212835735, -0.2807709813916353, -0.254205798484352, -0.08445134123470734, 0.5767831217079324, 1.5845236074469773, -0.8088126887816584, -0.724356030675558, -0.7114906601129496, -0.6589911931177002, -0.6467047321651656, -0.5789601229647948, -0.4960775338996765, -0.14329428497032629, 0.5222135001173762, 1.561818665954749, -0.9945863923617155, -0.9216827555700128, -0.8745539470674865, -0.8668099124836164, -0.8589011317820865, -0.778854845067997, -0.5998673437111461, -0.17870720497095238, 0.49507885581528116, 1.5666473772275602, -1.1122526457632318, -1.058440151448838, -1.0322905208979718, -1.0038091800819957, -0.9631127724138335, -0.8478771117917884, -0.6212863145514865, -0.20543937021698852, 0.49003544247808417, 1.485597299860829, -1.1608900678362684, -1.1319646520044233, -1.11925992415389, -1.0846285332276344, -1.027796928398433, -0.880919922734578, -0.64771663381431, -0.2722182939871833, 0.45224590578325374, 1.5259398746424009, -1.2096075346031487, -1.1872410200040429, -1.172664835062462, -1.1411138144035873, -1.0596205671113588, -0.9291945163992468, -0.6776983244166472, -0.26559849479473524, 0.42460398445537767, 1.3712462035346367, -1.247630645715072, -1.2418025287990493, -1.2111347609092744, -1.174088167523687, -1.114906414344909, -0.9924481569457113, -0.7893477268251069, -0.4453927594649926, 0.15882463422448692, 1.113558339910848], "bean_num": 0.5, "model_info": {"det_num_x": 10, "det_num_y": 10, "det_y": 0.03, "det_x": 0.03, "size_x": 0.5, "size_y": 0.5, "med_margin": 0.0015}}