{"source": [-928.7569113204215, -178.69987663910874], "intensity": 100, "miu_detector": 0.3, "miu_medium": 1.2, "miu_air": 0.00018, "output": [0.0, 0.7898837332120946, 0.21011626678790543, 0.0, 0.0, 0.0, 0.0, 0.0, 0.0, 0.0, 0.0, 0.0, 0.0, 0.0, 0.0, 0.0, 0.0, 0.0, 0.0, 0.0, 0.0, 0.0, 0.0, 0.0, 0.0, 0.0, 0.0, 0.0, 0.0, 0.0, 0.0, 0.0, 0.0, 0.0, 0.0, 0.0, 0.0, 0.0, 0.0, 0.0], "miu_de": 0.5, "input": [-1.2417509909564997, -1.2425393703127896, -1.213491719631735, -1.189898862285083, -1.1041855787595467, -1.0082767421882028, -0.8162549707681557, -0.4136644580272611, 0.16931148640590965, 1.214793135130656, -1.2163093026350005, -1.1990021533461956, -1.1771223528014443, -1.1396387120388045, -1.0676468433443318, -0.9342643165238829, -0.6859645660411661, -0.275742146151554, 0.39735487499463407, 1.4673534428598245, -1.1553660797777672, -1.1400270315910004, -1.1219158780617884, -1.0876549830202742, -1.0201639068004276, -0.937813357604519, -0.6906535955637036, -0.2950171852133059, 0.4663990298951503, 1.4722697193972514, -1.088249705644402, -1.0469745310431589, -1.035129087993632, -1.014376553315752, -0.9683170433607342, -0.8506447825255795, -0.6221257080812622, -0.18697486576568262, 0.47946395414624693, 1.5565972079391963, -0.9847757169793468, -0.9273188752391845, -0.9119547524952074, -0.8692473052282379, -0.8171574731249145, -0.7707952374893796, -0.5476139307595906, -0.22229089144883338, 0.5012032446008733, 1.591179227999186, -0.8088153170158506, -0.6960236208458876, -0.649047108461571, -0.6493974566220143, -0.6301008720748061, -0.6312822789440736, -0.5128308490217555, -0.15755212873134886, 0.50574881347591, 1.595431618589418, -0.5295886821881337, -0.36025170024940006, -0.3439112272948845, -0.32655003552409084, -0.3450962657049229, -0.2503447100736643, -0.2144554756936692, -0.06829024776764113, 0.5477208035788211, 1.547551716104847, -0.12169809845080394, 0.11437255807080719, 0.1966196007859705, 0.13183140883604927, 0.1835668431148473, 0.17652188136619956, 0.16242766449554918, 0.23675896265348256, 0.5911915058227871, 1.6202465542433162, 0.5524525697545137, 0.8425376993862904, 0.8882323477202709, 0.8433137882761649, 0.9198121484918571, 0.9096025372478745, 0.9359757025590832, 0.8977529925930487, 0.9022875867117258, 1.5864358440427124, 1.421176807546895, 1.6631515048002623, 1.778688008989924, 1.9285371767910393, 1.8245940040098287, 1.8854079772660288, 1.7840325621252078, 1.8553428775797876, 1.6492188814469209, 1.539079366757476], "bean_num": 0.5, "model_info": {"det_num_x": 10, "det_num_y": 10, "det_y": 0.03, "det_x": 0.03, "size_x": 0.5, "size_y": 0.5, "med_margin": 0.0015}}