{"source": [-212.486145754951, -934.0912110315736], "intensity": 100, "miu_detector": 0.3, "miu_medium": 1.2, "miu_air": 0.00018, "output": [0.0, 0.0, 0.0, 0.0, 0.0, 0.0, 0.0, 0.0, 0.4239449213988353, 0.5760550786011648, 0.0, 0.0, 0.0, 0.0, 0.0, 0.0, 0.0, 0.0, 0.0, 0.0, 0.0, 0.0, 0.0, 0.0, 0.0, 0.0, 0.0, 0.0, 0.0, 0.0, 0.0, 0.0, 0.0, 0.0, 0.0, 0.0, 0.0, 0.0, 0.0, 0.0], "miu_de": 0.5, "input": [1.6435091968749886, 1.9485984871364834, 2.0018500078409387, 2.217802225868856, 2.0980776521006868, 2.1089111266712783, 2.163818463628219, 2.143122832281875, 2.0101971292131737, 1.6234244232172184, 1.324136936154269, 1.2194648691049383, 1.2738023976401596, 1.3256570196530721, 1.381040767359086, 1.229247668130951, 1.3586423846810936, 1.3313246258087532, 1.1841551216413801, 0.8601763443065373, 0.9092870929010209, 0.5622516480643018, 0.49534420835268117, 0.6052627426194637, 0.5156834035453975, 0.6514829094372999, 0.5296147973818381, 0.6332030322218104, 0.5787160915642399, 0.22749368108758308, 0.7263921949437514, 0.07478544850105967, 0.0356658435465419, 0.03688844373701109, 0.030069128123391593, 0.04698409784009996, 0.05304737957392753, 0.14619763040027414, 0.030621357742635864, -0.35457417626028626, 0.747185731529049, -0.18736664908698228, -0.3386278295238336, -0.3503028002490165, -0.37741606364269653, -0.3562136766393948, -0.3040482017025292, -0.3281078421144182, -0.4205835059233568, -0.6134156084730482, 0.7027469552882268, -0.39178929992498324, -0.514279785810219, -0.5933529618085261, -0.656858524815188, -0.6389019137507435, -0.6504830915686972, -0.5907709421532374, -0.6705575616264347, -0.8051374916534122, 0.6843233570512053, -0.4623194627452607, -0.7643250945627986, -0.8104874022757199, -0.7901513364723717, -0.8491113325429996, -0.8660971054288172, -0.8402504159832401, -0.8724748222061015, -0.9050143480635666, 0.5148915875205123, -0.4911613894046993, -0.843930027298089, -0.9165336582059779, -0.9408676874437872, -0.955427660834704, -0.9793026019415612, -0.9699598751589533, -0.9466470852369022, -1.0375245992947322, 0.5227635079890111, -0.5257105181600229, -0.9199991604214787, -0.9887919644318652, -1.0263070462571142, -1.0611265122007383, -1.0866535404155029, -1.096468032158694, -1.0613859474645795, -1.1244704856585412, 0.36382530478720193, -0.6552314726848201, -0.965310559017425, -1.113155555696095, -1.116959488442228, -1.1210441974241385, -1.141734815726899, -1.1501899290785835, -1.1532737093101153, -1.179500488687351], "bean_num": 0.5, "model_info": {"det_num_x": 10, "det_num_y": 10, "det_y": 0.03, "det_x": 0.03, "size_x": 0.5, "size_y": 0.5, "med_margin": 0.0015}}