{"source": [309.770089140055, -912.8526512181813], "intensity": 100, "miu_detector": 0.3, "miu_medium": 1.2, "miu_air": 0.00018, "output": [0.0, 0.0, 0.0, 0.0, 0.0, 0.0, 0.0, 0.0, 0.0, 0.0, 0.0, 0.0, 0.9173022263765729, 0.08269777362342713, 0.0, 0.0, 0.0, 0.0, 0.0, 0.0, 0.0, 0.0, 0.0, 0.0, 0.0, 0.0, 0.0, 0.0, 0.0, 0.0, 0.0, 0.0, 0.0, 0.0, 0.0, 0.0, 0.0, 0.0, 0.0, 0.0], "miu_de": 0.5, "input": [1.7539524930278527, 0.9723759375787375, 0.23125484284967254, -0.34085541287684296, -0.6534540360224969, -0.7825171021209788, -0.9430828388263119, -1.0709230631536257, -1.1498584571831463, -1.2006250264585778, 1.967679476502207, 1.1820442213323978, 0.5056156875765481, -0.06164336249938565, -0.47596048119882983, -0.7309513538009169, -0.9013349992706666, -1.0252088599405336, -1.1073236962416186, -1.1364294228854108, 1.9948605231560346, 1.3045980364835432, 0.5164178296203619, 0.0009883428630900507, -0.41482180350536313, -0.6742833836716021, -0.9201487961422868, -0.9921331806653417, -1.0963003350392952, -1.1350266698328464, 2.0508303247002044, 1.3299121694923133, 0.6147119701504374, 0.007980112477839594, -0.44524464406502556, -0.6756655552481788, -0.8904788912991445, -0.9807542345506325, -1.0711524530907193, -1.134579334552857, 2.143201422768451, 1.3299572518033917, 0.61085600901363, 0.06688323122241834, -0.39649385451982877, -0.5936215613228805, -0.7711044794766986, -0.9640669730795647, -1.0456735292992576, -1.1359542027623664, 2.0758507562835358, 1.3117870179421451, 0.5183660840839636, -0.009830654633511349, -0.39520093771178344, -0.6023305189059981, -0.8200648937691579, -1.0009842365024308, -1.0414182609241376, -1.1233062518019612, 2.0062741762856557, 1.2087148578040279, 0.5756062931038446, -0.04809023694571348, -0.3500663819010321, -0.6153806916534728, -0.7786864133881449, -0.8953380673887918, -0.955033199503209, -1.083225616372005, 2.125088897414025, 1.308771613675165, 0.5500356311752435, 0.08232490495193573, -0.3282004121759501, -0.5701934725017422, -0.7005910830252934, -0.8328372485110697, -0.8727546491133019, -0.9325195696328445, 1.9180885210164493, 1.1763729357423278, 0.3687609881906545, 0.059341739380840336, -0.14704182775771515, -0.3314208541776304, -0.4145570495856142, -0.4180209234536749, -0.44647412494611544, -0.5525515117847994, 1.6148688077398023, 1.2080495815399122, 0.9103764588294456, 0.9627936004023483, 0.7851316530263716, 0.8783203208169587, 0.7986058965319901, 0.8283563789869013, 0.7258480572988728, 0.6019360278287882], "bean_num": 0.5, "model_info": {"det_num_x": 10, "det_num_y": 10, "det_y": 0.03, "det_x": 0.03, "size_x": 0.5, "size_y": 0.5, "med_margin": 0.0015}}