{"source": [145.1281912333059, 954.9372904162326], "intensity": 100, "miu_detector": 0.3, "miu_medium": 1.2, "miu_air": 0.00018, "output": [0.0, 0.0, 0.0, 0.0, 0.0, 0.0, 0.0, 0.0, 0.0, 0.0, 0.0, 0.0, 0.0, 0.0, 0.0, 0.0, 0.0, 0.0, 0.0, 0.0, 0.0, 0.0, 0.0, 0.0, 0.0, 0.0, 0.0, 0.0, 0.0, 0.9601662394553251, 0.039833760544674884, 0.0, 0.0, 0.0, 0.0, 0.0, 0.0, 0.0, 0.0, 0.0], "miu_de": 0.5, "input": [-1.0643590799646774, -1.0077629508324597, -0.9267064092345162, -0.7973605505313938, -0.6700527047293219, -0.4701802638263961, -0.16314932301678506, 0.2794753137399585, 0.9294530245427381, 1.7621579432374592, -1.0417942148189518, -0.9900233445503813, -0.8702626836813336, -0.7589288335142952, -0.5570461270135585, -0.3024643904073927, 0.06977631558797003, 0.5706285736476672, 1.24157594474129, 2.0726188250308173, -1.0399339538916312, -0.9566649815163641, -0.8475284451683137, -0.6896547083562505, -0.4634158878956307, -0.16502834521835796, 0.23927519922439539, 0.733714958197186, 1.4879698503524887, 2.0974817454399566, -1.0436285781210142, -0.9727248300389382, -0.84440341016019, -0.6698412665653224, -0.4321007543097849, -0.11555435514741555, 0.23317025494065574, 0.8089586627582235, 1.3977768079631385, 2.1302724209446007, -1.0237656185460682, -0.9111741712654068, -0.8020025707508419, -0.6856152521985925, -0.4882977969582751, -0.17215424114993616, 0.24937713932917097, 0.7446578786182338, 1.529266958903814, 2.210006473373034, -1.0365864031576173, -0.9411953018003357, -0.8186138169473822, -0.6778110997648743, -0.46037037505412953, -0.24610558619874748, 0.2737869419150941, 0.7712584691079233, 1.5566242354222422, 2.077129461923112, -1.031353417865149, -0.9437575241117914, -0.7974574151116576, -0.7081643229690088, -0.47853074450448463, -0.1961279276769661, 0.14924318201200867, 0.7448084460112698, 1.389110493532514, 2.192644435376397, -1.0550284118697977, -0.9673221445740036, -0.8686233032608403, -0.6989479449329895, -0.45797605462840807, -0.2325676560317066, 0.1442552709595203, 0.6441481306105334, 1.528039430300943, 2.154670268668484, -1.0395093228461854, -0.9580032356039679, -0.8672958488236265, -0.7060192810105256, -0.5053167959913195, -0.2726551161991665, 0.17165045696634537, 0.6157659307434112, 1.3501235836922898, 2.2184338040312, -0.6915902590259543, -0.6459334155681757, -0.5519282545129807, -0.5657709173606916, -0.37075404034314374, -0.2555418899412549, 0.007348334034819178, 0.3996920508087365, 1.0070687143502481, 1.8070219400267893], "bean_num": 0.5, "model_info": {"det_num_x": 10, "det_num_y": 10, "det_y": 0.03, "det_x": 0.03, "size_x": 0.5, "size_y": 0.5, "med_margin": 0.0015}}