{"source": [-692.2123247114854, -674.6564788552222], "intensity": 100, "miu_detector": 0.3, "miu_medium": 1.2, "miu_air": 0.00018, "output": [0.0, 0.0, 0.0, 0.0, 0.08176193688547022, 0.9182380631145298, 0.0, 0.0, 0.0, 0.0, 0.0, 0.0, 0.0, 0.0, 0.0, 0.0, 0.0, 0.0, 0.0, 0.0, 0.0, 0.0, 0.0, 0.0, 0.0, 0.0, 0.0, 0.0, 0.0, 0.0, 0.0, 0.0, 0.0, 0.0, 0.0, 0.0, 0.0, 0.0, 0.0, 0.0], "miu_de": 0.5, "input": [1.7107403173315459, 1.8265496542011177, 1.9007371461132971, 1.971843113401963, 1.916946806563649, 1.812638477341269, 1.90030269001278, 1.8466557101693004, 1.7545959321813502, 1.3522744971133676, 1.5055424937611104, 0.9285318375847548, 0.996350810592998, 1.0150731292198203, 1.0034967782569593, 1.0134850262081716, 1.0502330058334701, 0.9505990228991477, 1.0031889836205843, 0.6305379235885737, 1.431556263778169, 0.5669130840011004, 0.3807080137453767, 0.3769379133407196, 0.2698432620907576, 0.3974697172849161, 0.24091193663506452, 0.2761907382945407, 0.2714671935105409, -0.05899675168871651, 1.4176839068610485, 0.44234997481390087, -0.08875707430817095, -0.2063653465948878, -0.20682709456933382, -0.23584022229451523, -0.2707574575901032, -0.27941440065602735, -0.2799856109769682, -0.49208738894968973, 1.429266347415396, 0.2739413490316407, -0.3161764660684443, -0.4692503005451193, -0.5407647667351408, -0.5658273894541425, -0.5938804463143527, -0.5881810442810969, -0.5768608025655062, -0.7446183191363752, 1.4377622343200973, 0.34501517299669676, -0.34223730349103804, -0.7296314859766564, -0.8138901401797093, -0.7908643424374988, -0.7713498878267706, -0.7870770915968757, -0.8716398564465522, -0.9051451881141765, 1.3557589987426248, 0.28203768136483026, -0.36986146248711993, -0.713890769795601, -0.9041443656040561, -0.9661510801796845, -0.964541768883172, -0.9973120259755559, -1.0361027779084349, -1.0574803069552667, 1.3773406191327104, 0.3246049456663927, -0.4672557838942092, -0.7752513889644995, -0.933268244110844, -1.0573079152549976, -1.0753209220285345, -1.1017903852786501, -1.1182863316434484, -1.131619708158155, 1.3927307799352593, 0.186655174435285, -0.41410831839145235, -0.8513748377726268, -0.9740028816844529, -1.108241885329431, -1.1387366418306641, -1.1642276262310824, -1.16972322005204, -1.196333782381802, 1.1099271725271214, -0.00828411126975247, -0.4949819474244665, -0.870929482199832, -1.095778253361793, -1.1454726121549772, -1.1965627445421119, -1.2133705988286096, -1.211526851038005, -1.227728625506236], "bean_num": 0.5, "model_info": {"det_num_x": 10, "det_num_y": 10, "det_y": 0.03, "det_x": 0.03, "size_x": 0.5, "size_y": 0.5, "med_margin": 0.0015}}