{"source": [709.8356775400639, 672.8568164887406], "intensity": 100, "miu_detector": 0.3, "miu_medium": 1.2, "miu_air": 0.00018, "output": [0.0, 0.0, 0.0, 0.0, 0.0, 0.0, 0.0, 0.0, 0.0, 0.0, 0.0, 0.0, 0.0, 0.0, 0.0, 0.0, 0.0, 0.0, 0.0, 0.0, 0.0, 0.0, 0.0, 0.0, 0.17021762944572633, 0.8297823705542737, 0.0, 0.0, 0.0, 0.0, 0.0, 0.0, 0.0, 0.0, 0.0, 0.0, 0.0, 0.0, 0.0, 0.0], "miu_de": 0.5, "input": [1.0247023965345834, 0.004093550969621573, -0.6097037546505404, -0.9378730641666506, -1.0818024258946641, -1.1637238584746805, -1.18826519822949, -1.2042433680560178, -1.2266056929404943, -1.2465516474521552, 1.2729351276946288, 0.2067122072120246, -0.46895523657727733, -0.8286613400660506, -1.0095539365777422, -1.0991103058321319, -1.1202820342192392, -1.1492648326429407, -1.164920739982277, -1.1979932245420468, 1.3738340020975481, 0.27088143664944225, -0.41931889907155906, -0.7864557793030618, -0.9841376946238254, -1.0460938391211692, -1.060071918569795, -1.0907593037200904, -1.0957527889753855, -1.151366600121895, 1.363753251739669, 0.27380183854785545, -0.4366603074025247, -0.7451073124916324, -0.9028381844855353, -0.899975004906528, -0.9813393639316814, -0.9999931492024531, -0.9921031251599056, -1.0519009346740436, 1.386109669804655, 0.2580347558563533, -0.3904038564341902, -0.6910651041466537, -0.7436141767516531, -0.7820181260781703, -0.7835097417336758, -0.8425819042565753, -0.8509363730475422, -0.9394336291284594, 1.4852454034749396, 0.3380199893877892, -0.3305678619053463, -0.4928894975830243, -0.521060983608687, -0.5278462200495465, -0.5796527580935964, -0.6128266527441709, -0.6292611036778822, -0.7261502055679913, 1.508344148237363, 0.39077468105413354, -0.08880453988624668, -0.19936931607769495, -0.19073824526193703, -0.20574741772934496, -0.2764826145229071, -0.22481288469076743, -0.2604576111071219, -0.4370573936332729, 1.4495881180085393, 0.5110124884842617, 0.3617443643453993, 0.32967242242233924, 0.3230147987506612, 0.3223704628377323, 0.27961583365320264, 0.23294069615551816, 0.28584904167376274, 0.024580839580903176, 1.3931303787491474, 1.022200350026166, 0.9983080518369182, 1.1283949348940783, 0.9762846718861693, 1.1039926139135814, 1.0423908873590038, 1.0357966496651818, 1.0105123155510733, 0.7016683946176819, 1.67866034686749, 1.763749935500478, 1.8489030816554661, 1.8966342595671426, 1.8742613327646536, 1.8529038953634536, 1.8270881742026843, 1.8204870374672835, 1.879800056185183, 1.535874190536162], "bean_num": 0.5, "model_info": {"det_num_x": 10, "det_num_y": 10, "det_y": 0.03, "det_x": 0.03, "size_x": 0.5, "size_y": 0.5, "med_margin": 0.0015}}