{"source": [979.5206440206716, 8.382101350907682], "intensity": 100, "miu_detector": 0.3, "miu_medium": 1.2, "miu_air": 0.00018, "output": [0.0, 0.0, 0.0, 0.0, 0.0, 0.0, 0.0, 0.0, 0.0, 0.0, 0.0, 0.0, 0.0, 0.0, 0.0, 0.0, 0.0, 0.0, 0.0, 0.0, 0.9455235452313123, 0.05447645476868768, 0.0, 0.0, 0.0, 0.0, 0.0, 0.0, 0.0, 0.0, 0.0, 0.0, 0.0, 0.0, 0.0, 0.0, 0.0, 0.0, 0.0, 0.0], "miu_de": 0.5, "input": [-1.0389503008949885, -0.9832936562623344, -0.8982830222651733, -0.7982125888489381, -0.6437063357150851, -0.42806952655453, -0.1033816506041117, 0.3511315028194581, 0.9988537134902397, 1.7876172204259617, -1.0053772732569013, -0.9318267866458143, -0.8361029631277132, -0.7124132619660988, -0.5019025755708192, -0.2636805092711711, 0.11872470004884715, 0.6448028339811833, 1.331460518243624, 2.176595907733845, -0.9832754739250035, -0.9161124216285972, -0.8182484534409922, -0.6695922104559018, -0.46577389594281865, -0.18928730923099718, 0.18217308217656844, 0.7337735129655286, 1.4131370802697256, 2.2144719940034903, -0.9886345211696232, -0.873105576677423, -0.7645515367857425, -0.6545465515485541, -0.44955441356831155, -0.12339552240961925, 0.2210490933989098, 0.7502380445078063, 1.4376336095927684, 2.1891737820216437, -0.9765796654257924, -0.8708232782830265, -0.7640703808130007, -0.626936678088485, -0.41100740380750433, -0.15335465841966728, 0.2058735519257034, 0.7538949307100543, 1.4152201462693323, 2.2147579404441826, -0.9595311893364471, -0.8815802451742245, -0.7835143038325681, -0.6409386298787073, -0.4879130797950405, -0.163280432080356, 0.2388812694218007, 0.7353568731246601, 1.4293044027085602, 2.1784030675295876, -0.9736882352441202, -0.8932284562028263, -0.7911628763458226, -0.6426968030830574, -0.47200180251493606, -0.19693529133664647, 0.17157274961914648, 0.7075050930466072, 1.4033989157332594, 2.2645861314834557, -0.9861505057865393, -0.8926706830174009, -0.8116895363295731, -0.6462463925661935, -0.46941381256268355, -0.2197991972521996, 0.14903830258944425, 0.6667218920154108, 1.4543763481917713, 2.1489342533897076, -1.001311450822516, -0.9031562880688134, -0.8160644250387327, -0.7188947899588071, -0.5178939572509572, -0.30514659400628463, 0.09356247807726609, 0.605763515630807, 1.3496964638976274, 2.107447913292977, -1.0282663847092341, -0.9650292866993019, -0.8952312684465529, -0.8016433856709488, -0.6439091694159188, -0.4626422019488882, -0.10627687314054171, 0.2946631125729933, 0.9702674764724211, 1.8118945262952033], "bean_num": 0.5, "model_info": {"det_num_x": 10, "det_num_y": 10, "det_y": 0.03, "det_x": 0.03, "size_x": 0.5, "size_y": 0.5, "med_margin": 0.0015}}