{"source": [797.7213608383463, 569.7869174995529], "intensity": 100, "miu_detector": 0.3, "miu_medium": 1.2, "miu_air": 0.00018, "output": [0.0, 0.0, 0.0, 0.0, 0.0, 0.0, 0.0, 0.0, 0.0, 0.0, 0.0, 0.0, 0.0, 0.0, 0.0, 0.0, 0.0, 0.0, 0.0, 0.0, 0.0, 0.0, 0.0, 0.051443404176657076, 0.948556595823343, 0.0, 0.0, 0.0, 0.0, 0.0, 0.0, 0.0, 0.0, 0.0, 0.0, 0.0, 0.0, 0.0, 0.0, 0.0], "miu_de": 0.5, "input": [-1.2381433346535635, -1.2216204363201808, -1.2119713149387341, -1.1975999182010522, -1.1279675407000507, -1.039824085502585, -0.8504699961571758, -0.45319456509972345, 0.15034479154307695, 1.1424891585893155, -1.223546620973068, -1.1759124649804291, -1.158709139247103, -1.11987229504293, -1.1078245501699941, -0.9509457037497907, -0.7719665286146459, -0.3162609424907697, 0.3764084564595193, 1.401951980472156, -1.2044608995789587, -1.1346074294476183, -1.1122465827108616, -1.0809037652374396, -1.0073544794210858, -0.9506192050040133, -0.7338804396180775, -0.35783469422062614, 0.30067855470200655, 1.463714964994834, -1.1051318146504896, -1.0167190050175532, -1.0031599623445064, -0.9401552465165977, -0.9395762061510434, -0.8827060290981036, -0.7094337739485891, -0.260410907021124, 0.4637929547368222, 1.558645961975282, -0.9388995125041315, -0.8478473541820802, -0.8587360796967506, -0.8343513750902237, -0.7834541427394037, -0.7729944864735749, -0.6910352789045325, -0.24012782177555486, 0.3915210251390751, 1.458212300267319, -0.8143041368087659, -0.6672455881322139, -0.6170416896716792, -0.6508484992977689, -0.562214258029751, -0.5810614719316224, -0.46664247689950905, -0.26368322077401757, 0.41690763265644026, 1.419839945970562, -0.5015624652419296, -0.3572598275777041, -0.28999819674792077, -0.3479781859602879, -0.26617409772810285, -0.2319351653456755, -0.21184052217860078, -0.15368185294985107, 0.43109168265727815, 1.4363916172791342, -0.13716759580915946, 0.0979200888702546, 0.14129020767085043, 0.22756094789255804, 0.21605224734418887, 0.276788333611798, 0.23026195304365296, 0.31149151896285576, 0.5978247163341959, 1.4710488716737433, 0.6287314591652916, 0.9627510580046389, 1.0165313998535686, 1.0008754338083043, 0.9268933317366631, 0.9688066807204617, 1.0249920354752693, 0.994794789294554, 0.9023588705504776, 1.5031181655259354, 1.4756143344722115, 1.7960089930709504, 1.7823021654220903, 1.9274297999230272, 1.9091371967079005, 1.85084011519367, 1.798944151146075, 1.837304615213161, 1.74274910032231, 1.660701570825813], "bean_num": 0.5, "model_info": {"det_num_x": 10, "det_num_y": 10, "det_y": 0.03, "det_x": 0.03, "size_x": 0.5, "size_y": 0.5, "med_margin": 0.0015}}