{"source": [-903.0349174975795, 388.7590058752522], "intensity": 100, "miu_detector": 0.3, "miu_medium": 1.2, "miu_air": 0.00018, "output": [0.0, 0.0, 0.0, 0.0, 0.0, 0.0, 0.0, 0.0, 0.0, 0.0, 0.0, 0.0, 0.0, 0.0, 0.0, 0.0, 0.0, 0.0, 0.0, 0.0, 0.0, 0.0, 0.0, 0.0, 0.0, 0.0, 0.0, 0.0, 0.0, 0.0, 0.0, 0.0, 0.0, 0.0, 0.0, 0.0, 0.0, 0.5880011465325766, 0.41199885346742343, 0.0], "miu_de": 0.5, "input": [1.784223444416599, 2.1214337051297294, 2.2056812023314545, 2.1362723142287017, 2.1415849876994413, 2.1698780945359837, 2.206147432571438, 2.1622341076062233, 2.0673527017227262, 1.7271050750027457, 0.9415641082092537, 1.371123330260081, 1.4614480417337172, 1.4457704091768138, 1.5057775657358654, 1.4191503019324136, 1.4527329333343444, 1.403761917659247, 1.1871374116878985, 0.9993209386817844, 0.466464606165332, 0.6244924527875365, 0.790959388808474, 0.7810925862700713, 0.7077767074079296, 0.7484392596606694, 0.7091598468135694, 0.7356329433402219, 0.6066307796582104, 0.35810911189774824, 0.039371463588526695, 0.14342815673187664, 0.2025795440016461, 0.14456203259993158, 0.22178260734340852, 0.2856387754184242, 0.17133173822071363, 0.1304954726914236, 0.07717704417163411, -0.1421678428660677, -0.0979606051898125, -0.22512990259540266, -0.21943486589839828, -0.26591470448830734, -0.19446379400313876, -0.23025421319483955, -0.2616614659905923, -0.22433724500472013, -0.26544295301723875, -0.4510810649859367, -0.1866386876653034, -0.5474941306674432, -0.49244468587208573, -0.5127305890554993, -0.5152015674343468, -0.48755414938982744, -0.5347636062383863, -0.5423863436522428, -0.5355789371024972, -0.6627981150070728, -0.25323842034863686, -0.7085599622781896, -0.6978278983035769, -0.7137899276077159, -0.7140535361227904, -0.7294404116127562, -0.747994395272477, -0.742630010383873, -0.7741292972179051, -0.8657549828247528, -0.3646517315191186, -0.8804128944054633, -0.8760098566308847, -0.8375037327038534, -0.841010495611804, -0.8684531669516041, -0.8578866740131619, -0.8813371846926888, -0.8921996770479831, -0.9681919671572897, -0.3791432396237601, -0.9232074387633475, -0.9459883377005867, -0.9432684490197762, -0.9635675927616036, -0.9559757194515912, -0.9698567848201441, -1.0069873313839135, -0.9811100449484262, -1.031837325857978, -0.44237184785618755, -1.0102442020756284, -1.0350111899018744, -1.0405414294378297, -1.0412816348994587, -1.053728714987554, -1.0685827100910574, -1.0702109871764642, -1.0676095911073231, -1.1137842773435798], "bean_num": 0.5, "model_info": {"det_num_x": 10, "det_num_y": 10, "det_y": 0.03, "det_x": 0.03, "size_x": 0.5, "size_y": 0.5, "med_margin": 0.0015}}