{"source": [-179.6912065516672, 969.8632895742687], "intensity": 100, "miu_detector": 0.3, "miu_medium": 1.2, "miu_air": 0.00018, "output": [0.0, 0.0, 0.0, 0.0, 0.0, 0.0, 0.0, 0.0, 0.0, 0.0, 0.0, 0.0, 0.0, 0.0, 0.0, 0.0, 0.0, 0.0, 0.0, 0.0, 0.0, 0.0, 0.0, 0.0, 0.0, 0.0, 0.0, 0.0, 0.0, 0.0, 0.0, 0.8337288809428268, 0.1662711190571732, 0.0, 0.0, 0.0, 0.0, 0.0, 0.0, 0.0], "miu_de": 0.5, "input": [-0.2635491366649376, -0.17050597712453813, -0.1424926808199339, -0.07377284015674043, -0.06363764206306723, 0.014253956431545938, 0.24711137068889033, 0.5516664853083422, 1.052739337249746, 1.6264943860264294, -1.0094177641592352, -0.9099714179472196, -0.8234761357164574, -0.7394419230405219, -0.5483597612269111, -0.2243807290092594, 0.14193533390131108, 0.6607932136247522, 1.3667287953100384, 2.167620213447619, -1.0268749173649392, -0.9379883164608122, -0.8484605068957329, -0.7033145174006462, -0.5516613427459416, -0.2452251971296385, 0.16566413671024408, 0.7521822382800265, 1.4160632242746989, 2.2529932968776323, -1.07110757431753, -0.9786723346653754, -0.8684957461031516, -0.7807704701048874, -0.5932291082352602, -0.20998284403739015, 0.23470625263406378, 0.7100303580280731, 1.5252608711643403, 2.042629058906639, -1.0862765870726667, -0.9799500715199195, -0.8881733541852693, -0.7275049398023681, -0.5020846661229815, -0.27753366274366403, 0.14399980288779474, 0.7938292749860119, 1.4445325097568955, 2.0640263222361637, -1.056976484312912, -0.9868193323418758, -0.8715003628761676, -0.7094532801761889, -0.5093960661590815, -0.236982433332955, 0.18280675163801438, 0.7613585849234474, 1.3831403092804444, 2.1950566523335415, -1.0613100956680153, -0.9777218282388419, -0.8924098060595701, -0.7459262014452167, -0.5486754789192646, -0.29533021452460484, 0.2522138307759083, 0.6615463250814843, 1.404683785988512, 2.1811986237043426, -1.0923345802147735, -0.9809944333977098, -0.9228517889960697, -0.7516357070413978, -0.5531396191020815, -0.26670992631839424, 0.2566717696544242, 0.717632926014516, 1.373441573010318, 2.0186222207021083, -1.0850579935807576, -1.0184167835897462, -0.910381643672441, -0.7941649201478175, -0.6158220397759374, -0.3296296545697571, 0.09917486554405444, 0.5644269073782342, 1.3977898050647488, 2.0915761038396545, -1.1087469169582727, -1.0569778818393336, -1.015519392239062, -0.8828815478986745, -0.7245208706237067, -0.45631303118636796, -0.2050962953266704, 0.26253122241323595, 0.9779001624031184, 1.7529759168892858], "bean_num": 0.5, "model_info": {"det_num_x": 10, "det_num_y": 10, "det_y": 0.03, "det_x": 0.03, "size_x": 0.5, "size_y": 0.5, "med_margin": 0.0015}}