{"source": [-137.5531687463248, 98.14408843233389], "intensity": 100, "miu_detector": 0.3, "miu_medium": 1.2, "miu_air": 0.00018, "output": [0.0, 0.0, 0.0, 0.0, 0.0, 0.0, 0.0, 0.0, 0.0, 0.0, 0.0, 0.0, 0.0, 0.0, 0.0, 0.0, 0.0, 0.0, 0.0, 0.0, 0.0, 0.0, 0.0, 0.0, 0.0, 0.0, 0.0, 0.0, 0.0, 0.0, 0.0, 0.0, 0.0, 0.0, 0.0, 0.0, 0.9453145021105244, 0.05468549788947562, 0.0, 0.0], "miu_de": 0.5, "input": [-1.185790026034586, -1.1748184499048226, -1.1597102492968354, -1.1583873726055718, -1.1570281897201147, -1.1214985520516336, -1.0711230475383196, -0.9124789949578914, -0.47171005150470185, 0.633492152512247, -1.1315680874616914, -1.091574986846656, -1.112056087995515, -1.081952094898279, -1.06675613811312, -1.0377802929646878, -1.0000943572368992, -0.8201873302065841, -0.309238141722489, 0.8452988394183407, -1.0707208487377669, -1.0179874903426152, -0.9854763369811471, -0.984818221050889, -0.980864114226975, -0.9635149375018991, -0.9212221499649256, -0.7805274545749348, -0.27237329432049723, 0.8941754766785059, -0.9845647573848468, -0.9061064885762532, -0.860492740081743, -0.8771723930056647, -0.8583830280952586, -0.8300454506816536, -0.8048896716684976, -0.7199252124528424, -0.2596284423783493, 0.8876931015197765, -0.8328487464864598, -0.729821929822582, -0.6950907641048847, -0.664453082215691, -0.6676761240745037, -0.6477366147944257, -0.656413257069969, -0.604502926088595, -0.18566918525095186, 0.9359922629950541, -0.6566137248869102, -0.484868585309167, -0.44320900843515887, -0.41395737696280693, -0.3780172304647383, -0.402361586332323, -0.42290267917904406, -0.36737009929757186, -0.11043040806415022, 0.9537980521315415, -0.32130808795904414, -0.07865404415185498, -0.056351512556232004, -0.04385796286922109, -0.04518209900594774, 0.0048915787107511165, -0.02859104846447476, -0.02229032099678114, 0.08846682380321051, 1.0113858892058323, 0.17760492105035047, 0.4314433134120238, 0.47937622716287986, 0.4922157510921145, 0.4772307757302843, 0.5337975349855203, 0.5000487099632303, 0.57885350209631, 0.5288869476672234, 1.0905599133858206, 0.7964894156269178, 1.20795741770708, 1.2751060162665562, 1.2771815200145886, 1.2649610061056196, 1.2410509679111028, 1.2189362668465233, 1.2971598067168426, 1.180653377677951, 1.3344519763169997, 1.6206784817596624, 1.9424678246506024, 2.008146856501628, 1.98797140864931, 2.079918766652539, 2.0786515669272045, 2.085488950251806, 2.051837137932539, 1.8997761927725278, 1.70854715712164], "bean_num": 0.5, "model_info": {"det_num_x": 10, "det_num_y": 10, "det_y": 0.03, "det_x": 0.03, "size_x": 0.5, "size_y": 0.5, "med_margin": 0.0015}}