{"source": [30.10146850049032, 240.48482552104338], "intensity": 100, "miu_detector": 0.3, "miu_medium": 1.2, "miu_air": 0.00018, "output": [0.0, 0.0, 0.0, 0.0, 0.0, 0.0, 0.0, 0.0, 0.0, 0.0, 0.0, 0.0, 0.0, 0.0, 0.0, 0.0, 0.0, 0.0, 0.0, 0.0, 0.0, 0.0, 0.0, 0.0, 0.0, 0.0, 0.0, 0.0, 0.0, 0.7927336185092673, 0.2072663814907327, 0.0, 0.0, 0.0, 0.0, 0.0, 0.0, 0.0, 0.0, 0.0], "miu_de": 0.5, "input": [-1.2206960655544963, -1.206589875701921, -1.1964151365437794, -1.1726111335901885, -1.1704349477343885, -1.133311253971597, -1.045336546589515, -0.7557307254551365, -0.2875567700710978, 0.796145017393991, -1.1687783072329985, -1.1254673330457614, -1.1138088222700377, -1.0921971285357277, -1.0897416726930655, -1.0498579703014348, -0.9945012029029711, -0.6753663516833416, -0.10287757634170552, 1.191266038400842, -1.1215963530670368, -1.0537104361492262, -1.032384856446592, -1.0433801924284032, -1.0066746923722847, -0.9648647552604004, -0.9093255757773869, -0.6516875180243256, -0.0800483660069857, 1.128643067006092, -1.020934526027391, -0.9267761713911438, -0.9088077786871428, -0.8899520415383796, -0.895789284211419, -0.867724072671281, -0.80215444789094, -0.6211499277804278, -0.142095306296683, 1.0439013153830827, -0.8770593349013868, -0.7953966275504443, -0.7448554700015072, -0.7211432781441954, -0.7525840439100051, -0.7008155862214349, -0.6628734725935957, -0.5061364916315747, 0.03732415204381842, 1.1369956042211427, -0.6473006831449067, -0.54270622575367, -0.5210363087694383, -0.46398193440812097, -0.4941178496880736, -0.42119210751870934, -0.414852215185749, -0.35332342879631073, 0.038627379764048266, 1.1481678653684648, -0.40016197629134387, -0.11846839168872704, -0.04210319787144139, -0.13756888275778478, -0.07470772614107227, -0.12446044091768672, -0.10234343418425298, -0.0468051736862565, 0.19355867334482726, 1.2594599969614204, 0.10180766178931318, 0.31505490186738194, 0.40427732556778073, 0.39323589494464506, 0.4573287079251505, 0.4622790712251172, 0.4129397443298642, 0.4732097332786409, 0.503605649068637, 1.2441601146731598, 0.8636407888816408, 1.145704212358446, 1.2727272128720535, 1.1610909163691558, 1.261505070225395, 1.279959204213561, 1.2033683416992946, 1.2078433024790882, 1.147727301134957, 1.265926989068319, 1.6067567953517983, 1.8307809562907564, 1.9035803337863733, 1.874579095333052, 2.1100109922233217, 2.0303909365095247, 1.9429901462966674, 1.8843994640049617, 1.8539785171895515, 1.6173809131589543], "bean_num": 0.5, "model_info": {"det_num_x": 10, "det_num_y": 10, "det_y": 0.03, "det_x": 0.03, "size_x": 0.5, "size_y": 0.5, "med_margin": 0.0015}}