{"source": [-227.43314901529487, -161.95961685989502], "intensity": 100, "miu_detector": 0.3, "miu_medium": 1.2, "miu_air": 0.00018, "output": [0.0, 0.0, 0.0, 0.06050939487325547, 0.9394906051267445, 0.0, 0.0, 0.0, 0.0, 0.0, 0.0, 0.0, 0.0, 0.0, 0.0, 0.0, 0.0, 0.0, 0.0, 0.0, 0.0, 0.0, 0.0, 0.0, 0.0, 0.0, 0.0, 0.0, 0.0, 0.0, 0.0, 0.0, 0.0, 0.0, 0.0, 0.0, 0.0, 0.0, 0.0, 0.0], "miu_de": 0.5, "input": [1.6381089706213958, 1.9150902648897543, 1.8701339064032496, 2.083463525486484, 1.9516831606948204, 1.910640316185566, 1.9606378757664276, 1.9503275435027312, 1.9057791151361634, 1.5368008719830581, 1.2859052597395193, 1.1910839217711, 1.1829509783248824, 1.18548987786356, 1.2380499564471048, 1.3009957406623294, 1.2508183999431437, 1.2776813159256573, 1.187629727660562, 0.8490886136833682, 1.2304941956153388, 0.43725490091284425, 0.5308830865537361, 0.51916921412146, 0.4772477172352969, 0.43093696646825325, 0.5104299369179135, 0.40408587490130266, 0.3804753121651334, 0.13200064111148166, 1.1835729732132358, 0.1666715427324127, -0.02987077359225453, -0.022975329344892784, -0.14422692503782866, 0.0016830795770520536, -0.08552035997686322, -0.13820246262603503, -0.14504204295200368, -0.36466675929414916, 1.1167276366656504, 0.0004175500273124985, -0.3351674322780942, -0.45152451400043686, -0.3948177902153214, -0.48745503644886595, -0.4319324254187351, -0.4383866250614774, -0.5414214922810964, -0.6647290719271512, 1.092638631840546, -0.04341020314201349, -0.5076885257222173, -0.6279529675937868, -0.6692850267206224, -0.6838910103589124, -0.7559143164741471, -0.7624889219455785, -0.794690947157578, -0.8497429272729741, 1.1147442621873154, -0.11856078404739362, -0.633642712318923, -0.8373958043784373, -0.8742275506381555, -0.9210558545792255, -0.9307528027689403, -0.9178422789292275, -0.9200037045951323, -1.0106673563888338, 1.0120911392312908, -0.13691671974662653, -0.672579994110557, -0.9210418378252982, -0.9906466143280416, -0.9980333907161184, -1.0439117173489474, -1.014451005923098, -1.0447409540601482, -1.0869613096819124, 0.9876598948136524, -0.1015320792634707, -0.6684524051551713, -0.96988441896358, -1.0631003276758049, -1.0861496175312195, -1.1089941801665724, -1.118890144600999, -1.1261343959375179, -1.173623683248357, 0.7742749501439425, -0.2904396520309975, -0.8369370879126968, -1.0622737529439972, -1.1328667375069437, -1.1764776514383528, -1.1924582452801986, -1.1893805165840703, -1.2061739054867222, -1.2276137681713315], "bean_num": 0.5, "model_info": {"det_num_x": 10, "det_num_y": 10, "det_y": 0.03, "det_x": 0.03, "size_x": 0.5, "size_y": 0.5, "med_margin": 0.0015}}