{"source": [227.2931662302243, -161.94936319843302], "intensity": 100, "miu_detector": 0.3, "miu_medium": 1.2, "miu_air": 0.00018, "output": [0.0, 0.0, 0.0, 0.0, 0.0, 0.0, 0.0, 0.0, 0.0, 0.0, 0.0, 0.0, 0.0, 0.0, 0.0, 0.0, 0.9411523105977346, 0.058847689402265424, 0.0, 0.0, 0.0, 0.0, 0.0, 0.0, 0.0, 0.0, 0.0, 0.0, 0.0, 0.0, 0.0, 0.0, 0.0, 0.0, 0.0, 0.0, 0.0, 0.0, 0.0, 0.0], "miu_de": 0.5, "input": [1.2945815315425808, 1.6693488036982307, 1.6471622435664353, 1.6087607278963478, 1.6596409951474889, 1.7781849016954634, 1.7181674784337728, 1.6810998652685027, 1.6310378835419028, 1.6886310335140724, 0.4696290351556435, 0.693207025632813, 0.8659330426928725, 0.7947458849317612, 0.6456570337848335, 0.7803116446641644, 0.7997833338547938, 0.7734749156933926, 0.8320721609733149, 1.5601937238056451, -0.22752409060829573, -0.004689635648681017, 0.04773630360137621, 0.06326552712591674, 0.0761496057263281, 0.1249278664354322, 0.16319039182080608, 0.24634569185878527, 0.7570625593215687, 1.68465248629006, -0.6030902915479592, -0.48989607038481764, -0.4657005089547776, -0.4380001281034189, -0.4249563357260384, -0.34330105846532327, -0.28962047319094775, 0.035385155021110296, 0.6510565927274841, 1.6450833016379338, -0.8436920212844491, -0.7330425426932573, -0.752523861649832, -0.7606316172551058, -0.694287904801962, -0.6547875862629284, -0.4017454800280624, -0.0304388848732612, 0.6686327482877553, 1.722426393153305, -1.010385725405341, -0.9662191630736826, -0.9475777000468527, -0.9416602121075726, -0.8944269395925742, -0.7745095560433592, -0.46041230733893995, -0.07409667820984117, 0.6992839051680612, 1.7082986062485999, -1.1687933370604062, -1.078630644653885, -1.0763060367551363, -1.0335310667278517, -0.8795627216745039, -0.7563089531431764, -0.5406774289263474, -0.16715398088754613, 0.6419866544319427, 1.6278309497788577, -1.2095910468698268, -1.1399583132812028, -1.1624013642657456, -1.0968231742007137, -0.9786750689186057, -0.8390183539262211, -0.5223356059896331, -0.05203089563338449, 0.7055084743932598, 1.5855726809527004, -1.2504460868006695, -1.2075872436716215, -1.1874693850774147, -1.1759413354886434, -1.0645972867930444, -0.8440196787902721, -0.5893905623269033, -0.07827009794722907, 0.5990611443740164, 1.6789881689680062, -1.2683779253605665, -1.276698841719059, -1.2570457743913308, -1.167699081066632, -1.1033216678719573, -0.9585539549428282, -0.7305384714627876, -0.311067412755964, 0.33159667940291615, 1.3443744204581345], "bean_num": 0.5, "model_info": {"det_num_x": 10, "det_num_y": 10, "det_y": 0.03, "det_x": 0.03, "size_x": 0.5, "size_y": 0.5, "med_margin": 0.0015}}