{"source": [-278.37643073710103, -87.66626046100964], "intensity": 100, "miu_detector": 0.3, "miu_medium": 1.2, "miu_air": 0.00018, "output": [0.0, 0.05775012470058097, 0.9422498752994191, 0.0, 0.0, 0.0, 0.0, 0.0, 0.0, 0.0, 0.0, 0.0, 0.0, 0.0, 0.0, 0.0, 0.0, 0.0, 0.0, 0.0, 0.0, 0.0, 0.0, 0.0, 0.0, 0.0, 0.0, 0.0, 0.0, 0.0, 0.0, 0.0, 0.0, 0.0, 0.0, 0.0, 0.0, 0.0, 0.0, 0.0], "miu_de": 0.5, "input": [1.7101327895958507, 1.9996672564327036, 2.0643715869950885, 2.0467473343260143, 2.135427718400693, 2.1108838332366577, 2.053345154959438, 2.0577578440603603, 2.04072896288037, 1.7133603316753045, 1.1493529071360824, 1.2360698495987545, 1.323224654944975, 1.2983906180892895, 1.3839242135167233, 1.3154477429425606, 1.3832232224025944, 1.2650623097991938, 1.279064233827521, 0.9052813145274906, 0.9297396657451162, 0.49205731369262873, 0.5800424921018347, 0.5446125456782864, 0.5896039462067852, 0.6056960071674655, 0.591724312522542, 0.5756614263899626, 0.4609593289703246, 0.19967929070750068, 0.7632382509200962, 0.11107007186042668, 0.08766779520130208, 0.05190557300508184, 0.03344431834752785, 0.05688530996925984, 0.040488135952003554, -0.05031608760480498, -0.0513400421474092, -0.2800061086941613, 0.8038554020506283, -0.23456896871748034, -0.33306135785904933, -0.3697250078794625, -0.32755020498896203, -0.3655515954355447, -0.3487842471037707, -0.34243651220392624, -0.40915137785117756, -0.5890446584904252, 0.7069754357476844, -0.3764569332380456, -0.5807860940784013, -0.6342677336593878, -0.6142754907523137, -0.6444845620838409, -0.6200232106450388, -0.6217754685203666, -0.676686895702251, -0.7868738885404384, 0.6402633567054898, -0.4746615433442183, -0.7300010265115687, -0.7919737682999872, -0.8193234149910877, -0.7987257408825413, -0.8367477660391168, -0.8550076445622287, -0.8757702602053808, -0.951111620583273, 0.6099901431989857, -0.5012702923797239, -0.833519828976758, -0.9264999262242943, -0.9661145093527586, -0.9531186626167366, -0.9635781600038166, -0.9734403506719453, -1.0104098549796032, -1.0562475875420503, 0.6503068650136976, -0.522899071826395, -0.9133575679318695, -1.0110591185610804, -1.031984316042302, -1.0224059104730143, -1.05544238176633, -1.0752736184541418, -1.074953347317706, -1.1160131254685968, 0.37679827356293094, -0.6583599142004938, -0.9946948957243054, -1.0705918002168675, -1.1321045989963499, -1.1226179115956538, -1.1320677552477871, -1.1389770605382272, -1.1632305081534657, -1.1634078331872517], "bean_num": 0.5, "model_info": {"det_num_x": 10, "det_num_y": 10, "det_y": 0.03, "det_x": 0.03, "size_x": 0.5, "size_y": 0.5, "med_margin": 0.0015}}