{"source": [-426.52887946177356, -220.4257308223914], "intensity": 100, "miu_detector": 0.3, "miu_medium": 1.2, "miu_air": 0.00018, "output": [0.0, 0.0, 0.0, 0.9633938952332346, 0.036606104766765395, 0.0, 0.0, 0.0, 0.0, 0.0, 0.0, 0.0, 0.0, 0.0, 0.0, 0.0, 0.0, 0.0, 0.0, 0.0, 0.0, 0.0, 0.0, 0.0, 0.0, 0.0, 0.0, 0.0, 0.0, 0.0, 0.0, 0.0, 0.0, 0.0, 0.0, 0.0, 0.0, 0.0, 0.0, 0.0], "miu_de": 0.5, "input": [0.5267411171502281, -0.6622701405850748, -0.964718313397691, -1.0947717022900627, -1.112523074375057, -1.1461010454201404, -1.1226487518730321, -1.1548572263820536, -1.1772667599847966, -1.1867031285176137, 0.7269120466561317, -0.46206199871186177, -0.882060253517172, -1.0251073502311632, -1.062483752772964, -1.0448229735230457, -1.0543674609073697, -1.091411739425113, -1.0916664411522083, -1.1059082977185792, 0.8258382622604354, -0.47434052701253526, -0.8519057748767197, -0.939310616904036, -0.9543591908865212, -0.9845158961123595, -0.9760661488822163, -1.009087745607258, -1.0125877533410093, -1.0306201452223622, 0.79840673527711, -0.3813855569751229, -0.7945087717310709, -0.7942848011597438, -0.8655614742464485, -0.851275625609052, -0.8511999542469115, -0.8060451054482303, -0.8455024747203829, -0.9348369655241864, 0.7671587980843539, -0.31534423647607734, -0.5764161327775982, -0.6731283432747246, -0.6021896703295442, -0.6338590827442022, -0.659411229589019, -0.6492481054590914, -0.6946425430576152, -0.7455893273207036, 0.784627075514908, -0.26079650815747546, -0.406932627561064, -0.3813212697192107, -0.3562997272781805, -0.3769526147858619, -0.33758175499325016, -0.38189128930892713, -0.41359942451465725, -0.579061785736049, 0.8232355332165333, 0.021946143185923455, 0.004352310384675318, 0.1066898711849849, 0.08341976473778688, 0.07900606647080186, 0.0007306634903724029, 0.02139639042483753, -0.03259885144921338, -0.2786960261665884, 0.9403833930778539, 0.4888616921873226, 0.5456123284531809, 0.5658875748549573, 0.5166107281055876, 0.5219046411123308, 0.6048209340168833, 0.566539924627665, 0.46164523882750347, 0.18942947073580768, 1.3180651287085983, 1.2959810752034682, 1.3206798063775755, 1.2421142913461294, 1.295583093673602, 1.352987472606085, 1.2810219206810143, 1.3438132127055908, 1.1414115296386067, 0.9657913423198023, 1.6802670956429437, 2.05311127617929, 2.120338454038034, 2.0549169868761776, 2.035849111044143, 1.9798401244394346, 2.027695837300355, 2.0105101727673143, 1.9581186152267291, 1.7044522391771517], "bean_num": 0.5, "model_info": {"det_num_x": 10, "det_num_y": 10, "det_y": 0.03, "det_x": 0.03, "size_x": 0.5, "size_y": 0.5, "med_margin": 0.0015}}