{"source": [309.8124675224753, 372.5539380778476], "intensity": 100, "miu_detector": 0.3, "miu_medium": 1.2, "miu_air": 0.00018, "output": [0.0, 0.0, 0.0, 0.0, 0.0, 0.0, 0.0, 0.0, 0.0, 0.0, 0.0, 0.0, 0.0, 0.0, 0.0, 0.0, 0.0, 0.0, 0.0, 0.0, 0.0, 0.0, 0.0, 0.0, 0.0, 0.4162891521343805, 0.5837108478656196, 0.0, 0.0, 0.0, 0.0, 0.0, 0.0, 0.0, 0.0, 0.0, 0.0, 0.0, 0.0, 0.0], "miu_de": 0.5, "input": [1.757808561638425, 1.0244517039464616, 0.5024918511905285, 0.2702638192804007, 0.07631781789334782, -0.057207783137086424, -0.13152958526460495, -0.15895697891744548, -0.1841150046506156, -0.33650399983497903, 1.9995161406463504, 1.3427874783443872, 0.6349916812405423, 0.09624697472371316, -0.25374162507380793, -0.5315128192000197, -0.7196596830930583, -0.8243167820325306, -0.9356767163801556, -0.9826000094215595, 2.1100051377868785, 1.435483713148976, 0.703975006453934, 0.17114148300107154, -0.2466586077359507, -0.5195396749802491, -0.7529215560268068, -0.869591498579393, -0.9680808366646482, -1.0634873270184766, 2.1160392188493953, 1.3817778285200395, 0.6712084996350249, 0.17559217474460506, -0.22492556792524665, -0.5061224445521627, -0.7480565214334894, -0.8474799244304615, -0.9845115183818849, -1.0765016993301892, 2.2247627110948542, 1.4544137384871825, 0.6927589566430117, 0.18050835579240718, -0.17321497215487555, -0.49567862378239635, -0.7415311455866942, -0.8753585402392252, -0.9859867930042835, -1.0610672225494184, 2.185043940941244, 1.4646817304710922, 0.6925984010828041, 0.2689966115309629, -0.18224195622088682, -0.5305309055571077, -0.7435155426680756, -0.8786523406638668, -0.9817229723682361, -1.0713999981494131, 2.1078352717078035, 1.4875658039666397, 0.703864852179489, 0.22358379960437877, -0.23091029862738377, -0.5148689880856263, -0.7586017272634189, -0.8852341874453032, -0.9757474690619473, -1.0750647017248087, 2.1547617262161642, 1.4089527403352673, 0.6618689959286316, 0.13514094248001066, -0.2627352204135122, -0.5207157206925476, -0.7294764913767543, -0.8796422279878877, -0.9925176579569388, -1.077477792518098, 2.1406963285889127, 1.3550327468492642, 0.6019579428484609, 0.1076716345521827, -0.28627543190454774, -0.6060866417722487, -0.7843567630081958, -0.9363234454713575, -1.012870667410352, -1.084959924740666, 1.802415767341421, 0.9348171526201602, 0.2377570214825421, -0.16668481371234353, -0.5163201210367795, -0.7101467132458058, -0.8710399899913076, -0.9874245749747496, -1.0630497598859514, -1.1246557564711113], "bean_num": 0.5, "model_info": {"det_num_x": 10, "det_num_y": 10, "det_y": 0.03, "det_x": 0.03, "size_x": 0.5, "size_y": 0.5, "med_margin": 0.0015}}