{"source": [392.4797989778168, 406.13651772539913], "intensity": 100, "miu_detector": 0.3, "miu_medium": 1.2, "miu_air": 0.00018, "output": [0.0, 0.0, 0.0, 0.0, 0.0, 0.0, 0.0, 0.0, 0.0, 0.0, 0.0, 0.0, 0.0, 0.0, 0.0, 0.0, 0.0, 0.0, 0.0, 0.0, 0.0, 0.0, 0.0, 0.0, 0.0, 0.8911456016796183, 0.10885439832038164, 0.0, 0.0, 0.0, 0.0, 0.0, 0.0, 0.0, 0.0, 0.0, 0.0, 0.0, 0.0, 0.0], "miu_de": 0.5, "input": [1.4754243908038025, 1.7573214603362481, 1.8125720709247586, 1.8850589282621928, 1.8610110663954464, 1.8938167349966872, 1.8198706409016752, 1.9086497082151828, 1.77149674408284, 1.5246700664740362, 0.6452805450770714, 0.9714865782839042, 0.9356789085702842, 0.988080133302588, 1.0322324271083727, 0.9901128048794882, 1.051583004703979, 0.9399599126057641, 1.0136602443512228, 1.5271763627308805, -0.032693260018280705, 0.12924600488055737, 0.2852002571333625, 0.2537627877634551, 0.21495338743498987, 0.22754264755143722, 0.2709330576672202, 0.3081907570722551, 0.5631817465211888, 1.4293975491335311, -0.4645875369145412, -0.2728564764835195, -0.26886558968974905, -0.26877804710232134, -0.2550961495273896, -0.2895328795819845, -0.23033808433647587, -0.08782355738960516, 0.49897394548610435, 1.4387290789027074, -0.7993141116056163, -0.6219262399376588, -0.5958709546526282, -0.5839723804567628, -0.6159031871067414, -0.5729860275331279, -0.506309172961811, -0.26079228899367035, 0.40163213993723645, 1.390319982351757, -0.948876851880655, -0.897291079907429, -0.8725860407646273, -0.8272870473453406, -0.796802465114525, -0.7853610799541011, -0.6231727726405368, -0.31158567157016265, 0.3549922155473884, 1.4764570690005845, -1.0876301994532205, -1.062117612693995, -1.0203156205868493, -0.9932898238986414, -0.9491399085835349, -0.9012837923838826, -0.712530498696781, -0.3496239447554777, 0.32425521118856443, 1.413824094724924, -1.1502850112249547, -1.1165973847226824, -1.0868218727002013, -1.0691385483698492, -1.052551403580315, -0.9307388596913269, -0.7190947431401418, -0.3240523417252646, 0.3407843148895912, 1.5398765002463293, -1.1999303948477988, -1.1793206331479245, -1.1588528538715155, -1.1483815836012363, -1.1024523034845763, -0.9642713976986402, -0.7717434064248613, -0.41833582180440176, 0.3462456279666936, 1.3716449921636509, -1.2412121040383606, -1.2257737548921939, -1.2272032281551677, -1.2115279329758288, -1.1053735969232106, -1.0457355321920536, -0.8781804537853575, -0.5197313573010178, 0.11832624812153335, 1.2102345261290373], "bean_num": 0.5, "model_info": {"det_num_x": 10, "det_num_y": 10, "det_y": 0.03, "det_x": 0.03, "size_x": 0.5, "size_y": 0.5, "med_margin": 0.0015}}