{"source": [-614.2367750891589, -2.67574629782465], "intensity": 100, "miu_detector": 0.3, "miu_medium": 1.2, "miu_air": 0.00018, "output": [0.9722676613787617, 0.027732338621238254, 0.0, 0.0, 0.0, 0.0, 0.0, 0.0, 0.0, 0.0, 0.0, 0.0, 0.0, 0.0, 0.0, 0.0, 0.0, 0.0, 0.0, 0.0, 0.0, 0.0, 0.0, 0.0, 0.0, 0.0, 0.0, 0.0, 0.0, 0.0, 0.0, 0.0, 0.0, 0.0, 0.0, 0.0, 0.0, 0.0, 0.0, 0.0], "miu_de": 0.5, "input": [1.5820553286298704, 2.007473889191189, 1.9919299293888841, 2.0528965936036276, 2.0735747829049593, 2.091829024637015, 2.0664581520918666, 2.0720933933541517, 1.9814492530104053, 1.6383120425315028, 0.8437684381416528, 1.2533182103610487, 1.2480973804216728, 1.3916835440934994, 1.3372806596959848, 1.312235702279975, 1.328653186308987, 1.30113512351138, 1.2472106201652777, 1.1986311073983928, 0.27611041753770493, 0.46589766683856026, 0.5009536710085896, 0.5760934118416269, 0.5975944762954498, 0.6058470744687455, 0.5509679756650788, 0.5126760197048771, 0.49069803660458267, 0.9809349543216783, -0.3064443622416203, -0.10590329106819842, -0.0021416472531426488, 0.02814118095769797, 0.03815154747292902, 0.02667152343484852, 0.03179489963590553, 0.029065406400019523, 0.05337778582394051, 0.8976525763065014, -0.5917560471941982, -0.42178667783426715, -0.39157853058597725, -0.3729534822967684, -0.37749679886604526, -0.41314635297728297, -0.36173118799588583, -0.3554962969218967, -0.18268518300855496, 0.8371529890105011, -0.8146454284711425, -0.6871441756602178, -0.677688613363168, -0.6599139139787878, -0.6338709336936815, -0.6486060267485908, -0.6542843989899401, -0.5729523550030465, -0.28520911182243297, 0.7920192112554311, -0.9764985530109375, -0.8974196408397138, -0.8639093093745652, -0.8384248153694497, -0.8167010503054724, -0.8221598161592131, -0.8099773147696921, -0.7229395279722268, -0.3893465353167231, 0.8013366482401412, -1.054915892677606, -1.0184904284735345, -0.9849420889949004, -0.9630395446472593, -0.9763895206650316, -0.9451265559505826, -0.9304358004112385, -0.8212906804052472, -0.42677871400907963, 0.7822119269946799, -1.1256062643416662, -1.102316952715389, -1.056300151837697, -1.0570086211237737, -1.063932132433377, -1.0356596059949608, -1.0100762248715398, -0.8505725179293714, -0.4799704590159648, 0.7620355586583, -1.1829726296053256, -1.164244816573795, -1.1593963384322366, -1.157054823865387, -1.1400327073530183, -1.1259483746705163, -1.0992688871403153, -0.9693731630606817, -0.5896425017315081, 0.48812645782472935], "bean_num": 0.5, "model_info": {"det_num_x": 10, "det_num_y": 10, "det_y": 0.03, "det_x": 0.03, "size_x": 0.5, "size_y": 0.5, "med_margin": 0.0015}}