{"source": [-229.09615068461386, 661.1781748415342], "intensity": 100, "miu_detector": 0.3, "miu_medium": 1.2, "miu_air": 0.00018, "output": [0.0, 0.0, 0.0, 0.0, 0.0, 0.0, 0.0, 0.0, 0.0, 0.0, 0.0, 0.0, 0.0, 0.0, 0.0, 0.0, 0.0, 0.0, 0.0, 0.0, 0.0, 0.0, 0.0, 0.0, 0.0, 0.0, 0.0, 0.0, 0.0, 0.0, 0.0, 0.0, 0.8765511526392492, 0.12344884736075083, 0.0, 0.0, 0.0, 0.0, 0.0, 0.0], "miu_de": 0.5, "input": [1.3628185409005324, 0.5118736727950858, -0.18048260562702623, -0.5459693253666257, -0.8308140356948138, -0.9867262667987756, -1.1014201797278071, -1.183272424480526, -1.2189349053441678, -1.2470832208548528, 1.7518844217598863, 0.8089851558527842, 0.07343585503890002, -0.4226235934457346, -0.7643115092128693, -0.9135142587483475, -1.0511915878345612, -1.1315946971700792, -1.1824558438462307, -1.2309113648596408, 1.7671348889558343, 0.8456915038154476, 0.16330819645297912, -0.3684021532058327, -0.7008547387953462, -0.8765962987639095, -1.0341284043155994, -1.1075405386152175, -1.176444946424465, -1.2173551670357967, 1.7624925864394763, 0.915049460066754, 0.20203987923526143, -0.3290031668602149, -0.6730962305711318, -0.8925098217768189, -1.0034627989498546, -1.0873696264513024, -1.1566135160644688, -1.1675937264360075, 1.8067079051490353, 0.9198373564848623, 0.1458900740656391, -0.3679514844220654, -0.6457413058698254, -0.8271573963052953, -0.9632922170551378, -1.0142798520558236, -1.0734802359836586, -1.1118893479802319, 1.7422388643490876, 0.9229379698867042, 0.1894842767439203, -0.30441087172061, -0.6410838716143519, -0.7739929582600343, -0.839546636921896, -0.9054943059911144, -0.9074716632826346, -0.9947452382042246, 1.7771593668348704, 0.8773332553404045, 0.2161462275415975, -0.2770117058461714, -0.49670865697903427, -0.5850281736313288, -0.638622235976003, -0.6042984423800394, -0.6937574007722248, -0.7781841143573269, 1.742680534153298, 0.8718248440911215, 0.22340863909468678, -0.06488418023591269, -0.14762238263587887, -0.19757655906466123, -0.20441265337837752, -0.21258133416662653, -0.27391205451477785, -0.4288714947435736, 1.788679203503772, 0.9743592083750234, 0.6625621956164551, 0.6169304592849445, 0.5846706407132082, 0.46015583275381955, 0.5151092978430388, 0.5444039216814986, 0.40391430500114794, 0.2245803440233011, 1.6602998601868115, 1.5140930294828652, 1.6484854964518043, 1.590743911540488, 1.6187049699821348, 1.5383291942534045, 1.591530249297025, 1.5422799143373689, 1.4854789215444557, 1.1906112967061289], "bean_num": 0.5, "model_info": {"det_num_x": 10, "det_num_y": 10, "det_y": 0.03, "det_x": 0.03, "size_x": 0.5, "size_y": 0.5, "med_margin": 0.0015}}