{"source": [914.4233722833238, -327.65359751245205], "intensity": 100, "miu_detector": 0.3, "miu_medium": 1.2, "miu_air": 0.00018, "output": [0.0, 0.0, 0.0, 0.0, 0.0, 0.0, 0.0, 0.0, 0.0, 0.0, 0.0, 0.0, 0.0, 0.0, 0.0, 0.0, 0.0, 0.1903859938448271, 0.8096140061551729, 0.0, 0.0, 0.0, 0.0, 0.0, 0.0, 0.0, 0.0, 0.0, 0.0, 0.0, 0.0, 0.0, 0.0, 0.0, 0.0, 0.0, 0.0, 0.0, 0.0, 0.0], "miu_de": 0.5, "input": [1.3664073166782509, 1.7349501981904414, 1.7676408557463026, 1.7226468627144393, 1.8094560892135365, 1.8058801329040597, 1.6996930727584831, 1.738463645076292, 1.6891923303330953, 1.69263047665758, 0.4689030144261957, 0.8032865253435999, 0.7836987867352718, 0.7897627446644213, 0.7770126034539245, 0.8582429478344087, 0.8548110978631426, 0.9402415690213047, 0.8967771139781304, 1.6274230516979071, -0.15287022741085543, 0.02301725410202583, 0.05914878210704811, 0.0951710193567563, 0.120455647652537, 0.13053483420102957, 0.12038733152115141, 0.2197558602371619, 0.7133495620536718, 1.6693576249794446, -0.5585461280657416, -0.4772946494745733, -0.43928617061166364, -0.37952027841300773, -0.3755413280438465, -0.33215919572477576, -0.2833710983579643, -0.0030280658804171415, 0.6257740831886958, 1.6567602155880072, -0.84316734959829, -0.7318342708407317, -0.7318898934744148, -0.7194454130213108, -0.6907491156328401, -0.6785061447352927, -0.47834143113289784, -0.09992056506450549, 0.6350835771701769, 1.594332171897948, -1.0088279300666123, -0.9453615995884097, -0.9402443655170861, -0.8807052920054568, -0.8798568469443896, -0.7748396233130553, -0.5548778015532163, -0.14303835952174335, 0.5628153110338904, 1.5977013063797783, -1.1116215813135466, -1.0644778466851958, -1.0716541656718401, -1.0119027623412935, -0.9687838427915803, -0.8286474395999889, -0.5675582427671239, -0.1305345653601356, 0.6161595384015823, 1.555033010564248, -1.1739040958703515, -1.1403015534294898, -1.1178556094560104, -1.0892109463950823, -1.0089162845403812, -0.8500989826605109, -0.5878513824287694, -0.1599147496349965, 0.49781625555011694, 1.5697357634590228, -1.2187447012369796, -1.193109283628606, -1.1646729101851192, -1.1047573098600785, -1.0235339457307162, -0.8840504444926148, -0.6545859330391864, -0.19729460005568236, 0.4826714663947655, 1.5528484301202607, -1.2531730952373916, -1.230837105415021, -1.2031908631461836, -1.1764829783802697, -1.084476484328268, -0.942982918155191, -0.7559032887156268, -0.38298777455540517, 0.2779271676633848, 1.2542841821882456], "bean_num": 0.5, "model_info": {"det_num_x": 10, "det_num_y": 10, "det_y": 0.03, "det_x": 0.03, "size_x": 0.5, "size_y": 0.5, "med_margin": 0.0015}}