{"source": [-505.36291206044206, -829.1393395856563], "intensity": 100, "miu_detector": 0.3, "miu_medium": 1.2, "miu_air": 0.00018, "output": [0.0, 0.0, 0.0, 0.0, 0.0, 0.0, 0.4847147485206424, 0.5152852514793576, 0.0, 0.0, 0.0, 0.0, 0.0, 0.0, 0.0, 0.0, 0.0, 0.0, 0.0, 0.0, 0.0, 0.0, 0.0, 0.0, 0.0, 0.0, 0.0, 0.0, 0.0, 0.0, 0.0, 0.0, 0.0, 0.0, 0.0, 0.0, 0.0, 0.0, 0.0, 0.0], "miu_de": 0.5, "input": [1.5122468644090448, 0.6517909282040836, -0.0322160404325395, -0.40184715253466696, -0.7323827078948703, -0.9557784965018671, -1.0580986129298284, -1.1329135457341502, -1.1810652908139747, -1.235923034724813, 1.884264929072383, 0.9838163986514886, 0.2200283340796337, -0.2883882657344277, -0.6248074593298697, -0.815988778551879, -0.9756983065418063, -1.0850379361153362, -1.162771388206554, -1.212199129699063, 1.8837675014070414, 1.0441785716749306, 0.3122537398244243, -0.16214789884171252, -0.6106453521788541, -0.807135749393918, -0.9558874099036243, -1.0636196533853723, -1.1515965433358424, -1.19650380472, 1.8723821210041334, 1.0459905833719296, 0.36426174803249906, -0.26266399802903906, -0.5554419708268448, -0.7622213581878998, -0.9515616170609323, -1.0536481871804013, -1.117034033897357, -1.1779988076572487, 1.9442925074230297, 1.0395577876740092, 0.37967852269645946, -0.15693037218875755, -0.5222420442874922, -0.789118901992206, -0.8969417774987631, -1.0354458231950643, -1.1325211713971424, -1.151934031121988, 1.879331991429102, 1.0836563612522436, 0.32296747649334395, -0.16237741922668486, -0.48553387636444634, -0.7550214684763544, -0.8884940179853572, -0.9735038864723166, -1.0162662498674984, -1.0855670983580705, 1.8583930859873186, 1.0264514419286246, 0.3785185608659085, -0.21271230171736888, -0.5063218429726803, -0.7016032640652171, -0.7696419067932829, -0.7810116406468294, -0.843333025111987, -0.9313751041663133, 1.9436829393488118, 1.0487765960203583, 0.30034600099514575, -0.14409111962765836, -0.30882215825740345, -0.41223548664287113, -0.4659845993625706, -0.42058917546237123, -0.527176985200018, -0.6518247288046309, 1.8285593240622093, 1.0398940812430804, 0.5410100999471393, 0.3496859947941381, 0.2815763603265887, 0.21965575948445681, 0.18540012196845332, 0.18648294623699843, 0.16366821937279732, -0.06443510021018858, 1.7317450125503655, 1.4722031937469564, 1.3472872346002456, 1.4023774031839238, 1.4049792798254113, 1.3027820093976568, 1.4014553562301613, 1.3266695782411448, 1.2452413650099867, 1.1049707757505483], "bean_num": 0.5, "model_info": {"det_num_x": 10, "det_num_y": 10, "det_y": 0.03, "det_x": 0.03, "size_x": 0.5, "size_y": 0.5, "med_margin": 0.0015}}