{"source": [105.74975838060162, -84.31281404521717], "intensity": 100, "miu_detector": 0.3, "miu_medium": 1.2, "miu_air": 0.00018, "output": [0.0, 0.0, 0.0, 0.0, 0.0, 0.0, 0.0, 0.0, 0.0, 0.0, 0.0, 0.0, 0.0, 0.0, 0.0, 0.28498546153687004, 0.7150145384631299, 0.0, 0.0, 0.0, 0.0, 0.0, 0.0, 0.0, 0.0, 0.0, 0.0, 0.0, 0.0, 0.0, 0.0, 0.0, 0.0, 0.0, 0.0, 0.0, 0.0, 0.0, 0.0, 0.0], "miu_de": 0.5, "input": [1.6572756205903616, 1.6220032352828813, 1.5967711429211864, 1.7320698043236504, 1.6584270249201094, 1.6312617937494418, 1.6733900220463016, 1.6564529563373958, 1.6618588211798204, 1.2985010955036862, 1.664286794920971, 0.9924811367793442, 0.7236963055906307, 0.6742929772290155, 0.7051139903975056, 0.7160515148939965, 0.6567747672269972, 0.6560243496222262, 0.5558626002963831, 0.41285597197784174, 1.6905644421437591, 0.8312815626998891, 0.24156819365306842, 0.003913220053332804, -0.02877831807537243, -0.04402199328001212, -0.06913656257749531, -0.051867077390790516, -0.14299702755855392, -0.3066420536828655, 1.6672515630486366, 0.8312126316873858, 0.09264460887354034, -0.323273797658331, -0.46927771557782155, -0.4664829665522392, -0.4732335019553795, -0.4741713482756228, -0.5611386839154221, -0.662900328585173, 1.7969462890237629, 0.7396867891962995, 0.02441180477673169, -0.3822331134698423, -0.6581724873737443, -0.7619737139533538, -0.7874834794210345, -0.8022531602960623, -0.8497558440843073, -0.9554210254176474, 1.6954698209518393, 0.6831746961702521, -0.007826711914224304, -0.41015029480374837, -0.7065053380135209, -0.8899456692547427, -0.9322575897464305, -0.969923928053693, -1.0109099047611185, -1.0617189352980763, 1.6461616483104444, 0.8010928234787658, 0.025788793304659427, -0.37078096413841655, -0.7124763955537868, -0.9522315780701242, -1.0485464312196509, -1.0740759714237151, -1.1200536521187343, -1.1778011903728798, 1.6880853586979927, 0.6924694256405892, -0.007668343527399891, -0.44984003062090416, -0.778324136229553, -0.9473392852524186, -1.0936491102779102, -1.1320483277612083, -1.1840446989561026, -1.215150595244292, 1.6078318954176267, 0.6742406219350564, -0.0257098050687232, -0.5180683178739749, -0.813052530622854, -0.983262924212107, -1.1252573200244156, -1.1782789873040354, -1.2154984570421832, -1.2439875348290441, 1.3954789003498718, 0.4188528836417192, -0.21970240422098328, -0.5992260688463691, -0.872353433185598, -1.033842735520891, -1.1419720036718604, -1.1949820123626833, -1.2384246504388556, -1.2654774319066693], "bean_num": 0.5, "model_info": {"det_num_x": 10, "det_num_y": 10, "det_y": 0.03, "det_x": 0.03, "size_x": 0.5, "size_y": 0.5, "med_margin": 0.0015}}