{"source": [-119.43616555900013, 72.12639610047545], "intensity": 100, "miu_detector": 0.3, "miu_medium": 1.2, "miu_air": 0.00018, "output": [0.0, 0.0, 0.0, 0.0, 0.0, 0.0, 0.0, 0.0, 0.0, 0.0, 0.0, 0.0, 0.0, 0.0, 0.0, 0.0, 0.0, 0.0, 0.0, 0.0, 0.0, 0.0, 0.0, 0.0, 0.0, 0.0, 0.0, 0.0, 0.0, 0.0, 0.0, 0.0, 0.0, 0.0, 0.0, 0.0, 0.45859886269656963, 0.5414011373034303, 0.0, 0.0], "miu_de": 0.5, "input": [1.507752572990512, 1.860608196118913, 1.8792294674852585, 1.9197730687275911, 1.9329093561928492, 1.9257254822253609, 1.8998481867080776, 1.9731038931786213, 1.8890380271737832, 1.6822500222716745, 0.6505835602278341, 0.9756081232083326, 1.0803304277779968, 1.1249790730796378, 1.1377194537893836, 1.1073554985494263, 1.0744412808338848, 1.1251179645158824, 1.0592286104151418, 1.466751735400371, 0.03935103088431223, 0.24193853559484965, 0.29317183159383314, 0.3054699792278952, 0.3195963899991669, 0.36469193666362454, 0.3590249713953949, 0.378510420474423, 0.49424128766890263, 1.43548086239377, -0.4453197345653064, -0.26958963132156494, -0.21510099805089994, -0.23302213022001989, -0.17292073534418187, -0.1667336753310894, -0.13245619724767757, -0.06983361372032351, 0.3385815729113178, 1.3674043780872644, -0.7222926509259339, -0.5937613004302346, -0.5602313889731325, -0.5603501804889213, -0.5038057287465728, -0.5144098877964377, -0.4756997815273684, -0.3228927663549053, 0.24118751547458545, 1.3245046985805375, -0.918061580740309, -0.8343417729008133, -0.8019515871499943, -0.8004142744667643, -0.7540304314786088, -0.725708969739673, -0.6599561711678011, -0.3934568685197196, 0.21363451023478194, 1.3179856435437325, -1.0395660014548478, -0.990277963568476, -0.9694177740942701, -0.9584151195976313, -0.9166557270032705, -0.8825113397604687, -0.7732323914963135, -0.48113969660696504, 0.18559711974818097, 1.2493646531109655, -1.1312009742446993, -1.0800926133501534, -1.0691296632633938, -1.0482522210697525, -1.0270925298213873, -0.9800657352566541, -0.8199465020658675, -0.49137465475759695, 0.16408821589367475, 1.2475100848992386, -1.191717916659815, -1.1484101868127734, -1.1267585956902806, -1.106144911725975, -1.0909815795013258, -1.0294683361902033, -0.864805308992004, -0.5687653461647167, 0.060111465359574984, 1.220131105351382, -1.2249032875871164, -1.2069596505263145, -1.1866795581377716, -1.1776206591110274, -1.1529493903063688, -1.0723369636568658, -0.9425894197892388, -0.6809342721172432, -0.12142696851136005, 0.9642331061384837], "bean_num": 0.5, "model_info": {"det_num_x": 10, "det_num_y": 10, "det_y": 0.03, "det_x": 0.03, "size_x": 0.5, "size_y": 0.5, "med_margin": 0.0015}}