{"source": [127.47676962975996, 75.10124823400751], "intensity": 100, "miu_detector": 0.3, "miu_medium": 1.2, "miu_air": 0.00018, "output": [0.0, 0.0, 0.0, 0.0, 0.0, 0.0, 0.0, 0.0, 0.0, 0.0, 0.0, 0.0, 0.0, 0.0, 0.0, 0.0, 0.0, 0.0, 0.0, 0.0, 0.0, 0.0, 0.0, 0.6106776250506547, 0.3893223749493453, 0.0, 0.0, 0.0, 0.0, 0.0, 0.0, 0.0, 0.0, 0.0, 0.0, 0.0, 0.0, 0.0, 0.0, 0.0], "miu_de": 0.5, "input": [-0.21664650922738782, -0.9837310065829041, -1.0565573661947265, -1.0753895783988066, -1.0412617718713073, -1.0654605638998567, -1.0870129743061725, -1.1007999403587596, -1.0885510930466422, -1.1210539940392648, -0.0776098212451286, -0.8941950979808164, -0.9553469086461457, -1.000780761106305, -0.9834320584835422, -0.9923497986673212, -1.0060507559096588, -1.0144441698768194, -0.9996059181269944, -1.0539562620844136, -0.09084143234440364, -0.7946250016622672, -0.8753905759098867, -0.8714308705901133, -0.8549401482356185, -0.9081039877334894, -0.8956352352782762, -0.9239379606915402, -0.9141466221209872, -0.9703262403149717, -0.018735048588742323, -0.7015635242975368, -0.7404628897812712, -0.7352057462745496, -0.752022051988194, -0.7263532371543892, -0.7572422780563328, -0.7395095509220814, -0.834654476793244, -0.8875710846553754, 0.015468623804731614, -0.5449495754700946, -0.5343534520986677, -0.5106477059639509, -0.5222413800157082, -0.5635670103964769, -0.5499964236782421, -0.5562064424500239, -0.603251024838418, -0.7323799370040212, 0.15300315870253461, -0.2973709375143793, -0.27078766084085915, -0.2562975404519815, -0.23420132665468327, -0.2724480555066505, -0.22397656592946188, -0.26174310459109296, -0.3463650977418193, -0.465969541887322, 0.34621668664908534, 0.06350949017425588, 0.18987737439437555, 0.15007304878738856, 0.2254158413233397, 0.1774586937979114, 0.16993080604416974, 0.10897369668770328, 0.10922857933093326, -0.21116367819514506, 0.6030706724113639, 0.5781166154609967, 0.6669960733289738, 0.7658118896323237, 0.7680576726367941, 0.7658608308042367, 0.6546340747415447, 0.6673148358377355, 0.6032464195383207, 0.3037916701962878, 1.0630560755066258, 1.3162318117779703, 1.4194117899515755, 1.4372664188195785, 1.4357091263469068, 1.3768750611004295, 1.4162239200056341, 1.446768768788166, 1.3045196327965785, 0.938026825482859, 1.7335354316164835, 2.0732833339668275, 2.153689762997097, 2.216515213794392, 2.1853610516273907, 2.144093841656251, 2.069495871409226, 2.222764050723548, 2.019441608737087, 1.7065244232856192], "bean_num": 0.5, "model_info": {"det_num_x": 10, "det_num_y": 10, "det_y": 0.03, "det_x": 0.03, "size_x": 0.5, "size_y": 0.5, "med_margin": 0.0015}}