{"source": [147.15911745020347, -16.327582172158863], "intensity": 100, "miu_detector": 0.3, "miu_medium": 1.2, "miu_air": 0.00018, "output": [0.0, 0.0, 0.0, 0.0, 0.0, 0.0, 0.0, 0.0, 0.0, 0.0, 0.0, 0.0, 0.0, 0.0, 0.0, 0.0, 0.0, 0.0, 0.0, 0.7034644586642165, 0.2965355413357836, 0.0, 0.0, 0.0, 0.0, 0.0, 0.0, 0.0, 0.0, 0.0, 0.0, 0.0, 0.0, 0.0, 0.0, 0.0, 0.0, 0.0, 0.0, 0.0], "miu_de": 0.5, "input": [1.3746744174788104, 1.5707715855574667, 1.6725989710878193, 1.6632732235211076, 1.6404328307662948, 1.7678738523515922, 1.6584737087824117, 1.7106031579252565, 1.6349583381168715, 1.6735024295822076, 0.4024680732747448, 0.6241224526723679, 0.6945107730122124, 0.7333729920157364, 0.7346619415795552, 0.8695494438216046, 0.809143115241685, 0.7760683576331979, 0.8925291867552018, 1.6622153823379844, -0.24194202029363704, -0.07723089163370735, -0.036442978227829104, 0.007208562577811362, 0.041420753064038494, 0.05839118943693409, 0.0020753656408176208, 0.22132597643230983, 0.7617832799240923, 1.651190765205919, -0.6660295229860776, -0.5048369888328259, -0.5136062495695976, -0.5205746302590024, -0.41057271709188725, -0.3980688518843318, -0.298804409827284, 0.08813505017026448, 0.7401513042056609, 1.7466737321429713, -0.8983426436550179, -0.8279816370378453, -0.8185447968908411, -0.7131933167740245, -0.7251485921542563, -0.6410954213118815, -0.46197476283254424, 0.007630139799983215, 0.7462418570961902, 1.6710729228155734, -1.0584116284129756, -1.016360626601226, -0.9744834841042131, -0.955530069606191, -0.8823434188518178, -0.7469892849928198, -0.461275607133616, 0.02369426557822249, 0.7183265746343901, 1.6363862771072948, -1.15498648337508, -1.1134475389971294, -1.0859401381623526, -1.034023706186947, -0.9526934007929979, -0.7506093709323658, -0.4421175193749902, 0.00697705568800241, 0.7337510695992365, 1.651103477641269, -1.2109595112076508, -1.1815383976182459, -1.1330752950779397, -1.0972763930843608, -0.972622962665563, -0.8376963919023139, -0.4997031618114736, -0.00262725871295139, 0.6732534885653126, 1.6083441240087653, -1.2590462317059088, -1.2069655085201063, -1.1608453400344816, -1.0886783677357006, -0.9968158069442346, -0.8477320612396295, -0.532612804513067, -0.13169255094566026, 0.630933846045201, 1.6005991424286812, -1.2658507599460496, -1.2345577800428262, -1.2240218202911273, -1.1405450373674386, -1.042259286313875, -0.9036791820401463, -0.6917764316822581, -0.24352072685762458, 0.3909212430042608, 1.3063060807205902], "bean_num": 0.5, "model_info": {"det_num_x": 10, "det_num_y": 10, "det_y": 0.03, "det_x": 0.03, "size_x": 0.5, "size_y": 0.5, "med_margin": 0.0015}}