{"source": [140.38681787990637, -73.24776237260915], "intensity": 100, "miu_detector": 0.3, "miu_medium": 1.2, "miu_air": 0.00018, "output": [0.0, 0.0, 0.0, 0.0, 0.0, 0.0, 0.0, 0.0, 0.0, 0.0, 0.0, 0.0, 0.0, 0.0, 0.0, 0.0, 0.06151141072394977, 0.9384885892760503, 0.0, 0.0, 0.0, 0.0, 0.0, 0.0, 0.0, 0.0, 0.0, 0.0, 0.0, 0.0, 0.0, 0.0, 0.0, 0.0, 0.0, 0.0, 0.0, 0.0, 0.0, 0.0], "miu_de": 0.5, "input": [-1.1971019013555915, -1.1464282013596019, -1.0692750049711903, -0.9497009626830726, -0.8126183271562322, -0.5681710253712833, -0.2909419601274383, 0.24155435302854092, 0.8813246277771083, 1.609832158431585, -1.16999145508, -1.0981537485538606, -1.0399719205858158, -0.9064001202503166, -0.7124849631458949, -0.4351139675079172, -0.04274068859960157, 0.44087322842936966, 1.24668964661998, 1.9949652748001754, -1.1639492927186217, -1.0778888610433934, -1.0129574185994823, -0.8870081692728272, -0.6828891087131672, -0.42293505326105646, -0.05919846306322527, 0.5015079889070961, 1.2256629837019308, 2.074465382237485, -1.1381677307692526, -1.0824645881242216, -0.9869065561752915, -0.86613236660149, -0.6370512010099249, -0.4081125943448894, -0.015558174959081883, 0.5002580159356484, 1.2567458564097325, 1.9814090673136784, -1.1506022677448895, -1.0593936438658875, -0.9899304835937419, -0.8470913124365399, -0.6591126579703718, -0.3873369768090557, -0.007691147461397893, 0.5337523143777687, 1.2511695620881118, 2.0787626409656412, -1.1374942094755354, -1.0637046218193686, -0.9435663595022441, -0.825483826315246, -0.6047085524358317, -0.3422693148758364, 0.01721473201341101, 0.5667219338488194, 1.3193100128322384, 2.1013693211327045, -1.06812624167912, -1.0145004033021472, -0.9246988004162252, -0.7991266599676234, -0.6449424064876484, -0.3618631675985171, -0.026560028059452775, 0.4823814195340889, 1.2921527020404648, 2.0394736222914926, -0.9106119324748436, -0.8544981029114144, -0.8581841685104455, -0.7119715236454822, -0.5764510350429182, -0.34411085818888143, -0.034490756691466354, 0.5442610217431162, 1.2372414743363065, 2.023581993983059, -0.5437710362215787, -0.39446844459437513, -0.32552671767243324, -0.3034889050879274, -0.25681280969091286, -0.19862210843588227, 0.10741866823670235, 0.49502785895945034, 1.2405064984229166, 1.9761820186643446, 0.5901595395199237, 0.7811832647956098, 0.8146113881945873, 0.8019584482409136, 0.862461559727945, 0.8825046706377175, 0.9980939300646217, 1.0810213082437663, 1.260978641638539, 1.7167361762623954], "bean_num": 0.5, "model_info": {"det_num_x": 10, "det_num_y": 10, "det_y": 0.03, "det_x": 0.03, "size_x": 0.5, "size_y": 0.5, "med_margin": 0.0015}}