{"source": [137.4158259839291, -89.3224321017026], "intensity": 100, "miu_detector": 0.3, "miu_medium": 1.2, "miu_air": 0.00018, "output": [0.0, 0.0, 0.0, 0.0, 0.0, 0.0, 0.0, 0.0, 0.0, 0.0, 0.0, 0.0, 0.0, 0.0, 0.0, 0.0, 0.6693884820825651, 0.3306115179174349, 0.0, 0.0, 0.0, 0.0, 0.0, 0.0, 0.0, 0.0, 0.0, 0.0, 0.0, 0.0, 0.0, 0.0, 0.0, 0.0, 0.0, 0.0, 0.0, 0.0, 0.0, 0.0], "miu_de": 0.5, "input": [1.3503890125664884, 0.4001841439123079, -0.14191892494143457, -0.6513935436466315, -0.8745367909690553, -1.0160076821508208, -1.1476165810472125, -1.184547861031797, -1.2297144709819146, -1.2651985425453327, 1.5621975439259506, 0.6601956681094098, -0.0649017884206881, -0.5218334122550146, -0.7825017696925737, -0.9669626277531568, -1.078861702955068, -1.154954602483258, -1.211523559360663, -1.2199749392021961, 1.690040221655839, 0.7695594846894539, 0.035574816240351796, -0.4895189894078872, -0.7593426669932539, -0.934181436945963, -1.0788926665848084, -1.137310885938888, -1.1848713422957822, -1.2043127908560167, 1.7229953462616712, 0.7256563456014387, 0.03308977773188128, -0.41519237906008294, -0.7151209218299515, -0.9286675096882951, -1.021891256023382, -1.0629155642364556, -1.1392608737359367, -1.1386521217680723, 1.7915979150065615, 0.7957162744447939, 0.08409008580622239, -0.4259725338699814, -0.6637262376905617, -0.8618810691870377, -0.9284050671701799, -0.9842110563372926, -1.030757161140038, -1.0724687988367942, 1.7329217655606082, 0.842742074610056, 0.02184260221132307, -0.39447415306549405, -0.6421163957754916, -0.7530590229368623, -0.7829944149089786, -0.8478651460329658, -0.8535388423656701, -0.9156280662947186, 1.7105914187488145, 0.8670552815790542, 0.0984061970688868, -0.3070273032336165, -0.43573293042215616, -0.5375200349255636, -0.5745702058752716, -0.5055086410263242, -0.5636182013222821, -0.7112349968846913, 1.7202860516689589, 0.8266338789674684, 0.16880317941242487, 0.01634744774892944, -0.04793895669171335, -0.05127201868040639, -0.055244247733967744, -0.19004413603099665, -0.09717788346058366, -0.3465812405305616, 1.6337315240664816, 0.9249285777613934, 0.8192031929512426, 0.6740238327951077, 0.6485006822477998, 0.7058442881337381, 0.6572980390703146, 0.625283683966737, 0.5306430578584709, 0.3048508980557492, 1.6316186594431323, 1.6107511573951099, 1.7616477908576391, 1.7206676577935416, 1.5642545361585978, 1.6746573742983186, 1.6660332545713832, 1.6442186310487545, 1.5908052781986353, 1.2872703170307722], "bean_num": 0.5, "model_info": {"det_num_x": 10, "det_num_y": 10, "det_y": 0.03, "det_x": 0.03, "size_x": 0.5, "size_y": 0.5, "med_margin": 0.0015}}