{"source": [-64.40262807196183, -153.08877764989649], "intensity": 100, "miu_detector": 0.3, "miu_medium": 1.2, "miu_air": 0.00018, "output": [0.0, 0.0, 0.0, 0.0, 0.0, 0.0, 0.0, 0.5351012543288907, 0.46489874567110934, 0.0, 0.0, 0.0, 0.0, 0.0, 0.0, 0.0, 0.0, 0.0, 0.0, 0.0, 0.0, 0.0, 0.0, 0.0, 0.0, 0.0, 0.0, 0.0, 0.0, 0.0, 0.0, 0.0, 0.0, 0.0, 0.0, 0.0, 0.0, 0.0, 0.0, 0.0], "miu_de": 0.5, "input": [1.7488303623662205, 1.1919956714709612, 0.9813843232382671, 0.9645310686877931, 0.8611169003934718, 0.9163465685383685, 0.8282927632519927, 0.89480962297742, 0.790513508325496, 0.6040865881910593, 1.9892189201268313, 1.218467804706906, 0.515643592800461, 0.07854429705641582, -0.18725626977271195, -0.25093665147122307, -0.27816812303759936, -0.32614985854239514, -0.3540980301928054, -0.4900875368797466, 2.0379431240015595, 1.2869412478362061, 0.5626702540488713, -0.01430811542517682, -0.36341949661403494, -0.5761857636919676, -0.6873969598904396, -0.7587511463866248, -0.8542560386259643, -0.9104045639136947, 2.087599417461358, 1.297123979804252, 0.5341852945459779, -0.029179905170164014, -0.3734698186687657, -0.6584186998661327, -0.8067218999703971, -0.9200674576322128, -0.9865686798672846, -1.0911455732523585, 2.0556468387676, 1.3003535795558898, 0.5012270564227764, 0.017034204473773625, -0.36523880389482377, -0.6592548781673963, -0.8343606442596286, -0.9517454544897925, -1.0417573891582854, -1.11861492243089, 2.062028082050265, 1.2840160824330404, 0.5219698634109676, 0.001518278517764813, -0.36616108837853734, -0.6667059725939313, -0.8409508264608019, -0.995365762573973, -1.050793178305858, -1.1415449874810684, 2.0017371288479664, 1.2275509264338378, 0.5321277778309029, -0.0011078534829257103, -0.38421877613375155, -0.6886468933663142, -0.8613477698616874, -0.9792701938461441, -1.0803788567745298, -1.1571444436943414, 2.0186851946468813, 1.2687092374392395, 0.5338814392773082, -0.014103436465158242, -0.38964980499896307, -0.7025034168515365, -0.8892700020490898, -1.0072310890512441, -1.092192052383434, -1.1586817637998357, 1.96746392728802, 1.228200793774984, 0.4877780934016233, -0.1232741134003912, -0.4682489624299827, -0.7253934018917677, -0.8929158291452092, -1.0223652606284894, -1.1125983138234237, -1.1786822169916271, 1.649310151327265, 0.8316131950589033, 0.162162841196033, -0.3039623204450006, -0.6249977618144194, -0.8253901635791375, -0.9887431035279806, -1.0785111725801424, -1.1472399914663345, -1.195706540435385], "bean_num": 0.5, "model_info": {"det_num_x": 10, "det_num_y": 10, "det_y": 0.03, "det_x": 0.03, "size_x": 0.5, "size_y": 0.5, "med_margin": 0.0015}}