{"source": [139.4815909777481, -94.40625631146041], "intensity": 100, "miu_detector": 0.3, "miu_medium": 1.2, "miu_air": 0.00018, "output": [0.0, 0.0, 0.0, 0.0, 0.0, 0.0, 0.0, 0.0, 0.0, 0.0, 0.0, 0.0, 0.0, 0.0, 0.0, 0.0, 0.787953663924441, 0.21204633607555906, 0.0, 0.0, 0.0, 0.0, 0.0, 0.0, 0.0, 0.0, 0.0, 0.0, 0.0, 0.0, 0.0, 0.0, 0.0, 0.0, 0.0, 0.0, 0.0, 0.0, 0.0, 0.0], "miu_de": 0.5, "input": [1.6095124986912739, 0.6095378126920573, -0.07962591213287067, -0.49264595151387236, -0.7925945591315279, -0.972745985626481, -1.100599789125342, -1.169317441872089, -1.1988233074999213, -1.2607593550713252, 1.8123624322046772, 0.8834822498672732, 0.19679840940256624, -0.3342044108390811, -0.6567711741161169, -0.8612072710630466, -1.0328076149915952, -1.1230526488680743, -1.1867336448347379, -1.2413478930717803, 1.7777308438628252, 0.9604034451249716, 0.24468249060441866, -0.2842351711880129, -0.6657192595014632, -0.8444403956335851, -1.0217663852805887, -1.0963882860512058, -1.1760632080208502, -1.2228434608594687, 1.8572293945569303, 1.0100029519704439, 0.21089215293753993, -0.24068979965705067, -0.6233954692613646, -0.8643969635009654, -0.9776816104480534, -1.0750834670867115, -1.1635620244367089, -1.2155996264518871, 1.8699017328979446, 1.0175657475488924, 0.2600742659192718, -0.3120435170523244, -0.6373595517888001, -0.8076596849980948, -0.9204454624486205, -1.0374238856106655, -1.076215859920546, -1.1313254504255759, 1.82504296826918, 1.0622307515723293, 0.22547730758785495, -0.19264568448272593, -0.5884659913194079, -0.7710196589377831, -0.8564227347947523, -0.9319142390247706, -0.9672284311040611, -1.0723783329870566, 1.7962707017861046, 1.0359452746316016, 0.2857361898620815, -0.21369318539277957, -0.5323474432198098, -0.6459730454354031, -0.7136930245031793, -0.6751056549242819, -0.7413046812011249, -0.876985590462113, 1.7188801662662971, 0.9373208989557497, 0.3304935076880288, -0.09052594608475095, -0.2546031713368271, -0.3004010836162823, -0.3033522317504727, -0.29691234717611725, -0.3469108010982037, -0.5107092844487799, 1.7292248897763347, 0.9477578222266257, 0.511503854722598, 0.4328446609648404, 0.3970030406747731, 0.43372795275810544, 0.4542714709225237, 0.37128335100599136, 0.3714504035806273, 0.09731219373395045, 1.7073825108689749, 1.4616197783697877, 1.5318013155087522, 1.504654483636077, 1.50581956772155, 1.4189055830613158, 1.4952913357438504, 1.385250444481398, 1.410396935686366, 1.075092272336341], "bean_num": 0.5, "model_info": {"det_num_x": 10, "det_num_y": 10, "det_y": 0.03, "det_x": 0.03, "size_x": 0.5, "size_y": 0.5, "med_margin": 0.0015}}