{"source": [-132.85902651964494, -103.99677658285258], "intensity": 100, "miu_detector": 0.3, "miu_medium": 1.2, "miu_air": 0.00018, "output": [0.0, 0.0, 0.0, 0.0, 0.7719521742915498, 0.22804782570845017, 0.0, 0.0, 0.0, 0.0, 0.0, 0.0, 0.0, 0.0, 0.0, 0.0, 0.0, 0.0, 0.0, 0.0, 0.0, 0.0, 0.0, 0.0, 0.0, 0.0, 0.0, 0.0, 0.0, 0.0, 0.0, 0.0, 0.0, 0.0, 0.0, 0.0, 0.0, 0.0, 0.0, 0.0], "miu_de": 0.5, "input": [-1.2060357039995209, -1.160882974364488, -1.097848857321207, -0.9876398943250444, -0.880592196067171, -0.663272206417048, -0.3597133816945054, 0.13589065978090395, 0.8286852659125655, 1.5788519640789207, -1.199641482970911, -1.1238942236186094, -1.0404230159679415, -0.9166571157082746, -0.7549633188197589, -0.4910362738950518, -0.11837711142454405, 0.36062531653116486, 1.0916579509881101, 1.850745526862517, -1.1878926213243703, -1.105468080668123, -1.0263910341980707, -0.9050974900825026, -0.7266010250691219, -0.4915183818671204, -0.03977412452762859, 0.4544617565713588, 1.1794940438868347, 2.0017304297809027, -1.1911991417959342, -1.1148797865816438, -1.0257122670749113, -0.900265968416378, -0.728255480298338, -0.4984276626068356, -0.057844002505150406, 0.4831206331491226, 1.2355671796723096, 1.953780537222396, -1.163954975596641, -1.0990533083914937, -0.997110613154382, -0.9027161979609502, -0.7084289081957698, -0.46992051241470884, -0.022345410642286963, 0.48442707042752264, 1.2379351883290044, 2.0545377391464714, -1.1188734258384467, -1.0793488120761912, -0.9713674392706655, -0.9140777787050886, -0.6923918428769433, -0.45803421128149807, -0.08197615583194953, 0.41748275044419814, 1.1987175284652711, 1.9749146968286246, -1.0441892347869342, -0.9814359330370931, -0.8885318062713146, -0.8012177541135276, -0.67137904835726, -0.5057927861068812, -0.048273673187907436, 0.4802763117174778, 1.250351340740912, 2.0329300173566303, -0.8299355890682569, -0.6941915122972301, -0.6552236326749039, -0.6304174765134343, -0.5481514670835272, -0.35591846637693647, 0.02183815851479707, 0.42399663592026177, 1.144362878773732, 1.9790610571618865, -0.3042409177910099, -0.15598343928355934, -0.0995567549483535, -0.0745653921129209, -0.055638563595192043, 0.011477032607880243, 0.1631351433537155, 0.45988141501219887, 1.1161361414697917, 1.9032794647712719, 0.834256740797072, 0.979221673540086, 1.0062286722587668, 1.0172594643783486, 1.100230039351383, 1.1500996940988155, 1.105255034946963, 1.2556241786618108, 1.3162702228127163, 1.7507503071287576], "bean_num": 0.5, "model_info": {"det_num_x": 10, "det_num_y": 10, "det_y": 0.03, "det_x": 0.03, "size_x": 0.5, "size_y": 0.5, "med_margin": 0.0015}}