{"source": [54.897123852487894, -164.580608510962], "intensity": 100, "miu_detector": 0.3, "miu_medium": 1.2, "miu_air": 0.00018, "output": [0.0, 0.0, 0.0, 0.0, 0.0, 0.0, 0.0, 0.0, 0.0, 0.0, 0.0, 0.0, 0.9503871007572239, 0.049612899242776114, 0.0, 0.0, 0.0, 0.0, 0.0, 0.0, 0.0, 0.0, 0.0, 0.0, 0.0, 0.0, 0.0, 0.0, 0.0, 0.0, 0.0, 0.0, 0.0, 0.0, 0.0, 0.0, 0.0, 0.0, 0.0, 0.0], "miu_de": 0.5, "input": [1.4355609194861687, 0.5350380857353627, -0.1030883335068064, -0.5132857676127367, -0.7885150893073544, -0.9677432443410786, -1.0634733040837134, -1.1507458150143635, -1.2024874682629474, -1.2313334926270176, 1.780752782932063, 0.8695170915718083, 0.12981689380871447, -0.3833573178807493, -0.6679845667332996, -0.8856127652935106, -1.0321546171295506, -1.1242911036014043, -1.1749493331551544, -1.2147803616533654, 1.819579242819995, 0.938479607254314, 0.16838107223505444, -0.3194018220744306, -0.6421707330948551, -0.8534778773921142, -1.0025509572609363, -1.0907074207252636, -1.1512002640755459, -1.206150256943554, 1.8578345281707773, 0.9252609318347247, 0.2052209435935128, -0.31061838230429, -0.6378827478250838, -0.8248466071286151, -0.983816166423528, -1.0753724675036556, -1.131292157670235, -1.1796974590978508, 1.8905784027858878, 0.9261400850199937, 0.243231950238857, -0.28011990098085215, -0.5810933493736087, -0.8257966046674936, -0.9375570347265239, -1.0298194967227892, -1.0720264958540882, -1.129234996022911, 1.8266298094509765, 1.0051527771842819, 0.26141304487237843, -0.26830263970186247, -0.575771171906121, -0.7893958395910123, -0.8887632152051282, -0.912680115107582, -0.9501869916162009, -1.0242212074358037, 1.8679739346969433, 1.015700841958583, 0.3014190834068591, -0.23006375138722762, -0.5327980700170296, -0.6425602799420786, -0.6884839247987079, -0.7057061977959784, -0.7427365711351239, -0.8435669643951181, 1.8786727068898252, 0.978694806866741, 0.30836169849175865, -0.09465195071836675, -0.2082353023233122, -0.22671640487777522, -0.2916709078794616, -0.33586218674339935, -0.37403719992712964, -0.5560264084037903, 1.8471853191186327, 0.9982854557009956, 0.5788712664096437, 0.4793755811390913, 0.46212532796854294, 0.42350627012877917, 0.3453629858586437, 0.34425979249115346, 0.3000880470082582, 0.093679701188404, 1.6856395404750932, 1.56120371699166, 1.478965786768942, 1.4737189197485459, 1.535505382952764, 1.4861187000099572, 1.4807450119930488, 1.4106747867550824, 1.3569296969401112, 1.1394205480265693], "bean_num": 0.5, "model_info": {"det_num_x": 10, "det_num_y": 10, "det_y": 0.03, "det_x": 0.03, "size_x": 0.5, "size_y": 0.5, "med_margin": 0.0015}}