{"source": [164.57658759159617, 64.6242036186815], "intensity": 100, "miu_detector": 0.3, "miu_medium": 1.2, "miu_air": 0.00018, "output": [0.0, 0.0, 0.0, 0.0, 0.0, 0.0, 0.0, 0.0, 0.0, 0.0, 0.0, 0.0, 0.0, 0.0, 0.0, 0.0, 0.0, 0.0, 0.0, 0.0, 0.0, 0.0, 0.6179531992133515, 0.3820468007866485, 0.0, 0.0, 0.0, 0.0, 0.0, 0.0, 0.0, 0.0, 0.0, 0.0, 0.0, 0.0, 0.0, 0.0, 0.0, 0.0], "miu_de": 0.5, "input": [1.6874245608472154, 0.9519215267553204, 0.2738951935103174, -0.21278434880988395, -0.5315628620554649, -0.7667884518391987, -0.9046589957586498, -1.0009221555417684, -1.0681773796441714, -1.1308163683110282, 2.1487098588705296, 1.3651181159609582, 0.5749283734560128, -0.05837028832596295, -0.29336640220477944, -0.6709882066227604, -0.8015394532072114, -0.9578825458311225, -1.0351116580015605, -1.0968713662724288, 2.211941549046267, 1.3197949320001057, 0.6644211118582793, 0.13809823816348998, -0.3004419218205249, -0.6076998972307199, -0.7936647925862741, -0.8976971615836652, -0.9888382574969578, -1.0896659580999566, 2.1400545183758983, 1.371301139829491, 0.6913544799762332, 0.19367195928945863, -0.26123691511989994, -0.5340136080929611, -0.7193061993965135, -0.897916796772131, -0.9891885188048972, -1.0760005968895876, 2.15323482146802, 1.3671776391821988, 0.6857485763926744, 0.13440820466296285, -0.24058142133684396, -0.5789877247963592, -0.7527848338485921, -0.9258870065804801, -0.9906339767876305, -1.0598631895563269, 2.1221101333035532, 1.3388366140764292, 0.6949264777886259, 0.14148770982212905, -0.26766117200398937, -0.5963980295949582, -0.7627211936574885, -0.9030457359991048, -0.9809167543796838, -1.0771462037393569, 2.2331715967256947, 1.3855929886138345, 0.736161854217703, 0.10486586773635587, -0.22556763244035782, -0.5485091961959571, -0.7189164330539226, -0.8880520129215932, -0.978906882715255, -1.0712731201248988, 2.08358649161893, 1.3268574110813556, 0.6881031758274441, 0.07149750811353565, -0.2961462230909961, -0.5825474920311804, -0.7765481781818683, -0.8566657279913944, -0.9888848114457481, -1.0523024511032821, 2.034900296569246, 1.2515670322803, 0.6122519853243543, 0.02983099992003285, -0.29407690976373707, -0.5638364943605993, -0.6194825414453713, -0.8037525960311903, -0.8458226567890005, -0.9481645753197534, 1.7984866774214312, 1.1218861153889312, 0.6964027875779084, 0.3987431696926041, 0.3634750526309121, 0.2232022461573078, 0.25643680296876753, 0.16718646928171813, 0.07403672235191196, -0.14721470252945978], "bean_num": 0.5, "model_info": {"det_num_x": 10, "det_num_y": 10, "det_y": 0.03, "det_x": 0.03, "size_x": 0.5, "size_y": 0.5, "med_margin": 0.0015}}