{"source": [128.66119924140196, -120.95089310652529], "intensity": 100, "miu_detector": 0.3, "miu_medium": 1.2, "miu_air": 0.00018, "output": [0.0, 0.0, 0.0, 0.0, 0.0, 0.0, 0.0, 0.0, 0.0, 0.0, 0.0, 0.0, 0.0, 0.0, 0.0, 0.8034160508359574, 0.19658394916404262, 0.0, 0.0, 0.0, 0.0, 0.0, 0.0, 0.0, 0.0, 0.0, 0.0, 0.0, 0.0, 0.0, 0.0, 0.0, 0.0, 0.0, 0.0, 0.0, 0.0, 0.0, 0.0, 0.0], "miu_de": 0.5, "input": [-1.1244010660869925, -1.0971232769948578, -1.0742376541191243, -1.052348320309953, -1.090088376619755, -1.0660294713401373, -1.0783639426729226, -1.0676296687315032, -0.961945185387004, -0.1480913948175354, -1.0577199990108281, -1.0355819508823982, -1.018753670537332, -0.9846894008682686, -0.9985635739184349, -0.9904262921182285, -0.9714690395249541, -0.9935550514063153, -0.8665666000052923, -0.018366578642913724, -1.0309277310106446, -0.9596692773910234, -0.8875235321151778, -0.8685845564169578, -0.9072386601476542, -0.8454814346658768, -0.854849651457119, -0.8630296628374089, -0.8111428720041602, -0.04909758170157295, -0.863348356557774, -0.8016388176200195, -0.7735288484503778, -0.7702969058317606, -0.7187639086694455, -0.6896900439109782, -0.7078924000924518, -0.7255494847806375, -0.674010428730187, 0.1386426616176131, -0.6847932009016048, -0.562997598988714, -0.5405434505729717, -0.5164942828190259, -0.5398562817065983, -0.5421724646583914, -0.5320418064891054, -0.5337977898393426, -0.4854643942483998, 0.0425585523984325, -0.5481633818364331, -0.28038415630599245, -0.28957541950096394, -0.26169270908408887, -0.3283733781313499, -0.28047416368307765, -0.21448571848029144, -0.2536781852856738, -0.29798342272185757, 0.12562894567981317, -0.27461464293927823, 0.032983002460087105, 0.07861125549270503, 0.24342928069754088, 0.25641488573398113, 0.1607094695020643, 0.027399553442179102, 0.1778898285128972, -0.001343721091061909, 0.27988300710968955, 0.14904184605502124, 0.600911719578657, 0.675882732959289, 0.7176524608734004, 0.6611252652229734, 0.6913747774319828, 0.617812680449069, 0.6677743401294847, 0.6632113616729839, 0.5761666308841413, 0.9665498451944882, 1.3506444843872702, 1.3536921562302389, 1.581586944811436, 1.4250491519998618, 1.4162878102228857, 1.3386953159111545, 1.4294264865869941, 1.322090373514454, 1.1052495105441458, 1.7194444652680854, 2.142394701889758, 2.1370851144937375, 2.0953013422039155, 2.2591050592838187, 2.0919381002558235, 2.1219017303498764, 2.25054058634537, 2.076391573293253, 1.6986658269796437], "bean_num": 0.5, "model_info": {"det_num_x": 10, "det_num_y": 10, "det_y": 0.03, "det_x": 0.03, "size_x": 0.5, "size_y": 0.5, "med_margin": 0.0015}}