{"source": [173.65258487283344, 52.43887571077554], "intensity": 100, "miu_detector": 0.3, "miu_medium": 1.2, "miu_air": 0.00018, "output": [0.0, 0.0, 0.0, 0.0, 0.0, 0.0, 0.0, 0.0, 0.0, 0.0, 0.0, 0.0, 0.0, 0.0, 0.0, 0.0, 0.0, 0.0, 0.0, 0.0, 0.0, 0.13299503242230304, 0.867004967577697, 0.0, 0.0, 0.0, 0.0, 0.0, 0.0, 0.0, 0.0, 0.0, 0.0, 0.0, 0.0, 0.0, 0.0, 0.0, 0.0, 0.0], "miu_de": 0.5, "input": [-1.1676068848608325, -1.131935072734887, -1.1206359949457205, -1.1160785080173012, -1.1092082990990026, -1.0972514678120366, -1.069916524127541, -1.0179376398367794, -0.7235446190568334, 0.29496924487240367, -1.0992802448876096, -1.0706396062449746, -1.0395988867820343, -1.038892072823564, -1.0456231190717193, -1.0059020132626704, -0.9960789645232087, -0.9112726760248099, -0.6060309819017835, 0.5123716287135118, -1.0489936154516866, -0.9815300648838037, -0.9624811068707232, -0.9662801571725914, -0.9409681924815662, -0.9093395935135075, -0.9028189826039809, -0.8680312637358416, -0.5578645805574122, 0.5421836130691837, -0.9389943602157386, -0.8763204522374299, -0.8353234105723619, -0.805744450430146, -0.8086500944143427, -0.8067521243154194, -0.7740161398044535, -0.7403134367383001, -0.5180743701835309, 0.5994478740483781, -0.7907558145061139, -0.6622790600029697, -0.641619860331089, -0.6561025990228733, -0.6153453922520902, -0.6083972543284659, -0.5993244210225662, -0.5749927046440341, -0.39929350723774243, 0.6244181420378866, -0.5693609062679343, -0.4268799928403184, -0.351877505933831, -0.3331247100828708, -0.33406764985604165, -0.3319957189565867, -0.3583009162815778, -0.3415286903755847, -0.26039200690153913, 0.6465862110769471, -0.2667601251172187, -0.028178088810184864, 0.010933648493391126, 0.03749337872645168, 0.06134486011927272, 0.053625679809604206, 0.06659201688496566, 0.062485028382850465, 0.05392512271021982, 0.747054639794772, 0.21448914550434672, 0.4810511936602225, 0.5703905674362013, 0.6084779351331907, 0.58940567510594, 0.5828441501311288, 0.6224884731116886, 0.5953192904115459, 0.5701097021494177, 0.8309680644270008, 0.8637771872228782, 1.2222704485513889, 1.297527411797294, 1.3604367722770434, 1.3311279356137968, 1.3854674754408383, 1.3645826222443183, 1.3057962406417465, 1.297947121285823, 1.2304860554460304, 1.6196747610448028, 2.0163738680900947, 2.1268554446288293, 2.0752443992594714, 2.123949559938071, 2.1096130042965617, 2.1432306962083, 2.1110802922881198, 2.0511067020639935, 1.7449836128178589], "bean_num": 0.5, "model_info": {"det_num_x": 10, "det_num_y": 10, "det_y": 0.03, "det_x": 0.03, "size_x": 0.5, "size_y": 0.5, "med_margin": 0.0015}}