{"source": [190.34999949628255, 15.54099989709289], "intensity": 100, "miu_detector": 0.3, "miu_medium": 1.2, "miu_air": 0.00018, "output": [0.0, 0.0, 0.0, 0.0, 0.0, 0.0, 0.0, 0.0, 0.0, 0.0, 0.0, 0.0, 0.0, 0.0, 0.0, 0.0, 0.0, 0.0, 0.0, 0.0, 0.48138627818478624, 0.5186137218152138, 0.0, 0.0, 0.0, 0.0, 0.0, 0.0, 0.0, 0.0, 0.0, 0.0, 0.0, 0.0, 0.0, 0.0, 0.0, 0.0, 0.0, 0.0], "miu_de": 0.5, "input": [1.2319280943887545, 1.5129968507066147, 1.6375512221156285, 1.6625853980217729, 1.6199622632733524, 1.702284582546297, 1.6278356377569434, 1.6282934042449417, 1.562872510764784, 1.577771428840986, 0.3295086309822018, 0.5487164181574823, 0.6521965445416426, 0.6017759332367748, 0.6692537047574344, 0.7013254325980973, 0.6906747475001481, 0.7094633336367402, 0.9028114817108883, 1.7462260842601163, -0.3280708558642991, -0.14193611959559374, -0.09137898702385276, -0.10012748809191743, -0.005105192165963484, 0.016895201831643083, -0.02772303641179346, 0.13468932543984766, 0.7676227917248832, 1.7154668548208238, -0.7149654637539332, -0.6349031664230229, -0.5620855143821578, -0.5158295620035701, -0.5208822180299149, -0.43923649492845257, -0.3087008666126003, 0.1149973807624242, 0.8041962158629244, 1.7403184039626556, -0.9207966829327746, -0.8426516951375213, -0.8333397621635851, -0.795229229418932, -0.7180646243418788, -0.6504670620769318, -0.3821676380872283, 0.10397982726148033, 0.8195152447439581, 1.753420655249124, -1.1016437352944979, -1.013085408562091, -0.9951861488801482, -0.9778596101227327, -0.9052702680093706, -0.6693733742468341, -0.41104228605309745, 0.07118493779047491, 0.8859380072162203, 1.796723259537331, -1.1646714976683117, -1.1245394762593333, -1.09434690677074, -1.0404730472062407, -0.930300739987804, -0.751109526979856, -0.44103348267583237, 0.08274119254245021, 0.7670818236998329, 1.6613656530637142, -1.2110950852596705, -1.1851865399910446, -1.1429065116677346, -1.0730924671834585, -0.9247618735604954, -0.7434109573844465, -0.4343708896143015, 0.05637804070944683, 0.8282633178353699, 1.641278347688802, -1.2447334839034485, -1.209161608404445, -1.1456671204868074, -1.1077783940691939, -0.9588999255937405, -0.7965498296723083, -0.5061207428790754, 0.014715309115091708, 0.7146793822428412, 1.7046827838191834, -1.2744714368902332, -1.221473751972726, -1.1903844519948317, -1.147911170952189, -1.0293455006735375, -0.8533571536752638, -0.591697927061471, -0.21631656253722104, 0.43205484271764377, 1.4180680499106741], "bean_num": 0.5, "model_info": {"det_num_x": 10, "det_num_y": 10, "det_y": 0.03, "det_x": 0.03, "size_x": 0.5, "size_y": 0.5, "med_margin": 0.0015}}