{"source": [-148.66743101161427, -128.3657308566899], "intensity": 100, "miu_detector": 0.3, "miu_medium": 1.2, "miu_air": 0.00018, "output": [0.0, 0.0, 0.0, 0.0, 0.46569882391952094, 0.5343011760804791, 0.0, 0.0, 0.0, 0.0, 0.0, 0.0, 0.0, 0.0, 0.0, 0.0, 0.0, 0.0, 0.0, 0.0, 0.0, 0.0, 0.0, 0.0, 0.0, 0.0, 0.0, 0.0, 0.0, 0.0, 0.0, 0.0, 0.0, 0.0, 0.0, 0.0, 0.0, 0.0, 0.0, 0.0], "miu_de": 0.5, "input": [0.5282478109401118, 0.7044922632329098, 0.7748763763711948, 0.749301429346661, 0.772098297011785, 0.8706587810014048, 0.8606488989930362, 0.9736678675255209, 1.1922560562004096, 1.721287970448151, -0.5539702627491335, -0.3953296355035055, -0.3427286045385105, -0.36659787327629667, -0.27397530292793765, -0.15270074171694215, 0.05042419361414665, 0.4696263586163402, 1.188490242372431, 1.9727358694265862, -0.9589081241327247, -0.858166865462558, -0.8076352719060026, -0.6915077931116318, -0.5649066888256723, -0.3423396749679979, 0.029754239696975403, 0.5813152102650774, 1.229122258484668, 2.099597936411808, -1.082613628750863, -1.0052221398618046, -0.9359387175658179, -0.7820502111509302, -0.6245167027798635, -0.3597832618337327, 0.01866828257001413, 0.5465169745477845, 1.3062113763245597, 2.110639171447262, -1.1081901414643933, -1.041055194905229, -0.9472817820691082, -0.8335910713272181, -0.6722638710645794, -0.3475334418619364, 0.024736693653997326, 0.5220920076342737, 1.3226649873318472, 2.1316032784204384, -1.1350111461565142, -1.0559845018648046, -0.9476256805134796, -0.8625667703476839, -0.66417278128108, -0.35390413819308925, 0.0008603220761352957, 0.579420292689072, 1.37281747206914, 2.025993468646265, -1.157693166643082, -1.0743217658355642, -0.9834456442715179, -0.8816680936079573, -0.6725151715317362, -0.34499950514070943, -0.005722808105021297, 0.5178810741561941, 1.230831305497826, 2.1442582714687575, -1.1600242162558065, -1.0903904424838615, -0.9892385973409286, -0.8605398765052474, -0.6562899907593253, -0.3704616962452511, -0.027261821128582196, 0.4871194880634369, 1.2702521874500987, 2.0860426325324046, -1.168737685306602, -1.1052534800628104, -0.9914705340922694, -0.8702805267512868, -0.7160445985762588, -0.406255579143771, -0.1290282227783777, 0.44271773257093505, 1.1923085388653558, 2.032555511195241, -1.1778536629302576, -1.1399924572526012, -1.0534509727788883, -0.9478771714255415, -0.796251790606736, -0.6057774490933698, -0.274827759969143, 0.12859434305672135, 0.7966682336491325, 1.6656910028574559], "bean_num": 0.5, "model_info": {"det_num_x": 10, "det_num_y": 10, "det_y": 0.03, "det_x": 0.03, "size_x": 0.5, "size_y": 0.5, "med_margin": 0.0015}}