{"source": [127.41461631793291, -162.32806291673776], "intensity": 100, "miu_detector": 0.3, "miu_medium": 1.2, "miu_air": 0.00018, "output": [0.0, 0.0, 0.0, 0.0, 0.0, 0.0, 0.0, 0.0, 0.0, 0.0, 0.0, 0.0, 0.0, 0.0, 0.7634340536777733, 0.23656594632222674, 0.0, 0.0, 0.0, 0.0, 0.0, 0.0, 0.0, 0.0, 0.0, 0.0, 0.0, 0.0, 0.0, 0.0, 0.0, 0.0, 0.0, 0.0, 0.0, 0.0, 0.0, 0.0, 0.0, 0.0], "miu_de": 0.5, "input": [0.9924390971978769, 1.1295932653346576, 1.1440310121753288, 1.2004761925584995, 1.18373442657464, 1.2321822443732238, 1.3119228050306944, 1.3432194529425998, 1.4309100791277742, 1.6990546511968831, -0.16064536471672206, 0.08441306847387182, 0.05656316824074177, 0.03878063592159202, 0.10688410156937841, 0.24859950362017055, 0.24931144519804235, 0.4236173308868818, 1.0486192557318923, 1.7678150588753554, -0.6814747060674484, -0.5935257251268361, -0.5603449271626065, -0.454229205004838, -0.492379758105995, -0.3726890643173508, -0.09553722015397138, 0.3999288104061692, 1.1477622846782296, 1.9303149220496227, -0.9853602438680257, -0.9054516095231772, -0.8906203581851977, -0.821729692627095, -0.7013587889752124, -0.46238161288676116, -0.15821061255702495, 0.34805837239980186, 1.1616408617895349, 2.007635090310559, -1.1185752045933195, -1.0582926817650466, -0.9627035305431252, -0.8857746500145547, -0.7232623698430698, -0.4797272225579638, -0.166605928839053, 0.42923370863453775, 1.1714919971233542, 1.9459078706338724, -1.1918976249456341, -1.1089279203593498, -1.052947959567504, -0.9247023590696047, -0.7191711746413106, -0.4676314545530141, -0.11585671066264351, 0.39869736867059613, 1.0696107352657813, 1.9489203051948274, -1.1939852812780478, -1.1349756580176673, -1.037144952867691, -0.9301283389923353, -0.7916898459428423, -0.4629010991403643, -0.14432028789467946, 0.4063891203103541, 1.11930166571676, 1.9106037444843516, -1.2117047106863836, -1.138898304055257, -1.046250823619728, -0.9419528780139653, -0.7241099076884111, -0.5075571642341651, -0.14124661627253912, 0.36639641627416875, 1.136764792520925, 1.9541546511628318, -1.2240652967389183, -1.158290462276767, -1.0726078499303981, -0.9671362650936289, -0.80417340199217, -0.560315330358117, -0.2539422183270317, 0.3091089984339659, 1.06049224281528, 1.8206927297759758, -1.2343689267146096, -1.2170059095278514, -1.130244253109169, -0.9948020185873051, -0.8877166057853921, -0.7161758473656596, -0.3750374726192176, 0.12029452934291937, 0.8282111434151518, 1.6309842519240942], "bean_num": 0.5, "model_info": {"det_num_x": 10, "det_num_y": 10, "det_y": 0.03, "det_x": 0.03, "size_x": 0.5, "size_y": 0.5, "med_margin": 0.0015}}