{"source": [-135.41396097641254, 157.20022275227572], "intensity": 100, "miu_detector": 0.3, "miu_medium": 1.2, "miu_air": 0.00018, "output": [0.0, 0.0, 0.0, 0.0, 0.0, 0.0, 0.0, 0.0, 0.0, 0.0, 0.0, 0.0, 0.0, 0.0, 0.0, 0.0, 0.0, 0.0, 0.0, 0.0, 0.0, 0.0, 0.0, 0.0, 0.0, 0.0, 0.0, 0.0, 0.0, 0.0, 0.0, 0.0, 0.0, 0.0, 0.4731152006303738, 0.5268847993696262, 0.0, 0.0, 0.0, 0.0], "miu_de": 0.5, "input": [1.4508608497332016, 0.5860888953449481, -0.15534198229895038, -0.5309826312500636, -0.798887718402681, -0.9729516624319647, -1.1098584294264338, -1.1646793883385327, -1.2149631301455512, -1.2394955147917237, 1.7531833781193555, 0.8611464376700394, 0.09171903370156176, -0.4124395896917215, -0.7068844681218831, -0.9290037370905799, -1.0374111712909497, -1.118969358705266, -1.1859572866671684, -1.2375848911968295, 1.823592554798199, 0.9699964997502443, 0.12154130824368047, -0.31706585994729497, -0.6855020097848904, -0.9108637710041797, -1.0209671045953004, -1.1058822652169356, -1.167908665600999, -1.2201492728976688, 1.7673249024118118, 0.8721822643794509, 0.15568278728218882, -0.34171758763094584, -0.6282929508209032, -0.866153605106538, -1.0253092578548628, -1.0760611799759978, -1.1373724130090659, -1.1929188920093692, 1.8864488459963256, 0.8941587175139974, 0.1474816444469115, -0.28583591525578933, -0.6531508211081791, -0.7847718763111817, -0.9091467607488729, -1.013210390352853, -1.065869751851594, -1.12297668692091, 1.8542196760879532, 0.9650459208856372, 0.20693859563926414, -0.2725812236230884, -0.6091711787293368, -0.7914813534386247, -0.840227035608708, -0.896435558638322, -0.9502905698341177, -1.0233323087602975, 1.8216592643662137, 0.950352597946857, 0.22045152413032687, -0.27181978182694905, -0.4665174199730565, -0.6031514212211927, -0.6197181151467775, -0.6919810293137024, -0.7072099167599198, -0.8277983960613707, 1.785379734956786, 1.009768239977497, 0.22714458498064, -0.07627026763577958, -0.13568922567719766, -0.2037487200215543, -0.2365913019542849, -0.2507164454584227, -0.28539564447623833, -0.4837034931527812, 1.7900445089512276, 0.9481284241492458, 0.605417098700336, 0.5550859075920911, 0.4671008018559919, 0.4843416977780457, 0.4233186816088203, 0.4566809841294575, 0.4182528146219545, 0.12429381896956691, 1.615336526800097, 1.5569528638657222, 1.5065149865415204, 1.5487476524643364, 1.475007090314745, 1.5488505681670741, 1.5290551284352516, 1.48421854170079, 1.4260617048839301, 1.2045903452730506], "bean_num": 0.5, "model_info": {"det_num_x": 10, "det_num_y": 10, "det_y": 0.03, "det_x": 0.03, "size_x": 0.5, "size_y": 0.5, "med_margin": 0.0015}}