{"source": [208.79556693629834, 34.73419825927206], "intensity": 100, "miu_detector": 0.3, "miu_medium": 1.2, "miu_air": 0.00018, "output": [0.0, 0.0, 0.0, 0.0, 0.0, 0.0, 0.0, 0.0, 0.0, 0.0, 0.0, 0.0, 0.0, 0.0, 0.0, 0.0, 0.0, 0.0, 0.0, 0.0, 0.0, 0.9505611219662347, 0.049438878033765364, 0.0, 0.0, 0.0, 0.0, 0.0, 0.0, 0.0, 0.0, 0.0, 0.0, 0.0, 0.0, 0.0, 0.0, 0.0, 0.0, 0.0], "miu_de": 0.5, "input": [1.4849107409708409, 1.7947726913489772, 1.8111719673754814, 1.8334724529020627, 1.8709131502255907, 1.8768366780286794, 1.9175443464209183, 1.8348884253584459, 1.7914432982888044, 1.6695210329416486, 0.6227667546708573, 0.9600651361251827, 0.9318701661975459, 1.0022227735436702, 1.0362848500920105, 1.0328370539234049, 1.0338011671749436, 1.050258651384212, 1.0329919446542988, 1.5197787190516656, -0.0508358812188998, 0.21939076558166698, 0.23825494134374434, 0.2798049542974607, 0.2591504927064236, 0.2665526944124676, 0.28065536882755865, 0.33268091974828656, 0.5178092924327593, 1.4944481443196544, -0.49767354815259096, -0.32869581745845855, -0.2821123201432738, -0.26403491477786317, -0.256685041438731, -0.2176403912294564, -0.17822086299664228, -0.09452294355703769, 0.4354222065947501, 1.4817472937846352, -0.7753958377286112, -0.639373151090129, -0.6311327617118452, -0.6032006358527436, -0.6183820802646947, -0.5421211962444399, -0.4855168923969594, -0.2522470124265397, 0.3413925678486603, 1.500679559170763, -0.9453685650559829, -0.8754049894121678, -0.862249453028157, -0.811646923033348, -0.8118142489253518, -0.7636307242706575, -0.637880706673228, -0.3039332438175598, 0.33863956959729125, 1.4653010800572892, -1.0706124766592042, -1.0111173003057057, -1.0007053338938747, -0.9770561198804986, -0.9338353442726867, -0.897716699578268, -0.7145050838426826, -0.3360249321880697, 0.3385006219052104, 1.388495429125697, -1.1475048312814426, -1.1179197702782093, -1.0889947247279343, -1.0758624506149985, -1.0359902373717287, -0.9424883209733566, -0.7592677993824387, -0.3821509708806594, 0.33647777822338387, 1.3293306114102823, -1.2112533843969429, -1.1723742440746738, -1.166267430199809, -1.1425758527783723, -1.0887758280261215, -0.9713212985932657, -0.7763442320022564, -0.3916798638139115, 0.2684690477768881, 1.339727712599842, -1.2397621592216979, -1.2235498582032847, -1.208450360707996, -1.1893994390700038, -1.1516815084076806, -1.0363813990038264, -0.8984532982586799, -0.5603841981027805, 0.02946729410521788, 1.059376547349243], "bean_num": 0.5, "model_info": {"det_num_x": 10, "det_num_y": 10, "det_y": 0.03, "det_x": 0.03, "size_x": 0.5, "size_y": 0.5, "med_margin": 0.0015}}