{"source": [-5.941690963840835, 221.65629948542266], "intensity": 100, "miu_detector": 0.3, "miu_medium": 1.2, "miu_air": 0.00018, "output": [0.0, 0.0, 0.0, 0.0, 0.0, 0.0, 0.0, 0.0, 0.0, 0.0, 0.0, 0.0, 0.0, 0.0, 0.0, 0.0, 0.0, 0.0, 0.0, 0.0, 0.0, 0.0, 0.0, 0.0, 0.0, 0.0, 0.0, 0.0, 0.0, 0.0, 0.8293893588127474, 0.17061064118725253, 0.0, 0.0, 0.0, 0.0, 0.0, 0.0, 0.0, 0.0], "miu_de": 0.5, "input": [-1.0061013240974046, -0.9360732544120061, -0.8768618776142468, -0.7717439973466089, -0.6443599825026156, -0.43064867996094014, -0.11809553877160407, 0.286444034327487, 0.9353617752239511, 1.7540520443801424, -0.9945051711420855, -0.9405522853805205, -0.8304569639321381, -0.6932715084087123, -0.5332362768859943, -0.28062484641830227, 0.08790792231894137, 0.5820169143917825, 1.311940486627829, 2.20180380822821, -0.9744290830565724, -0.8972269032690977, -0.8031237698671239, -0.668618084747864, -0.4751779242646477, -0.20633128650481175, 0.16927859037631532, 0.6822984247825001, 1.3905271971789295, 2.207333919594118, -0.9839333509060855, -0.8629305202773822, -0.7918739508744894, -0.6461182239585772, -0.43608279917367926, -0.181669950906881, 0.1714570739876785, 0.7644917647271909, 1.4575505492194725, 2.136099275485039, -0.964263713632089, -0.8884754983858084, -0.7861484855240588, -0.6604746129229828, -0.44715621372823244, -0.16740154637214957, 0.2236565957590522, 0.7528963280909735, 1.4737053929099388, 2.1993445456466207, -0.9925730006070463, -0.8737819430168317, -0.7951015251009184, -0.6432841919369567, -0.4620278143970791, -0.12744150888673467, 0.25281844747670384, 0.7064069125653595, 1.4480282526765746, 2.1454790643237494, -0.9881453203650615, -0.8807434249890289, -0.7881966718873685, -0.649564374840291, -0.4456943227648838, -0.17073943455874854, 0.20054100467485828, 0.7514926649036923, 1.479239106154689, 2.1566402609464146, -0.998149436950002, -0.9052052050701587, -0.8358165481697399, -0.6642107702155047, -0.4572350434896414, -0.1779806543453832, 0.20513534291562524, 0.7580179574124074, 1.421143796884285, 2.2088167489966017, -1.017615995603462, -0.936517215434197, -0.8421377834141615, -0.6993313090041747, -0.5064464791906605, -0.23263277409105435, 0.09878966682267463, 0.6517352672602075, 1.4022851439984945, 2.155332151090795, -1.0498247540842827, -0.9851520828624272, -0.9175903958424114, -0.8018133458021066, -0.6582933164158312, -0.41268565135206686, -0.1346999132978989, 0.29654380865903635, 1.044023125859009, 1.77796446635447], "bean_num": 0.5, "model_info": {"det_num_x": 10, "det_num_y": 10, "det_y": 0.03, "det_x": 0.03, "size_x": 0.5, "size_y": 0.5, "med_margin": 0.0015}}