{"source": [227.39962528155402, 77.18488422905877], "intensity": 100, "miu_detector": 0.3, "miu_medium": 1.2, "miu_air": 0.00018, "output": [0.0, 0.0, 0.0, 0.0, 0.0, 0.0, 0.0, 0.0, 0.0, 0.0, 0.0, 0.0, 0.0, 0.0, 0.0, 0.0, 0.0, 0.0, 0.0, 0.0, 0.0, 0.0, 0.916839553790504, 0.08316044620949607, 0.0, 0.0, 0.0, 0.0, 0.0, 0.0, 0.0, 0.0, 0.0, 0.0, 0.0, 0.0, 0.0, 0.0, 0.0, 0.0], "miu_de": 0.5, "input": [-1.1607030175543207, -1.0853811839978946, -1.0672984843009925, -0.8716194700195264, -0.7843991884850418, -0.5281545660396437, -0.22052434921538153, 0.2683010374215565, 0.8952537139908628, 1.719441702285076, -1.1171703603347896, -1.0385812918265733, -0.9826526924799095, -0.8412253668495184, -0.6344480604656357, -0.44831452099838576, -0.09067359197793567, 0.602439001172003, 1.2059645072482652, 2.1217275278141825, -1.1318057558442534, -1.0825368210840935, -0.9504643152912624, -0.827287932967773, -0.5731311112653992, -0.3573538255723448, 0.10807791986440497, 0.711209056505689, 1.396140357624316, 2.1390096968650103, -1.1306778892423326, -1.074525641222014, -0.9727060369379039, -0.8230747743782185, -0.5394846772714005, -0.30864173858731253, 0.11985561439455189, 0.7174678107630668, 1.4472660836422873, 2.057452615641353, -1.1330181591894244, -1.0550874657530578, -0.9151652847107528, -0.8041715394560094, -0.5437291629348094, -0.3243040006529018, 0.1304186442909185, 0.5742912922485802, 1.3516214569843445, 1.9932550913640839, -1.116907588995989, -0.9878480522181052, -0.9199454196235253, -0.7951834799765864, -0.5526184306574732, -0.28117616505415405, 0.08125699617153187, 0.7213881549751086, 1.3895406433025284, 2.086962098781058, -1.0890774211633643, -0.9542732324047037, -0.8902400752355945, -0.7970473263855088, -0.597888947764524, -0.3162542369840116, 0.10343850948633349, 0.6569132110363648, 1.3993990898309845, 2.0827259723666462, -1.0673227373126044, -0.9648798265424816, -0.8845258597759492, -0.7598355925083248, -0.5902084894942797, -0.33462466869225077, 0.048507167866144146, 0.5410229661492044, 1.3724669331895651, 2.06765966638811, -0.7834762846232047, -0.6987934263750526, -0.6618541288309302, -0.6133581236698374, -0.46248840794492263, -0.25711200546260227, 0.07326451881051159, 0.604854615665937, 1.2352186571121706, 2.015202853415504, 0.2609838374050451, 0.4057609188401696, 0.3742956424402229, 0.43879546015137194, 0.4462841526231559, 0.5395925248873069, 0.6120944434030595, 0.7880942409133939, 1.0860922058440778, 1.8042435934267276], "bean_num": 0.5, "model_info": {"det_num_x": 10, "det_num_y": 10, "det_y": 0.03, "det_x": 0.03, "size_x": 0.5, "size_y": 0.5, "med_margin": 0.0015}}