{"source": [39.775594631148635, 242.07205482201763], "intensity": 100, "miu_detector": 0.3, "miu_medium": 1.2, "miu_air": 0.00018, "output": [0.0, 0.0, 0.0, 0.0, 0.0, 0.0, 0.0, 0.0, 0.0, 0.0, 0.0, 0.0, 0.0, 0.0, 0.0, 0.0, 0.0, 0.0, 0.0, 0.0, 0.0, 0.0, 0.0, 0.0, 0.0, 0.0, 0.0, 0.0, 0.03678488898268284, 0.9632151110173172, 0.0, 0.0, 0.0, 0.0, 0.0, 0.0, 0.0, 0.0, 0.0, 0.0], "miu_de": 0.5, "input": [-1.0877980898800312, -1.0788954752634972, -1.0655077803251989, -1.0596504638354687, -1.0372182298757227, -1.0599662611496368, -1.0773609196005762, -1.0309231159203354, -1.006246515859976, -0.5138292204503371, -1.056289170186128, -0.9747891884808212, -0.9661059349827582, -0.975311639636141, -1.0020891392627547, -0.9779004477346454, -0.9760039641177837, -0.9443636676808097, -0.9459820947860104, -0.4336424339437514, -0.9555151358338564, -0.9025916105032133, -0.8488705996166375, -0.9183246811849848, -0.8368044729046363, -0.864907220455185, -0.8512209011726666, -0.8589602716166534, -0.8122922733382839, -0.40222538257616025, -0.8657831349633457, -0.7297303647703178, -0.7223878032610088, -0.704828279222954, -0.6609123872482544, -0.6914903173842241, -0.6726082448876365, -0.7595366482755344, -0.7798678128800008, -0.3474523363885334, -0.6924555574830916, -0.5692215177297657, -0.4775526571254582, -0.5794291233033133, -0.5009233647480551, -0.46749863194549873, -0.4689080384204821, -0.5379226283558117, -0.5204050132190771, -0.21261267781800539, -0.41101631057544097, -0.32671831352495584, -0.19932358867617692, -0.21326144534303046, -0.16654770854709294, -0.18014516308468514, -0.18685057433121594, -0.24838577507485082, -0.2881120922062361, -0.06977342318318881, -0.1459033029576445, 0.1761703899130527, 0.16487552757367877, 0.2313707369999091, 0.23165559873022581, 0.28396919471023824, 0.17981625577320884, 0.18377286489781575, 0.16741866194338292, 0.08691067147341225, 0.3389305556174571, 0.5223906570567209, 0.6812356369645193, 0.7127354897395228, 0.6985082701938491, 0.743734689549417, 0.732593806811951, 0.7093078303729748, 0.6462837782227305, 0.4276873362058611, 0.885737336828913, 1.291636094408311, 1.465763256540721, 1.4179711391425627, 1.4757300138345524, 1.4943403196712914, 1.4231967953831401, 1.4456951713675528, 1.425326073648816, 1.0336989656748454, 1.6990697674062942, 2.1982156079496717, 2.0729769357980774, 2.14285812823309, 2.256368289098739, 2.241588574846274, 2.0886951323315817, 2.1328530969431196, 2.0717515522428966, 1.7363103350091926], "bean_num": 0.5, "model_info": {"det_num_x": 10, "det_num_y": 10, "det_y": 0.03, "det_x": 0.03, "size_x": 0.5, "size_y": 0.5, "med_margin": 0.0015}}