{"source": [131.7787771597745, -233.49055767237633], "intensity": 100, "miu_detector": 0.3, "miu_medium": 1.2, "miu_air": 0.00018, "output": [0.0, 0.0, 0.0, 0.0, 0.0, 0.0, 0.0, 0.0, 0.0, 0.0, 0.0, 0.0, 0.0, 0.7289144681847272, 0.27108553181527284, 0.0, 0.0, 0.0, 0.0, 0.0, 0.0, 0.0, 0.0, 0.0, 0.0, 0.0, 0.0, 0.0, 0.0, 0.0, 0.0, 0.0, 0.0, 0.0, 0.0, 0.0, 0.0, 0.0, 0.0, 0.0], "miu_de": 0.5, "input": [1.5120883581491011, 0.7475502971681834, 0.03788078244948941, -0.3876787849797354, -0.7396290909461841, -0.899792303972815, -1.0367275942230192, -1.121402810320427, -1.1814286434673467, -1.2239299600010236, 1.8437115653282234, 1.0619681774562115, 0.2901403436262897, -0.22971439149568304, -0.5802269337184321, -0.8060506963904003, -0.9806631478235401, -1.0908771505547945, -1.145848645604187, -1.1970637861102087, 1.9523396300461746, 1.1315591429815572, 0.3568116322677723, -0.18841037902007046, -0.599847046810341, -0.7746429411201811, -0.9484352215380873, -1.0522394779246906, -1.1309816096999818, -1.2043757120883924, 1.8903314909957847, 1.0808599224645297, 0.39266586800950665, -0.2228801451477574, -0.5377205026140663, -0.782241676216885, -0.9218523162074945, -1.0659750632848337, -1.1164680480184777, -1.181138832076729, 1.892100539218429, 1.156888661095784, 0.3212715807940311, -0.14350699186196636, -0.5387984455754362, -0.7616480616683844, -0.9255300125434203, -1.0080997074495741, -1.0903816144997813, -1.1620116342160343, 1.9798976768976062, 1.111953356835474, 0.3880882461641129, -0.1868187064395917, -0.4675167998925145, -0.7184112347802212, -0.8777109117673413, -0.9744309760923281, -1.0396147900707209, -1.094019528401161, 1.9271760943988903, 1.0853927190460133, 0.39680319632423827, -0.14848552888229127, -0.46319383406177705, -0.6846086294902471, -0.7798178361418072, -0.844403395026978, -0.8670799964800843, -0.9749671257104515, 1.9187246660479436, 1.1218546749667462, 0.38627019039834165, -0.07913054809983452, -0.3637249331276918, -0.4414266125178329, -0.5148720991669115, -0.5270686280647527, -0.5281609782094141, -0.6838664616696775, 1.8795844326583084, 1.0863937663597116, 0.4664854543602667, 0.23525480485927458, 0.16916731417112904, 0.12268635014541411, 0.13903318251677677, 0.1140060059984913, 0.0654185269272085, -0.10393273452712361, 1.7507615667111662, 1.4041253663049718, 1.3496407997484727, 1.3710909772542044, 1.3140136388615022, 1.2979030361470931, 1.1975519384081963, 1.257762627972141, 1.1965262242911108, 0.939746840985257], "bean_num": 0.5, "model_info": {"det_num_x": 10, "det_num_y": 10, "det_y": 0.03, "det_x": 0.03, "size_x": 0.5, "size_y": 0.5, "med_margin": 0.0015}}