{"source": [-270.81805798092995, 43.036666123487166], "intensity": 100, "miu_detector": 0.3, "miu_medium": 1.2, "miu_air": 0.00018, "output": [0.0, 0.0, 0.0, 0.0, 0.0, 0.0, 0.0, 0.0, 0.0, 0.0, 0.0, 0.0, 0.0, 0.0, 0.0, 0.0, 0.0, 0.0, 0.0, 0.0, 0.0, 0.0, 0.0, 0.0, 0.0, 0.0, 0.0, 0.0, 0.0, 0.0, 0.0, 0.0, 0.0, 0.0, 0.0, 0.0, 0.0, 0.0, 0.003285880257733038, 0.996714119742267], "miu_de": 0.5, "input": [0.7405238911592549, 0.9763419754766532, 1.036879599646117, 0.9972991497810487, 1.053602206798141, 1.0200195772914822, 1.0651879987919104, 1.1417588042384692, 1.2473162364934915, 1.6823691057472314, -0.4725438402459577, -0.3119888006307001, -0.19490486830254464, -0.1597061906067338, -0.09101563656342869, -0.037381984279392384, 0.05234449265253184, 0.4424403226117067, 1.128349131039089, 1.8764548369358662, -0.8542737269756812, -0.793724180687004, -0.7056280494751467, -0.7437585636899106, -0.5682482331926595, -0.3467788130907092, -0.0666956560268449, 0.4086448577175603, 1.3319871361945508, 2.0327401121075797, -1.0980819125615944, -0.9758908126919343, -0.8815905056486907, -0.7790731011656826, -0.6526063647825889, -0.42226277619780406, -0.039384323776568426, 0.5043952726414582, 1.2500266926997896, 2.012773315872128, -1.118997358501027, -1.080325843067019, -0.9940539066143496, -0.8567179364300608, -0.6546200416563814, -0.3724496491224265, -0.04222433209768804, 0.526704189371558, 1.1864099824244756, 1.996642209537259, -1.172487070815141, -1.098524279646084, -1.0260397273456416, -0.8741496323225725, -0.6940774505253015, -0.38663775268995954, -0.037038295007528456, 0.5008021617327062, 1.1264844418724977, 1.9665920722191474, -1.1822080303343359, -1.07778845613701, -0.9900642310457639, -0.8307515969091438, -0.6400390272414659, -0.4846439980330108, -0.021988086119242817, 0.5490139573868835, 1.1533066025132883, 2.093416068268166, -1.1828440774179603, -1.1399905439887819, -1.008417800798261, -0.8676827643217665, -0.656188433127256, -0.4261596152360553, -0.07413027966910515, 0.4927902273097725, 1.1835040262223229, 2.0676567099161156, -1.1812772994015626, -1.1436023545971294, -1.0441797850700765, -0.9393343136196418, -0.7436724919188762, -0.5590687576738903, -0.10536397384283742, 0.45694934874144216, 1.016148512077496, 1.9881242636332968, -1.2047792772673758, -1.1457107685749353, -1.0545528560640745, -0.9997010352966083, -0.8272214631108588, -0.6738765358204195, -0.21973445763614288, 0.14966043873595838, 0.9100653867943478, 1.6631286120535302], "bean_num": 0.5, "model_info": {"det_num_x": 10, "det_num_y": 10, "det_y": 0.03, "det_x": 0.03, "size_x": 0.5, "size_y": 0.5, "med_margin": 0.0015}}