{"source": [134.29004697654997, 243.62265425631765], "intensity": 100, "miu_detector": 0.3, "miu_medium": 1.2, "miu_air": 0.00018, "output": [0.0, 0.0, 0.0, 0.0, 0.0, 0.0, 0.0, 0.0, 0.0, 0.0, 0.0, 0.0, 0.0, 0.0, 0.0, 0.0, 0.0, 0.0, 0.0, 0.0, 0.0, 0.0, 0.0, 0.0, 0.0, 0.0, 0.2071665624952137, 0.7928334375047863, 0.0, 0.0, 0.0, 0.0, 0.0, 0.0, 0.0, 0.0, 0.0, 0.0, 0.0, 0.0], "miu_de": 0.5, "input": [1.0052780118782383, 1.3057296024764402, 1.3187232307925985, 1.373870722123656, 1.2565529233670811, 1.2806766364561242, 1.4422558591797376, 1.3662419393589182, 1.4219727659876045, 1.6558556754371379, -0.025473310618181286, 0.1478690123629743, 0.15733175347867734, 0.2826106403464332, 0.23727393078926157, 0.33260913088842137, 0.3619389783446437, 0.5929883631114368, 1.0445345761903415, 1.900786003972996, -0.6749712388971161, -0.5384455389440785, -0.4545428886795834, -0.41435076033871987, -0.4110701773044084, -0.33527437404378363, -0.10413565333925741, 0.35567804049709206, 1.0547073809614687, 1.8481708809598796, -0.9260223418274298, -0.8368343062509, -0.8314810639491591, -0.7321024517287, -0.6493271010792125, -0.5327971294456967, -0.14191294784253505, 0.32382253186196164, 1.0727666611546585, 1.9175481989486591, -1.0813684703136863, -1.0250708148607603, -0.9870921208869037, -0.8654482064291639, -0.7674543797844828, -0.48700435524681424, -0.2072486341565139, 0.351868149187554, 1.1158939256362468, 1.8938760082406636, -1.1539685103207284, -1.1246803342606133, -1.0384034416991896, -0.9201903881889995, -0.7303262516291948, -0.5610175537888784, -0.17814548038397088, 0.3090854623084961, 1.0827764792427932, 1.8945454890217917, -1.2025780005660127, -1.12707914877067, -1.0566794652855165, -0.9668533947797212, -0.7943456837557387, -0.5359265398702179, -0.22569591066715028, 0.33643583374886027, 1.1111640260930398, 1.9464875929312588, -1.21124221469054, -1.1615650703707154, -1.0811362805910962, -0.9415125212967096, -0.7855101205903132, -0.5648120485378496, -0.20756093188391922, 0.2821712434463719, 1.0003221825254514, 1.8347784463446215, -1.2103457972680176, -1.1471743611808836, -1.0897239385396582, -0.9938135560328685, -0.8652232767013968, -0.6446836848392422, -0.28330956231012494, 0.23419634638712947, 0.9861529000490667, 1.8186469124319267, -1.2462559625778453, -1.1970532107610283, -1.1332431032039503, -1.0534603338106332, -0.9447245746439876, -0.7342648278844434, -0.4365595953549726, 0.03901519295237705, 0.7004998143247044, 1.582783887205111], "bean_num": 0.5, "model_info": {"det_num_x": 10, "det_num_y": 10, "det_y": 0.03, "det_x": 0.03, "size_x": 0.5, "size_y": 0.5, "med_margin": 0.0015}}