{"source": [-284.59638595785754, 85.65797689832718], "intensity": 100, "miu_detector": 0.3, "miu_medium": 1.2, "miu_air": 0.00018, "output": [0.0, 0.0, 0.0, 0.0, 0.0, 0.0, 0.0, 0.0, 0.0, 0.0, 0.0, 0.0, 0.0, 0.0, 0.0, 0.0, 0.0, 0.0, 0.0, 0.0, 0.0, 0.0, 0.0, 0.0, 0.0, 0.0, 0.0, 0.0, 0.0, 0.0, 0.0, 0.0, 0.0, 0.0, 0.0, 0.0, 0.0, 0.0, 0.8611969871237863, 0.1388030128762136], "miu_de": 0.5, "input": [1.407547572707059, 0.4726694315643928, -0.18417914294070314, -0.6162671231684991, -0.848552662376057, -1.006889647030548, -1.1140281906504692, -1.1883442028524436, -1.2260900125328278, -1.2636359654182505, 1.7772165226401802, 0.7137459531048399, -0.0014840575186500457, -0.46160432026777, -0.7471403274159788, -0.9560979530649731, -1.0846063394180667, -1.1697124447879683, -1.2043596384268567, -1.2463265224048212, 1.6703661328083141, 0.7795632145366438, 0.07723054253800986, -0.43091617113236763, -0.6988218958435781, -0.9092965156024411, -1.0658906296544493, -1.1368583182192311, -1.1709595168500841, -1.2094682211242238, 1.7498106491863228, 0.756263988268917, 0.11398388810403452, -0.3707806471729788, -0.7177413955254807, -0.9094133709664949, -1.0140019687320223, -1.108324954227133, -1.132691482185781, -1.158412476220128, 1.8222214392701943, 0.8786498980956976, 0.061551815329493324, -0.38006984673674654, -0.692203628496471, -0.8886140311074905, -0.9564526064752403, -0.9999565212953705, -1.0290792467834353, -1.085052807787612, 1.8433280282905418, 0.8095718116353005, 0.10566121497895292, -0.3274789490268982, -0.6124698596023326, -0.7939826201915356, -0.8135642300646106, -0.814666020389861, -0.885853927406608, -0.95789086852518, 1.752212324129318, 0.8636733329499446, 0.1959764550513551, -0.31942344231985603, -0.48250245170013145, -0.555312204304687, -0.5878783924452615, -0.5886987710739832, -0.6079835892914904, -0.6976178880579864, 1.7408535228828728, 0.8571455338185823, 0.2683233447711778, 0.0038064903534998987, -0.11493254806110872, -0.07620760643332204, -0.06568181535215264, -0.14562929844080535, -0.19370548169671176, -0.34490155766664576, 1.769557544185361, 0.9483923306351276, 0.6740629762999789, 0.6585188614337553, 0.5823773707385834, 0.5815709983164006, 0.5780464636712185, 0.5838402406741439, 0.4528439256117569, 0.2665239256166425, 1.6415900600339741, 1.5518188551136811, 1.6238881896462174, 1.6291829681098762, 1.6487605515458077, 1.6020280577207837, 1.5334223763746695, 1.5858213736580518, 1.488894457883076, 1.2481916901800632], "bean_num": 0.5, "model_info": {"det_num_x": 10, "det_num_y": 10, "det_y": 0.03, "det_x": 0.03, "size_x": 0.5, "size_y": 0.5, "med_margin": 0.0015}}