{"source": [-155.20635727572883, -256.27532885126107], "intensity": 100, "miu_detector": 0.3, "miu_medium": 1.2, "miu_air": 0.00018, "output": [0.0, 0.0, 0.0, 0.0, 0.0, 0.0, 0.4666757775613233, 0.5333242224386767, 0.0, 0.0, 0.0, 0.0, 0.0, 0.0, 0.0, 0.0, 0.0, 0.0, 0.0, 0.0, 0.0, 0.0, 0.0, 0.0, 0.0, 0.0, 0.0, 0.0, 0.0, 0.0, 0.0, 0.0, 0.0, 0.0, 0.0, 0.0, 0.0, 0.0, 0.0, 0.0], "miu_de": 0.5, "input": [1.7619364034629563, 0.8925138174367662, 0.3237805847284499, -0.1461989750437187, -0.4893778020962765, -0.6821259278125996, -0.849414092713432, -0.9717775754863308, -1.0404636948700834, -1.0994731894025607, 2.134344533030615, 1.3739445864318558, 0.6289704075916086, 0.07671927641570728, -0.3191281748951796, -0.5807702799552202, -0.7622548315268944, -0.9065868859220796, -0.9978462269019576, -1.0583373093288964, 2.20012134851444, 1.397300186707457, 0.677542399376668, 0.18227022069934593, -0.2420744878804618, -0.506691262335921, -0.7277379650001464, -0.8844649547563594, -0.9968558609270942, -1.0708848027128866, 2.1883796556608583, 1.4680833338610735, 0.7498583181927935, 0.19610569958725907, -0.1890812260628607, -0.5089073520340803, -0.7226451098113303, -0.8684692502170503, -0.96252758638781, -1.053501438976474, 2.1365457614842005, 1.4542421374912984, 0.736444819861079, 0.18682519459309935, -0.20964759062787328, -0.46003755146019226, -0.7088633037514839, -0.8336073330288775, -0.960042038021073, -1.0413133546465465, 2.173041838927646, 1.4865669620346886, 0.7115990108742121, 0.19045613715779794, -0.1705253981909275, -0.4902977849538783, -0.7029970776943771, -0.8222786412871157, -0.9492501859017024, -1.0591478922421247, 2.2090660562039224, 1.5133273139928378, 0.7684632772329038, 0.15045586979341813, -0.2331213050516751, -0.51034720673422, -0.6975476255711293, -0.8484687176608463, -0.9526926234840368, -1.0380096727693422, 2.082416200118637, 1.3805689855041559, 0.6774247996061673, 0.1444656009142039, -0.2201137458834368, -0.49774445749155555, -0.6871473649721813, -0.838742137466931, -0.9430881249294991, -1.0469852718946104, 2.141859433633318, 1.3386975930705278, 0.5929449660601949, 0.10142278020680039, -0.25278765582267543, -0.5287741066217686, -0.7005055642973173, -0.8465715830223706, -0.9195985686664014, -1.0120135293768298, 1.7320115253477946, 1.0293078415339894, 0.4386982785655157, 0.1274295456374229, -0.07675764933490797, -0.22798206844615662, -0.30265269237077286, -0.3701869806538373, -0.4356992997601303, -0.5230103343971778], "bean_num": 0.5, "model_info": {"det_num_x": 10, "det_num_y": 10, "det_y": 0.03, "det_x": 0.03, "size_x": 0.5, "size_y": 0.5, "med_margin": 0.0015}}