{"source": [147.4609160664714, -260.6038957985862], "intensity": 100, "miu_detector": 0.3, "miu_medium": 1.2, "miu_air": 0.00018, "output": [0.0, 0.0, 0.0, 0.0, 0.0, 0.0, 0.0, 0.0, 0.0, 0.0, 0.0, 0.0, 0.0, 0.7218831081604508, 0.2781168918395493, 0.0, 0.0, 0.0, 0.0, 0.0, 0.0, 0.0, 0.0, 0.0, 0.0, 0.0, 0.0, 0.0, 0.0, 0.0, 0.0, 0.0, 0.0, 0.0, 0.0, 0.0, 0.0, 0.0, 0.0, 0.0], "miu_de": 0.5, "input": [-1.2401319367237895, -1.1917044830597494, -1.1993361428063676, -1.2005926279361232, -1.158795257184853, -1.1232253294623897, -1.0057348966980753, -0.7746949130744506, -0.25087005046380495, 0.8531476498612877, -1.1883853046201256, -1.1388412957942817, -1.0968222978352369, -1.1115096499221366, -1.0629457900628418, -1.031609887466098, -0.8957254444473358, -0.6595449343862362, -0.07336394818231866, 1.1429992787139942, -1.1392252863997785, -1.065006563668593, -1.0877531090965222, -1.033905017852859, -0.9788009974513121, -1.0147358163611584, -0.9042160774098403, -0.565866321735446, -0.02084126806212454, 1.1007284465172986, -1.0362945283221803, -0.9283924599269321, -0.9315432453875384, -0.9193860700888393, -0.9146548489541103, -0.8519423644779778, -0.7963426740228724, -0.5995411615948686, -0.013578822956588207, 1.1507739858270005, -0.8828104376933276, -0.7492936898298191, -0.7539595286717424, -0.7689431569539273, -0.7311454752214365, -0.7006784915724215, -0.6596190044275927, -0.5040634723373733, 0.027633521128184027, 1.1963798821897984, -0.6665490276201539, -0.5605826135107737, -0.5034247817461007, -0.5126496854908349, -0.460389729287364, -0.4665937970412632, -0.4895482898011239, -0.40107204294516324, 0.0520324396227676, 1.1508022728416745, -0.3296382704274111, -0.15906062767804466, -0.1418994401756064, -0.12086885167373872, -0.12132253405570823, -0.09273708117309315, -0.088171921578313, -0.029217897746207894, 0.13717436142321796, 1.2286192291317997, 0.08819738350587927, 0.4067181382906873, 0.49339767045543687, 0.45778832721854107, 0.4446316678612179, 0.4714633203279231, 0.4181688381587038, 0.45153530216939247, 0.3989977357873691, 1.2131524992218563, 0.7531477277690802, 1.1013369617649569, 1.153349966805884, 1.1682717781787924, 1.1437471515517392, 1.193408691652811, 1.127278485110362, 1.2448544418893566, 1.1279120827635034, 1.3336621310200378, 1.6311782669885593, 1.8761248623618973, 2.0652298562253293, 1.960987531159963, 1.9088587783677573, 1.947688374349857, 1.9928851332429747, 1.94126448215181, 1.870947523686855, 1.6736244952587371], "bean_num": 0.5, "model_info": {"det_num_x": 10, "det_num_y": 10, "det_y": 0.03, "det_x": 0.03, "size_x": 0.5, "size_y": 0.5, "med_margin": 0.0015}}