{"source": [100.87260717911201, -285.6625165152123], "intensity": 100, "miu_detector": 0.3, "miu_medium": 1.2, "miu_air": 0.00018, "output": [0.0, 0.0, 0.0, 0.0, 0.0, 0.0, 0.0, 0.0, 0.0, 0.0, 0.0, 0.0, 0.8389945766468423, 0.16100542335315776, 0.0, 0.0, 0.0, 0.0, 0.0, 0.0, 0.0, 0.0, 0.0, 0.0, 0.0, 0.0, 0.0, 0.0, 0.0, 0.0, 0.0, 0.0, 0.0, 0.0, 0.0, 0.0, 0.0, 0.0, 0.0, 0.0], "miu_de": 0.5, "input": [1.205087686014305, 0.21900168284095878, -0.38638377331163387, -0.7510829360755901, -0.9629213268024175, -1.087481280268235, -1.1709584725980933, -1.223358173499626, -1.224920520156378, -1.2587303162464416, 1.4963166943839892, 0.44870864037263963, -0.19487554131277554, -0.6680262748533896, -0.9070789707137671, -1.051549983163665, -1.1129802768332253, -1.1636631641052948, -1.200606552033888, -1.221921880283844, 1.676509343648556, 0.5201152763544845, -0.19142496162809594, -0.6409175972569453, -0.8447896553215911, -1.0128547706093665, -1.082820700791027, -1.0992030236767731, -1.147482255621654, -1.1620985214829471, 1.503344953828839, 0.5257032767943567, -0.20874506655112576, -0.5911031923267742, -0.8352225131783804, -0.9675845097574842, -1.013636880575845, -1.050697020587072, -1.055279071940649, -1.1082281076504155, 1.531120738787754, 0.5741248771456123, -0.10994013596609654, -0.5502226924898899, -0.7705038277742298, -0.8392826205774285, -0.8716980187375433, -0.9334030231752491, -0.9568976931326489, -1.0122256911042582, 1.6625013380244804, 0.550583376820176, -0.11964638910567114, -0.5469680578424059, -0.6011122449944304, -0.6680841067370729, -0.6810644069165837, -0.7089934429285356, -0.7352291020261745, -0.8261046981056126, 1.5657903745339552, 0.6191372307616264, -0.04248510225000594, -0.2658144645553701, -0.345739202517317, -0.37116587846234267, -0.3631589849146445, -0.43778999280151115, -0.44753599647320313, -0.5698830473050562, 1.5928284434795426, 0.6925709606251205, 0.22845875385040393, 0.14678862392924255, 0.12506126478133, 0.14480378662362414, 0.12075859573617871, 0.15451542045491298, 0.06589518069294319, -0.1932572386961207, 1.6328571587021448, 0.8941971980469564, 0.9203923457697226, 0.8519518511392528, 0.8627527688989028, 0.9222075736928944, 0.8404756225418832, 0.821623468152311, 0.7811370411893236, 0.5090819494265157, 1.6252160636505373, 1.7860914802240468, 1.7950796401738716, 1.8926625151646352, 1.8494085382539682, 1.7299983760687523, 1.7365649145089037, 1.7422374617733623, 1.6435525934443447, 1.3596182694964518], "bean_num": 0.5, "model_info": {"det_num_x": 10, "det_num_y": 10, "det_y": 0.03, "det_x": 0.03, "size_x": 0.5, "size_y": 0.5, "med_margin": 0.0015}}