{"source": [194.4811166007879, -249.88745380954083], "intensity": 100, "miu_detector": 0.3, "miu_medium": 1.2, "miu_air": 0.00018, "output": [0.0, 0.0, 0.0, 0.0, 0.0, 0.0, 0.0, 0.0, 0.0, 0.0, 0.0, 0.0, 0.0, 0.0, 0.789697320025581, 0.21030267997441895, 0.0, 0.0, 0.0, 0.0, 0.0, 0.0, 0.0, 0.0, 0.0, 0.0, 0.0, 0.0, 0.0, 0.0, 0.0, 0.0, 0.0, 0.0, 0.0, 0.0, 0.0, 0.0, 0.0, 0.0], "miu_de": 0.5, "input": [0.5474008801769736, 0.7335028167441144, 0.740041186042603, 0.8721747067136189, 0.8943162844556274, 0.8806881585067922, 1.02628987034685, 0.9873856971740865, 1.1558843154032215, 1.6665897133752807, -0.5448717594828036, -0.4006089022401766, -0.3839652539092495, -0.34482834827030795, -0.2690412034925959, -0.16207846479064625, 0.03436037844952629, 0.529945450508416, 1.1673323604004142, 2.0624311045379335, -0.945370704572565, -0.8340919792356475, -0.8187242634918317, -0.7307756384059413, -0.5680811761004989, -0.35193314348594773, -0.034858065841074024, 0.5000727355900901, 1.3009937574908075, 2.0525162358018605, -1.0766163116281326, -1.000678061717259, -0.9346134758161545, -0.8165265375554577, -0.6366468545391057, -0.4300086528268115, 0.011737032547872422, 0.5241686348089789, 1.2473567202622817, 2.000737630366454, -1.1198618695148324, -1.0510826593817675, -0.9461783529806493, -0.8412432837991538, -0.6387475294642937, -0.35105788399299315, 0.05111960121996144, 0.50792637637961, 1.3773064712727232, 2.173440979610657, -1.1343248718836916, -1.0536214645231798, -0.9637794148600082, -0.8491832487150194, -0.6359041260736721, -0.3745556902539793, 0.013577624063580469, 0.5291998871553036, 1.325454911943171, 2.071641262142844, -1.1611746031045835, -1.0612831289572526, -0.9904864483512802, -0.8438844396860126, -0.6431907131419164, -0.34175398802306606, -0.012524748971013761, 0.5563860938988607, 1.3017010939304832, 2.0274781219557796, -1.1676849431109948, -1.1027050485385683, -0.9868288187404943, -0.8653489027930039, -0.6434697119479619, -0.4022796733782976, -0.040809446911118756, 0.4485499887873259, 1.2484175551125583, 2.0182768895526713, -1.1536733761390905, -1.0804159041473127, -1.0157488278240816, -0.8986854806342984, -0.7126678061995605, -0.4710184507434686, -0.11358815184598216, 0.5071356872380011, 1.1557779825022738, 2.039594356739381, -1.184449275126281, -1.135248424836778, -1.0723012384251926, -0.9427642364403326, -0.7810621871503736, -0.6085717768436141, -0.26363779256274245, 0.170934865304345, 0.8207391612252795, 1.6605321576815122], "bean_num": 0.5, "model_info": {"det_num_x": 10, "det_num_y": 10, "det_y": 0.03, "det_x": 0.03, "size_x": 0.5, "size_y": 0.5, "med_margin": 0.0015}}