{"source": [257.8621362940298, -184.81495162756482], "intensity": 100, "miu_detector": 0.3, "miu_medium": 1.2, "miu_air": 0.00018, "output": [0.0, 0.0, 0.0, 0.0, 0.0, 0.0, 0.0, 0.0, 0.0, 0.0, 0.0, 0.0, 0.0, 0.0, 0.0, 0.0, 0.9588806995161928, 0.04111930048380717, 0.0, 0.0, 0.0, 0.0, 0.0, 0.0, 0.0, 0.0, 0.0, 0.0, 0.0, 0.0, 0.0, 0.0, 0.0, 0.0, 0.0, 0.0, 0.0, 0.0, 0.0, 0.0], "miu_de": 0.5, "input": [1.6523645363378274, 1.944298228187875, 2.0722951381207366, 1.9530197672945855, 1.9964942645285164, 2.051478669828351, 2.0114200522587424, 2.021495067962644, 2.0025150807356384, 1.708317314315006, 0.852419469061933, 1.1810537176119777, 1.2294416569064128, 1.2772906249516067, 1.2295685437026451, 1.387568969539934, 1.2943810545226837, 1.3531430234788127, 1.1901204667349032, 1.2485751112519885, 0.15264478593634462, 0.47826776582873354, 0.5993990358545876, 0.5502184176554258, 0.5183773775274858, 0.59909080085835, 0.5702225133593722, 0.5450635305025157, 0.5117391154323805, 1.061393642927918, -0.26632282449157224, -0.11236003834648067, -0.011753949933994668, -0.017762889602036574, -0.08527530605267825, -0.03173681366005999, 0.009760874090117898, -0.0011146926177100782, 0.07606313435860579, 0.9419970641626888, -0.5953285487566793, -0.5279721667851909, -0.41952280815127446, -0.3985762881399791, -0.3981349602094457, -0.38156434128442845, -0.35968280553796916, -0.3687613628613769, -0.12471374633934756, 0.9494153066523011, -0.8249668824346813, -0.7333069451506968, -0.6989614419136864, -0.7000483509270904, -0.6379062818941353, -0.7275449787648983, -0.6155707028670813, -0.561148217310877, -0.26041409522962317, 0.8764034313279169, -0.9559112209242755, -0.9154282352439685, -0.8464456221882016, -0.8400608589396106, -0.8600132696858293, -0.8397422431240847, -0.8296864689937925, -0.735345327362549, -0.33555400567118554, 0.8326272767305812, -1.0631227119358204, -1.0323146775088876, -0.9975582644096015, -0.9604458486969703, -0.9646473783851673, -0.9784376439304102, -0.9061214578318775, -0.8209136627110397, -0.36040340867409226, 0.8413404391545873, -1.1324150969897369, -1.0968140521695071, -1.0870722983204082, -1.0785735294629442, -1.0737042418413412, -1.0471562132013175, -1.0128996321356216, -0.8268511116973914, -0.3119393280455626, 0.8490290543402745, -1.1803827376801452, -1.1734972891379765, -1.1752934665659225, -1.1479443089247896, -1.1485760337712028, -1.1072551329213227, -1.079178635986115, -0.9145715014471205, -0.541767165403744, 0.6181811971495309], "bean_num": 0.5, "model_info": {"det_num_x": 10, "det_num_y": 10, "det_y": 0.03, "det_x": 0.03, "size_x": 0.5, "size_y": 0.5, "med_margin": 0.0015}}