{"source": [-216.3485765861952, -233.04959173750592], "intensity": 100, "miu_detector": 0.3, "miu_medium": 1.2, "miu_air": 0.00018, "output": [0.0, 0.0, 0.0, 0.0, 0.0, 0.7635213808486466, 0.23647861915135343, 0.0, 0.0, 0.0, 0.0, 0.0, 0.0, 0.0, 0.0, 0.0, 0.0, 0.0, 0.0, 0.0, 0.0, 0.0, 0.0, 0.0, 0.0, 0.0, 0.0, 0.0, 0.0, 0.0, 0.0, 0.0, 0.0, 0.0, 0.0, 0.0, 0.0, 0.0, 0.0, 0.0], "miu_de": 0.5, "input": [-1.2012208071455253, -1.1541230568684204, -1.0782476065994189, -0.9691023164777575, -0.8480613286521342, -0.6500813901869761, -0.31426170374056206, 0.15015568555278044, 0.815617520252297, 1.6112312043061414, -1.174186602701881, -1.1073694392424955, -1.0296856867233217, -0.9156381422893559, -0.7265902759404228, -0.49809440961619866, -0.13121520799542036, 0.41113394847383233, 1.1269144282828092, 1.9356043920103638, -1.159360589807567, -1.1023998137847444, -1.0291852521257054, -0.9000445787753818, -0.7243532868684666, -0.41172223071254804, -0.07804048598108998, 0.48498908932121026, 1.1994754572048392, 2.0153081727158395, -1.1541068281764943, -1.0872308117230798, -0.9938048216445625, -0.8898763031112357, -0.70004502296238, -0.4197038680584258, -0.0715356189916692, 0.5436162025663552, 1.2586597605874266, 2.015232317445588, -1.1504357389942286, -1.0478946634226727, -0.965826730540996, -0.8804981510653718, -0.6803079413901265, -0.42649491087162955, -0.034004273692617236, 0.5150127116882633, 1.290414273159568, 2.0101729397247214, -1.1211295841707478, -1.0347564207389874, -0.9480605437995113, -0.8405666860556378, -0.6474114649056287, -0.41219991640285025, -0.04054490468690251, 0.4852584158843319, 1.2326009230327857, 2.083477019833204, -1.0679145087801654, -0.9825205116154664, -0.9140123072880487, -0.8106027762664113, -0.6394198586152309, -0.41293976826238704, -0.03501910355043655, 0.474321718234483, 1.1835157165862162, 2.066593899419187, -0.8658373510520494, -0.7740806640772614, -0.7297999174052314, -0.7039476207725058, -0.5845797462149279, -0.36236631277053827, 4.340225067365162e-06, 0.4965468713103819, 1.178156468069953, 2.0128951991041437, -0.3913760444259802, -0.27451157566932816, -0.24263135745534967, -0.23857743177336163, -0.16304423254993014, -0.07513564209562491, 0.08366626931706175, 0.4381052125980718, 1.1781606762186456, 2.0465459214480846, 0.6905549324006063, 0.8752128869625014, 0.875740160671047, 0.9519208417004681, 1.0025589554969803, 1.001182777764085, 1.0907859266321125, 1.0814960448047495, 1.3144041787051095, 1.79049268857007], "bean_num": 0.5, "model_info": {"det_num_x": 10, "det_num_y": 10, "det_y": 0.03, "det_x": 0.03, "size_x": 0.5, "size_y": 0.5, "med_margin": 0.0015}}