{"source": [-50.166034096270934, -317.13896925930754], "intensity": 100, "miu_detector": 0.3, "miu_medium": 1.2, "miu_air": 0.00018, "output": [0.0, 0.0, 0.0, 0.0, 0.0, 0.0, 0.0, 0.0, 0.0, 0.9987497284965954, 0.0012502715034045753, 0.0, 0.0, 0.0, 0.0, 0.0, 0.0, 0.0, 0.0, 0.0, 0.0, 0.0, 0.0, 0.0, 0.0, 0.0, 0.0, 0.0, 0.0, 0.0, 0.0, 0.0, 0.0, 0.0, 0.0, 0.0, 0.0, 0.0, 0.0, 0.0], "miu_de": 0.5, "input": [1.830611249864703, 2.1159414705588575, 2.1707391127358973, 2.2098834276925916, 2.2077863612822366, 2.1865399162572148, 2.182162538215517, 2.127222096707204, 2.099526442666811, 1.7609383103526188, 0.9498966065315851, 1.384272165183125, 1.4817369310187696, 1.5178803554491993, 1.4641785378179464, 1.4539053989623774, 1.4113873893966205, 1.3792853265792748, 1.3228769488228096, 0.9736830981814256, 0.3296670048932634, 0.6365334908532468, 0.7520276119768601, 0.7349535852601623, 0.801531765812317, 0.7428991271113912, 0.7485291565607731, 0.6942957039483004, 0.6156879783795772, 0.2982496625173564, -0.13131735313564522, 0.1401433009166258, 0.1844644873059901, 0.20694810988526868, 0.21370761108262068, 0.2508693994525946, 0.22149309105986004, 0.19762228340633967, 0.10520992273774542, -0.1252952657756004, -0.4388200785384615, -0.26083787293767025, -0.20037949425418, -0.18018643367384854, -0.16896080205029215, -0.17675579376026473, -0.17822793807762966, -0.19905651150630838, -0.2724501111234802, -0.384663320870361, -0.6588649980708338, -0.521094005539249, -0.501588568724973, -0.4599613233969451, -0.45844200315676803, -0.4543599700916907, -0.4469090027521133, -0.4680901838161161, -0.5047343661365475, -0.6226298164483693, -0.7980822604507941, -0.7271885100908922, -0.6991618459506485, -0.6554867436974856, -0.6508606743463308, -0.6495058238840224, -0.655392681415812, -0.6596440357889923, -0.6944681975578004, -0.7240639617303641, -0.9168251844613376, -0.8607295801525934, -0.8167840532437861, -0.8112527472268757, -0.8076337000038697, -0.7833225819120142, -0.7998656755144737, -0.8020215408777991, -0.8261101393998121, -0.8264881321675926, -0.9883623888932066, -0.936933380184668, -0.9186442258422248, -0.9108582095995382, -0.8999418443229056, -0.901816967269753, -0.9042431633672077, -0.8949065359720884, -0.9137306164061519, -0.8820851454267722, -1.0429391464654867, -1.0287945163489223, -1.0081821098526467, -0.991168990751605, -0.9913689605101128, -0.9924771460137057, -0.9921188544208793, -0.9902069244123018, -0.9953933834354487, -0.9426011842307896], "bean_num": 0.5, "model_info": {"det_num_x": 10, "det_num_y": 10, "det_y": 0.03, "det_x": 0.03, "size_x": 0.5, "size_y": 0.5, "med_margin": 0.0015}}