{"source": [-251.50353216421888, -202.68888626033169], "intensity": 100, "miu_detector": 0.3, "miu_medium": 1.2, "miu_air": 0.00018, "output": [0.0, 0.0, 0.0, 0.0, 0.6815951867244446, 0.31840481327555537, 0.0, 0.0, 0.0, 0.0, 0.0, 0.0, 0.0, 0.0, 0.0, 0.0, 0.0, 0.0, 0.0, 0.0, 0.0, 0.0, 0.0, 0.0, 0.0, 0.0, 0.0, 0.0, 0.0, 0.0, 0.0, 0.0, 0.0, 0.0, 0.0, 0.0, 0.0, 0.0, 0.0, 0.0], "miu_de": 0.5, "input": [0.9044618279210016, 1.0488994209239613, 1.076400140478193, 1.0310938474506268, 1.1098071026367782, 1.1323845944350805, 1.1521440069275184, 1.2456678771091425, 1.3939626977609092, 1.670059663097929, -0.3273104094744981, -0.142972858394942, -0.03654921256625253, -0.05540210814763999, 0.032892207159663414, 0.08256980879210547, 0.06529044193410377, 0.4432196620133564, 1.1640882738981908, 2.02078457111893, -0.8410711914468734, -0.7118904722019929, -0.6681861392244149, -0.600809270881828, -0.5781159355996133, -0.33905266036223214, -0.07437913150552586, 0.3994960507967012, 1.1859834320835434, 1.9329682993177015, -1.0226670561066613, -0.9753421792552541, -0.870261880624277, -0.8174619196550612, -0.6983881733911788, -0.41579070793344164, -0.13710403622641412, 0.4488527549967049, 1.2271207500379835, 1.8994872599304498, -1.1292979408117017, -1.0611454732802368, -0.9555591488731214, -0.8441136839105187, -0.7166929533048391, -0.44732378316843546, -0.11459526611555661, 0.4719990136866304, 1.2267890530659782, 1.957328016350412, -1.153127989839586, -1.0869923352885902, -0.9962542973890617, -0.871609201748371, -0.6964053099301939, -0.4843395243409187, -0.037901940570501266, 0.46328339490857623, 1.1401826333134075, 1.949982559225913, -1.1739907381212806, -1.1129002594019666, -1.0240356519163185, -0.8913949064285727, -0.7453948684242913, -0.46713059601191065, -0.08537193660268125, 0.43269590119816653, 1.2407654068749254, 1.961994902466898, -1.172045132501723, -1.090065890464451, -1.0346812273903603, -0.9112412681413943, -0.7586646832267895, -0.48450504362560176, -0.11014929553909947, 0.3954410651299334, 1.2062197002101784, 2.0377000931547258, -1.19235338630751, -1.1296409344972802, -1.0761096704091428, -0.9500382225823535, -0.7533433123078896, -0.5766406678681772, -0.1685345882325826, 0.34927647833000963, 1.0974263947735163, 1.9279715664456225, -1.2229169374044784, -1.154181123207942, -1.1169330409451006, -0.9820333195134764, -0.8201856173368518, -0.6447663708759791, -0.346544830376637, 0.12460123516075866, 0.8541658676554827, 1.5984497384598686], "bean_num": 0.5, "model_info": {"det_num_x": 10, "det_num_y": 10, "det_y": 0.03, "det_x": 0.03, "size_x": 0.5, "size_y": 0.5, "med_margin": 0.0015}}