{"source": [199.2779124949382, -257.50639323950173], "intensity": 100, "miu_detector": 0.3, "miu_medium": 1.2, "miu_air": 0.00018, "output": [0.0, 0.0, 0.0, 0.0, 0.0, 0.0, 0.0, 0.0, 0.0, 0.0, 0.0, 0.0, 0.0, 0.0, 0.8071763097196933, 0.1928236902803067, 0.0, 0.0, 0.0, 0.0, 0.0, 0.0, 0.0, 0.0, 0.0, 0.0, 0.0, 0.0, 0.0, 0.0, 0.0, 0.0, 0.0, 0.0, 0.0, 0.0, 0.0, 0.0, 0.0, 0.0], "miu_de": 0.5, "input": [1.4296905232392243, 0.539476360243807, -0.10986590031278139, -0.5234955956033749, -0.8003627272012147, -0.9629265208382609, -1.0742892782126736, -1.1540609995414028, -1.2129643915111163, -1.2390360604478174, 1.7136968633650538, 0.8362079271092296, 0.10741172790926516, -0.39428231043934, -0.709867229813296, -0.9052659216446794, -1.050311975916476, -1.140846793507409, -1.1862114695398887, -1.2291968534352202, 1.8237841980422258, 0.8781490402553973, 0.18675300883944992, -0.35264802111200416, -0.6935349258228762, -0.8747021337652746, -1.0082491939761191, -1.0956923305131938, -1.169022482350236, -1.2089126204276532, 1.823166505702408, 0.9320552461949118, 0.1499772023583465, -0.33534764710643566, -0.6575172128186495, -0.878292497531756, -0.9988874283266784, -1.0935837873472418, -1.1317562644068488, -1.1783532191069008, 1.8431626091308004, 1.0207624174660213, 0.19315487723496932, -0.35243889283342456, -0.6098289494034047, -0.8372321599897143, -0.9679241321203967, -1.0217666642061471, -1.069272741918109, -1.127787728173176, 1.8362011404473086, 0.9166704176990863, 0.201312553207347, -0.2836919245847806, -0.607191302845993, -0.7375767010944972, -0.8670234774698427, -0.894744826310859, -0.9236573237177135, -1.0143124257766043, 1.7805512028739086, 0.9624805990539224, 0.23096722348827978, -0.23860903066354758, -0.4993221586583448, -0.6151931556072654, -0.6505168256697077, -0.677082296737948, -0.6893134911823532, -0.7848594129030682, 1.8360597449034801, 0.9494398499244806, 0.20865369425258054, -0.07128959733277276, -0.12018569042206982, -0.21097535608692392, -0.24517057358467512, -0.29554688078922303, -0.3366634384411215, -0.45181972007887533, 1.822386916433505, 0.9542809135175792, 0.5848777769596384, 0.5418856380920851, 0.48929966848374556, 0.42382797637926223, 0.44874617136719563, 0.45735858723737005, 0.3213393696722513, 0.10550816242701391, 1.6747909418931333, 1.5146149013717842, 1.55124531613457, 1.521282548410643, 1.5463489958895988, 1.5489825724688058, 1.5518087287288125, 1.509543919138118, 1.423296257845284, 1.1792703757874785], "bean_num": 0.5, "model_info": {"det_num_x": 10, "det_num_y": 10, "det_y": 0.03, "det_x": 0.03, "size_x": 0.5, "size_y": 0.5, "med_margin": 0.0015}}