{"source": [181.46669674991395, -273.71210087518693], "intensity": 100, "miu_detector": 0.3, "miu_medium": 1.2, "miu_air": 0.00018, "output": [0.0, 0.0, 0.0, 0.0, 0.0, 0.0, 0.0, 0.0, 0.0, 0.0, 0.0, 0.0, 0.0, 0.2729183839549606, 0.7270816160450394, 0.0, 0.0, 0.0, 0.0, 0.0, 0.0, 0.0, 0.0, 0.0, 0.0, 0.0, 0.0, 0.0, 0.0, 0.0, 0.0, 0.0, 0.0, 0.0, 0.0, 0.0, 0.0, 0.0, 0.0, 0.0], "miu_de": 0.5, "input": [1.1390860990905587, 0.08228161857292707, -0.5987842523127248, -0.933952267906861, -1.0381339892493757, -1.155051105685112, -1.2090699213824232, -1.2250722739480249, -1.2274510753879533, -1.2491292556776814, 1.393945906726629, 0.2978760853261001, -0.40917805622499137, -0.8273304114325427, -1.0015615526833117, -1.1280004053701305, -1.115890821470019, -1.1555443933459217, -1.1601594954540544, -1.190313961612782, 1.3150443029772887, 0.3667434594483298, -0.3797848500718547, -0.8007857293480617, -0.9600777785329225, -1.040234229686704, -1.0496049157240424, -1.0921453273843629, -1.1110315150018588, -1.1582864361208025, 1.3571983572207085, 0.2269988869736902, -0.3937725397220465, -0.7472033784878818, -0.9171429704698606, -0.9575058797832375, -0.9506530258760167, -1.0188366361984782, -1.0409639469705492, -1.0753055039735402, 1.4346061981277456, 0.19125923168814238, -0.38765049636993476, -0.6987514844523617, -0.786203079881815, -0.8159017035175141, -0.7915853993629749, -0.817380740253761, -0.8597088049078275, -0.9226677428053661, 1.2762566180545518, 0.22908057424464193, -0.341016272463718, -0.5319891496482103, -0.5386709101319244, -0.5598544337488467, -0.5263510781645689, -0.5709476402176782, -0.5993314656172192, -0.6836790102942816, 1.4240466090561554, 0.3639600483095867, -0.16656794574557351, -0.18795688808208869, -0.22915922822292034, -0.17438001667089933, -0.21611602922496068, -0.22623278984007147, -0.263369675848671, -0.3771196002570985, 1.4334544717231845, 0.501800930666465, 0.31261258231601524, 0.32492909059384645, 0.26153355459861516, 0.29542695240511746, 0.36819787806515647, 0.2744918295231045, 0.2527115810009523, 0.047452783452358635, 1.388594969753858, 1.0053753924590372, 1.0888015901611299, 0.9714388689626239, 1.122259365482195, 1.1035361112419473, 1.0604012293170042, 0.9711521809480673, 0.9071089084630192, 0.683390572549069, 1.624911970947536, 1.8037081568087403, 1.890983962040598, 1.8088938512652701, 1.847342264051915, 1.8878001041387942, 1.9759355536768637, 1.8582125669453715, 1.869306086753026, 1.5504001320984755], "bean_num": 0.5, "model_info": {"det_num_x": 10, "det_num_y": 10, "det_y": 0.03, "det_x": 0.03, "size_x": 0.5, "size_y": 0.5, "med_margin": 0.0015}}