{"source": [-291.3381080339559, 166.11979962119872], "intensity": 100, "miu_detector": 0.3, "miu_medium": 1.2, "miu_air": 0.00018, "output": [0.0, 0.0, 0.0, 0.0, 0.0, 0.0, 0.0, 0.0, 0.0, 0.0, 0.0, 0.0, 0.0, 0.0, 0.0, 0.0, 0.0, 0.0, 0.0, 0.0, 0.0, 0.0, 0.0, 0.0, 0.0, 0.0, 0.0, 0.0, 0.0, 0.0, 0.0, 0.0, 0.0, 0.0, 0.0, 0.0, 0.2990679955140041, 0.7009320044859959, 0.0, 0.0], "miu_de": 0.5, "input": [1.6921807093527317, 1.9591820064521315, 2.1083093509076702, 2.1119034218309714, 2.1850546347346587, 2.119698132698675, 2.2331424349545475, 2.1547427639017895, 2.208921269491642, 1.615989029406409, 1.0927495177137925, 1.276900704293194, 1.5049258201154263, 1.3788177606487053, 1.4539425851896726, 1.3998366888248297, 1.4382146571065149, 1.4311202967423444, 1.3348990423161355, 0.898547548924677, 0.6444824344230854, 0.5176082839477432, 0.5997602397901691, 0.7090048721681285, 0.6445152636590945, 0.6487429575833945, 0.5834998538452115, 0.6259991815996828, 0.5244111008689711, 0.2286546885444638, 0.49070529417905, 0.059100982199723734, 0.13703091328479128, 0.11782125012497362, 0.14522802004480007, 0.061765275359824616, 0.10392588162078918, 0.08664333084650125, 0.003163358121339393, -0.15199342543293445, 0.4056799937452742, -0.32917108746430435, -0.3185762110562546, -0.2815194590535194, -0.28278867931186247, -0.2656696092888223, -0.27412606499919845, -0.28781305196025836, -0.41210027365150914, -0.537442646887017, 0.27292132047977874, -0.548662103350441, -0.5598653764040412, -0.5666749803533371, -0.5616084930456884, -0.566244475931192, -0.5557307398045391, -0.5647762810756074, -0.6183504033715472, -0.7599125071456349, 0.19534113385369206, -0.6047666227053156, -0.7270642220176275, -0.7835188702302169, -0.7525226145795637, -0.7628718131792246, -0.778373274003428, -0.779267471664533, -0.8239511638371119, -0.9311781742138754, 0.23189222936361528, -0.727802602433589, -0.8761932690358768, -0.8735364209101522, -0.919979741569154, -0.8974830798357865, -0.9167984719447251, -0.9233822280627544, -0.9531674527886141, -0.9956538697315023, 0.2078097909597902, -0.7937088708349564, -0.9508989633044129, -0.9855352242286177, -0.9929557987341513, -1.0097054795888407, -1.009532466951938, -1.013583470566149, -1.0382713847895009, -1.07658014275477, 0.11972716082994674, -0.8875895943553811, -1.0562695828821933, -1.0670584882577014, -1.0818108711017804, -1.0966380136785812, -1.099102167054507, -1.095004057346378, -1.108974912337754, -1.1307564659520113], "bean_num": 0.5, "model_info": {"det_num_x": 10, "det_num_y": 10, "det_y": 0.03, "det_x": 0.03, "size_x": 0.5, "size_y": 0.5, "med_margin": 0.0015}}