{"source": [208.18410656968555, 273.46036195268516], "intensity": 100, "miu_detector": 0.3, "miu_medium": 1.2, "miu_air": 0.00018, "output": [0.0, 0.0, 0.0, 0.0, 0.0, 0.0, 0.0, 0.0, 0.0, 0.0, 0.0, 0.0, 0.0, 0.0, 0.0, 0.0, 0.0, 0.0, 0.0, 0.0, 0.0, 0.0, 0.0, 0.0, 0.0, 0.142427797444017, 0.857572202555983, 0.0, 0.0, 0.0, 0.0, 0.0, 0.0, 0.0, 0.0, 0.0, 0.0, 0.0, 0.0, 0.0], "miu_de": 0.5, "input": [-0.05064985541562827, -0.9206866966877402, -1.0405564638529046, -1.0988647486160756, -1.0870933275033534, -1.1069816996645383, -1.1090643505035844, -1.1022174596558507, -1.1297579949260423, -1.141800489820329, 0.14050139441006473, -0.8617311800996584, -0.9695207822139811, -1.01187787610642, -0.9923338923243901, -0.9984133723163421, -1.031967294145372, -1.0351868553751769, -1.0306558568642992, -1.0858157732863796, 0.14981562883419292, -0.7885071360315291, -0.8864508849241308, -0.8986751105028882, -0.9204671091464226, -0.8998393892262634, -0.9213268697856176, -0.9339498174828075, -0.9687150417506235, -1.0291085701699325, 0.16847725097255106, -0.687902777185834, -0.7342012382739707, -0.7512362634662886, -0.7656779685426202, -0.764563255525333, -0.7691553079378202, -0.7706087630167345, -0.7898063468619739, -0.9186539026801306, 0.27399380629786235, -0.5406983801595119, -0.5759392003070476, -0.5601224095880052, -0.5847731275877, -0.549455728503063, -0.5835803356061102, -0.5689646409573874, -0.6217797714593291, -0.7133258996269072, 0.3136563293063052, -0.2728295389429979, -0.2695181702068361, -0.23229962274445667, -0.27677280069331034, -0.21309944006768997, -0.24685134221363908, -0.30707729960295127, -0.34550653022470706, -0.5266299183188822, 0.5052306807512501, 0.10313073547755915, 0.09831594174369798, 0.16589420597324125, 0.0995881249794523, 0.17449555439318412, 0.1553708339123056, 0.10284056855847994, 0.013365641958569987, -0.2094128156428265, 0.6580841359749487, 0.6029011623802237, 0.6825174126340201, 0.7055931512699756, 0.7035924063980302, 0.772069233790687, 0.7437825936881995, 0.6634817889608401, 0.6413885557054138, 0.28744895884391874, 1.1076549090580783, 1.2923773243334766, 1.375423978756792, 1.4242299144864028, 1.3272022450956316, 1.45095651311986, 1.4332620100127946, 1.4394248160086214, 1.3498899219689449, 0.894588971751517, 1.7447115097016994, 2.0262281065078316, 2.0745088997331314, 2.107400343335218, 2.102824545926873, 2.115413103733289, 2.1122213356149766, 2.081340097035034, 2.0585366326929218, 1.7589274182542665], "bean_num": 0.5, "model_info": {"det_num_x": 10, "det_num_y": 10, "det_y": 0.03, "det_x": 0.03, "size_x": 0.5, "size_y": 0.5, "med_margin": 0.0015}}