{"source": [108.80564548340017, 338.175531826541], "intensity": 100, "miu_detector": 0.3, "miu_medium": 1.2, "miu_air": 0.00018, "output": [0.0, 0.0, 0.0, 0.0, 0.0, 0.0, 0.0, 0.0, 0.0, 0.0, 0.0, 0.0, 0.0, 0.0, 0.0, 0.0, 0.0, 0.0, 0.0, 0.0, 0.0, 0.0, 0.0, 0.0, 0.0, 0.0, 0.0, 0.0, 0.9816912534969917, 0.0183087465030083, 0.0, 0.0, 0.0, 0.0, 0.0, 0.0, 0.0, 0.0, 0.0, 0.0], "miu_de": 0.5, "input": [1.7203184973271861, 1.2022679237355165, 0.8404721651989627, 0.8513191824522408, 0.7628960228262643, 0.7191610928399966, 0.7496990731776202, 0.6737818827540888, 0.5918798361372448, 0.4699795010587812, 1.9496681906830582, 1.1503668371666462, 0.5305627045380156, 0.05497015769647366, -0.277831571925832, -0.344616248271331, -0.49432440563790975, -0.5219837107940706, -0.583738187058622, -0.6156662430686808, 1.9542860452023898, 1.4091951310383184, 0.5369089667084889, 0.09987075506006973, -0.3006703102049142, -0.6084384447099077, -0.7291393821100103, -0.8198583891597419, -0.942010883970386, -1.0035757361420221, 2.0697817528951346, 1.4131073909234766, 0.5168578178072399, 0.0590138440470727, -0.2751743880856987, -0.5782132129685539, -0.7825641697344292, -0.917897455387975, -1.0021569573655518, -1.0931326212155195, 2.0580451698737963, 1.4022324605861267, 0.6753193653902451, 0.05643270797042927, -0.3327316075578402, -0.6027062253121679, -0.8133259348957148, -0.9131873043690816, -1.0159349784546594, -1.1289669890286462, 2.157460086623458, 1.360086846726433, 0.6250517975105084, 0.1103515109671258, -0.3909801960984198, -0.6265300411317295, -0.7716242394541589, -0.9930713679729829, -1.0130350472197598, -1.1290318718698953, 2.049170013893296, 1.2878093306909835, 0.5769835257422897, 0.01624631168104979, -0.3179943725695067, -0.6062678614305252, -0.8556555985300727, -0.992576460799383, -1.0319993159881282, -1.1402331425741714, 2.120001096946512, 1.2641012931618505, 0.5360627859247412, -0.037902339502450096, -0.45776652739507256, -0.6380773404630586, -0.8101557843623589, -0.9876253974385045, -1.0466566442124219, -1.1346294106860293, 1.9882158939003305, 1.3081609004288208, 0.47066201792259965, -0.10605156968626465, -0.4830842026301727, -0.7784618828054111, -0.8899203672169419, -0.9783983550787703, -1.07189283973659, -1.1012750342422797, 1.6991967123665228, 0.8805201721071715, 0.15877913976750124, -0.30423208842736765, -0.6071254865049696, -0.8402464178064415, -0.926199696935394, -1.0705463039127359, -1.111060890450846, -1.1791004588940173], "bean_num": 0.5, "model_info": {"det_num_x": 10, "det_num_y": 10, "det_y": 0.03, "det_x": 0.03, "size_x": 0.5, "size_y": 0.5, "med_margin": 0.0015}}