{"source": [-101.18183934918254, -354.8294136836105], "intensity": 100, "miu_detector": 0.3, "miu_medium": 1.2, "miu_air": 0.00018, "output": [0.0, 0.0, 0.0, 0.0, 0.0, 0.0, 0.0, 0.0, 0.7684259623618027, 0.23157403763819726, 0.0, 0.0, 0.0, 0.0, 0.0, 0.0, 0.0, 0.0, 0.0, 0.0, 0.0, 0.0, 0.0, 0.0, 0.0, 0.0, 0.0, 0.0, 0.0, 0.0, 0.0, 0.0, 0.0, 0.0, 0.0, 0.0, 0.0, 0.0, 0.0, 0.0], "miu_de": 0.5, "input": [-1.2182499756318173, -1.178275967067339, -1.1766432873593375, -1.1756487387924337, -1.1399683189752308, -1.1262863484884023, -1.0435425286996063, -0.8123653177173182, -0.3182994716882958, 0.8382799709979563, -1.1743956856206559, -1.1296159423852006, -1.1228952002801127, -1.0857498376506667, -1.0809007102966148, -1.0556788128105594, -0.948362693946067, -0.7105885885062456, -0.1109289817326266, 1.0179956991208274, -1.0904334475798354, -1.0603640536263366, -1.0361766593370103, -1.0041006479287296, -0.9897058424339974, -0.9895818097167007, -0.9197900480591397, -0.6757871450721135, -0.0915927045849667, 1.0496815222522142, -1.0116108162608388, -0.9263560626725701, -0.9311425752107917, -0.8795811531831306, -0.8823519386799078, -0.8865989977475949, -0.8469290991535793, -0.6177591403334646, -0.0951282570365159, 1.0911011557797863, -0.8454367650103889, -0.7500088715738383, -0.7229482192933911, -0.740692422446523, -0.7143489689719722, -0.7283835402666222, -0.6525763235119284, -0.5222715136860887, -0.006965663892675098, 1.200567105718599, -0.6871618270497278, -0.5268653639173237, -0.4955140896717694, -0.47388997674979444, -0.48069534391250296, -0.4462141310273168, -0.43249783036374784, -0.38374042965147387, 0.04586153222120693, 1.0703779125850335, -0.3421970753310438, -0.14987396014317356, -0.10987636068924658, -0.08939303057792661, -0.09233682396614366, -0.06212139882961859, -0.03259663324748598, -0.020867343321371048, 0.11015278121637578, 1.133395698389313, 0.10142100398950485, 0.3415222580261473, 0.42701305489293234, 0.4424626322505639, 0.4594793365752391, 0.47218941013919263, 0.43642541529277695, 0.46021214321443543, 0.4849793533556844, 1.2894312318617778, 0.7610096904164734, 1.1500871194777464, 1.1793975815675661, 1.2003515142569106, 1.159407177381588, 1.2149183186548758, 1.19413028558944, 1.204427555555196, 1.1854590857012246, 1.3295619603087079, 1.5949414443292356, 1.9866323375288546, 1.965861197714285, 1.9130386874016672, 1.9732155583299935, 2.001791251999251, 1.9747469483136808, 1.9981539873346472, 1.8939450310549162, 1.6992347625730027], "bean_num": 0.5, "model_info": {"det_num_x": 10, "det_num_y": 10, "det_y": 0.03, "det_x": 0.03, "size_x": 0.5, "size_y": 0.5, "med_margin": 0.0015}}