{"source": [-317.5793692091306, 219.6572649633716], "intensity": 100, "miu_detector": 0.3, "miu_medium": 1.2, "miu_air": 0.00018, "output": [0.0, 0.0, 0.0, 0.0, 0.0, 0.0, 0.0, 0.0, 0.0, 0.0, 0.0, 0.0, 0.0, 0.0, 0.0, 0.0, 0.0, 0.0, 0.0, 0.0, 0.0, 0.0, 0.0, 0.0, 0.0, 0.0, 0.0, 0.0, 0.0, 0.0, 0.0, 0.0, 0.0, 0.0, 0.0, 0.0, 0.8522331560733305, 0.14776684392666953, 0.0, 0.0], "miu_de": 0.5, "input": [1.261316355383968, 1.5765865606874916, 1.6127890049903435, 1.5714565727071852, 1.6531464218194476, 1.6172977705963607, 1.6498208302076727, 1.5728321650541885, 1.609463670917003, 1.623576259163973, 0.32437123068538154, 0.6064058471902082, 0.6117500694841963, 0.6642378408259553, 0.6866884121575645, 0.7796103447142437, 0.6652035756588598, 0.7284153028857592, 0.9836773703066862, 1.643281851428965, -0.25151484474397917, -0.11299388405333996, -0.14044272484603412, -0.11780805155749627, -0.04911827815622662, -0.03786977449157816, 0.06642504358451046, 0.1665250591524636, 0.8139983430520454, 1.80803647813385, -0.6865831298638299, -0.5938389238304408, -0.5078806112337158, -0.516902601646691, -0.4976472562942527, -0.4592392250915267, -0.29101831825023683, 0.13587370127251383, 0.7568132535930048, 1.736161150535982, -0.9272420795686999, -0.8447276788981105, -0.8289214032071993, -0.8004840743532683, -0.7645029174933103, -0.6387849081251602, -0.3705993269678393, 0.09413489514691631, 0.7357142998244768, 1.7249632098045693, -1.0823408639779895, -1.0252078465338512, -0.9918173280371403, -0.9551175421238816, -0.8989694744628111, -0.7162624805814891, -0.40150896086487736, 0.06316682071431885, 0.8267184028987222, 1.7495072176742907, -1.17039340978482, -1.1319575424218455, -1.0743377193222328, -1.0439767503252984, -0.9118669448012425, -0.749059974513664, -0.438437588468863, 0.06066542551422376, 0.8313222364218463, 1.7861189415692498, -1.2176728458377775, -1.1857511869822377, -1.1448264410165787, -1.0871149395069246, -0.9388806280024676, -0.7714562110851079, -0.4977442095823611, -0.003593434447784224, 0.7400731934204313, 1.7039763627226898, -1.237631090255514, -1.202251228048852, -1.16861028718764, -1.0903110283346604, -0.9791484964864023, -0.7665626529280753, -0.49397572548269153, 0.0030903346876686986, 0.7364780395174692, 1.624291911085435, -1.262522250805383, -1.226741001481542, -1.195553964027729, -1.1268624662554076, -1.0538612098080626, -0.8840282916019915, -0.6074290938081253, -0.22721857761513378, 0.4224527714640239, 1.370687150825238], "bean_num": 0.5, "model_info": {"det_num_x": 10, "det_num_y": 10, "det_y": 0.03, "det_x": 0.03, "size_x": 0.5, "size_y": 0.5, "med_margin": 0.0015}}