{"source": [-357.1898351041256, -162.31813138193027], "intensity": 100, "miu_detector": 0.3, "miu_medium": 1.2, "miu_air": 0.00018, "output": [0.0, 0.0, 0.2846089615602879, 0.7153910384397121, 0.0, 0.0, 0.0, 0.0, 0.0, 0.0, 0.0, 0.0, 0.0, 0.0, 0.0, 0.0, 0.0, 0.0, 0.0, 0.0, 0.0, 0.0, 0.0, 0.0, 0.0, 0.0, 0.0, 0.0, 0.0, 0.0, 0.0, 0.0, 0.0, 0.0, 0.0, 0.0, 0.0, 0.0, 0.0, 0.0], "miu_de": 0.5, "input": [1.697364058126351, 1.986455015157089, 1.9799128528128174, 1.9932756301929653, 1.9346879700818687, 2.0185106044400745, 2.0457671200328535, 1.932129533067397, 1.9749204412494088, 1.6436286675641514, 1.3159745027512897, 1.1148540044195945, 1.114537341551759, 1.2517447203770555, 1.1855566558854111, 1.1880477454650036, 1.2352589239297938, 1.1613955134141942, 1.0808313445241307, 0.7577010504465886, 1.2381010529261383, 0.45853360036589264, 0.5205641981513712, 0.4708379711566612, 0.4810270585902557, 0.5209787505664818, 0.47337593144844364, 0.4356941088087116, 0.40634559993188757, 0.12483821295883087, 1.108256877946902, 0.14935776943915696, -0.04215370267173062, -0.08227991316060165, -0.03196561472737109, -0.06358519033660474, -0.0749898982588757, -0.144006145670125, -0.11228422494529623, -0.37408731955628105, 1.0974244136219935, 0.005294136122559207, -0.3414055978199751, -0.4417942800108082, -0.38982841043735716, -0.43679973238175507, -0.44339600048927896, -0.47445268291949816, -0.5503111013851809, -0.654686295540161, 1.0328625449670579, -0.06335405595084034, -0.5652537439583019, -0.662043473147929, -0.6751822048129678, -0.7058149547023845, -0.7242725822117345, -0.7487197338398978, -0.7481962534601323, -0.8619463141040947, 1.0208228150089387, -0.09225496709429715, -0.6280556335577377, -0.8134820920852316, -0.8742971934617382, -0.8941380333922226, -0.8877471095323781, -0.9055901108221831, -0.9193469025934352, -1.0040528551764427, 1.0340525419997044, -0.11997133646931217, -0.6988779882168871, -0.8931041918158451, -0.9984517153815282, -1.0253847178658457, -1.0155698439304277, -1.0190154479689373, -1.0499785926205314, -1.1239289223128766, 1.105543399599321, -0.10790185426776205, -0.7259734628050263, -0.9671211438759243, -1.0368899481981586, -1.094120369176346, -1.1158474881952263, -1.1258648783245468, -1.106282676088546, -1.1549432437368892, 0.7526054055257754, -0.31471926822587903, -0.8148618986463478, -1.0488749100703616, -1.124298543527671, -1.1705276851798636, -1.1671438004030277, -1.1804930655513841, -1.2017384864725966, -1.2154102810832683], "bean_num": 0.5, "model_info": {"det_num_x": 10, "det_num_y": 10, "det_y": 0.03, "det_x": 0.03, "size_x": 0.5, "size_y": 0.5, "med_margin": 0.0015}}