{"source": [371.4226208141498, 136.87858255569677], "intensity": 100, "miu_detector": 0.3, "miu_medium": 1.2, "miu_air": 0.00018, "output": [0.0, 0.0, 0.0, 0.0, 0.0, 0.0, 0.0, 0.0, 0.0, 0.0, 0.0, 0.0, 0.0, 0.0, 0.0, 0.0, 0.0, 0.0, 0.0, 0.0, 0.0, 0.0, 0.7522098299726218, 0.24779017002737821, 0.0, 0.0, 0.0, 0.0, 0.0, 0.0, 0.0, 0.0, 0.0, 0.0, 0.0, 0.0, 0.0, 0.0, 0.0, 0.0], "miu_de": 0.5, "input": [-1.1905356851260294, -1.1701671282657307, -1.140699794510354, -1.160239377539653, -1.1483303622233962, -1.1383980614359794, -1.0867607814487859, -0.9407372577955295, -0.49181947522580255, 0.6555139421321782, -1.1442754999114562, -1.1077958177008733, -1.087024405146806, -1.0846590941764496, -1.0391522659601915, -1.0627819050490876, -1.0356301244997728, -0.8216964784728209, -0.3860445313212585, 0.8296400082902922, -1.0845694779829325, -1.0323198617903557, -1.0057305699809445, -0.984851757733725, -0.9746536265156712, -0.9679279669315649, -0.9341160935028461, -0.7963325271203633, -0.34483767332190957, 0.8507968689022618, -0.9595439560410923, -0.8845178773355934, -0.8936006551775457, -0.8727754238183226, -0.8614660399347842, -0.8416338519542244, -0.8262257024235928, -0.6734567523058806, -0.34446301755994785, 0.8849851346013867, -0.8372855228746091, -0.6900915830655336, -0.642843914804364, -0.6828857381980543, -0.6589484034487452, -0.6614643415215136, -0.6303081642689478, -0.5969849453210109, -0.23414054613222643, 0.8581516772650757, -0.605586519514512, -0.43654840959645713, -0.3863510744061453, -0.3656955389060455, -0.3774061128218004, -0.3754485079067913, -0.4231165734887076, -0.3083786781331324, -0.14433410929534576, 0.9345697703433539, -0.2542822601131508, -0.09726612132462058, 0.005132683079570188, 0.025658951119298785, -0.02780932967394108, 0.017940345558613974, -0.011788376454446905, -0.016657222648218624, 0.052686761848225586, 0.9441692751048738, 0.18130155722253358, 0.42852765369493206, 0.46926530205073136, 0.5654901311134496, 0.5540390469189996, 0.5187752668474637, 0.49629651925684076, 0.49946115979065786, 0.4896968834206702, 1.0769873589294956, 0.8469975495107991, 1.1598405122711908, 1.202877563883934, 1.323142227731792, 1.3069379313643008, 1.291302309559369, 1.2468895858468787, 1.26033059822539, 1.1256289013101357, 1.2454415587095629, 1.6858224639620907, 1.937165437759799, 2.037766018741558, 2.0725454021170675, 2.0646743768469737, 2.030991361831155, 2.035203449588405, 2.0577796498513594, 2.0064199280512582, 1.7085497465056658], "bean_num": 0.5, "model_info": {"det_num_x": 10, "det_num_y": 10, "det_y": 0.03, "det_x": 0.03, "size_x": 0.5, "size_y": 0.5, "med_margin": 0.0015}}