{"source": [-74.49021631626614, 390.355684042983], "intensity": 100, "miu_detector": 0.3, "miu_medium": 1.2, "miu_air": 0.00018, "output": [0.0, 0.0, 0.0, 0.0, 0.0, 0.0, 0.0, 0.0, 0.0, 0.0, 0.0, 0.0, 0.0, 0.0, 0.0, 0.0, 0.0, 0.0, 0.0, 0.0, 0.0, 0.0, 0.0, 0.0, 0.0, 0.0, 0.0, 0.0, 0.0, 0.0, 0.0, 0.7995926435665135, 0.20040735643348653, 0.0, 0.0, 0.0, 0.0, 0.0, 0.0, 0.0], "miu_de": 0.5, "input": [-0.053017615770993065, 0.09166663536889713, 0.1057803018627028, 0.17331353206847339, 0.16997544436067896, 0.31370817936805895, 0.4644807780587759, 0.6611633123136298, 1.0668714962792987, 1.6613154415494502, -0.9337000597087753, -0.842921427554695, -0.7595493835731449, -0.6655381653154322, -0.5409652890665684, -0.2905121076051971, 0.1120522320110573, 0.5837579596365915, 1.2927620400346644, 2.1232480644051543, -1.0509405080269791, -0.9518935688657342, -0.8567504394118002, -0.7199674845553208, -0.5617651966390506, -0.3177995277957938, 0.08503006576802989, 0.6488637485811497, 1.464630511276938, 2.23565758652753, -1.0751822561524105, -0.9864967939112179, -0.8977937011305572, -0.7473246589086723, -0.54413409625863, -0.29223810785239995, 0.07856527441356748, 0.7247774334011362, 1.3725476039285502, 2.166467036658567, -1.0812576672351097, -1.0025727029863096, -0.8681285380626196, -0.7784209984599011, -0.5205653731707091, -0.29622418894765035, 0.14747304798624988, 0.7161643630868185, 1.3848852690094398, 2.1997290902984457, -1.074131897436286, -0.98777826828596, -0.8927281794281907, -0.7855544690353482, -0.5377705830955648, -0.27631048957760435, 0.08818243989734363, 0.7628982524575143, 1.4347150989020168, 2.160414017727546, -1.0956439684117838, -1.00882391923164, -0.8909582421306864, -0.7468695167177994, -0.6024334147297783, -0.33635778521209614, 0.1306602911141148, 0.6598289825707175, 1.3960804019758664, 2.0268571598631264, -1.0976497794629125, -1.0123743127198865, -0.9266479221222823, -0.7706052104776421, -0.5758275958338318, -0.318992653512961, 0.10009448078696302, 0.683461424199791, 1.3744956899522012, 2.093803260374597, -1.0982599811514508, -1.0189263773428794, -0.9028956384970295, -0.8005878714835579, -0.6354570923822784, -0.36224559408717893, 0.07668391926619367, 0.5893269675016719, 1.3099393723514785, 2.085900132349349, -1.1435032804644867, -1.0713182132470898, -1.0094592792220412, -0.8944882334428973, -0.7453361495073124, -0.5245836167712858, -0.19830244711457476, 0.2796041726130506, 1.0081589709623893, 1.6724903559822022], "bean_num": 0.5, "model_info": {"det_num_x": 10, "det_num_y": 10, "det_y": 0.03, "det_x": 0.03, "size_x": 0.5, "size_y": 0.5, "med_margin": 0.0015}}