{"source": [126.01729414477494, 381.18673413773246], "intensity": 100, "miu_detector": 0.3, "miu_medium": 1.2, "miu_air": 0.00018, "output": [0.0, 0.0, 0.0, 0.0, 0.0, 0.0, 0.0, 0.0, 0.0, 0.0, 0.0, 0.0, 0.0, 0.0, 0.0, 0.0, 0.0, 0.0, 0.0, 0.0, 0.0, 0.0, 0.0, 0.0, 0.0, 0.0, 0.0, 0.0326082086166324, 0.9673917913833676, 0.0, 0.0, 0.0, 0.0, 0.0, 0.0, 0.0, 0.0, 0.0, 0.0, 0.0], "miu_de": 0.5, "input": [-1.1838906225563444, -1.135685163788982, -1.0594333633997663, -0.9593279991377276, -0.7969114459340828, -0.597821420974762, -0.2570778673543367, 0.17724811293646775, 0.8473706200840522, 1.5571397246403265, -1.1594211671571117, -1.0976875501354582, -0.9884213125493024, -0.8712541950133815, -0.724614332509581, -0.3927193023794359, -0.08195821678713838, 0.4525938757916615, 1.203660048202896, 2.0080568810457797, -1.1486391931988227, -1.0877715711221287, -0.9905256371550024, -0.8510592636773608, -0.6556325199333308, -0.38210280015124326, -0.02413834559766771, 0.5485009147231426, 1.2924593038947552, 2.083614146258414, -1.1397181121392044, -1.0895240499728926, -0.9841350634180405, -0.8534357072461916, -0.6677707175463534, -0.34848830541028014, 0.07483658035339395, 0.5678592511746511, 1.398028403998464, 2.057202905006891, -1.1342280253068204, -1.0529128459338883, -0.9575474168921498, -0.8377261612077824, -0.5989769758835648, -0.351134332149582, 0.062272548435574664, 0.6173851991555829, 1.323049757038209, 2.0524098425847437, -1.115326422377262, -1.0291185116162136, -0.9349192795723209, -0.8271852270659421, -0.6358621316930873, -0.40530988022586656, 0.03478793767695179, 0.5995729868788562, 1.443258614032285, 2.0580779177758135, -1.0968439449319989, -1.010390443341332, -0.9218487928013681, -0.7815433211295154, -0.6271225466809233, -0.3668855569195896, 0.025940431393137744, 0.5404728631105663, 1.2966382184101897, 2.0280203884024246, -0.980669277418629, -0.8873426114159257, -0.8219542859375258, -0.7198831856850688, -0.5562331526463555, -0.34601744638216547, 0.015937501805269202, 0.4917468550802474, 1.2541539123109988, 2.0325869906944325, -0.6283471552033681, -0.47938695954234106, -0.4399180553193868, -0.36145229740070606, -0.3417367648135507, -0.22052240840444937, 0.07173980696544037, 0.5067996103798141, 1.2849317449809659, 2.0620251029855634, 0.45669125212918116, 0.71576666707583, 0.648563647130743, 0.736600871116714, 0.7504127365613666, 0.787596439932182, 0.865466817480774, 0.9855940231976861, 1.2310359115491296, 1.7494032977630256], "bean_num": 0.5, "model_info": {"det_num_x": 10, "det_num_y": 10, "det_y": 0.03, "det_x": 0.03, "size_x": 0.5, "size_y": 0.5, "med_margin": 0.0015}}