{"source": [-392.40593486116757, -97.13447705656753], "intensity": 100, "miu_detector": 0.3, "miu_medium": 1.2, "miu_air": 0.00018, "output": [0.0, 0.45519132781316995, 0.54480867218683, 0.0, 0.0, 0.0, 0.0, 0.0, 0.0, 0.0, 0.0, 0.0, 0.0, 0.0, 0.0, 0.0, 0.0, 0.0, 0.0, 0.0, 0.0, 0.0, 0.0, 0.0, 0.0, 0.0, 0.0, 0.0, 0.0, 0.0, 0.0, 0.0, 0.0, 0.0, 0.0, 0.0, 0.0, 0.0, 0.0, 0.0], "miu_de": 0.5, "input": [1.6695149772920799, 1.4885210998671148, 1.4112890056977763, 1.3625122230688775, 1.3109288951644595, 1.4469193548418415, 1.260950770223676, 1.334554886112388, 1.3305883362372832, 0.9502408663316284, 1.8143553314776202, 1.072373947834997, 0.5661405988546588, 0.3360003698952987, 0.22010901669863805, 0.24578286317437692, 0.14889473650391657, 0.16366574490636676, 0.13941834684555454, -0.09484205011040435, 1.7215925221778634, 1.1305692648326393, 0.3201940781612028, -0.0936403355712903, -0.26909087409749916, -0.4229660148898475, -0.4328424957365403, -0.41810414384144307, -0.454998726159664, -0.6448929700995669, 1.904296381378116, 1.1276647275322442, 0.317367773172283, -0.09619404681644939, -0.4348095623365663, -0.7358535603881955, -0.7592501821097895, -0.838017002777547, -0.8443847329077292, -0.871730921101104, 1.8816403943057523, 1.1333459944298798, 0.24503472355912326, -0.16983512174921775, -0.5501864837492405, -0.7953405258668323, -0.9343355525653174, -0.9569628284304451, -1.03139542157432, -1.080179545386396, 1.873711539159634, 1.2055007632041248, 0.3813667391338146, -0.2132654508555571, -0.572094348435608, -0.7909919242439827, -0.9348063630378325, -1.0329728621098853, -1.1202310698476847, -1.1573522171795367, 1.8981486572297053, 1.061357865347887, 0.372538290589117, -0.2523544406402333, -0.5197098501290559, -0.7999816603671384, -0.9889217745398939, -1.0517056705075922, -1.1477692015378065, -1.2038925855917435, 1.8340720067080034, 1.0182664537877835, 0.40006715654512853, -0.2465380688070957, -0.5764897515375647, -0.8148320145564646, -0.9690487002799144, -1.1092792667246476, -1.127655608526097, -1.2013453176569286, 1.8302870477430981, 1.045304616118669, 0.26131480806845875, -0.26531262521500043, -0.5627023715433177, -0.8076844830158797, -1.0096860089696496, -1.0999161416611407, -1.170404288245261, -1.225439598148105, 1.6333581810862603, 0.6042605562879354, 0.030775005565553622, -0.4135731984256001, -0.699541020298219, -0.8956675326923672, -1.040558750649556, -1.1406238484337368, -1.1713762222178865, -1.2412195822594656], "bean_num": 0.5, "model_info": {"det_num_x": 10, "det_num_y": 10, "det_y": 0.03, "det_x": 0.03, "size_x": 0.5, "size_y": 0.5, "med_margin": 0.0015}}