{"source": [75.11511644023153, 404.4408102990665], "intensity": 100, "miu_detector": 0.3, "miu_medium": 1.2, "miu_air": 0.00018, "output": [0.0, 0.0, 0.0, 0.0, 0.0, 0.0, 0.0, 0.0, 0.0, 0.0, 0.0, 0.0, 0.0, 0.0, 0.0, 0.0, 0.0, 0.0, 0.0, 0.0, 0.0, 0.0, 0.0, 0.0, 0.0, 0.0, 0.0, 0.0, 0.16904724903097268, 0.8309527509690273, 0.0, 0.0, 0.0, 0.0, 0.0, 0.0, 0.0, 0.0, 0.0, 0.0], "miu_de": 0.5, "input": [-1.1237902417320351, -1.0667127706933723, -1.024202719758986, -0.911247635222024, -0.7636244327420821, -0.5058036871052678, -0.17650067808978173, 0.293032251429334, 0.9592180421448195, 1.6925867759238757, -1.0885462148706981, -1.0233399633855214, -0.9486284559883579, -0.8199459053633332, -0.6521893736698503, -0.33935099887811576, 0.051462655528306, 0.5102582452777046, 1.3783292998068022, 2.0453489430973333, -1.0913548867260623, -1.0165325761551303, -0.9197001655505004, -0.7718471650806314, -0.5959562972870779, -0.30095971288009493, 0.07965641824103412, 0.611115567841056, 1.4049879977786435, 2.126532713998664, -1.0866069044363384, -1.0084992603839942, -0.9119967940516375, -0.741505941562225, -0.556204685058043, -0.23862276096543886, 0.178401738756677, 0.6805952090577255, 1.366143680169936, 2.221002748309888, -1.100369052305345, -1.0074166652873866, -0.8872393741387479, -0.7516615618850624, -0.542084401019168, -0.22837279270092392, 0.19188236421239654, 0.6756774227706244, 1.4800450239633018, 2.117855865722952, -1.0900682506094663, -1.0110879338217964, -0.8706330302063194, -0.7637833192631086, -0.5619641066242181, -0.22770482085301968, 0.18180675849551314, 0.7410141013606337, 1.4226748812857033, 2.1466332025054835, -1.080697369962969, -1.0019056128274342, -0.8921585099756639, -0.7424984690297114, -0.5619089727220365, -0.2749981758397064, 0.1518455972224361, 0.7202470209032557, 1.448189972499396, 2.1607333702294556, -1.0407812131275347, -0.9751366245777693, -0.8714949364734419, -0.7083126532951328, -0.5730765595966409, -0.29713657441152935, 0.1333034522808983, 0.6356639292126066, 1.4353261497900438, 2.1488158664353563, -0.9514192232794816, -0.8687162612927664, -0.7695500222609528, -0.6930422960280987, -0.4866668932864571, -0.2997196116501901, 0.09115905043474229, 0.5390543695632224, 1.3388979298062265, 1.9574491459236587, -0.04679740196712918, 0.039231251174378576, 0.09858140004607568, 0.12391307486750268, 0.22713623383417414, 0.2877142480119784, 0.36225438111712677, 0.6249603744991801, 1.0241591009755315, 1.7571750914501307], "bean_num": 0.5, "model_info": {"det_num_x": 10, "det_num_y": 10, "det_y": 0.03, "det_x": 0.03, "size_x": 0.5, "size_y": 0.5, "med_margin": 0.0015}}