{"source": [408.9253122074734, -71.78734434859481], "intensity": 100, "miu_detector": 0.3, "miu_medium": 1.2, "miu_air": 0.00018, "output": [0.0, 0.0, 0.0, 0.0, 0.0, 0.0, 0.0, 0.0, 0.0, 0.0, 0.0, 0.0, 0.0, 0.0, 0.0, 0.0, 0.0, 0.0, 0.1063208530897489, 0.8936791469102511, 0.0, 0.0, 0.0, 0.0, 0.0, 0.0, 0.0, 0.0, 0.0, 0.0, 0.0, 0.0, 0.0, 0.0, 0.0, 0.0, 0.0, 0.0, 0.0, 0.0], "miu_de": 0.5, "input": [-0.10962912709623894, -0.9427896967643427, -1.0416727960772019, -1.0898338748098844, -1.0792728434364214, -1.0822125093879178, -1.0823262685559356, -1.0978798049780054, -1.0851696241608697, -1.1220557498281378, 0.0036039443915778452, -0.8917381308115137, -0.9617544805396818, -1.0015803443686868, -0.9867872700339911, -1.0279180841443558, -1.0041881901114962, -1.0153486959204359, -1.0091409794935622, -1.0842581348971732, -0.005741231923433788, -0.7876874011859453, -0.8640330400668685, -0.9178051464825342, -0.9108991300750602, -0.8813285516176997, -0.9093602144416139, -0.8974355960364611, -0.9218501652722876, -1.0268841134612647, 0.11628802099424469, -0.6821588293813932, -0.7568975133635074, -0.7426727791991701, -0.7301803658644022, -0.7677952717572948, -0.7745946060275575, -0.7609654163797571, -0.7792048825914575, -0.8763667500424591, 0.12169788687859308, -0.49581921021091246, -0.5645788542816358, -0.5345682138152756, -0.541635182541347, -0.5186417744102697, -0.5445073895714458, -0.5674107182910992, -0.6035013206628181, -0.7308522470678576, 0.2512880620433224, -0.2928636500381561, -0.26151889066128, -0.28896051677414347, -0.23425826195180638, -0.24187869624105185, -0.22499024718053284, -0.23771132024114797, -0.356999190528558, -0.4699310899889305, 0.3612564153315131, 0.06357593275475619, 0.12336756802180696, 0.15327819736779644, 0.14769373660540133, 0.17152428948574042, 0.12269927450155448, 0.09795700764763944, 0.0026007262740652165, -0.19644649389523275, 0.6629540334344883, 0.6756617998153892, 0.6410402225632498, 0.6440308971092737, 0.6782366568080981, 0.6396851064370515, 0.7142978826162487, 0.7047496041108574, 0.592536659651158, 0.266240947252965, 1.087248824415551, 1.280169452575452, 1.3764687044515658, 1.3838773139223646, 1.442291438533757, 1.4530712203140659, 1.4947743209161048, 1.4178694427467877, 1.3384686784756987, 0.897739415070254, 1.732569040018479, 2.0829087859841358, 2.160844267365062, 2.235910969528367, 2.1570095230370203, 2.117266396229511, 2.1607412758242788, 2.0741573559730226, 2.058590822934977, 1.7082487585262898], "bean_num": 0.5, "model_info": {"det_num_x": 10, "det_num_y": 10, "det_y": 0.03, "det_x": 0.03, "size_x": 0.5, "size_y": 0.5, "med_margin": 0.0015}}