{"source": [-286.90878352678254, -314.10552667991874], "intensity": 100, "miu_detector": 0.3, "miu_medium": 1.2, "miu_air": 0.00018, "output": [0.0, 0.0, 0.0, 0.0, 0.0, 0.7121169870682666, 0.2878830129317334, 0.0, 0.0, 0.0, 0.0, 0.0, 0.0, 0.0, 0.0, 0.0, 0.0, 0.0, 0.0, 0.0, 0.0, 0.0, 0.0, 0.0, 0.0, 0.0, 0.0, 0.0, 0.0, 0.0, 0.0, 0.0, 0.0, 0.0, 0.0, 0.0, 0.0, 0.0, 0.0, 0.0], "miu_de": 0.5, "input": [1.62359693669748, 1.6508361563575698, 1.618913508917196, 1.716934700539585, 1.6969786342724424, 1.668335942718218, 1.627412348136575, 1.631853741266566, 1.5202008989685698, 1.2704201017186523, 1.6434974089835872, 0.8711758361999077, 0.7434470539196185, 0.6787058056267339, 0.6405316972537392, 0.6769660199701202, 0.634291850734332, 0.651462644065204, 0.5809157964540596, 0.421548031246237, 1.6785719306903177, 0.8208877314997237, 0.2019424889039299, -0.009468659611560334, -0.05326903122399066, -0.03021948585578338, -0.057193143425917685, -0.06464677433865866, -0.14845775452924065, -0.32143414302822, 1.6730413383441682, 0.8153030338793955, 0.15954037911691005, -0.34456382987314843, -0.44334013478592954, -0.5186304938884597, -0.5762534892255483, -0.5520244813800896, -0.6126477949366357, -0.7362327991003567, 1.668896419363995, 0.7744841183158383, 0.03727585201280687, -0.3612493653068401, -0.6403119627971207, -0.7604214809833525, -0.8179746029214366, -0.8298954102151141, -0.8809589063926652, -0.9335815563286917, 1.7635870398214193, 0.8251685378177986, 0.015075379743635438, -0.3972894526031243, -0.6789165043861412, -0.894756391755338, -0.9474606915661843, -0.9632411823800625, -1.0147424832385155, -1.0778678824998504, 1.8466101188301889, 0.7438442460724861, 0.05032394985485454, -0.40651824397251113, -0.7260152076629968, -0.9013204974908666, -1.0428745248225058, -1.1191152721026032, -1.1231982054553462, -1.1747517991103145, 1.7366727665290682, 0.7257609639072226, 0.04045815353882349, -0.43828524913194444, -0.737552862313871, -0.9244268512965801, -1.05759173181685, -1.1367262053104696, -1.155188721687032, -1.2270110191066212, 1.6297806746405126, 0.7311384895116998, 0.003659006259934424, -0.4777426480642179, -0.7908466833839294, -0.9763780588420242, -1.0833148823154777, -1.1415960976963895, -1.2131762409960754, -1.2474885044200585, 1.3457163672395325, 0.43399656781206053, -0.15780654685297538, -0.6079427540992268, -0.876649999264796, -1.0373202219089923, -1.124463063918925, -1.206613180876288, -1.2400138101847258, -1.270781695070127], "bean_num": 0.5, "model_info": {"det_num_x": 10, "det_num_y": 10, "det_y": 0.03, "det_x": 0.03, "size_x": 0.5, "size_y": 0.5, "med_margin": 0.0015}}