{"source": [-294.0152107970938, -329.7600976801093], "intensity": 100, "miu_detector": 0.3, "miu_medium": 1.2, "miu_air": 0.00018, "output": [0.0, 0.0, 0.0, 0.0, 0.0, 0.6355892564006158, 0.3644107435993842, 0.0, 0.0, 0.0, 0.0, 0.0, 0.0, 0.0, 0.0, 0.0, 0.0, 0.0, 0.0, 0.0, 0.0, 0.0, 0.0, 0.0, 0.0, 0.0, 0.0, 0.0, 0.0, 0.0, 0.0, 0.0, 0.0, 0.0, 0.0, 0.0, 0.0, 0.0, 0.0, 0.0], "miu_de": 0.5, "input": [0.8887023020505775, 1.0697496154470683, 1.1261084601005749, 1.2073796701175117, 1.2245157804070952, 1.12185017784358, 1.251214747777398, 1.1640816455594105, 1.3528309164151646, 1.6568866219286678, -0.19808899804737595, -0.06263087458161003, -0.05499536437475854, 0.08317628650401204, 0.021084838228352967, 0.03563911619824692, 0.17088277364612858, 0.5051401209624221, 1.08425906515788, 1.939336978541065, -0.7691616370129963, -0.5983725841990825, -0.6559494897004338, -0.5502674500591199, -0.5024259455544099, -0.40142945183700496, -0.1012319197544446, 0.4206277600249215, 1.2190857892279479, 2.128009329898317, -1.0308883238595967, -0.8908945798447659, -0.8798387349437942, -0.8410178250482494, -0.7093823782747086, -0.48415249712234765, -0.14278007895887093, 0.447774635979788, 1.2435134199186737, 1.8896860782551337, -1.1406623808722256, -1.0432496075884277, -1.0024320531660555, -0.8850212223163784, -0.7288771812999741, -0.4894844852554993, -0.14183269379096933, 0.5049343876186112, 1.212525173557793, 1.805654930073114, -1.1779308467696175, -1.1076261353575054, -1.0142324196763204, -0.8996255437941849, -0.6817294429569192, -0.42621351620578074, -0.13414322336853404, 0.4279506819592643, 1.226314343351177, 1.943233403204007, -1.1876913376989793, -1.1011465418976285, -1.0060138829789531, -0.8683489666969407, -0.6605151529749442, -0.4148131142613532, -0.047911912608452734, 0.45659412739011196, 1.1210159968959839, 2.017190073417701, -1.2030585151702557, -1.1296255937620596, -1.0576696533169625, -0.9264282274073222, -0.722602627396266, -0.5068384242832621, -0.0997885069278596, 0.3276189070952974, 1.0923562664787134, 2.035884085882873, -1.2151104231942174, -1.1354113283743448, -1.0829712682696193, -0.9411705479201885, -0.7638611444737704, -0.5462748015854475, -0.258401395880074, 0.37102451856835067, 1.0478481822822796, 1.80370020553661, -1.2166629187412727, -1.1742273310079872, -1.0846782969319428, -1.011291871189183, -0.9014185412868185, -0.7220176193124996, -0.40978431343772875, 0.10049295315800674, 0.7555137775076997, 1.6409150004107824], "bean_num": 0.5, "model_info": {"det_num_x": 10, "det_num_y": 10, "det_y": 0.03, "det_x": 0.03, "size_x": 0.5, "size_y": 0.5, "med_margin": 0.0015}}