{"source": [-244.551292101892, -368.70528366895036], "intensity": 100, "miu_detector": 0.3, "miu_medium": 1.2, "miu_air": 0.00018, "output": [0.0, 0.0, 0.0, 0.0, 0.0, 0.0, 0.7283486613812871, 0.2716513386187129, 0.0, 0.0, 0.0, 0.0, 0.0, 0.0, 0.0, 0.0, 0.0, 0.0, 0.0, 0.0, 0.0, 0.0, 0.0, 0.0, 0.0, 0.0, 0.0, 0.0, 0.0, 0.0, 0.0, 0.0, 0.0, 0.0, 0.0, 0.0, 0.0, 0.0, 0.0, 0.0], "miu_de": 0.5, "input": [1.0067936440745995, -0.13182506543944955, -0.6572572432255527, -0.9748086397764, -1.0803985280529482, -1.1615552477173485, -1.203310960172481, -1.2129041879619429, -1.2200529469127217, -1.2481455693381218, 1.3656525243750526, 0.13062868452115522, -0.517870294373501, -0.900559854487864, -1.0446240458065976, -1.102373913561824, -1.1214581561294639, -1.1588407352891954, -1.1639905459750735, -1.1800484363884571, 1.2817904223248042, 0.08244790972073897, -0.5045082802091138, -0.8591022408897961, -1.007606357902804, -1.060822505621334, -1.050955564963678, -1.0661621968005661, -1.100760396446026, -1.1059670206288226, 1.2666875069157277, 0.12903580246285232, -0.48088021392973773, -0.7918767488711688, -0.9149484143308856, -0.8989794336316113, -0.9394112803640499, -0.9636736983935782, -0.9524179164047454, -1.0299200111842002, 1.3527610716312621, 0.19486404229726073, -0.48089589178394193, -0.6902309172154361, -0.784969088706824, -0.7519726064298117, -0.7888007561846652, -0.8245194661282804, -0.7925591642557926, -0.9005843475301961, 1.2631842087501095, 0.1559907371791019, -0.36450518182167546, -0.44363868184068866, -0.5038408643307752, -0.5347260818200309, -0.5302696233061703, -0.5171960291671124, -0.5000609093102056, -0.7210371983461904, 1.1850860766656284, 0.23803778193849703, -0.14570416289318372, -0.13445400261211218, -0.07764976119076945, -0.1555511035244337, -0.08325401102244913, -0.1678725033065279, -0.20409883344842147, -0.37033205397200497, 1.355567867103822, 0.44892507019427386, 0.28942002268236705, 0.4272271593439054, 0.32514624538381043, 0.34987302801837566, 0.35949940714443246, 0.3477492587655396, 0.30926662127543436, 0.13109932556750833, 1.3820232433791302, 1.1300598455221447, 1.023698226992509, 1.2118389428185166, 1.1721182679058855, 1.1465943504922125, 1.1501811096395715, 0.9896048705015248, 1.0043574170954248, 0.740844718232565, 1.5262423729747217, 1.7931141892382223, 1.8246092175721051, 1.9603936646025277, 1.953747970216846, 1.936103901644244, 1.967006734658647, 1.9626478392147295, 1.9540482302010846, 1.4507703600898694], "bean_num": 0.5, "model_info": {"det_num_x": 10, "det_num_y": 10, "det_y": 0.03, "det_x": 0.03, "size_x": 0.5, "size_y": 0.5, "med_margin": 0.0015}}