{"source": [265.7829759003353, 354.2849697229303], "intensity": 100, "miu_detector": 0.3, "miu_medium": 1.2, "miu_air": 0.00018, "output": [0.0, 0.0, 0.0, 0.0, 0.0, 0.0, 0.0, 0.0, 0.0, 0.0, 0.0, 0.0, 0.0, 0.0, 0.0, 0.0, 0.0, 0.0, 0.0, 0.0, 0.0, 0.0, 0.0, 0.0, 0.0, 0.09745159573480483, 0.9025484042651952, 0.0, 0.0, 0.0, 0.0, 0.0, 0.0, 0.0, 0.0, 0.0, 0.0, 0.0, 0.0, 0.0], "miu_de": 0.5, "input": [1.6350421459364937, 1.4700730261510397, 1.4378586210659472, 1.359176604227838, 1.4335498065642656, 1.3963572076343314, 1.2656509686859256, 1.424550305511145, 1.3674555992151398, 1.1868413567424034, 1.7997497888043499, 1.0380891531952157, 0.5007270398061375, 0.42403422011801034, 0.4926847728699215, 0.3679437388178643, 0.3586431984903431, 0.22355741261543255, 0.26557959967125294, 0.08246783799194922, 1.893697608155654, 1.0480777534601295, 0.3027796430086442, -0.09460429660418251, -0.22750251868655177, -0.2334427513850668, -0.24406880373838974, -0.37509167726914217, -0.4077411986657641, -0.542255122870955, 1.802051047758642, 0.9287509037236157, 0.26450576499204387, -0.17581110270932693, -0.45752127780316876, -0.7141231194800258, -0.7257964815342062, -0.7285044933464416, -0.806311691237811, -0.8341806109608584, 1.9698572941755703, 0.9780011153772854, 0.4187467794925884, -0.18859466094796187, -0.5700518965047281, -0.7604553930132985, -0.8722338227550446, -0.998639640707965, -1.017816306193136, -1.0562537131366951, 1.876244500620338, 1.0071061944089796, 0.370371592429281, -0.23922572886713306, -0.5752617102079207, -0.8106697552325295, -0.9797380963970828, -1.0841169616237971, -1.1114815539796474, -1.1494150951215296, 1.7589754291368922, 0.9952822582906687, 0.2383133585590696, -0.26182541853015334, -0.6022916353025032, -0.8467813986536306, -1.0135372072479532, -1.0653106069898655, -1.1346472394789788, -1.2259920214339823, 1.830762859450272, 0.9733825669282523, 0.34458397249132955, -0.27042959361564756, -0.6323001528736293, -0.8435693517197682, -1.0121340927084925, -1.1157680175632334, -1.174641583966008, -1.2091121450441211, 1.6975731375974064, 0.873190167209676, 0.21517141283716362, -0.2760692761520804, -0.599586308557303, -0.9200791493696079, -1.031904975805485, -1.100462916827344, -1.177498489595884, -1.24098460832935, 1.6025267976790152, 0.7939060527305168, 0.018634099011008917, -0.4878252042263035, -0.7751771023437761, -0.9823099141311616, -1.0717838622599019, -1.177652827339895, -1.2331853933179404, -1.2687547392746947], "bean_num": 0.5, "model_info": {"det_num_x": 10, "det_num_y": 10, "det_y": 0.03, "det_x": 0.03, "size_x": 0.5, "size_y": 0.5, "med_margin": 0.0015}}