{"source": [49.57181216236373, -442.66973864833807], "intensity": 100, "miu_detector": 0.3, "miu_medium": 1.2, "miu_air": 0.00018, "output": [0.0, 0.0, 0.0, 0.0, 0.0, 0.0, 0.0, 0.0, 0.0, 0.0, 0.29004720794207217, 0.7099527920579278, 0.0, 0.0, 0.0, 0.0, 0.0, 0.0, 0.0, 0.0, 0.0, 0.0, 0.0, 0.0, 0.0, 0.0, 0.0, 0.0, 0.0, 0.0, 0.0, 0.0, 0.0, 0.0, 0.0, 0.0, 0.0, 0.0, 0.0, 0.0], "miu_de": 0.5, "input": [1.5797071503378346, 1.9679559042436856, 2.1236140172733067, 2.139438906856545, 2.1464648881458612, 2.0857636697387663, 2.110492306567169, 2.0629602629212243, 2.0310417790453563, 1.7814561374157525, 0.9036445397922505, 1.2919074786053988, 1.415707372289352, 1.431317104358772, 1.4519213435826883, 1.3695046290284836, 1.3838021629901704, 1.410146150495459, 1.2766748211830754, 1.1661171210147705, 0.27486488297966716, 0.6527689047158807, 0.7490576602090787, 0.7721501781981897, 0.6342484449492278, 0.6511656137333834, 0.6606448418006047, 0.6672764448475578, 0.5906348901729753, 0.6571586415691535, -0.21319077498427566, 0.07783350810767549, 0.12075310416554184, 0.09833432995915087, 0.174982359766002, 0.16963328329627067, 0.15106588151815017, 0.08565628814355113, 0.07927741926917826, 0.5439147213214707, -0.47137706460351986, -0.3765719585466464, -0.3107499153518093, -0.2996294241884105, -0.2911906366388679, -0.28999102832100015, -0.2944800839483893, -0.2857724102268698, -0.3240753834035356, 0.41011332766257924, -0.7981314292652452, -0.6378045161004696, -0.6095153519674863, -0.532296149479563, -0.5720142731346076, -0.5936716734784837, -0.5700633693925334, -0.597736370954825, -0.5114069684910283, 0.3989335848920762, -0.9108751736338607, -0.8644768380332709, -0.7947877402244488, -0.7898648142312696, -0.7811503575313914, -0.7676563382519327, -0.763164676298503, -0.721556389326167, -0.6223975993442289, 0.3067011387018376, -1.0063006735157327, -0.9563734161210108, -0.9447338100969909, -0.9433476407716588, -0.9137626304535523, -0.8959207665572857, -0.8819534980832391, -0.872191701813516, -0.7658106110727937, 0.22019228841497418, -1.100793164420504, -1.0654078567019256, -1.0553325481060463, -0.9948973166462642, -1.015113146398583, -1.0238184846084488, -0.9982217529411266, -0.9769012210529354, -0.8107421032259597, 0.23563828740938592, -1.1675735275026777, -1.1412225938336777, -1.1118307500441469, -1.1045742626883466, -1.0926823140157107, -1.0909388749161664, -1.0658509896910193, -1.0511863415413918, -0.9094843187216948, 0.03992725320557455], "bean_num": 0.5, "model_info": {"det_num_x": 10, "det_num_y": 10, "det_y": 0.03, "det_x": 0.03, "size_x": 0.5, "size_y": 0.5, "med_margin": 0.0015}}