{"source": [444.05994616280583, 55.18485865616871], "intensity": 100, "miu_detector": 0.3, "miu_medium": 1.2, "miu_air": 0.00018, "output": [0.0, 0.0, 0.0, 0.0, 0.0, 0.0, 0.0, 0.0, 0.0, 0.0, 0.0, 0.0, 0.0, 0.0, 0.0, 0.0, 0.0, 0.0, 0.0, 0.0, 0.2128861652310938, 0.7871138347689062, 0.0, 0.0, 0.0, 0.0, 0.0, 0.0, 0.0, 0.0, 0.0, 0.0, 0.0, 0.0, 0.0, 0.0, 0.0, 0.0, 0.0, 0.0], "miu_de": 0.5, "input": [-1.120412013568843, -1.079488636805514, -1.0700817152430606, -1.0576703203048223, -1.0753706350400818, -1.075530875021132, -1.0472027429107449, -1.045605430864054, -1.0077342219637548, -0.3414836508387517, -1.0593817688847516, -0.9902414473996939, -0.959627926056182, -0.9872560291300788, -0.9900088851347195, -0.9576844670755786, -0.951327153124284, -0.9456455832381045, -0.9142885961322148, -0.3127077708897748, -0.9857634488350965, -0.9401955111655689, -0.8809352389547261, -0.8624236807807799, -0.870240444948296, -0.8408344842682771, -0.8449439161663813, -0.8506158039944036, -0.8332634069953277, -0.23896093925683953, -0.8536359474633937, -0.7638924174372802, -0.7277802405723001, -0.7458054054962097, -0.7394040871884209, -0.696010212609316, -0.7116021167136295, -0.7616364738687097, -0.7224774500682859, -0.21826795131095658, -0.6943396266685471, -0.5950442582078499, -0.5500089641147893, -0.5340947896620818, -0.537867847680932, -0.5251685983449333, -0.5547323856336485, -0.49400120731749936, -0.4907162827311371, -0.14589274967637297, -0.44420346078173634, -0.29433721119606715, -0.20462539604680816, -0.25282751474726106, -0.28447873095670206, -0.2134755694320442, -0.20810351544172076, -0.2514120984516379, -0.2729360467520544, 0.027213429232121705, -0.15000258721588866, 0.041420564473829885, 0.096319905086048, 0.16482704341382895, 0.13928523684876365, 0.18882901001795926, 0.19882629192427675, 0.18690741083021004, 0.043381677151562784, 0.1811962476971334, 0.2763607367651747, 0.5433351070035726, 0.73466323498163, 0.7850579220075841, 0.78300046271448, 0.8759888035388388, 0.7965797358404083, 0.7174460479168314, 0.5807448225332154, 0.4922006902594925, 0.9695812046811461, 1.3568026808416747, 1.3868046832572924, 1.4974976041036123, 1.5152287930885853, 1.5156665600067676, 1.4900297435247896, 1.3869274182014295, 1.3822104936023394, 0.9939351030575174, 1.7922109480780453, 2.1185612599907615, 2.1526555248175674, 2.1154672485767816, 2.092217856892954, 2.053742784938146, 2.153034487267477, 2.14143932304762, 2.1449063074430237, 1.6632034831255385], "bean_num": 0.5, "model_info": {"det_num_x": 10, "det_num_y": 10, "det_y": 0.03, "det_x": 0.03, "size_x": 0.5, "size_y": 0.5, "med_margin": 0.0015}}