{"source": [336.38784805608213, -316.9927343532704], "intensity": 100, "miu_detector": 0.3, "miu_medium": 1.2, "miu_air": 0.00018, "output": [0.0, 0.0, 0.0, 0.0, 0.0, 0.0, 0.0, 0.0, 0.0, 0.0, 0.0, 0.0, 0.0, 0.0, 0.0, 0.8110796603438482, 0.18892033965615185, 0.0, 0.0, 0.0, 0.0, 0.0, 0.0, 0.0, 0.0, 0.0, 0.0, 0.0, 0.0, 0.0, 0.0, 0.0, 0.0, 0.0, 0.0, 0.0, 0.0, 0.0, 0.0, 0.0], "miu_de": 0.5, "input": [1.5637659197231055, 1.6552935332303467, 1.6124983073362826, 1.5659047340654073, 1.6544482435960415, 1.596502507624371, 1.7076818453793996, 1.6404571687235405, 1.5736138642765853, 1.3407906409765067, 1.7743929198748836, 0.8692131267614736, 0.8247804755244832, 0.6700747256152061, 0.6168642732215162, 0.7192581927347955, 0.6325957532035859, 0.64148683841832, 0.613844724904789, 0.2772989126170782, 1.7136476014830693, 0.8059443694549582, 0.18722695570638814, 0.03248483705291355, 0.01632881569392058, -0.1431864915996855, -0.15778069694976676, -0.08951329409145699, -0.18981470618743307, -0.29412913376380795, 1.7995935041917681, 0.7962520551371128, 0.16297435678791203, -0.34100674565310657, -0.4945596807648322, -0.5289202263234928, -0.528698177081891, -0.4797504095603138, -0.6111280506292783, -0.6784723084638834, 1.647018700235327, 0.8131044226403948, 0.11876574983387762, -0.2968328018918677, -0.6293696072886487, -0.7625738534269337, -0.8166172243771062, -0.8034279652167812, -0.8503105491189925, -0.9395402731840802, 1.6752835347736565, 0.7512734383315479, 0.052232117833854216, -0.400031141136008, -0.7031143846185562, -0.9098407863612349, -0.9824893540084145, -0.9868631697178746, -0.9884066850461762, -1.0839676588420482, 1.680915090933698, 0.8652839898235926, 0.07010152613795378, -0.479361664135796, -0.7697812110064278, -0.9181842572699949, -1.0365036059537884, -1.1002716895858544, -1.1384429136105507, -1.1840070136238197, 1.7774327609587826, 0.7775261990547557, 0.03213429665816985, -0.42502198883367925, -0.7510132730091174, -0.9505482149161647, -1.040199446585717, -1.1237041033166815, -1.18586063184427, -1.2304026735933022, 1.6555051865812083, 0.7208942832366515, 0.051597017433760425, -0.4776916436744948, -0.7231137115946122, -0.9658080153848566, -1.0803622825850243, -1.1724356719514335, -1.2207713047910747, -1.2386892044615572, 1.2724327859866427, 0.4589192911745593, -0.24213919384069174, -0.5709574530056936, -0.8480791443336276, -1.0459357554015198, -1.154328748849709, -1.2038225281317834, -1.2432086423032942, -1.2746482320459964], "bean_num": 0.5, "model_info": {"det_num_x": 10, "det_num_y": 10, "det_y": 0.03, "det_x": 0.03, "size_x": 0.5, "size_y": 0.5, "med_margin": 0.0015}}