{"source": [213.64007190317952, 418.3232148897811], "intensity": 100, "miu_detector": 0.3, "miu_medium": 1.2, "miu_air": 0.00018, "output": [0.0, 0.0, 0.0, 0.0, 0.0, 0.0, 0.0, 0.0, 0.0, 0.0, 0.0, 0.0, 0.0, 0.0, 0.0, 0.0, 0.0, 0.0, 0.0, 0.0, 0.0, 0.0, 0.0, 0.0, 0.0, 0.0, 0.005962490119177214, 0.9940375098808227, 0.0, 0.0, 0.0, 0.0, 0.0, 0.0, 0.0, 0.0, 0.0, 0.0, 0.0, 0.0], "miu_de": 0.5, "input": [1.2792156031528916, 1.48932385059094, 1.5161441391363497, 1.5024076774248845, 1.5592044742068165, 1.6391867892182537, 1.6953263577946402, 1.5693533976303446, 1.534898012165084, 1.4826614719699847, 0.2438829754755543, 0.5205378643874409, 0.5168181723967942, 0.5103175910292578, 0.5788360988766628, 0.6423371056226225, 0.5840234697455926, 0.6629722848851752, 0.936843370681114, 1.7398917888865328, -0.4852223976705181, -0.2877043424642093, -0.2603634963460331, -0.09355887694200493, -0.15486090415006515, -0.11685785760529566, -0.011433705568294312, 0.16417132356899117, 0.8868518525767255, 1.7718329495064682, -0.7827536312305713, -0.6650465857318458, -0.5826653742442632, -0.6042849122253766, -0.5795154869913788, -0.4639038878606861, -0.309283548449289, 0.20948244818630027, 0.9349516294335782, 1.6835748311408305, -0.9870152891582684, -0.9136202261945452, -0.8839129089929197, -0.8243405937267676, -0.7311075668726624, -0.6413234593312392, -0.3465742323244373, 0.13086130673898824, 0.8416603342838357, 1.82242043369796, -1.1037059490132788, -1.076112451927424, -1.0231937036651029, -0.9807066009494555, -0.8707714989679478, -0.6528359742798902, -0.36984106542187634, 0.11034393561598163, 0.9170171942443075, 1.7919800158528179, -1.1950638540464402, -1.1278246994604735, -1.0949455519878686, -1.0343853523915902, -0.895802979756794, -0.6686104174188487, -0.39048596247243117, 0.1402755510616241, 0.903624503264601, 1.7787568574862849, -1.2129969444832465, -1.1680748619811125, -1.1473705245646457, -1.045583633049548, -0.8701354886906354, -0.670766807930812, -0.3429815619795031, 0.14020439844457422, 0.7471380147030897, 1.8099942215748217, -1.2506561110686338, -1.2212691380735508, -1.1631525434949395, -1.0707048503815668, -0.9344201618252101, -0.7086417000623447, -0.4577840191259174, 0.08929117319263867, 0.7816853377780815, 1.6924839742871274, -1.2488341457428993, -1.2261588850959149, -1.1919880683812993, -1.1163953663071828, -0.9939240052424188, -0.7879477958055516, -0.49765639264226036, -0.07685881068540218, 0.552633095355779, 1.5085192851823175], "bean_num": 0.5, "model_info": {"det_num_x": 10, "det_num_y": 10, "det_y": 0.03, "det_x": 0.03, "size_x": 0.5, "size_y": 0.5, "med_margin": 0.0015}}