{"source": [-299.3441805340364, -363.77834519969923], "intensity": 100, "miu_detector": 0.3, "miu_medium": 1.2, "miu_air": 0.00018, "output": [0.0, 0.0, 0.0, 0.0, 0.0, 0.38334636549813794, 0.6166536345018621, 0.0, 0.0, 0.0, 0.0, 0.0, 0.0, 0.0, 0.0, 0.0, 0.0, 0.0, 0.0, 0.0, 0.0, 0.0, 0.0, 0.0, 0.0, 0.0, 0.0, 0.0, 0.0, 0.0, 0.0, 0.0, 0.0, 0.0, 0.0, 0.0, 0.0, 0.0, 0.0, 0.0], "miu_de": 0.5, "input": [1.60780984594355, 1.5705861217396813, 1.646306495337082, 1.5774012835228726, 1.606803830881475, 1.562235837879506, 1.6160094845640927, 1.5173108575123022, 1.4959577060032248, 1.17585938886455, 1.6674788630998754, 0.8475549855778027, 0.6559023822195671, 0.5722129465653181, 0.6126969927468757, 0.5800241715713499, 0.5488274435271351, 0.5130061196762011, 0.45368909057242685, 0.26559888805955634, 1.7815463422784934, 0.9080222592283537, 0.2017470106525449, -0.06772310701323717, -0.11298620456409435, -0.13798805562068206, -0.16749803386896012, -0.169741750935177, -0.25041305337131214, -0.4077395338359505, 1.7612477253484122, 0.9693979917678469, 0.19215269948310304, -0.27599531561674695, -0.49753412000046443, -0.5579126113075434, -0.6208604182433655, -0.6254387769470198, -0.6863067281916353, -0.773399193671355, 1.6890316555213385, 0.9322556371473937, 0.2009738249189403, -0.3464688326599589, -0.6307584214593067, -0.7906270254164326, -0.8512289575445673, -0.831497066600715, -0.9282349315557661, -0.9899525485229737, 1.828375199736565, 0.8598128357333925, 0.21885712424341017, -0.32024523924158255, -0.6790999311202823, -0.8577175490142959, -0.9477585475456237, -1.0067212603558164, -1.0646231426245099, -1.1215992949825202, 1.7465038736400158, 0.9155643839568849, 0.12776176885546434, -0.33537675425131175, -0.7414396213162532, -0.8982313789352081, -1.0237889744257032, -1.0974066031373246, -1.1367922517181623, -1.1915829900875377, 1.7797345943813365, 0.8126367626334565, 0.10997810338048451, -0.39799214658452314, -0.7037451920802203, -0.8938913094451734, -1.0289063473856104, -1.1335849722712215, -1.1784524908785843, -1.2197705284254468, 1.7082428830917735, 0.8047460082787359, 0.07071859992459925, -0.42148734990001496, -0.7499674331022345, -0.9734817308059807, -1.049220551080988, -1.146272181696829, -1.1744609013376746, -1.239080077543675, 1.4602125370912025, 0.537037274004654, -0.09602440633341863, -0.5705566763226158, -0.8326993977843876, -0.9807223872370086, -1.103519419927665, -1.1919614710482855, -1.2231054943188082, -1.258239139949083], "bean_num": 0.5, "model_info": {"det_num_x": 10, "det_num_y": 10, "det_y": 0.03, "det_x": 0.03, "size_x": 0.5, "size_y": 0.5, "med_margin": 0.0015}}