{"source": [-294.6332504804909, 382.08692015666577], "intensity": 100, "miu_detector": 0.3, "miu_medium": 1.2, "miu_air": 0.00018, "output": [0.0, 0.0, 0.0, 0.0, 0.0, 0.0, 0.0, 0.0, 0.0, 0.0, 0.0, 0.0, 0.0, 0.0, 0.0, 0.0, 0.0, 0.0, 0.0, 0.0, 0.0, 0.0, 0.0, 0.0, 0.0, 0.0, 0.0, 0.0, 0.0, 0.0, 0.0, 0.0, 0.0, 0.0, 0.8181796391439532, 0.18182036085604675, 0.0, 0.0, 0.0, 0.0], "miu_de": 0.5, "input": [-1.1152617469005517, -1.0955651211905653, -1.0745443639324859, -1.0714321175062176, -1.0651851693041754, -1.0686124671303594, -1.0466821029087523, -1.0454848797168634, -0.978202984646455, -0.2493254579631518, -1.0667951341411595, -1.0213415597049145, -0.9901156452635445, -0.9647948232700682, -0.9730767080809155, -0.9701901421079713, -0.965532276333066, -0.9644362666897232, -0.9020128930866494, -0.09199936044807856, -0.9834753273894227, -0.9237454098575881, -0.9085114813732461, -0.8954606027378867, -0.8789339410643544, -0.8614323618080164, -0.8609114053501911, -0.8749096264822895, -0.8114342680027502, -0.09915933192109308, -0.8862469400204821, -0.7991234381404682, -0.781349175003434, -0.7333397385495768, -0.7510207760141603, -0.7132235452149084, -0.7247089810619719, -0.7129803923531027, -0.7275688943399178, 0.012577483028784657, -0.7093638253266725, -0.6061003398437588, -0.5648242454896026, -0.5368341570522679, -0.5046408475547108, -0.5202395210254166, -0.543347595724784, -0.5480464732520338, -0.5260323772189922, 0.049926852808059155, -0.5208615478865445, -0.33803418113964084, -0.2713770430375013, -0.26841112698538844, -0.25727638743267994, -0.2090748646958533, -0.2402416214952347, -0.27047650936276035, -0.27609625892270756, 0.1494482540460845, -0.19626550720998814, 0.0321234227497668, 0.13312201049635902, 0.13599020901229786, 0.11357229490351343, 0.1652529533983587, 0.15249691865187506, 0.15857060911375057, 0.029416684368907355, 0.3487715073699522, 0.2808759925258604, 0.5766350526940272, 0.6475627587950349, 0.7058990941326088, 0.7053384849976709, 0.7163846607538984, 0.684354112604385, 0.6671773043946349, 0.598853149204855, 0.5757103703697632, 0.9129879657600092, 1.3582059606282542, 1.4386843860580687, 1.4954960661807302, 1.4566924954365266, 1.5279726114367231, 1.3886735426896888, 1.395344178111805, 1.312825139108599, 1.0355717276144438, 1.729111769088282, 2.033166464726343, 2.119678479404107, 2.1695259785996766, 2.2098801718742935, 2.1552222404149, 2.1975076041463812, 2.1060486310166637, 2.0961758201120837, 1.7768398748390204], "bean_num": 0.5, "model_info": {"det_num_x": 10, "det_num_y": 10, "det_y": 0.03, "det_x": 0.03, "size_x": 0.5, "size_y": 0.5, "med_margin": 0.0015}}