{"source": [-48.21797285996246, 488.4441136890658], "intensity": 100, "miu_detector": 0.3, "miu_medium": 1.2, "miu_air": 0.00018, "output": [0.0, 0.0, 0.0, 0.0, 0.0, 0.0, 0.0, 0.0, 0.0, 0.0, 0.0, 0.0, 0.0, 0.0, 0.0, 0.0, 0.0, 0.0, 0.0, 0.0, 0.0, 0.0, 0.0, 0.0, 0.0, 0.0, 0.0, 0.0, 0.0, 0.0, 0.37357459944006355, 0.6264254005599365, 0.0, 0.0, 0.0, 0.0, 0.0, 0.0, 0.0, 0.0], "miu_de": 0.5, "input": [1.7538740719035624, 2.1468786064855467, 2.1024522530104726, 2.1662275225326844, 2.1285806397187863, 2.151481375915553, 2.1186689365133513, 2.1143722942217944, 2.119332721631931, 1.7255331330760861, 0.9886712600720994, 1.3318928769547982, 1.3952464282167776, 1.4308297264311656, 1.4820085662529143, 1.4097849095233426, 1.4056117601553482, 1.3720975183367263, 1.3334909525421035, 1.098185181904835, 0.3185978289002116, 0.6201094147105324, 0.6969352866109747, 0.7314893492477024, 0.7547666857303413, 0.7379872719700225, 0.6859423350128946, 0.635225030235884, 0.6063524750025023, 0.5531265063439699, -0.14252300935319134, 0.04023264478775984, 0.04530543402449965, 0.12756144506195793, 0.1847043879882374, 0.1993484962303397, 0.15016408197313066, 0.13381726023367477, 0.08315552805146931, 0.2912550542247528, -0.48286388259440266, -0.34024797506803567, -0.27682412039375254, -0.2267682320341756, -0.20759425178637078, -0.21679637141358746, -0.19651669924826207, -0.26169361865408286, -0.29052950438011477, 0.17681442415133147, -0.702055641778159, -0.5592987675198499, -0.5352842965110957, -0.5139861030306859, -0.5220314396887838, -0.5653590143423405, -0.5714522020428069, -0.5466904233136012, -0.5034196136664078, 0.02507316771790441, -0.9001636553358383, -0.816328297963529, -0.7837027113274054, -0.77841857296597, -0.7598158442924903, -0.7147604005612942, -0.7391643761358694, -0.7630327500587876, -0.6954741931021643, -0.010355500957221056, -0.9991661735135975, -0.9482180193660729, -0.8856065833983147, -0.8976198375781448, -0.8845153330837444, -0.8909039407548196, -0.8865042868559352, -0.8609162949610468, -0.8094101624946103, -0.06301794798904652, -1.0513046355472897, -1.0355545680038865, -1.011087226383673, -0.9887440314856415, -1.0080124456943962, -0.9885596950502246, -0.9831249553381785, -0.936531521315125, -0.8962679647347106, -0.10680891225923038, -1.1292673685347812, -1.1013609615984894, -1.082894210773522, -1.0518581674794656, -1.0862997515861006, -1.0589484324642118, -1.0750891748230362, -1.0448819494251163, -0.9882984526092593, -0.1992603689880001], "bean_num": 0.5, "model_info": {"det_num_x": 10, "det_num_y": 10, "det_y": 0.03, "det_x": 0.03, "size_x": 0.5, "size_y": 0.5, "med_margin": 0.0015}}