{"source": [-475.136816087257, 140.42770108334565], "intensity": 100, "miu_detector": 0.3, "miu_medium": 1.2, "miu_air": 0.00018, "output": [0.0, 0.0, 0.0, 0.0, 0.0, 0.0, 0.0, 0.0, 0.0, 0.0, 0.0, 0.0, 0.0, 0.0, 0.0, 0.0, 0.0, 0.0, 0.0, 0.0, 0.0, 0.0, 0.0, 0.0, 0.0, 0.0, 0.0, 0.0, 0.0, 0.0, 0.0, 0.0, 0.0, 0.0, 0.0, 0.0, 0.0, 0.0, 0.8294619231032554, 0.17053807689674463], "miu_de": 0.5, "input": [1.6936473333530964, 2.031915767724659, 2.0844674368037293, 1.992725603137924, 2.045884683397997, 2.075806833266555, 2.0769610907368414, 2.0402750210149834, 1.9563533415529863, 1.671622697061302, 0.8380675504469368, 1.2145029154166238, 1.2946619915151247, 1.3226632805029812, 1.39558458154834, 1.4184776213964827, 1.464417525783042, 1.3729322589776243, 1.2525920438577676, 1.166147532094229, 0.22777568701960932, 0.5664172308930189, 0.5995355144161132, 0.6039218584575552, 0.6425502903284818, 0.6352620801362179, 0.624170162513346, 0.5530465069559479, 0.5953827302481366, 0.9484097074918638, -0.24825285152137708, -0.03770503842609112, 0.054892509295697896, 0.043639817508308795, 0.027762504763257218, 0.013022716857684068, 0.034535741884201804, 0.10251349863789133, 0.040574119382069285, 0.7911826599907303, -0.5766416131670317, -0.41192216640879203, -0.34862160696681943, -0.34775007972026545, -0.3419949201486837, -0.35979605130634784, -0.36192650799538295, -0.3133423390144322, -0.26727328530937194, 0.7514625779871587, -0.8197320620242731, -0.6401072209712056, -0.6478188199373701, -0.5948726955535372, -0.5915737157230484, -0.6340588549919941, -0.6234782827707802, -0.6057422510199781, -0.42424736865046175, 0.5952450148130185, -0.9236687149429581, -0.877648070354916, -0.8491543364192223, -0.8295514970888068, -0.8379240278218584, -0.8075034841801486, -0.7876088257460385, -0.7360809505564175, -0.4218291185626103, 0.6517129896530971, -1.0545777795837417, -0.9949832457348007, -0.9395230281325916, -0.9633278068507201, -0.9377621156327229, -0.9478501224387405, -0.9204285556105898, -0.8376841746343883, -0.5054726489166507, 0.5683333752272327, -1.0984855211934363, -1.0818385692331252, -1.059115430752758, -1.0629239441511587, -1.0411536688577185, -1.0561785091019282, -1.0226786053572878, -0.9635487762695824, -0.5694677288509578, 0.5165231400197693, -1.1771926185653667, -1.1617265806246375, -1.1482703379611139, -1.1380837751517165, -1.1194393355424026, -1.11715759042214, -1.11311330988695, -1.0303651238822744, -0.7247520222873057, 0.45734813885741926], "bean_num": 0.5, "model_info": {"det_num_x": 10, "det_num_y": 10, "det_y": 0.03, "det_x": 0.03, "size_x": 0.5, "size_y": 0.5, "med_margin": 0.0015}}