{"source": [-434.2249024687058, 241.4207460622945], "intensity": 100, "miu_detector": 0.3, "miu_medium": 1.2, "miu_air": 0.00018, "output": [0.0, 0.0, 0.0, 0.0, 0.0, 0.0, 0.0, 0.0, 0.0, 0.0, 0.0, 0.0, 0.0, 0.0, 0.0, 0.0, 0.0, 0.0, 0.0, 0.0, 0.0, 0.0, 0.0, 0.0, 0.0, 0.0, 0.0, 0.0, 0.0, 0.0, 0.0, 0.0, 0.0, 0.0, 0.0, 0.0, 0.23035809177178876, 0.7696419082282112, 0.0, 0.0], "miu_de": 0.5, "input": [-1.2573174005790806, -1.2237639657164239, -1.1620458468137929, -1.0901982334840212, -0.9718463268025557, -0.7985229215204868, -0.5080084572944512, -0.005929209439744649, 0.6884901390496343, 1.371839628230715, -1.2324706737815294, -1.185278968058594, -1.131392117225779, -1.002824398613083, -0.8603512796903863, -0.6813520717388155, -0.3353872539951716, 0.238201841349988, 0.9456904056440704, 1.7876361458342729, -1.204830728579101, -1.1574911491528517, -1.141307848713759, -0.9917293339789984, -0.8328330251926105, -0.6535954415352707, -0.3141761776698794, 0.1668938632732272, 0.9537617668777, 1.980087977217049, -1.1779486820690883, -1.1477390505043108, -1.091510719616757, -0.9973668505664237, -0.83907173951293, -0.6186939750689271, -0.24359224090316933, 0.28929391713666425, 1.0053984595377967, 1.8177444582877171, -1.1552093247750146, -1.120147910725386, -1.0456249531204882, -0.986358000170908, -0.799031340149753, -0.6145225419572521, -0.2985833618716754, 0.2129794781822135, 0.9985110289673929, 1.8773473768976718, -1.019930214866266, -0.9964372248852508, -0.961716104025006, -0.8775469662109171, -0.7602335598375805, -0.5422512468255171, -0.28198092166149036, 0.2610399288532899, 0.9550605640074817, 1.7895308724915624, -0.8524308025722996, -0.7616517372961589, -0.7140156714176458, -0.6842062048857742, -0.6000702820440473, -0.48369804463062044, -0.23498505038888912, 0.2946474334437503, 1.0372731760262712, 1.9102806359890472, -0.49920484010648714, -0.3650748003685706, -0.32789342845942515, -0.31685605101625913, -0.3167174017566803, -0.17041995555881004, -0.016444123776497625, 0.293922729388348, 1.033201933747163, 1.833812511813473, 0.08033554624887228, 0.2023224275221703, 0.4167640604901484, 0.38494140789988035, 0.405330953569316, 0.4248415587024703, 0.4772298531933941, 0.5074646052675102, 1.0220037923602634, 1.7073173520944904, 1.0887084598547088, 1.3634889969266453, 1.4756682897549689, 1.409724346289658, 1.5309452932458676, 1.5457122894409285, 1.4425931350163685, 1.4166946441424186, 1.4415326833739361, 1.5755521855381587], "bean_num": 0.5, "model_info": {"det_num_x": 10, "det_num_y": 10, "det_y": 0.03, "det_x": 0.03, "size_x": 0.5, "size_y": 0.5, "med_margin": 0.0015}}