{"source": [-313.3015626240798, 388.2059682458708], "intensity": 100, "miu_detector": 0.3, "miu_medium": 1.2, "miu_air": 0.00018, "output": [0.0, 0.0, 0.0, 0.0, 0.0, 0.0, 0.0, 0.0, 0.0, 0.0, 0.0, 0.0, 0.0, 0.0, 0.0, 0.0, 0.0, 0.0, 0.0, 0.0, 0.0, 0.0, 0.0, 0.0, 0.0, 0.0, 0.0, 0.0, 0.0, 0.0, 0.0, 0.0, 0.0, 0.0, 0.6771934587256547, 0.32280654127434527, 0.0, 0.0, 0.0, 0.0], "miu_de": 0.5, "input": [-1.1492762548274453, -1.1296620641740847, -1.1227681246470906, -1.134317000612362, -1.1126869783608035, -1.1158077427040585, -1.0933472916967504, -1.0193947698772128, -0.7774580534295493, 0.26813640033073777, -1.1106116527356142, -1.0506567337403112, -1.0344502324603602, -1.0633838937846263, -1.0583358561491425, -1.0172978310758176, -1.012680725557915, -0.9296506551861363, -0.6708107889400977, 0.40555155418131045, -1.0384059836432675, -0.954639269993663, -0.9671610721296031, -0.9487204969576087, -0.9262963272979756, -0.9356181111107045, -0.8902106669020559, -0.8716491657334482, -0.6137121203116808, 0.4825489216534783, -0.9306071801383153, -0.847062005565051, -0.8196913937518086, -0.8141694779851164, -0.7870619007342667, -0.7940629507777693, -0.7994985845466938, -0.7255729067313734, -0.5672636831054526, 0.5212729787594056, -0.7535498779460684, -0.6710692361784562, -0.6322391144398259, -0.5768855214824131, -0.6175557441464508, -0.5972580330106344, -0.5828133342866629, -0.5628348777594535, -0.440612756237356, 0.5262482046779747, -0.5783648448258658, -0.41096416131879887, -0.37835963814686246, -0.32176769421487156, -0.311239439639044, -0.3162699853579914, -0.3195905739882764, -0.34020806412439053, -0.31037060478110906, 0.5828326924775631, -0.27348930997542, 0.0071886430166835024, -0.00822705661922574, 0.07833604542262763, 0.10607500120060975, 0.09294389060759244, 0.09754551014486718, 0.07898642985426392, 0.062061877379842735, 0.7014975923841503, 0.24159645304522834, 0.5565697236281697, 0.6101138101964733, 0.6726949439444971, 0.6398284326686128, 0.6936959623995566, 0.6540227947909273, 0.5817031460085598, 0.5642198350360383, 0.8119084228270756, 0.9486700402338757, 1.2328146318121866, 1.3446810536392044, 1.3357019665000636, 1.36768690742807, 1.3932209822232924, 1.3851454889683086, 1.2774596768217983, 1.2597866333751926, 1.1482011801943577, 1.6589459908664377, 2.0804680700393186, 2.0870826844620836, 2.1159941229628316, 2.0219489708840137, 2.1573455156843653, 2.1418171351204154, 2.0667135578835802, 2.0193639329060105, 1.7570420072127364], "bean_num": 0.5, "model_info": {"det_num_x": 10, "det_num_y": 10, "det_y": 0.03, "det_x": 0.03, "size_x": 0.5, "size_y": 0.5, "med_margin": 0.0015}}