{"source": [477.4106374924621, -187.05363968739385], "intensity": 100, "miu_detector": 0.3, "miu_medium": 1.2, "miu_air": 0.00018, "output": [0.0, 0.0, 0.0, 0.0, 0.0, 0.0, 0.0, 0.0, 0.0, 0.0, 0.0, 0.0, 0.0, 0.0, 0.0, 0.0, 0.0, 0.37729754363625745, 0.6227024563637426, 0.0, 0.0, 0.0, 0.0, 0.0, 0.0, 0.0, 0.0, 0.0, 0.0, 0.0, 0.0, 0.0, 0.0, 0.0, 0.0, 0.0, 0.0, 0.0, 0.0, 0.0], "miu_de": 0.5, "input": [1.18375424553818, 1.3899565271617615, 1.471052176435444, 1.444641134775733, 1.458335538435743, 1.384648325251171, 1.4032797687716243, 1.4840570739993317, 1.4625072460023298, 1.631661636088721, 0.027374571302936055, 0.3357679218706392, 0.29522605685653835, 0.3561526192647743, 0.40597445683433214, 0.38492778416030565, 0.4673200682277492, 0.5392758349691048, 1.0269180771480146, 1.8635182137341684, -0.5568733051698942, -0.3767538758844234, -0.36284848237393086, -0.34099689080239165, -0.27410658462324317, -0.2479697568394861, -0.10453638452428318, 0.3412553689251541, 1.0031801737187853, 1.836442618450212, -0.8691520303599694, -0.7427240130822608, -0.6991373072271138, -0.7034142816468958, -0.6552755563282993, -0.5449931960320882, -0.23408959013064537, 0.26997864148413364, 0.9907244307326983, 1.8048738933915462, -1.025191936328184, -0.994385235595958, -0.9149766127595249, -0.8768738649134783, -0.7782546268271319, -0.5566318302133908, -0.23917654855513454, 0.267028977677364, 0.9896763310534701, 1.927432968082133, -1.1591997183518628, -1.0822799248402575, -1.0416210169806133, -0.941710512802376, -0.780357692289395, -0.5824939961388684, -0.2422661512176363, 0.24749767598357003, 1.0783304901608755, 1.9072313528570657, -1.1979503788793144, -1.1589432692645503, -1.0780963904773946, -0.9686202243964319, -0.8586139385239672, -0.6137793018948697, -0.26745841544810395, 0.2069732438079068, 0.9367237407018916, 1.843288822031396, -1.2146976826380622, -1.1650206345466867, -1.1308612711701502, -1.004749013694265, -0.8186908546950282, -0.6666060545043757, -0.3554014391269661, 0.29679257374154094, 0.9226122091562684, 1.7833602993796167, -1.2445016840040273, -1.1816943522137948, -1.111627779672133, -1.0285053812684775, -0.9009126722908921, -0.6800458284988661, -0.3103348931609488, 0.20311505418542075, 0.9343549537706797, 1.801967226073471, -1.2443012723337532, -1.2117516320420687, -1.147838211079033, -1.0718827917288625, -0.9386476305656958, -0.7460596630997636, -0.43703190255243823, -0.004069335884373551, 0.6202202601303096, 1.4575742401699123], "bean_num": 0.5, "model_info": {"det_num_x": 10, "det_num_y": 10, "det_y": 0.03, "det_x": 0.03, "size_x": 0.5, "size_y": 0.5, "med_margin": 0.0015}}