{"source": [426.83241544120403, 289.64925505192963], "intensity": 100, "miu_detector": 0.3, "miu_medium": 1.2, "miu_air": 0.00018, "output": [0.0, 0.0, 0.0, 0.0, 0.0, 0.0, 0.0, 0.0, 0.0, 0.0, 0.0, 0.0, 0.0, 0.0, 0.0, 0.0, 0.0, 0.0, 0.0, 0.0, 0.0, 0.0, 0.0, 0.2043458970612695, 0.7956541029387305, 0.0, 0.0, 0.0, 0.0, 0.0, 0.0, 0.0, 0.0, 0.0, 0.0, 0.0, 0.0, 0.0, 0.0, 0.0], "miu_de": 0.5, "input": [1.5941312137172654, 0.8274541331999351, 0.119989579319546, -0.3259195660428515, -0.6663479136141941, -0.843224354931762, -1.0105356132373609, -1.0951331195199145, -1.1661882579270269, -1.2033031373318555, 1.9374130486511207, 1.1155828850445453, 0.43750501782922685, -0.16811322596917555, -0.5526153556363562, -0.7678057869977336, -0.9258438312426228, -1.0817178848434028, -1.1425470728697682, -1.2042331430121034, 1.940330289033859, 1.207555591450041, 0.46153081934543566, -0.13480648238217816, -0.49696019739956626, -0.7423668927077741, -0.8977647782706452, -1.0542089888507093, -1.1168072280187655, -1.182261457649185, 1.9432066216402086, 1.2285956391642467, 0.4595728863757725, -0.10193122497667702, -0.43942634692202837, -0.7186124545398695, -0.8933925599560604, -1.0144784543501888, -1.1020359088746328, -1.1752357401809683, 2.0100466428518815, 1.125681183273994, 0.4561425068979165, -0.09927528116678495, -0.4385268071842771, -0.6924819574283386, -0.8766309183605502, -1.0239956127355987, -1.1042523888749578, -1.1480740530509368, 1.9690380411987523, 1.1560095925479728, 0.4708768097507458, -0.04806022723898061, -0.45254477823783507, -0.6968392183017985, -0.8700778708787593, -0.9823438918044751, -1.040844414527741, -1.1243074163112319, 1.989987808495288, 1.221750862826123, 0.4195299146785919, -0.10529990726460756, -0.4315100818176419, -0.6820698583089793, -0.8133414722254462, -0.9079245224098671, -0.962424682669954, -1.035524713642277, 1.9754373794423068, 1.1674644271261483, 0.44389588021745824, -0.08641084297470013, -0.3644949104015616, -0.5504302843943256, -0.5796328296538298, -0.6499498168397054, -0.7217699948627361, -0.7847952975965444, 1.9490876171502274, 1.1118152471125031, 0.4783681730971647, 0.12535825223376637, -0.00012106577749597826, -0.009118395760015061, -0.06400990345182297, -0.09255725302268272, -0.15839542876843654, -0.3320855315845542, 1.675264778704255, 1.3664759804857107, 1.2621082878148313, 1.1927431650209526, 1.1434470526886684, 1.0853653081645283, 1.0921261238447402, 1.0391483863387658, 1.0494765971177327, 0.9044248639325906], "bean_num": 0.5, "model_info": {"det_num_x": 10, "det_num_y": 10, "det_y": 0.03, "det_x": 0.03, "size_x": 0.5, "size_y": 0.5, "med_margin": 0.0015}}