{"source": [81.83406986050504, -520.993562483829], "intensity": 100, "miu_detector": 0.3, "miu_medium": 1.2, "miu_air": 0.00018, "output": [0.0, 0.0, 0.0, 0.0, 0.0, 0.0, 0.0, 0.0, 0.0, 0.0, 0.008145650129704368, 0.9918543498702956, 0.0, 0.0, 0.0, 0.0, 0.0, 0.0, 0.0, 0.0, 0.0, 0.0, 0.0, 0.0, 0.0, 0.0, 0.0, 0.0, 0.0, 0.0, 0.0, 0.0, 0.0, 0.0, 0.0, 0.0, 0.0, 0.0, 0.0, 0.0], "miu_de": 0.5, "input": [-0.48791374949641697, -0.361269407202457, -0.3368313611767125, -0.32196436770292236, -0.17923183868595863, -0.011900097508557098, 0.11244603190416125, 0.41080882162274995, 0.9150860172575545, 1.7514060175334933, -1.0122744237096999, -0.9188279862959209, -0.8551772073636935, -0.7284818257076593, -0.5275887670558671, -0.2538113863771479, 0.09341925192452166, 0.619340721343999, 1.3057703917947954, 2.040535910717411, -1.035485717208966, -0.9408125252837051, -0.8383725867408044, -0.7136054076806618, -0.4906424365135646, -0.21648448585750485, 0.17625896337190242, 0.7159407196786863, 1.3785518325695008, 2.1275910509274287, -1.0162032655981967, -0.9503860649884356, -0.8263278356460755, -0.7049495558148966, -0.5568491680511329, -0.1846171273444632, 0.196309340046414, 0.7367733607376165, 1.4244596044576088, 2.163394114974263, -1.0444513619456874, -0.9612570812219284, -0.8279646771908726, -0.6909472418519725, -0.4861075841972596, -0.18696545656205146, 0.19206588683401418, 0.7503713184508684, 1.3949295614804078, 2.170338897892991, -1.0511340809240481, -0.9854693786832557, -0.8829406804644725, -0.7248749830443763, -0.4974268178750929, -0.21245993068095725, 0.22019601991242008, 0.71700470779427, 1.492529150566862, 2.3740827394973625, -1.0415338061292945, -0.9542849880403256, -0.8617250524165417, -0.7199438971992174, -0.5149912722781862, -0.175655507026943, 0.23325352758114093, 0.6550479702363394, 1.4738619466141067, 2.245532039518107, -1.0705777975307063, -1.0149000259852985, -0.8578192324533152, -0.7175656836512021, -0.542101468725111, -0.23146305639887083, 0.1743973968228735, 0.7167783171419481, 1.3667010316749988, 2.1780035137064426, -1.0842220319128237, -1.0050547695315843, -0.8753415471957997, -0.7359033493594076, -0.5970175700284279, -0.3006239212767744, 0.08481409459721127, 0.6363327486173233, 1.3435445714876195, 2.0315851672920107, -1.1014657174182958, -1.0597079304629158, -0.9754480530810666, -0.8667195678006451, -0.7076169601547118, -0.45498670546282394, -0.201422339843851, 0.2806353407574695, 0.9744399560446669, 1.8155620656339495], "bean_num": 0.5, "model_info": {"det_num_x": 10, "det_num_y": 10, "det_y": 0.03, "det_x": 0.03, "size_x": 0.5, "size_y": 0.5, "med_margin": 0.0015}}