{"source": [155.60907463112443, 517.1326825111164], "intensity": 100, "miu_detector": 0.3, "miu_medium": 1.2, "miu_air": 0.00018, "output": [0.0, 0.0, 0.0, 0.0, 0.0, 0.0, 0.0, 0.0, 0.0, 0.0, 0.0, 0.0, 0.0, 0.0, 0.0, 0.0, 0.0, 0.0, 0.0, 0.0, 0.0, 0.0, 0.0, 0.0, 0.0, 0.0, 0.0, 0.0, 0.860770238015738, 0.13922976198426196, 0.0, 0.0, 0.0, 0.0, 0.0, 0.0, 0.0, 0.0, 0.0, 0.0], "miu_de": 0.5, "input": [-1.1776597496643029, -1.1062290695489216, -1.047602837167337, -0.9134931152067265, -0.797224239043276, -0.5966999607900828, -0.2406957641232914, 0.18701222643571122, 0.8672695769020964, 1.6778894086833211, -1.146722231016141, -1.0841180068547043, -1.0080609706543608, -0.8333007678538336, -0.66313067368248, -0.4071215908920162, 0.06056065520046328, 0.501708801241794, 1.2688807636818291, 2.056418245463217, -1.1328729915288043, -1.073180030026059, -0.9683067061584983, -0.8567653257176538, -0.6751282677926161, -0.40638438143184674, 0.011874069363759104, 0.5939913316037239, 1.338266174668582, 2.041186001358297, -1.1144512165977356, -1.0639512397700128, -0.9576425868064699, -0.8755425161609878, -0.6159305802436463, -0.3615673004201609, 0.010754059345668556, 0.6135788414117951, 1.3853319875148096, 2.1000647067504876, -1.127283432966069, -1.0202916507872262, -0.9466766745641206, -0.8357667654734263, -0.6464562035584873, -0.33726057816366645, 0.06028320618906749, 0.6811200519163705, 1.2765637375501853, 2.0752989622342612, -1.1160896235618811, -1.0392204562559633, -0.9555376474099366, -0.8073296735307846, -0.6275164034857852, -0.32222363489148803, 0.07837328940446019, 0.6013878996517356, 1.3738740493380017, 2.096519521602804, -1.081028836621504, -1.0126493922402349, -0.9140211301908534, -0.8101782928903143, -0.59052501388267, -0.31039614654150116, 0.0689011492977235, 0.6632835893232483, 1.4241018281298272, 1.9725007633668883, -0.9953892826360881, -0.9144602101481476, -0.8810222678178661, -0.7575669645811797, -0.5925119809964712, -0.33402771243447027, 0.04289674794915178, 0.5945796794430134, 1.3226395751734985, 2.132886981280405, -0.635704385194494, -0.5500213074378174, -0.4929141771274827, -0.47032112156426653, -0.4354423059170114, -0.24872292517952876, 0.04589006182391256, 0.49920112374223724, 1.2892215783717091, 1.978127884569028, 0.3539328017376378, 0.5693251824710993, 0.6141016623664989, 0.5929924705686498, 0.6185704159996535, 0.6840871381462961, 0.7321563977814611, 0.8583622905183647, 1.2123552582075712, 1.7040161694224034], "bean_num": 0.5, "model_info": {"det_num_x": 10, "det_num_y": 10, "det_y": 0.03, "det_x": 0.03, "size_x": 0.5, "size_y": 0.5, "med_margin": 0.0015}}