{"source": [363.76426239887803, -399.12941766196127], "intensity": 100, "miu_detector": 0.3, "miu_medium": 1.2, "miu_air": 0.00018, "output": [0.0, 0.0, 0.0, 0.0, 0.0, 0.0, 0.0, 0.0, 0.0, 0.0, 0.0, 0.0, 0.0, 0.0, 0.29490414321559655, 0.7050958567844035, 0.0, 0.0, 0.0, 0.0, 0.0, 0.0, 0.0, 0.0, 0.0, 0.0, 0.0, 0.0, 0.0, 0.0, 0.0, 0.0, 0.0, 0.0, 0.0, 0.0, 0.0, 0.0, 0.0, 0.0], "miu_de": 0.5, "input": [1.0108643995363102, -0.12795605527781412, -0.6673057465475964, -0.9678658181174338, -1.1170563993332605, -1.1848812383990404, -1.1702713856893134, -1.2031857293837114, -1.1678265096260074, -1.2436221472848286, 1.262197056786184, 0.07435427000028559, -0.5136479620789655, -0.9045931389361306, -1.0264871895720462, -1.08085039144881, -1.1227295292677977, -1.1487298455863504, -1.1529123549420226, -1.1824440641243517, 1.3528165415530384, 0.17869921582162102, -0.5011514676208043, -0.8068608016929736, -0.9763916525125343, -1.0401608082261768, -1.050219721503366, -1.0740730216645669, -1.08747991774697, -1.1468646808736862, 1.3071441806224608, 0.1805176494391131, -0.48417658008828157, -0.7876165169053696, -0.877500543685527, -0.8937463842744006, -0.9206778346504069, -0.9607813707975975, -0.9811029759857224, -1.0397297302557293, 1.2358620712137032, 0.12155188218684469, -0.49916623248916275, -0.6748575682164952, -0.768605000086473, -0.7867056195716949, -0.7703842680324836, -0.8245227606860961, -0.8063438653761451, -0.9141927491036272, 1.271723746122927, 0.15236287990503714, -0.3659368889092628, -0.4726434139575582, -0.5288567765245734, -0.501697488495715, -0.48755615280024805, -0.5804571933350401, -0.5839389448401132, -0.6947491185011555, 1.338515011038059, 0.2889120986470856, -0.09215857719687, -0.12648419365579927, -0.16938344873658126, -0.13416857391776413, -0.15011674565738964, -0.1565198260050561, -0.23716246009366926, -0.3925633824934638, 1.3391201609392382, 0.4482693038894032, 0.34992617247998425, 0.3255373406189518, 0.33983875975308214, 0.41345027442340365, 0.33259067328700487, 0.3262034391877315, 0.3339044850194336, 0.04002045350041017, 1.4471418984033104, 1.03895481350521, 1.0516046112186936, 1.2698327984502147, 1.1023905390516453, 1.0561308768768276, 1.0529214063356573, 1.0971480217250333, 1.0449411530136232, 0.7159583540200327, 1.6207317184446643, 1.949055834636834, 1.9000451471954958, 1.9427896352661176, 1.8938709544094179, 1.9169998929443592, 1.811113258547836, 1.9747309660466563, 1.8402487073431664, 1.5790781093759303], "bean_num": 0.5, "model_info": {"det_num_x": 10, "det_num_y": 10, "det_y": 0.03, "det_x": 0.03, "size_x": 0.5, "size_y": 0.5, "med_margin": 0.0015}}