{"source": [446.9214388106099, -318.8008488177276], "intensity": 100, "miu_detector": 0.3, "miu_medium": 1.2, "miu_air": 0.00018, "output": [0.0, 0.0, 0.0, 0.0, 0.0, 0.0, 0.0, 0.0, 0.0, 0.0, 0.0, 0.0, 0.0, 0.0, 0.0, 0.0, 0.9445849688969777, 0.05541503110302222, 0.0, 0.0, 0.0, 0.0, 0.0, 0.0, 0.0, 0.0, 0.0, 0.0, 0.0, 0.0, 0.0, 0.0, 0.0, 0.0, 0.0, 0.0, 0.0, 0.0, 0.0, 0.0], "miu_de": 0.5, "input": [1.0412945392067565, 0.18533559820114204, -0.49464675078649967, -0.8268535081057, -1.0367524450285062, -1.1492129255253403, -1.1950940098338567, -1.2123980245650345, -1.2375691974867358, -1.2654738128247718, 1.3887663581512182, 0.3528585380960656, -0.32558376817351425, -0.7721729914942806, -0.9673153858360608, -1.0818870794027085, -1.133911554600046, -1.1602391078791552, -1.1877000257363461, -1.2091278924770847, 1.4203518900548544, 0.40654431880942105, -0.30789411296053193, -0.7613933122431014, -0.9206924725837204, -1.0332644146234264, -1.1031909198083276, -1.1218220243086203, -1.128989801858765, -1.1877512466927698, 1.449545007458918, 0.4412007198320833, -0.2439296282937331, -0.6143494176248895, -0.8747019210385235, -0.9519462478715632, -0.9760803781509081, -1.0124327110336495, -1.0369356933505318, -1.0779485413488132, 1.432634221067128, 0.4076384031392523, -0.3198715980585634, -0.6209970281495668, -0.7870512074416791, -0.8058496593210674, -0.8025591043871523, -0.8496489724812588, -0.852859443651462, -0.9786900931881499, 1.5384839329084787, 0.4102358059484406, -0.27741688638728224, -0.49595661913148903, -0.628192984198482, -0.5859475555958147, -0.6423663631283206, -0.6456938709511427, -0.7064857861260445, -0.8045800950538946, 1.465708213594776, 0.3918278642407601, -0.07303304346171961, -0.1583599346185967, -0.25960373627017425, -0.29389888347382104, -0.29828687597341663, -0.29591615507578695, -0.3227927570640966, -0.4861539164380412, 1.5049024033569536, 0.596891258942372, 0.2796008956297935, 0.25189039361905424, 0.21359662873102472, 0.28469538221351004, 0.2930441414771175, 0.20082778431686887, 0.15233401765374316, -0.10628753159095819, 1.4228853457211539, 0.9296404958965375, 0.9631359442535438, 1.0141259005634737, 0.9629397456771985, 1.0055492224024871, 0.9821404597639425, 1.0479583657111533, 0.8207432917140146, 0.5945907961035506, 1.569700266756485, 1.8445792034617416, 1.8808889891473373, 1.9069816285944712, 1.8376654748066117, 1.8589624648393694, 1.917214098527212, 1.8629045805552178, 1.694218535603198, 1.4807282980170897], "bean_num": 0.5, "model_info": {"det_num_x": 10, "det_num_y": 10, "det_y": 0.03, "det_x": 0.03, "size_x": 0.5, "size_y": 0.5, "med_margin": 0.0015}}