{"source": [-348.1728954996295, 429.5408880120996], "intensity": 100, "miu_detector": 0.3, "miu_medium": 1.2, "miu_air": 0.00018, "output": [0.0, 0.0, 0.0, 0.0, 0.0, 0.0, 0.0, 0.0, 0.0, 0.0, 0.0, 0.0, 0.0, 0.0, 0.0, 0.0, 0.0, 0.0, 0.0, 0.0, 0.0, 0.0, 0.0, 0.0, 0.0, 0.0, 0.0, 0.0, 0.0, 0.0, 0.0, 0.0, 0.0, 0.0, 0.6636464178883829, 0.3363535821116172, 0.0, 0.0, 0.0, 0.0], "miu_de": 0.5, "input": [-1.0852166052472716, -1.0905188212461114, -1.0690201279321947, -1.0532587791527552, -1.016242479142603, -1.0367729003315231, -1.0535984127100517, -1.0391384958042051, -1.011532007272084, -0.5219091865269008, -1.0443968280949683, -0.9872033591247359, -0.9628846242608431, -0.9752961003554086, -0.9571129410218877, -0.9406422628169039, -0.9561821620956806, -0.9259865111422091, -0.9173782141326484, -0.49442240499574525, -0.9414245477914929, -0.900577237011953, -0.8372393434359735, -0.8489199510864986, -0.8079631025314592, -0.8087550230320916, -0.8479424119421518, -0.839333598671574, -0.8486740233166017, -0.43155518405239573, -0.8462720279374526, -0.7114218338641743, -0.7112043950294998, -0.7316505458003337, -0.6522723835767689, -0.719396932426429, -0.7365026910024814, -0.7278218460456433, -0.6830678870955186, -0.3564320879400952, -0.6988207992054336, -0.5497176539002557, -0.5788033846189653, -0.48808792961086267, -0.5359561322429138, -0.47217733164488235, -0.5153377708416844, -0.5447059225121018, -0.5433732642053181, -0.2861934920059699, -0.5215864123590881, -0.293630086855334, -0.21264577599998805, -0.184787101246916, -0.1887736897172022, -0.18954785018851292, -0.17772263658030651, -0.21335506920527986, -0.26787725020755826, -0.0686851375566521, -0.11556801256258589, 0.11041380735595463, 0.11516879189724052, 0.24323192614896486, 0.18389217719883336, 0.24039550838512924, 0.20048477100639636, 0.21565485032774226, 0.02624944724557898, 0.15488411004384434, 0.22918452006327764, 0.653882619071726, 0.6638133596267135, 0.6985784366454447, 0.7091492037628264, 0.7386921889503623, 0.7814573126684863, 0.6654396126254286, 0.5026689337059574, 0.4429332575030432, 0.9921766655167391, 1.2990318505861362, 1.368282446617453, 1.4403465501831796, 1.5189349666912026, 1.4768687075347966, 1.5171828994102798, 1.453946798029098, 1.453777917243878, 0.980386594694551, 1.678729568516412, 2.1622550369897464, 2.148068599369115, 2.2761415501763618, 2.15781255572144, 2.2539024244273915, 2.1514197454795876, 2.1598466978275335, 1.9682364244040937, 1.7409701466132004], "bean_num": 0.5, "model_info": {"det_num_x": 10, "det_num_y": 10, "det_y": 0.03, "det_x": 0.03, "size_x": 0.5, "size_y": 0.5, "med_margin": 0.0015}}