{"source": [558.5881718626075, 50.67824601325825], "intensity": 100, "miu_detector": 0.3, "miu_medium": 1.2, "miu_air": 0.00018, "output": [0.0, 0.0, 0.0, 0.0, 0.0, 0.0, 0.0, 0.0, 0.0, 0.0, 0.0, 0.0, 0.0, 0.0, 0.0, 0.0, 0.0, 0.0, 0.0, 0.0, 0.42399982778788975, 0.5760001722121102, 0.0, 0.0, 0.0, 0.0, 0.0, 0.0, 0.0, 0.0, 0.0, 0.0, 0.0, 0.0, 0.0, 0.0, 0.0, 0.0, 0.0, 0.0], "miu_de": 0.5, "input": [-1.1123587599775258, -1.0683036298380135, -1.044317857950841, -1.0394528301621804, -1.0480540559908063, -1.050382326282112, -1.0490353548297828, -1.0379084748085377, -1.0310907112794743, -0.5707277541676101, -1.0324483630400048, -1.008111713524238, -0.9940112712789558, -0.99024465584412, -0.9664472776367473, -0.9520776945599664, -0.972363741484417, -0.9454713459152304, -0.969940386791936, -0.4756330045914982, -0.958600513670577, -0.894889128126139, -0.8761269249796152, -0.8650339358174585, -0.8482796558530333, -0.8638342763327661, -0.876597118486002, -0.8572189819854943, -0.8604598466957317, -0.43285178789158496, -0.8617857063989759, -0.7595319503093975, -0.6876888150540198, -0.7296865074629185, -0.6719902675392313, -0.665611547397591, -0.6846595844315817, -0.6656769162642329, -0.6715757732005592, -0.3778605129845728, -0.7067099090928701, -0.5923810596127911, -0.5834325572001489, -0.49516446286211635, -0.4989345114582454, -0.5240306018076131, -0.5088529992423898, -0.5044594799688521, -0.5017226701024651, -0.3105915224993214, -0.4764338849072346, -0.22340120747518494, -0.1817109938492636, -0.24011737762317187, -0.13235116408112438, -0.12735789483141158, -0.18864529809629518, -0.1886594511178214, -0.27953620444334876, -0.09394437075754458, -0.11962186386914123, 0.16068136938362157, 0.21588477556621768, 0.18362461624889045, 0.2107834158594158, 0.22976800901292826, 0.22549111146039028, 0.16293504143182436, 0.1334715466553176, 0.09155014829568552, 0.3026485543028246, 0.5687309245270487, 0.7270274960058626, 0.7011908068742624, 0.6840328643096978, 0.7984815187917501, 0.7308084191275759, 0.7289934649681225, 0.6075879943760147, 0.457314112757803, 0.9604984956322988, 1.3280955026246675, 1.3767514490790693, 1.4674968808500315, 1.510206109914345, 1.53579911104511, 1.5186201485260418, 1.396228217193222, 1.308301693362608, 1.0784842384536852, 1.7390730307588953, 2.036975906374509, 2.218032801366152, 2.1128263232127336, 2.284646593417901, 2.1231430123648054, 2.146811596687304, 2.1634418781639315, 2.0048321695237075, 1.7151290972275817], "bean_num": 0.5, "model_info": {"det_num_x": 10, "det_num_y": 10, "det_y": 0.03, "det_x": 0.03, "size_x": 0.5, "size_y": 0.5, "med_margin": 0.0015}}