{"source": [-9.459591860313347, -565.376661436681], "intensity": 100, "miu_detector": 0.3, "miu_medium": 1.2, "miu_air": 0.00018, "output": [0.0, 0.0, 0.0, 0.0, 0.0, 0.0, 0.0, 0.0, 0.0, 0.10650601215942014, 0.8934939878405799, 0.0, 0.0, 0.0, 0.0, 0.0, 0.0, 0.0, 0.0, 0.0, 0.0, 0.0, 0.0, 0.0, 0.0, 0.0, 0.0, 0.0, 0.0, 0.0, 0.0, 0.0, 0.0, 0.0, 0.0, 0.0, 0.0, 0.0, 0.0, 0.0], "miu_de": 0.5, "input": [1.760022040367507, 2.1670954203692916, 2.1649774169571416, 2.290814694960357, 2.1497341235961436, 2.159410364558024, 2.1583668928746147, 2.188848360998444, 2.025063935720018, 1.7867320672363052, 0.9072531979348066, 1.4013809330625178, 1.489266528180505, 1.4826875156353572, 1.4798577265636847, 1.475887648408528, 1.4644142991568263, 1.5175750887678001, 1.286887901797241, 0.9438590323611167, 0.31345536040643657, 0.6703486298776424, 0.6447278114182101, 0.776481536362037, 0.8567698132715087, 0.710641662912956, 0.688492717444526, 0.7449380347589473, 0.4837718137775677, 0.2638861869744864, -0.15123797521535545, 0.1456421028682143, 0.19447816687345698, 0.2389541176768617, 0.18579060254342591, 0.2713984192397902, 0.20415259766361357, 0.21415002071434266, 0.07585995257485989, -0.11364668377970648, -0.3829578366342097, -0.26180828850183346, -0.218466611772595, -0.19405546334021864, -0.14591457845811134, -0.1361174683818739, -0.18082674798811535, -0.17304455915881833, -0.2934023062173626, -0.46249085720007843, -0.6362633743676981, -0.5294177887144599, -0.45662107307376637, -0.48306412869157556, -0.41593131651283316, -0.45692246595917446, -0.44589509209152456, -0.42804264036842976, -0.5403294197609867, -0.6884650896324014, -0.7717340708065437, -0.6648687806151669, -0.6571173456418302, -0.6467300402257543, -0.6166978424193887, -0.650215024854406, -0.6531751792506025, -0.658637106304955, -0.711191698818837, -0.8024790210980506, -0.9097645574917623, -0.8322519593820425, -0.8266573626437819, -0.8039809059545263, -0.7853823263255383, -0.7942286779821727, -0.7935913575651294, -0.8077509035514072, -0.8113288177216439, -0.919035744345375, -0.9774285688458226, -0.9132062710025068, -0.929585082189276, -0.9102564738542592, -0.8912049983759666, -0.9053556103451095, -0.8610132175084307, -0.8599168366083897, -0.9014696527565923, -0.9733479390105092, -1.0520555342994256, -1.0062286483405514, -0.9745137351730743, -0.984439476867188, -0.9658859805928655, -0.9814943488936684, -0.987410625431267, -0.9675945793759151, -1.0041204816863267, -1.0258061868879322], "bean_num": 0.5, "model_info": {"det_num_x": 10, "det_num_y": 10, "det_y": 0.03, "det_x": 0.03, "size_x": 0.5, "size_y": 0.5, "med_margin": 0.0015}}