{"source": [-177.78906752980322, -541.5187838325435], "intensity": 100, "miu_detector": 0.3, "miu_medium": 1.2, "miu_air": 0.00018, "output": [0.0, 0.0, 0.0, 0.0, 0.0, 0.0, 0.0, 0.019535039553442254, 0.9804649604465577, 0.0, 0.0, 0.0, 0.0, 0.0, 0.0, 0.0, 0.0, 0.0, 0.0, 0.0, 0.0, 0.0, 0.0, 0.0, 0.0, 0.0, 0.0, 0.0, 0.0, 0.0, 0.0, 0.0, 0.0, 0.0, 0.0, 0.0, 0.0, 0.0, 0.0, 0.0], "miu_de": 0.5, "input": [-1.261404550571931, -1.2315506346363907, -1.185684706732724, -1.1399830381598397, -1.0259300155304194, -0.8638398854194096, -0.6136426017361295, -0.20880203062318947, 0.4486606336530082, 1.457458590375116, -1.2338875435340095, -1.2200389063861121, -1.154977061320796, -1.0980705964872908, -0.9376881568960678, -0.775361169730444, -0.4395527779329359, -0.006599047534422807, 0.7363309722973091, 1.7239282752898082, -1.2146114462331563, -1.1674201641832938, -1.137943798121519, -1.0456693999400841, -0.9413645812925112, -0.760947489300676, -0.39933472096783645, 0.021587099548237117, 0.7261267568551554, 1.7750993326867335, -1.1567258385890677, -1.1221386985272328, -1.0968999138124902, -1.0361200406331408, -0.9176198870961922, -0.7150118060585803, -0.4339419382005984, 0.01728404723381079, 0.7444446434969364, 1.753211221258605, -1.0878437550190558, -0.9907709323178088, -1.0011013819587855, -0.9797975305074156, -0.8736312999316712, -0.6897603981356857, -0.3760692334102963, 0.07925109207850752, 0.8718058238095082, 1.7918870556394848, -0.9627310428390291, -0.8594746916683697, -0.8148663571272741, -0.8272177846583074, -0.7600891507908919, -0.6439498732516318, -0.33104342926479746, 0.11006701743947979, 0.7578668425371307, 1.69781894007016, -0.7041989029668323, -0.6113444749830081, -0.5518470187117791, -0.5636808318710933, -0.4862873320827114, -0.48565690398551065, -0.2924169189875915, 0.15040373703625234, 0.8172691610487696, 1.720140388092769, -0.3563778290257192, -0.16326411124679419, -0.102998735734222, -0.08416425393350932, -0.07343239706012505, -0.082355690379393, 0.009392823043459045, 0.17750349408892913, 0.9028566630197583, 1.7691184650345517, 0.2810719445698932, 0.6022400221462513, 0.6328099083169163, 0.5590836682133414, 0.6628232552658727, 0.6245107938429689, 0.6294365960155854, 0.7912819605815775, 0.8756249402128407, 1.6972144479711229, 1.2288966505193546, 1.52999198018948, 1.6201639393821476, 1.6207892149024226, 1.5129523237602553, 1.6249338052774789, 1.6454299146706504, 1.678041040525164, 1.6216196811278722, 1.600705544913136], "bean_num": 0.5, "model_info": {"det_num_x": 10, "det_num_y": 10, "det_y": 0.03, "det_x": 0.03, "size_x": 0.5, "size_y": 0.5, "med_margin": 0.0015}}