{"source": [146.42970066061764, -551.6869902991906], "intensity": 100, "miu_detector": 0.3, "miu_medium": 1.2, "miu_air": 0.00018, "output": [0.0, 0.0, 0.0, 0.0, 0.0, 0.0, 0.0, 0.0, 0.0, 0.0, 0.0, 0.3483554341748087, 0.6516445658251913, 0.0, 0.0, 0.0, 0.0, 0.0, 0.0, 0.0, 0.0, 0.0, 0.0, 0.0, 0.0, 0.0, 0.0, 0.0, 0.0, 0.0, 0.0, 0.0, 0.0, 0.0, 0.0, 0.0, 0.0, 0.0, 0.0, 0.0], "miu_de": 0.5, "input": [1.728292713902655, 0.8514770226900936, 0.20279503131531165, -0.19042230530481663, -0.5176365965223444, -0.8093294336062186, -0.9295520141937252, -1.077255866543288, -1.1070905595078122, -1.1549448239392752, 1.967495227877734, 1.3060121282926063, 0.5553870526903248, -0.07907289846001053, -0.3447308469974074, -0.6533714109932705, -0.8561083516711688, -1.0100570326569587, -1.0566424507825385, -1.1471450778753438, 2.1150981787720413, 1.4111957431037747, 0.6170587184669187, 0.10269371738617356, -0.37501440801046065, -0.6177540131183072, -0.8091460915832526, -0.9450236206698092, -1.0465010833604378, -1.1463951161070054, 2.061819008753853, 1.467029256460268, 0.6526148615871691, 0.061721586374684945, -0.3154104190380744, -0.6187918538888972, -0.7754718058735431, -0.9441207881330907, -1.0457184754118767, -1.1234313278748946, 2.0794781333802455, 1.2970849236256665, 0.5893713654991475, 0.04505919939750651, -0.3500101736643464, -0.5813409014794342, -0.8092921211407932, -0.9494096351784105, -1.0246016000898803, -1.1138616365420306, 2.1056386518831567, 1.3768927123873835, 0.6752616647320686, 0.1142126597665906, -0.34533384226343455, -0.5654297608278729, -0.7965739978606543, -0.9189931253615279, -1.038238454260378, -1.1219225352894422, 2.126280040921965, 1.3794195184953268, 0.621473645030745, 0.09286195822669065, -0.32647418016265317, -0.5621747956708661, -0.8134038716412398, -0.9070816234175925, -1.033265059492326, -1.0952702357082331, 2.073073473991721, 1.3424107932701523, 0.656831043183506, 0.12104213128536236, -0.3231186406059391, -0.5554866684340919, -0.7309389500424641, -0.8518011488525409, -0.9561432521284204, -1.024075702763211, 2.0144934714652623, 1.2053695249266372, 0.44256107058307265, 0.04111582148933511, -0.24195369873994543, -0.42795479317367396, -0.5845616491027693, -0.5908834926341051, -0.6376720584007999, -0.7683139271281744, 1.7681359106599228, 1.1673426964035256, 0.8577220124905023, 0.7543220350099545, 0.5638126272991119, 0.5567456802066443, 0.48014348243782756, 0.3810942495274173, 0.38199955231239013, 0.32977990661865303], "bean_num": 0.5, "model_info": {"det_num_x": 10, "det_num_y": 10, "det_y": 0.03, "det_x": 0.03, "size_x": 0.5, "size_y": 0.5, "med_margin": 0.0015}}