{"source": [-521.3703749056461, 255.28972170536144], "intensity": 100, "miu_detector": 0.3, "miu_medium": 1.2, "miu_air": 0.00018, "output": [0.0, 0.0, 0.0, 0.0, 0.0, 0.0, 0.0, 0.0, 0.0, 0.0, 0.0, 0.0, 0.0, 0.0, 0.0, 0.0, 0.0, 0.0, 0.0, 0.0, 0.0, 0.0, 0.0, 0.0, 0.0, 0.0, 0.0, 0.0, 0.0, 0.0, 0.0, 0.0, 0.0, 0.0, 0.0, 0.0, 0.0, 0.8987493881695934, 0.10125061183040664, 0.0], "miu_de": 0.5, "input": [-1.1266475860021188, -1.0821068779187426, -1.0707519627663664, -1.0770334915240682, -1.060302309887973, -1.0825246037617882, -1.045686350841907, -1.0518194409290416, -0.986336972351242, -0.338765513926938, -1.0699044362126433, -1.022688228324861, -1.0024516148952256, -0.9738085570182959, -1.0092541128330088, -0.9627069276384888, -0.947629088530512, -0.9655307948906877, -0.9192835752174027, -0.14436505358593296, -0.9794495012444422, -0.924955101067416, -0.8789183501117424, -0.8998749638803472, -0.8972151519290474, -0.8750159540698883, -0.8688603555973794, -0.8446504388681016, -0.8688945378444313, -0.18324000604947177, -0.8739385396630281, -0.7595958045534343, -0.7383804235739206, -0.7461313075031554, -0.7585022375235615, -0.7099420050982737, -0.7373755395964795, -0.7003201953111309, -0.7016009568091214, -0.09935901116130465, -0.7512225418864391, -0.5791541122407344, -0.5537880554516672, -0.46804767540030007, -0.5133150554846335, -0.5841985535959813, -0.45487570709414904, -0.5299240479446725, -0.4718270963284741, -0.0022805786803927956, -0.4935828008656447, -0.3245092224479649, -0.21455221478670664, -0.22472505135680565, -0.24701355552828153, -0.2744109502693158, -0.22674870309308542, -0.22556746097529617, -0.2831775519560334, 0.12185846384243, -0.19026614790804283, 0.05121350325141866, 0.14118715018012573, 0.15399610291785146, 0.23619806631055315, 0.20458120766229296, 0.18651459950617352, 0.12806145162289653, 0.08392442071205414, 0.0970549822368856, 0.3801087121230983, 0.6875760608576835, 0.7558221357300631, 0.7200921605739986, 0.7173017666868192, 0.6821512211386899, 0.7474279500829022, 0.6453029641126179, 0.5376495829465682, 0.5147930131876839, 0.9979553078979827, 1.3355182409524269, 1.4352171531394797, 1.445857028637922, 1.4279943565328677, 1.3861885979516952, 1.387335790122808, 1.4201270451147856, 1.2759759610958452, 1.0518221423641223, 1.6442873933647124, 2.043351123405172, 2.2467496921679264, 2.1692720273707025, 2.098001529214383, 2.2638384546128463, 2.216909380727648, 2.133288216811486, 2.142895676696919, 1.683604329943004], "bean_num": 0.5, "model_info": {"det_num_x": 10, "det_num_y": 10, "det_y": 0.03, "det_x": 0.03, "size_x": 0.5, "size_y": 0.5, "med_margin": 0.0015}}