{"source": [6.786178439939609, -582.8368242266502], "intensity": 100, "miu_detector": 0.3, "miu_medium": 1.2, "miu_air": 0.00018, "output": [0.0, 0.0, 0.0, 0.0, 0.0, 0.0, 0.0, 0.0, 0.0, 0.0, 0.925879423148836, 0.07412057685116405, 0.0, 0.0, 0.0, 0.0, 0.0, 0.0, 0.0, 0.0, 0.0, 0.0, 0.0, 0.0, 0.0, 0.0, 0.0, 0.0, 0.0, 0.0, 0.0, 0.0, 0.0, 0.0, 0.0, 0.0, 0.0, 0.0, 0.0, 0.0], "miu_de": 0.5, "input": [1.6845395827804124, 1.0400164162051981, 0.30641270123126974, -0.13097316944088627, -0.44493852860615163, -0.6591942341818627, -0.8085975277671895, -0.8856602905583215, -0.9742643938419748, -1.047338471218352, 2.0702022675834586, 1.403671432637591, 0.7020227294209849, 0.09257073701563427, -0.27216459705943946, -0.48760281109911624, -0.6876165203909539, -0.8315958408712377, -0.9044191462694244, -1.0134148919781139, 2.164067718202023, 1.3855551495720446, 0.6696363081148184, 0.14288273700995485, -0.14513246643293204, -0.458099351711423, -0.689688610430035, -0.8012647582323826, -0.9062959374286733, -0.9956930322697471, 2.1622987718753808, 1.495523703987826, 0.8127607502548616, 0.20327498155915555, -0.1681120607779492, -0.46466085258508805, -0.6888110094523038, -0.7698601229722357, -0.8833600374309933, -0.9891813837932513, 2.1724268439735446, 1.445927030131736, 0.7407650296109046, 0.20223103411412635, -0.16859581497296042, -0.41266647367672454, -0.6345454771979067, -0.7769737178765832, -0.8776530426542719, -0.9775599033223796, 2.216079899853941, 1.586832290814826, 0.7512045296229797, 0.14679788977947034, -0.19299798852138084, -0.3917494049175436, -0.6577170261474377, -0.7775403764630373, -0.8981742123711165, -0.9916428903119281, 2.1949856648088093, 1.4428746670570516, 0.7263474683280848, 0.26122901863596404, -0.1878288281160351, -0.5190859343544071, -0.6552898735516159, -0.8023379135565741, -0.9065639941678298, -0.9670828648038445, 2.23884774367977, 1.4705553884988967, 0.5998133804120936, 0.13778844096045345, -0.23205529846473272, -0.45479767908322305, -0.7172925769103928, -0.7824672801671972, -0.9006711653623919, -0.978246733206, 2.0655965004731445, 1.3494625437440206, 0.6405936607791761, 0.09438600632483764, -0.24827912889512582, -0.5116690061620388, -0.6692353997606303, -0.8382648914851956, -0.9141206176909673, -0.9781120190035625, 1.8668431109294406, 0.9478860058365083, 0.3210981621291213, -0.14981972164508375, -0.4379715269041542, -0.6300226228695865, -0.7865823914101815, -0.8805992394876082, -0.9357626636941889, -1.0060925519636599], "bean_num": 0.5, "model_info": {"det_num_x": 10, "det_num_y": 10, "det_y": 0.03, "det_x": 0.03, "size_x": 0.5, "size_y": 0.5, "med_margin": 0.0015}}