{"source": [454.77811233982465, 364.3562820769057], "intensity": 100, "miu_detector": 0.3, "miu_medium": 1.2, "miu_air": 0.00018, "output": [0.0, 0.0, 0.0, 0.0, 0.0, 0.0, 0.0, 0.0, 0.0, 0.0, 0.0, 0.0, 0.0, 0.0, 0.0, 0.0, 0.0, 0.0, 0.0, 0.0, 0.0, 0.0, 0.0, 0.0, 0.699912092841785, 0.300087907158215, 0.0, 0.0, 0.0, 0.0, 0.0, 0.0, 0.0, 0.0, 0.0, 0.0, 0.0, 0.0, 0.0, 0.0], "miu_de": 0.5, "input": [1.589318719881374, 1.1634501245065758, 1.0413590429191295, 0.8557423168809847, 0.8713864299347498, 0.7864754906205799, 0.7478106952283481, 0.7172765723703072, 0.7175186452606914, 0.5179612110085693, 2.0359029067699916, 1.1832218192772452, 0.4575127838419284, 0.09028579285248728, -0.1431839805502252, -0.2673901607084997, -0.35818573383684466, -0.42418101805875624, -0.49975315368675477, -0.5855129084111357, 2.0438226290446946, 1.335401104128411, 0.5244144431968095, -0.00213595933530865, -0.32141011531922664, -0.5951055988986372, -0.7239729528447613, -0.7827800766376355, -0.8897097676628076, -0.9738388459405206, 2.1766806266671046, 1.255414555073258, 0.5465076119491898, 0.007921293315215674, -0.36059861712526736, -0.5669246556159001, -0.8031734771652601, -0.9029107498751524, -1.0362895948632174, -1.0887884791113003, 2.075748585428202, 1.2348679162789817, 0.595093133209428, 0.06686044456501118, -0.3421640181513364, -0.6271335927306216, -0.8183475697309714, -0.9575489606751043, -1.0499382099359909, -1.1143339317232537, 2.1004868114438957, 1.2761297791134774, 0.5586456858525212, 0.08261570726327751, -0.3433251846853893, -0.5973564524933508, -0.8491876902680247, -0.958054426720388, -1.0622602143973658, -1.162767456105601, 2.081731921142916, 1.302182324346058, 0.6100928237489396, 0.023419512065798568, -0.4005627896727933, -0.664852076264492, -0.8473386659181849, -0.9959460269685196, -1.0622796541181925, -1.1725692275676831, 1.9659351879433822, 1.3433790405468344, 0.5955858306542895, 0.004858565322612648, -0.35899891307141574, -0.6651013092387836, -0.8902737336497435, -0.9698370542922081, -1.0897009065516399, -1.1536657096878487, 2.0425616420222124, 1.2760052848713264, 0.41350914993236354, -0.04407870529710272, -0.4302169794763801, -0.7272073030693416, -0.874616973399418, -1.0337251345955007, -1.1035620839337483, -1.1625958377119552, 1.5845043873396185, 0.8400962146048305, 0.2227621689247108, -0.2983953031161479, -0.5991425042175235, -0.8370961957574922, -0.9729316792616095, -1.0815675251377606, -1.1400717258548307, -1.177859360253395], "bean_num": 0.5, "model_info": {"det_num_x": 10, "det_num_y": 10, "det_y": 0.03, "det_x": 0.03, "size_x": 0.5, "size_y": 0.5, "med_margin": 0.0015}}