{"source": [-439.72816921255117, -381.81478559029784], "intensity": 100, "miu_detector": 0.3, "miu_medium": 1.2, "miu_air": 0.00018, "output": [0.0, 0.0, 0.0, 0.0, 0.4480339745347617, 0.5519660254652383, 0.0, 0.0, 0.0, 0.0, 0.0, 0.0, 0.0, 0.0, 0.0, 0.0, 0.0, 0.0, 0.0, 0.0, 0.0, 0.0, 0.0, 0.0, 0.0, 0.0, 0.0, 0.0, 0.0, 0.0, 0.0, 0.0, 0.0, 0.0, 0.0, 0.0, 0.0, 0.0, 0.0, 0.0], "miu_de": 0.5, "input": [1.5858714273002776, 0.7970583725681042, 0.06866922320190343, -0.3528835162519875, -0.6556492404338738, -0.8551943419263066, -0.9987049522716275, -1.0838987380936669, -1.1469573317046373, -1.2026458264768967, 1.9358710628338271, 1.1230618117868465, 0.4053656576552092, -0.11283966410696414, -0.5181926976481318, -0.780891219070396, -0.9177663635234881, -1.0431141995034545, -1.126726653383502, -1.1793348577232223, 1.979254874336721, 1.2314389281886275, 0.48021839789527015, -0.0593065660965547, -0.4808000279388207, -0.7211553847956526, -0.9062402742105166, -1.0323836319823594, -1.0994794306598181, -1.1703701599388634, 2.0259932085941075, 1.2115882465391794, 0.4600782581590269, -0.07231535146045875, -0.44132107557575373, -0.692635853631071, -0.8834639573434083, -1.0076569481691515, -1.1021850732281804, -1.1561629483920257, 2.014146916960234, 1.21723481510107, 0.49135860187120595, -0.03811567361042382, -0.4284493704075156, -0.6983446734211846, -0.8758841592500664, -1.0140397581129732, -1.0919893819732185, -1.154760902681139, 1.9990283919196563, 1.2621640217869616, 0.4889431399108498, -0.05253018090083247, -0.40299413476181273, -0.7116147497665414, -0.8641126139420127, -0.966818409112943, -1.0566943595030789, -1.1212655410908177, 2.006853788427117, 1.2379276742664982, 0.4547443790355716, -0.00441509845503977, -0.3857256861976617, -0.6483915389120397, -0.8089090351592276, -0.9066044452565291, -0.9662556314710077, -1.0262562932311172, 1.9760734163368858, 1.1879254001828476, 0.48201731637065576, -0.04433432731755672, -0.378570157758449, -0.5518531615941852, -0.6691944368627626, -0.7229735355148522, -0.761946878600296, -0.8252703064818088, 1.9779469864013923, 1.1602130424841919, 0.4902343065737915, 0.09776736121210032, -0.062837775666299, -0.11255640642734029, -0.1533493722790714, -0.21653794906845344, -0.18504406473159335, -0.3500520170606133, 1.692625554722693, 1.3373108837172645, 1.2098539374003228, 1.1652901717023827, 1.1211500574733217, 1.049807202026333, 0.9913306355360901, 0.9731959788857549, 0.8894356412303291, 0.7799192215266038], "bean_num": 0.5, "model_info": {"det_num_x": 10, "det_num_y": 10, "det_y": 0.03, "det_x": 0.03, "size_x": 0.5, "size_y": 0.5, "med_margin": 0.0015}}