{"source": [6.196448921774461, -589.1567684336756], "intensity": 100, "miu_detector": 0.3, "miu_medium": 1.2, "miu_air": 0.00018, "output": [0.0, 0.0, 0.0, 0.0, 0.0, 0.0, 0.0, 0.0, 0.0, 0.0, 0.9330460639842734, 0.06695393601572663, 0.0, 0.0, 0.0, 0.0, 0.0, 0.0, 0.0, 0.0, 0.0, 0.0, 0.0, 0.0, 0.0, 0.0, 0.0, 0.0, 0.0, 0.0, 0.0, 0.0, 0.0, 0.0, 0.0, 0.0, 0.0, 0.0, 0.0, 0.0], "miu_de": 0.5, "input": [-1.1455814729745486, -1.0980509845364346, -1.008977835791961, -0.9293774056002375, -0.7717670244728035, -0.555737783770658, -0.2103801783823959, 0.21218790224258954, 0.9534474812870243, 1.705035026660292, -1.1304213742121756, -1.0413601217674138, -0.9682237573381014, -0.8377617624961233, -0.6595708235681325, -0.39147674125441806, -0.016582908271204778, 0.4981819694169989, 1.279182213303597, 2.0470768802447274, -1.1176452048989505, -1.0228560895292576, -0.9442538877668716, -0.8199545119025313, -0.6221173444606471, -0.37208880543130424, 0.06255588211343696, 0.5891042384755147, 1.3439008014776275, 2.081938547567885, -1.1051789117574216, -1.0326920075481374, -0.9332618112248228, -0.7954104185138664, -0.6115119793657483, -0.3322109597097854, 0.06392733821622314, 0.5908023154210067, 1.3848168735203326, 2.1003603505077377, -1.0928213815764964, -1.0267129977067755, -0.9345437341063619, -0.8018687313871073, -0.6060332625040307, -0.2927037345854564, 0.1083736074481744, 0.6516317584739822, 1.3733283782630676, 2.133492272755666, -1.0954824375877574, -1.017082859812916, -0.9349394389200407, -0.7890518437606289, -0.6071492346233656, -0.3134572762562107, 0.12819308273757904, 0.7143441560836431, 1.384702932567768, 2.169543990760423, -1.0804227483934774, -0.9927279655950586, -0.895740765327133, -0.7902401264212655, -0.5943154717897438, -0.3333005980444939, 0.09009498935154789, 0.6569796548585395, 1.429731918706719, 2.0574156029091966, -1.0154915317832953, -0.9328975713862504, -0.8679257957486125, -0.747293822143894, -0.5481654307123841, -0.3133495663694145, 0.0627285543931309, 0.592805862136687, 1.3463898093053295, 2.15340838528411, -0.8035063838398657, -0.6851874653646102, -0.643892531832806, -0.5917767145492595, -0.4741765140604735, -0.27427977328523756, 0.04384347461638729, 0.565616540168639, 1.258148905429512, 2.0311542739340536, 0.17731427744210243, 0.3440228626978703, 0.37797763470729223, 0.4183835668314131, 0.4599068224963095, 0.5581480632056018, 0.6777583768125521, 0.8161100275015535, 1.117044942007702, 1.759877271678829], "bean_num": 0.5, "model_info": {"det_num_x": 10, "det_num_y": 10, "det_y": 0.03, "det_x": 0.03, "size_x": 0.5, "size_y": 0.5, "med_margin": 0.0015}}