{"source": [-344.03035661238124, 484.97216453697195], "intensity": 100, "miu_detector": 0.3, "miu_medium": 1.2, "miu_air": 0.00018, "output": [0.0, 0.0, 0.0, 0.0, 0.0, 0.0, 0.0, 0.0, 0.0, 0.0, 0.0, 0.0, 0.0, 0.0, 0.0, 0.0, 0.0, 0.0, 0.0, 0.0, 0.0, 0.0, 0.0, 0.0, 0.0, 0.0, 0.0, 0.0, 0.0, 0.0, 0.0, 0.0, 0.0, 0.07208996622829221, 0.9279100337717078, 0.0, 0.0, 0.0, 0.0, 0.0], "miu_de": 0.5, "input": [0.16212169707309343, 0.28085030351961904, 0.37970268547360436, 0.36155829865465433, 0.5091297849599469, 0.5820258414763739, 0.5901868162838356, 0.764957803765574, 1.152859577966477, 1.6435816528285603, -0.845752475338631, -0.7262808568508109, -0.6956356163205352, -0.6307174519171136, -0.5102846356662938, -0.26907497176922723, 0.0789862663187219, 0.5357833585717554, 1.2441996881743576, 1.8787205816870023, -1.003731780599472, -0.9322774183802204, -0.8911647756879613, -0.7509763475203897, -0.6051698394910475, -0.3256795886294946, 0.12119609402273358, 0.7057058056823736, 1.2987621469075141, 2.1273896401715935, -1.1024073248999227, -1.02413701625803, -0.8656861849270195, -0.7979884122308898, -0.6125146054594393, -0.30321138539383075, 0.1112991122423518, 0.6787556268673663, 1.3286433013268883, 2.175354062827013, -1.1044989305302193, -1.0132210534053887, -0.9001524313376105, -0.7529652650050683, -0.5869370082492598, -0.3272486206918527, 0.13727994669266053, 0.5405108985537689, 1.4029371066066165, 2.1695743742150575, -1.0909531049846521, -1.0186467920236764, -0.9291966317430342, -0.8195194750595698, -0.6002421323525193, -0.29782228211489575, 0.2258172132995206, 0.5658514979222066, 1.3957581373486536, 2.196431594824249, -1.1094997251612568, -1.0467417280051088, -0.9492503139774868, -0.779153179610771, -0.5643351256633605, -0.2924390233102369, 0.10844897030611882, 0.6056756985919494, 1.3575996616772856, 2.1379386915076117, -1.126001510579734, -1.0588876551092918, -0.9419998948218412, -0.7865531738989093, -0.5877342395562584, -0.33150857787790095, 0.11844540800970339, 0.6981351001412622, 1.4648201741147724, 2.149584663608126, -1.1469373032577088, -1.081616164145112, -0.9886602532645807, -0.8400686858276963, -0.6181605416452333, -0.3877477858065991, 0.014908393536360625, 0.5150852914574455, 1.3189912738225162, 2.0312496126114064, -1.1694325042427463, -1.0752503479280047, -1.0124100014601218, -0.8907665039937985, -0.7917999998252621, -0.5772833236057591, -0.15534194996520576, 0.25222248397792285, 0.9206122053632276, 1.6040253823882031], "bean_num": 0.5, "model_info": {"det_num_x": 10, "det_num_y": 10, "det_y": 0.03, "det_x": 0.03, "size_x": 0.5, "size_y": 0.5, "med_margin": 0.0015}}