{"source": [424.71975020585626, -423.6771347775697], "intensity": 100, "miu_detector": 0.3, "miu_medium": 1.2, "miu_air": 0.00018, "output": [0.0, 0.0, 0.0, 0.0, 0.0, 0.0, 0.0, 0.0, 0.0, 0.0, 0.0, 0.0, 0.0, 0.0, 0.0, 0.992176429755605, 0.007823570244394933, 0.0, 0.0, 0.0, 0.0, 0.0, 0.0, 0.0, 0.0, 0.0, 0.0, 0.0, 0.0, 0.0, 0.0, 0.0, 0.0, 0.0, 0.0, 0.0, 0.0, 0.0, 0.0, 0.0], "miu_de": 0.5, "input": [-1.1912761836911543, -1.157312342864442, -1.157591540243196, -1.1477214110676086, -1.1390994353050083, -1.1235283813399184, -1.097568385216107, -0.9460608359031429, -0.5361510456220824, 0.5868282439446226, -1.1320195120550718, -1.088129313332951, -1.0831787523726295, -1.083504855831901, -1.0527781458885175, -1.0598272015751966, -1.0047192321112943, -0.8446908271385078, -0.38488989994771056, 0.7862491943113235, -1.0818223491176617, -1.017199569160737, -0.983730967268561, -0.9792948704207418, -0.9879731147065098, -0.9669025382069115, -0.9320410047608089, -0.7829509353612278, -0.3275581185834199, 0.800902417636858, -0.9668570100964424, -0.8931679796470711, -0.8600049031371905, -0.870912685797399, -0.8298302050977631, -0.8508492621252981, -0.8061456669134623, -0.6918762766977031, -0.29381445930354283, 0.8717649486331506, -0.8164666394481112, -0.7516863417920724, -0.6709205055053465, -0.7020779056130664, -0.6663961528803684, -0.6507910408201734, -0.5999724118392162, -0.5888039874529468, -0.22245630022432364, 0.9150819621473869, -0.6062089133890544, -0.49273441169664295, -0.4203037059353936, -0.40597395359146976, -0.35339141051095635, -0.3983919743255175, -0.3499202846782629, -0.3494745110783299, -0.14903219831329667, 0.9317336736913845, -0.3166578282739907, -0.08652103535617148, -0.04742672528909506, -0.08677355926479881, 0.007641979525794562, -0.003330202876212935, 0.011252846336763787, 0.003359955587119257, 0.08341755789704706, 0.9172917086589825, 0.1633615431883958, 0.42082815277670277, 0.5384682330359621, 0.5603158788138689, 0.5966630018391336, 0.5192709628847987, 0.544041120502843, 0.5531980115822178, 0.48401877337460186, 1.062312948579234, 0.8486464946406084, 1.1974289494633568, 1.2426220996355655, 1.2951800621084355, 1.2692374281504275, 1.278964394705575, 1.2758223987913875, 1.273749361233291, 1.2030859701610062, 1.2138745253235892, 1.690698217207219, 1.9940404285076647, 2.0928573217212154, 2.0591923234408163, 2.018574637959723, 2.0173728038729997, 2.0636590252305096, 1.9748378980534056, 1.9692929941034258, 1.7515507688052974], "bean_num": 0.5, "model_info": {"det_num_x": 10, "det_num_y": 10, "det_y": 0.03, "det_x": 0.03, "size_x": 0.5, "size_y": 0.5, "med_margin": 0.0015}}