{"source": [192.97395746213073, 570.6195651315691], "intensity": 100, "miu_detector": 0.3, "miu_medium": 1.2, "miu_air": 0.00018, "output": [0.0, 0.0, 0.0, 0.0, 0.0, 0.0, 0.0, 0.0, 0.0, 0.0, 0.0, 0.0, 0.0, 0.0, 0.0, 0.0, 0.0, 0.0, 0.0, 0.0, 0.0, 0.0, 0.0, 0.0, 0.0, 0.0, 0.0, 0.0760748586859251, 0.9239251413140749, 0.0, 0.0, 0.0, 0.0, 0.0, 0.0, 0.0, 0.0, 0.0, 0.0, 0.0], "miu_de": 0.5, "input": [-1.1796885442836555, -1.1358007882772503, -1.0637637024370055, -0.9640255795976849, -0.8045701759698474, -0.6001695374869992, -0.27074984485536185, 0.19443715452816462, 0.8834843180450681, 1.62243034342517, -1.1687015649565067, -1.1007068834536122, -0.9788925316617351, -0.9045743048990543, -0.6961109507982933, -0.42695102099558624, -0.06521252111452963, 0.4672537278028409, 1.2563123501391993, 1.8623385647354282, -1.140160528931818, -1.0671703911386208, -0.996422341598818, -0.882061890401043, -0.6605619191552775, -0.3512133090707445, 0.003516357969399022, 0.5828062193911875, 1.2614037647788587, 2.1177908722979173, -1.143552994652974, -1.0865380173029369, -0.9782566332883266, -0.8423998456652683, -0.6315548160042382, -0.3747680916397362, 0.0170695437223193, 0.6299242737164867, 1.317638586454875, 2.107274398617593, -1.1395728658430777, -1.0518277242411234, -0.9889773196103803, -0.8276842531624803, -0.6328597924334539, -0.32662485192691887, 0.015469014719103169, 0.6270730640565296, 1.3175140127370637, 1.9253526580188485, -1.1200060302742376, -1.0559378075348815, -0.9562160274341652, -0.8007086492468906, -0.6381636843043968, -0.3981578972219566, -0.005314848424120493, 0.5836630194107234, 1.3682586042182396, 2.20142163450694, -1.08534598112644, -0.991605521391277, -0.963003533333305, -0.8098798369613234, -0.6688956684621923, -0.3894408901283394, 0.017473490478798013, 0.5640526566359612, 1.347304894505348, 2.029049895705885, -0.9907199165644401, -0.8723335182581483, -0.8207532058139183, -0.7221382055908188, -0.5521473187912074, -0.2828686568210993, 0.00838294562997318, 0.5801217488151419, 1.2906637037733526, 2.031642852380081, -0.5838075725294787, -0.47772117094844807, -0.44206118364472063, -0.36249724968112895, -0.3016458225732531, -0.19312103674340228, 0.048467352045119115, 0.44693165624969594, 1.2432861060907416, 1.9836475394046325, 0.44414440269786054, 0.6586964670794611, 0.6722693946405186, 0.7303710526974857, 0.8670979202470116, 0.8330497723482443, 0.8324297191467531, 1.025392350455243, 1.2399302958559415, 1.7097780704827643], "bean_num": 0.5, "model_info": {"det_num_x": 10, "det_num_y": 10, "det_y": 0.03, "det_x": 0.03, "size_x": 0.5, "size_y": 0.5, "med_margin": 0.0015}}