{"source": [-458.45325729012046, 408.76567592470144], "intensity": 100, "miu_detector": 0.3, "miu_medium": 1.2, "miu_air": 0.00018, "output": [0.0, 0.0, 0.0, 0.0, 0.0, 0.0, 0.0, 0.0, 0.0, 0.0, 0.0, 0.0, 0.0, 0.0, 0.0, 0.0, 0.0, 0.0, 0.0, 0.0, 0.0, 0.0, 0.0, 0.0, 0.0, 0.0, 0.0, 0.0, 0.0, 0.0, 0.0, 0.0, 0.0, 0.0, 0.0, 0.6356450477358938, 0.3643549522641062, 0.0, 0.0, 0.0], "miu_de": 0.5, "input": [-1.1297050516173774, -1.1083444928932238, -1.0855248926049073, -1.087384923336487, -1.0781480724270152, -1.067095873248265, -1.071960341333142, -1.0309653314130238, -0.9411427505231701, -0.2149875795263576, -1.0717553855946274, -1.046373122457689, -1.040344994033355, -1.0070137251565379, -0.9737909968931292, -0.9656484719344739, -0.9635959675007737, -0.9681486852425182, -0.8959815815671628, -0.02111961047905743, -0.9649207356576464, -0.9377452757173346, -0.8791846691967474, -0.9084558900663802, -0.887445204499973, -0.8770321275443715, -0.848161203880413, -0.8791427993726227, -0.8419529002477081, 0.002365141904792982, -0.87402941245306, -0.7706220344630819, -0.7450489198876513, -0.7255861357107801, -0.7736279930151793, -0.731355867229731, -0.6902052468963665, -0.7318692615969172, -0.6546135886011937, 0.11160218445746939, -0.7718239894059, -0.6184695556625812, -0.5526733563703201, -0.546626793675189, -0.5145168322485794, -0.5936258285493399, -0.5160740249323794, -0.529363452763047, -0.5415400814779934, 0.13377832942720574, -0.506138591497146, -0.2619437257986389, -0.3243622240332073, -0.26860638523250574, -0.20283908441865003, -0.25979979604598497, -0.30312535723219114, -0.25897249410712714, -0.23581916862455254, 0.19821782479389052, -0.24760098336672384, 0.03845917600933822, 0.027467714974186198, 0.09467859567404473, 0.0968765081484444, 0.18451039908343375, 0.1750462646011813, 0.1579526657023536, 0.07390555784733199, 0.33850698431408455, 0.2571630186875117, 0.5833358986205159, 0.6717453837079584, 0.7385976363449089, 0.7003814740656084, 0.6209989428848055, 0.755518409197905, 0.5469506236732055, 0.5825050760269904, 0.5897693229756297, 0.9495778835949631, 1.4357120560584808, 1.427366490174009, 1.5098520540290183, 1.4118242669104855, 1.4739918987171559, 1.3942590769094192, 1.4558416183644518, 1.248559097878117, 1.0181726973787115, 1.7106610094437065, 2.100107203084824, 2.1657001968447367, 2.2247306441569754, 2.1636316540864295, 2.1302981803165215, 2.1476700922785863, 2.061317285551287, 2.0654230898115915, 1.7689232125492282], "bean_num": 0.5, "model_info": {"det_num_x": 10, "det_num_y": 10, "det_y": 0.03, "det_x": 0.03, "size_x": 0.5, "size_y": 0.5, "med_margin": 0.0015}}