{"source": [-504.2181372664355, 358.30472284461945], "intensity": 100, "miu_detector": 0.3, "miu_medium": 1.2, "miu_air": 0.00018, "output": [0.0, 0.0, 0.0, 0.0, 0.0, 0.0, 0.0, 0.0, 0.0, 0.0, 0.0, 0.0, 0.0, 0.0, 0.0, 0.0, 0.0, 0.0, 0.0, 0.0, 0.0, 0.0, 0.0, 0.0, 0.0, 0.0, 0.0, 0.0, 0.0, 0.0, 0.0, 0.0, 0.0, 0.0, 0.0, 0.0, 0.9331281661487254, 0.06687183385127457, 0.0, 0.0], "miu_de": 0.5, "input": [0.4895798498927687, 0.7385966698334134, 0.7832784504245555, 0.796926233774658, 0.83304146082068, 0.8313458385117354, 0.9270752092947859, 1.0243655173531125, 1.1756702298185442, 1.657791061133151, -0.5455080892235653, -0.42668574081878885, -0.4121276768016171, -0.3513735942789403, -0.3113777983075414, -0.1737748309181196, 0.09249099014633498, 0.4932523139521831, 1.227945161721466, 2.054815148741018, -0.9614364359030736, -0.8661073904928052, -0.820892501171238, -0.7385409685194332, -0.5985954304268907, -0.37093807456042477, 0.02751616080717297, 0.5666755298208499, 1.2648516990028145, 2.0797243636851768, -1.0809778353587474, -1.0040281048897541, -0.9074623763438131, -0.7994306799578257, -0.5932239360265746, -0.3392136604465358, 0.0505735130645841, 0.5477128400426543, 1.335615108052566, 2.0557923742752893, -1.1270511384975932, -1.0369205670999853, -0.9652923328047001, -0.8187055261497174, -0.6570375796481072, -0.36832378693190587, -0.007221050533424846, 0.590068258997347, 1.3553099874532348, 2.018050940179648, -1.1417243233403918, -1.0675894033964666, -0.9858637332279441, -0.8588822383936288, -0.6375155740331161, -0.38593473354374835, 0.023258524184512235, 0.5545502442273037, 1.278565567904591, 2.113190218989774, -1.128446086651325, -1.0677447952834684, -0.9834969974434717, -0.8376269536956872, -0.6739505057126831, -0.36958166451283475, -0.0220335613626053, 0.559989887873587, 1.275124105840175, 2.0509090912866923, -1.1500031337586143, -1.0884346946557453, -0.9922454946240765, -0.86964964040927, -0.6542399737919706, -0.36101259764535143, -0.030215448119810407, 0.5054574821683309, 1.228857823415062, 2.049944382793248, -1.1486924425672231, -1.0935923128740763, -0.9901676878121064, -0.8750404720834852, -0.7166160693368808, -0.45225714743344136, -0.09450159578090288, 0.4284965266063069, 1.213926937821195, 2.0106061690347357, -1.1922086117868245, -1.1413104750902863, -1.0668323417585075, -0.9701399676085719, -0.8005307157691626, -0.6178520341481797, -0.29445762756485455, 0.18773609184160212, 0.9194877182655913, 1.6244724782754012], "bean_num": 0.5, "model_info": {"det_num_x": 10, "det_num_y": 10, "det_y": 0.03, "det_x": 0.03, "size_x": 0.5, "size_y": 0.5, "med_margin": 0.0015}}