{"source": [-332.40660249802085, -532.391350209485], "intensity": 100, "miu_detector": 0.3, "miu_medium": 1.2, "miu_air": 0.00018, "output": [0.0, 0.0, 0.0, 0.0, 0.0, 0.0, 0.553246531815484, 0.44675346818451606, 0.0, 0.0, 0.0, 0.0, 0.0, 0.0, 0.0, 0.0, 0.0, 0.0, 0.0, 0.0, 0.0, 0.0, 0.0, 0.0, 0.0, 0.0, 0.0, 0.0, 0.0, 0.0, 0.0, 0.0, 0.0, 0.0, 0.0, 0.0, 0.0, 0.0, 0.0, 0.0], "miu_de": 0.5, "input": [1.5936801555255564, 1.4033291894240427, 1.441458356769343, 1.3841661596234995, 1.4291665551918389, 1.415115459469401, 1.2398445374847504, 1.3377666786407043, 1.3272325759133226, 1.0432696800700132, 1.8126816672376154, 1.0193395101516145, 0.592104271082206, 0.39728461030691414, 0.3400919475421048, 0.32913166634041713, 0.3234744805032868, 0.2357439259006181, 0.20890673200309304, -0.027458014382979824, 1.8389651280175257, 1.025965459115073, 0.3525293357696569, -0.055982244634751495, -0.3247707368407136, -0.41528246083491205, -0.39006473082610027, -0.4541036615085329, -0.4982689420439764, -0.6096196561251738, 1.8944497988633093, 0.9984458938847464, 0.30184433480154915, -0.2044845701557595, -0.5111749147216259, -0.6540183266676984, -0.744815455997056, -0.8035993504087937, -0.8228979594872968, -0.9249067738221949, 1.9029322716453638, 1.094655032290053, 0.33814289657802366, -0.21766513683558505, -0.5195517613714851, -0.7494671979568664, -0.901715701992531, -0.9695899649785769, -1.000177100209236, -1.0672908365907456, 1.9757227290659751, 1.1179924224466686, 0.38695696161105425, -0.2180782000467297, -0.5784850477630156, -0.758765778172749, -0.9330294552680394, -1.0249810354315416, -1.0935040995677925, -1.1635439366508529, 1.8650355318794734, 1.038395612702348, 0.29392055386392674, -0.21414349466119034, -0.5959421558018873, -0.7912965805908981, -0.9399712416648393, -1.1059386732335814, -1.130782541008169, -1.1762136972117834, 1.9712753688205695, 1.0309883766098864, 0.2658183618963055, -0.22064357714242017, -0.5805998424790718, -0.8561982826397317, -0.9866750430144255, -1.0924770984380094, -1.166883741414248, -1.2233296599991372, 1.8100928774880056, 0.9735067361238334, 0.19118282771637848, -0.33820497237902536, -0.5818702910002077, -0.8147264537420277, -0.9776048555123806, -1.1068564136323413, -1.1621672120171853, -1.2234512978261833, 1.505845647269687, 0.6033019363308556, 0.016595317860334583, -0.4454124269521549, -0.7549562653371178, -0.9324687931458927, -1.0393436944531877, -1.1450063543353142, -1.1953640773144545, -1.2325277835907764], "bean_num": 0.5, "model_info": {"det_num_x": 10, "det_num_y": 10, "det_y": 0.03, "det_x": 0.03, "size_x": 0.5, "size_y": 0.5, "med_margin": 0.0015}}