{"source": [-312.6659741363421, 548.3597025752094], "intensity": 100, "miu_detector": 0.3, "miu_medium": 1.2, "miu_air": 0.00018, "output": [0.0, 0.0, 0.0, 0.0, 0.0, 0.0, 0.0, 0.0, 0.0, 0.0, 0.0, 0.0, 0.0, 0.0, 0.0, 0.0, 0.0, 0.0, 0.0, 0.0, 0.0, 0.0, 0.0, 0.0, 0.0, 0.0, 0.0, 0.0, 0.0, 0.0, 0.0, 0.0, 0.0, 0.7009888575408122, 0.29901114245918775, 0.0, 0.0, 0.0, 0.0, 0.0], "miu_de": 0.5, "input": [1.1968920724075742, 0.09256700929667085, -0.5566180034002052, -0.8555560807072922, -1.048337106312465, -1.137568790789497, -1.1792565179705776, -1.2191784596529147, -1.2433733513903755, -1.2290150350878422, 1.3663622584115935, 0.3040931394343367, -0.42864704056113945, -0.8081834076960048, -0.9911297035906595, -1.1248210065923032, -1.161140446684568, -1.1664428889543486, -1.1856401913337298, -1.1947295158398954, 1.3662433606963484, 0.3831545635767964, -0.3199827871570181, -0.7117689911658869, -0.9581935190281318, -1.0263337856328103, -1.0749947866304177, -1.1033704487788154, -1.1219951523815832, -1.1130680548843404, 1.4052724184188146, 0.33731936585641403, -0.30293813636215067, -0.7179744054744652, -0.9224407431698427, -0.9084737444257676, -1.0154059990602513, -0.9859982953056554, -0.9984712982767887, -1.0669478124863887, 1.504827780473974, 0.38186732841901205, -0.3208362124750462, -0.7427853238954908, -0.761264847322985, -0.7714969931448492, -0.8213596620616792, -0.8351222667992918, -0.869473134502264, -0.9409547552569257, 1.4839036780090722, 0.4153006317126401, -0.230914116321974, -0.5365782160529778, -0.5743772912785364, -0.5320059335874429, -0.6273184050156221, -0.5590179892659984, -0.7210475615822137, -0.8088714751201173, 1.43893838083453, 0.4722552180222974, -0.06438906182760339, -0.24856388259476497, -0.24942875060500927, -0.17944213549307692, -0.19887784554687765, -0.2650768313239675, -0.3541171437856242, -0.4615716107798868, 1.4840738085403566, 0.5274237374440691, 0.2439931154633624, 0.20442830106662693, 0.3006560948120645, 0.2669249491679068, 0.2604115847193305, 0.1889762904516668, 0.23332000713442555, -0.11824008604412893, 1.4192682812029211, 0.9573951678103532, 0.985993032705788, 0.9845857230991335, 0.9809863484540498, 1.132150197361204, 1.000817331057453, 0.975294845178043, 0.9055659501366728, 0.609486569101586, 1.6226629026924675, 1.7957249797926236, 1.8516869984589646, 1.8130935917847797, 1.8478398288523494, 1.89526676860935, 1.8250640355734733, 1.9581276348178303, 1.797174094205415, 1.4537376632041603], "bean_num": 0.5, "model_info": {"det_num_x": 10, "det_num_y": 10, "det_y": 0.03, "det_x": 0.03, "size_x": 0.5, "size_y": 0.5, "med_margin": 0.0015}}