{"source": [-321.01824316132803, -549.4757914945432], "intensity": 100, "miu_detector": 0.3, "miu_medium": 1.2, "miu_air": 0.00018, "output": [0.0, 0.0, 0.0, 0.0, 0.0, 0.0, 0.36606651212158314, 0.6339334878784169, 0.0, 0.0, 0.0, 0.0, 0.0, 0.0, 0.0, 0.0, 0.0, 0.0, 0.0, 0.0, 0.0, 0.0, 0.0, 0.0, 0.0, 0.0, 0.0, 0.0, 0.0, 0.0, 0.0, 0.0, 0.0, 0.0, 0.0, 0.0, 0.0, 0.0, 0.0, 0.0], "miu_de": 0.5, "input": [1.247390133058743, 0.24060061815249717, -0.382761515644247, -0.7557968819454459, -0.9825975888919637, -1.0929317644911052, -1.1763393713425552, -1.2113794810870295, -1.244771794576104, -1.262919741144629, 1.5099356774434831, 0.5974573774939992, -0.19691162398534073, -0.6461147418012027, -0.8886593476961308, -1.0404552393150952, -1.1304718462367958, -1.1742342877343328, -1.19475282351719, -1.2274691718978252, 1.6215365002196411, 0.5358959555587008, -0.2025813314879308, -0.5916348998008282, -0.8755915081942588, -1.0237905112386745, -1.088242091951909, -1.1226357609092672, -1.137894275068482, -1.1994058400247594, 1.5926793185238495, 0.5680057859017157, -0.13400789550818668, -0.5575312498173355, -0.8427946056794047, -0.9391334318943403, -1.000698329617411, -1.0468365985832504, -1.0720622389175458, -1.1071025478423713, 1.646583389406177, 0.6235755682512897, -0.1245826943717887, -0.5277486945052838, -0.7895596477726207, -0.8312694531385827, -0.8858238689468678, -0.9034903163961651, -0.9503782526758423, -1.019721225865818, 1.729134297321209, 0.6433338247233549, -0.10400862545974601, -0.5270110745657506, -0.6574864250396918, -0.6905423738770209, -0.7060909797845926, -0.6974848186806346, -0.7271564925758709, -0.8311895270773981, 1.6748333190113283, 0.6362746740325935, -0.0795694338641637, -0.30735077422305357, -0.3118623076682718, -0.3681010869381574, -0.4024040750707027, -0.416098555470899, -0.38588754566538414, -0.5607161014671054, 1.5855082196093986, 0.6587154366610605, 0.23410552867558312, 0.1627947591921635, 0.06272090383179672, 0.11616443440864932, 0.10016602775722633, 0.03185443203829797, 0.032749909749304355, -0.1692399817407236, 1.580515599469916, 0.8837988838558501, 0.8712979163806646, 0.9265775353568027, 0.8482233091476813, 0.7811367607079971, 0.8421207938572768, 0.8015563286554236, 0.8411932510239224, 0.4710786636826513, 1.6444852493166324, 1.679571939330977, 1.7032256112107576, 1.728742563773138, 1.7217148224452108, 1.796997869018954, 1.7616998338431333, 1.7165391058679704, 1.6559080633122476, 1.4168844794058009], "bean_num": 0.5, "model_info": {"det_num_x": 10, "det_num_y": 10, "det_y": 0.03, "det_x": 0.03, "size_x": 0.5, "size_y": 0.5, "med_margin": 0.0015}}