{"source": [-643.4933975367809, 22.000080101068097], "intensity": 100, "miu_detector": 0.3, "miu_medium": 1.2, "miu_air": 0.00018, "output": [0.7824339302441199, 0.0, 0.0, 0.0, 0.0, 0.0, 0.0, 0.0, 0.0, 0.0, 0.0, 0.0, 0.0, 0.0, 0.0, 0.0, 0.0, 0.0, 0.0, 0.0, 0.0, 0.0, 0.0, 0.0, 0.0, 0.0, 0.0, 0.0, 0.0, 0.0, 0.0, 0.0, 0.0, 0.0, 0.0, 0.0, 0.0, 0.0, 0.0, 0.2175660697558801], "miu_de": 0.5, "input": [1.7162142071521718, 1.8096470639508802, 1.8022819622328192, 1.707683874424561, 1.735481480727839, 1.7265574095327296, 1.6988480678274722, 1.6613842529163143, 1.6280814632078302, 1.381569828249434, 1.6480632624300822, 0.949556147098365, 0.8594819856094398, 0.8469804643094543, 0.8450182786863902, 0.827681862162394, 0.7920960522101699, 0.7591714877331848, 0.7692677875954673, 0.4335659284689306, 1.604869736628095, 0.7075213298339444, 0.27733260135099863, 0.146404341335524, 0.1363553975427943, 0.10750297574565217, 0.051652810931615147, 0.049759914436861, -0.00788286807403683, -0.19535486520151807, 1.5967762823296705, 0.6293720563014614, -0.019264182699337915, -0.30631620810827986, -0.35153414491361024, -0.369383995503168, -0.4012715757246419, -0.4059128401572404, -0.4411933056350396, -0.6209817021051317, 1.6310656044434817, 0.649275296121325, -0.06719821322106907, -0.44104321537552654, -0.5919241225779547, -0.6790708863018562, -0.7294689784825926, -0.7509543680340532, -0.7563677244444464, -0.8755085575220576, 1.6336104729973313, 0.624535615615752, -0.08614267640106162, -0.5381193511925224, -0.7885598045059017, -0.8761896641868807, -0.8948616963899395, -0.9228405369435005, -0.9443153618733839, -1.0278681190463586, 1.5743500795536327, 0.6322223098080455, -0.12805990390377692, -0.5672170631065467, -0.7997350454972267, -0.953982884762938, -1.0287823720489087, -1.0531319642993975, -1.0916612678825222, -1.128190426135062, 1.6637095751047217, 0.5487872442741164, -0.16414369457368874, -0.611031027604082, -0.8477045523780252, -0.9962111290560074, -1.0889924250929512, -1.1265632468038476, -1.1593913964769436, -1.1851410738108725, 1.5665699646193965, 0.5137807092027854, -0.16405087889773287, -0.6278911451118521, -0.8840249668965676, -1.0398966632209583, -1.123868395674883, -1.1680129692632313, -1.195746769629318, -1.221553723745014, 1.233466926004872, 0.26557322473752054, -0.3333944331437082, -0.7476891529884145, -0.9599054125904825, -1.0921890149918458, -1.164931537190119, -1.2105106293237273, -1.2303725604684888, -1.259620644255284], "bean_num": 0.5, "model_info": {"det_num_x": 10, "det_num_y": 10, "det_y": 0.03, "det_x": 0.03, "size_x": 0.5, "size_y": 0.5, "med_margin": 0.0015}}