{"source": [-499.72563273119556, 425.4203757617458], "intensity": 100, "miu_detector": 0.3, "miu_medium": 1.2, "miu_air": 0.00018, "output": [0.0, 0.0, 0.0, 0.0, 0.0, 0.0, 0.0, 0.0, 0.0, 0.0, 0.0, 0.0, 0.0, 0.0, 0.0, 0.0, 0.0, 0.0, 0.0, 0.0, 0.0, 0.0, 0.0, 0.0, 0.0, 0.0, 0.0, 0.0, 0.0, 0.0, 0.0, 0.0, 0.0, 0.0, 0.0, 0.48977924082341057, 0.5102207591765894, 0.0, 0.0, 0.0], "miu_de": 0.5, "input": [-1.1391846663407188, -1.118118322006516, -1.1054931386340308, -1.06563048696429, -1.1030969824132597, -1.0843993775751724, -1.0832748041786895, -1.0407515904535514, -0.924980552031813, -0.002158748307422107, -1.0808448509810995, -1.0291593869531297, -1.0202262634891741, -1.0109838959840747, -1.0119464277567105, -0.9841209149903516, -0.9640886014176923, -0.9569648019258654, -0.8512638782878391, 0.15827031532274058, -1.0037453144797863, -0.9502018450585642, -0.9350750231056132, -0.9001758462621199, -0.8756578765448982, -0.9036613028870031, -0.8793076382037633, -0.8379280881146378, -0.7982186907568638, 0.1308278490894925, -0.879780556705707, -0.8415258355726789, -0.7932575592998836, -0.756958191691151, -0.7343862871130903, -0.7276349452923779, -0.7883499220167169, -0.7276666781441721, -0.6480631309076511, 0.19893691193219837, -0.7280161648726557, -0.6754291590638491, -0.6095941652467819, -0.588431052774228, -0.5697305652387459, -0.54139481815032, -0.5479203968028291, -0.5871363219855708, -0.4791060009962102, 0.221684594828718, -0.4935743865501752, -0.33170159732782517, -0.3626064975602055, -0.23597502600282574, -0.28814146194852885, -0.2744592334699246, -0.30402398488529664, -0.2947669165879221, -0.25818434720146355, 0.3201861286152413, -0.22690777678285926, -0.005770956000794541, 0.0333523356340114, 0.15108939864157922, 0.08457691082983507, 0.13602916886583802, 0.08601956455243753, 0.11427228574132528, 0.1303344644272896, 0.3661563369585237, 0.2961617748638838, 0.5134380718231336, 0.7020629522421582, 0.734187186472736, 0.6792536028207693, 0.7020772559050295, 0.7553358968193163, 0.6014564288889904, 0.5534935023600107, 0.696728669321977, 0.9452688431308055, 1.3253605928746657, 1.4194818595461969, 1.4347563800373264, 1.4228593936112428, 1.3407457472922404, 1.4193049487325493, 1.4075910897648505, 1.3754008211174087, 1.2095265556200574, 1.6863918679546464, 2.008669202386163, 2.1837175538079503, 2.0733071540867813, 2.182870505969933, 2.1608739972445807, 2.151444966724448, 2.165523911044424, 1.9805897568579063, 1.7015364975356768], "bean_num": 0.5, "model_info": {"det_num_x": 10, "det_num_y": 10, "det_y": 0.03, "det_x": 0.03, "size_x": 0.5, "size_y": 0.5, "med_margin": 0.0015}}