{"source": [-41.54921185623267, -659.0231342501409], "intensity": 100, "miu_detector": 0.3, "miu_medium": 1.2, "miu_air": 0.00018, "output": [0.0, 0.0, 0.0, 0.0, 0.0, 0.0, 0.0, 0.0, 0.0, 0.4008370141512725, 0.5991629858487275, 0.0, 0.0, 0.0, 0.0, 0.0, 0.0, 0.0, 0.0, 0.0, 0.0, 0.0, 0.0, 0.0, 0.0, 0.0, 0.0, 0.0, 0.0, 0.0, 0.0, 0.0, 0.0, 0.0, 0.0, 0.0, 0.0, 0.0, 0.0, 0.0], "miu_de": 0.5, "input": [0.6482451192581998, -0.4729602050111072, -0.9370008158397274, -1.0686610308940652, -1.1399901874936333, -1.1534323842578937, -1.1735870487982114, -1.1506855948584593, -1.1848719208331666, -1.1994748281743384, 0.8633331802320798, -0.3590974044153349, -0.8564190646659291, -1.005003283652123, -1.0451974630161904, -1.0688646365068695, -1.0958158612114346, -1.0910151281142817, -1.1113431861245233, -1.1393698944755821, 0.8179244910023116, -0.2704868803062512, -0.791224455661056, -0.9261611228631994, -0.9813144829951151, -0.9740201093549795, -0.9899312742139088, -0.9768225812453867, -0.9740050467045911, -1.0843782603915069, 0.9295614128179696, -0.21983400552715476, -0.6954371809716038, -0.8114191829864931, -0.8710796524416621, -0.874455753943762, -0.8652491698515613, -0.8385904408779711, -0.9181496779552919, -0.9569535452681266, 0.9389635284632137, -0.2405635514426988, -0.5234444821375597, -0.674501044863597, -0.710245294630275, -0.7053457100134785, -0.7055136512754128, -0.6871655186231616, -0.7081279235358501, -0.8443276336792925, 1.0125848534442485, -0.1254547004391366, -0.30257696919863514, -0.37762262794020945, -0.2964944378069198, -0.38522336508010646, -0.39911192820381214, -0.46790813811081944, -0.45498104758495034, -0.6101566487938113, 0.9976981467200889, 0.04550956338532162, 0.02505314149772428, -0.014959619932221765, 0.0113527929814915, -0.01216534720408139, -0.10410649507584259, -0.08495079570142544, -0.09855365747703473, -0.28983863974973473, 1.0628632505476514, 0.46719307181747843, 0.540398546953359, 0.49917383475704385, 0.532540927392534, 0.536533245492953, 0.5251161522855474, 0.5425839108470786, 0.45437151555182187, 0.14888935519667834, 1.1910514833515184, 1.1845563840153182, 1.2456516845036978, 1.2611749815700788, 1.2414692817696342, 1.3059449950868995, 1.284701131920642, 1.2292857448191905, 1.2257514497104396, 0.8808550915042574, 1.7494495459501802, 1.9280946832613188, 2.1416188752528416, 2.0267034393774925, 1.9471528568939778, 2.1336962536899446, 2.011922268543823, 1.9662678406048562, 1.9409743483561903, 1.5994296095754714], "bean_num": 0.5, "model_info": {"det_num_x": 10, "det_num_y": 10, "det_y": 0.03, "det_x": 0.03, "size_x": 0.5, "size_y": 0.5, "med_margin": 0.0015}}