{"source": [669.2364677090496, -38.90565921453681], "intensity": 100, "miu_detector": 0.3, "miu_medium": 1.2, "miu_air": 0.00018, "output": [0.0, 0.0, 0.0, 0.0, 0.0, 0.0, 0.0, 0.0, 0.0, 0.0, 0.0, 0.0, 0.0, 0.0, 0.0, 0.0, 0.0, 0.0, 0.0, 0.3696789905784803, 0.6303210094215197, 0.0, 0.0, 0.0, 0.0, 0.0, 0.0, 0.0, 0.0, 0.0, 0.0, 0.0, 0.0, 0.0, 0.0, 0.0, 0.0, 0.0, 0.0, 0.0], "miu_de": 0.5, "input": [-1.1374133238103943, -1.1146744718759403, -1.1031868162471694, -1.095291253797042, -1.0949665745184067, -1.0878941820324868, -1.0824741440918497, -1.0441136822944892, -0.9072177474728865, 0.07828467121621674, -1.0684928815502597, -1.0619644417703396, -1.0468599942960883, -1.009720661516726, -1.0187470857698167, -1.012890826375925, -0.9930886277116341, -0.9624522908274383, -0.7808458842286063, 0.1976905654179021, -0.9973693478549636, -0.950512598777358, -0.9351901952494028, -0.9151896746396929, -0.8987628217990732, -0.9160698437929296, -0.905263260069492, -0.8580646227213796, -0.7274823781683832, 0.21560099346654724, -0.9070875583346069, -0.81940087497397, -0.781106665006179, -0.755865853093675, -0.7714224143415079, -0.7850961957776302, -0.7711913555121113, -0.7529299351688871, -0.6369729733604144, 0.3044522419322844, -0.7542698084572143, -0.6229263659562083, -0.6169939083645155, -0.5971914842258166, -0.587521693648124, -0.5667552847589636, -0.5993462674094685, -0.5405295439157425, -0.5220068833320809, 0.3348413887882759, -0.5285642586114165, -0.38927833564429415, -0.28416687135081603, -0.26849108591545573, -0.27289237792071974, -0.268907992366939, -0.2980248608938375, -0.33940298728696466, -0.2654325646628163, 0.3804812078349858, -0.22248913785911414, 0.020271766784412858, 0.13188025341792053, 0.11365472634902708, 0.13758986950604618, 0.15708792661315815, 0.11567478427683188, 0.07335441636466164, 0.05692706951637541, 0.44254371224958833, 0.32056497398265077, 0.5758969331581157, 0.6402422702440526, 0.6823912675844401, 0.661893010101639, 0.6389409041496212, 0.7091671022559213, 0.6662192749114844, 0.6137084577677203, 0.6697546342680125, 0.9465451348905959, 1.2989208125130467, 1.4514476699722765, 1.3175631209672587, 1.449769808458582, 1.3910704497597328, 1.3316019446123437, 1.2875482651870347, 1.3115966316885923, 1.1117053689042145, 1.7020253812601127, 2.043814273471176, 2.149237393026786, 2.1082404495542684, 2.1267481966999178, 2.204353499502752, 2.182799819606022, 2.0935447051326976, 2.068444200221105, 1.7363736238232403], "bean_num": 0.5, "model_info": {"det_num_x": 10, "det_num_y": 10, "det_y": 0.03, "det_x": 0.03, "size_x": 0.5, "size_y": 0.5, "med_margin": 0.0015}}