{"source": [-465.1492625699007, -486.2695122676077], "intensity": 100, "miu_detector": 0.3, "miu_medium": 1.2, "miu_air": 0.00018, "output": [0.0, 0.0, 0.0, 0.0, 0.0, 0.8587019618905111, 0.14129803810948896, 0.0, 0.0, 0.0, 0.0, 0.0, 0.0, 0.0, 0.0, 0.0, 0.0, 0.0, 0.0, 0.0, 0.0, 0.0, 0.0, 0.0, 0.0, 0.0, 0.0, 0.0, 0.0, 0.0, 0.0, 0.0, 0.0, 0.0, 0.0, 0.0, 0.0, 0.0, 0.0, 0.0], "miu_de": 0.5, "input": [1.664860533276705, 1.893368358206803, 2.097222188107714, 1.9985351044291522, 2.0405745130375617, 1.9899337784571012, 2.032378130151498, 2.070758540616297, 1.939328559515494, 1.7307278756218272, 0.8593670535191229, 1.2258278004232568, 1.3085490048876953, 1.3036749204206732, 1.2934755666014728, 1.2819156515093535, 1.2845170854460364, 1.2959736375480464, 1.2869072719590513, 1.1975911839776006, 0.20561565226042758, 0.44680025449143834, 0.5938154955065288, 0.5609322999817007, 0.5371631153344965, 0.5431334011367652, 0.47698866204294926, 0.5161163799326949, 0.5392574191700114, 1.0336391974410504, -0.3004790008905142, -0.09765643280983054, -0.020748478624799012, 0.017665116687431006, -0.0467677786224695, -0.06047795866004073, -0.00627781007956841, -0.003235877065450328, 0.06856335147258624, 0.862678350437136, -0.6032069565824095, -0.46128408525407544, -0.4650554537909119, -0.4084187456638573, -0.374699607621448, -0.36528888370434043, -0.37131799363459267, -0.36156085349119754, -0.12979365650898908, 0.9532713101161264, -0.8094135733715625, -0.7463359954976152, -0.7028770549807647, -0.6554850283590036, -0.6843435905720225, -0.6692772183568251, -0.6564240079104015, -0.5778094100160256, -0.31099884010500695, 0.8920482180881385, -0.9563083200624765, -0.8743241529598351, -0.889343995063185, -0.861562599107467, -0.8114513067129356, -0.8392020322322958, -0.7724664384941705, -0.745553223682184, -0.32177252984353516, 0.7769893874906073, -1.0791628764960428, -0.9860351388775351, -0.9904924930890338, -0.9953128536835978, -0.9815956406574473, -0.9553767867889662, -0.8969044764915253, -0.7944100421856438, -0.3435514187827399, 0.892598442756062, -1.1453338995551676, -1.0991027695948732, -1.0935825773318062, -1.0720621612923984, -1.0317088918199948, -1.040561503586091, -1.0019904068353487, -0.8424839780062099, -0.39821551999244453, 0.8346824188997776, -1.1905094156739644, -1.1576368959190246, -1.1497072032144233, -1.159666258300059, -1.1330470046671306, -1.130881852294661, -1.0997062345224744, -0.9414350194318704, -0.5636774526741112, 0.6879244311379978], "bean_num": 0.5, "model_info": {"det_num_x": 10, "det_num_y": 10, "det_y": 0.03, "det_x": 0.03, "size_x": 0.5, "size_y": 0.5, "med_margin": 0.0015}}