{"source": [-618.3011744855432, 274.95604873715104], "intensity": 100, "miu_detector": 0.3, "miu_medium": 1.2, "miu_air": 0.00018, "output": [0.0, 0.0, 0.0, 0.0, 0.0, 0.0, 0.0, 0.0, 0.0, 0.0, 0.0, 0.0, 0.0, 0.0, 0.0, 0.0, 0.0, 0.0, 0.0, 0.0, 0.0, 0.0, 0.0, 0.0, 0.0, 0.0, 0.0, 0.0, 0.0, 0.0, 0.0, 0.0, 0.0, 0.0, 0.0, 0.0, 0.0, 0.6638358564135916, 0.33616414358640845, 0.0], "miu_de": 0.5, "input": [-1.2338650810833207, -1.2141530541583703, -1.1490062836246506, -1.106640732212069, -0.9697541458008745, -0.7535715624579291, -0.4482320110548425, -0.11673547452045645, 0.5747652625790981, 1.4309042648154027, -1.2336601353008605, -1.1711820553488195, -1.0989579257945514, -0.9966803479673186, -0.8740318004579388, -0.6618002859555427, -0.28017920298562815, 0.26303461560856384, 0.9467971718554546, 1.835556949475668, -1.2105140491751671, -1.1510806514249277, -1.0969606967058019, -0.9929529560097419, -0.8364278377632095, -0.583940244763988, -0.25815410892600055, 0.27617285422816784, 0.9624272304557057, 1.8066748980826637, -1.1900245577916841, -1.127389358146633, -1.0657933489133065, -0.9639898360209295, -0.811909709446604, -0.5889073437088712, -0.3046005341595146, 0.2852830769042076, 1.0249808001138985, 1.7558704747692881, -1.1489800009450235, -1.1200835163701206, -1.0592703617463495, -0.949748607420486, -0.8184728328814249, -0.5732747388222362, -0.2139632756839574, 0.20252242957564906, 0.9549951439483646, 1.8597972895309494, -1.0603876500759954, -1.0069850129747486, -0.925084310703633, -0.8529301752345037, -0.770782504971699, -0.5420991142438261, -0.2216372426513679, 0.22064976660324567, 1.0389667105418883, 1.8153870624811044, -0.853192785245233, -0.7849075249587572, -0.744677854059472, -0.6928454036320714, -0.6386684258467901, -0.43500011523277016, -0.2508204090137221, 0.2370530222450075, 1.0379911177599468, 2.0398523299176836, -0.5951072680592845, -0.4061673809109849, -0.3619302367001525, -0.35084598854007965, -0.24060127838527257, -0.2656520640816584, -0.08832386564349644, 0.31715788120553634, 0.9625660808942372, 1.894414091793723, 0.03200698033108311, 0.3149754699169967, 0.2842201807311782, 0.21965108852723705, 0.3117943181914243, 0.4378007158952027, 0.401827024495864, 0.4994893031966241, 0.9965847574316304, 1.9078819776003328, 1.1257430378214266, 1.3744202360436446, 1.36367172943597, 1.4230726397512738, 1.5288208894685307, 1.475993652179764, 1.444184730198822, 1.5296387079480973, 1.3784302445193128, 1.6695070676447739], "bean_num": 0.5, "model_info": {"det_num_x": 10, "det_num_y": 10, "det_y": 0.03, "det_x": 0.03, "size_x": 0.5, "size_y": 0.5, "med_margin": 0.0015}}