{"source": [525.2097602028083, 430.0398765776699], "intensity": 100, "miu_detector": 0.3, "miu_medium": 1.2, "miu_air": 0.00018, "output": [0.0, 0.0, 0.0, 0.0, 0.0, 0.0, 0.0, 0.0, 0.0, 0.0, 0.0, 0.0, 0.0, 0.0, 0.0, 0.0, 0.0, 0.0, 0.0, 0.0, 0.0, 0.0, 0.0, 0.0, 0.6321672848445872, 0.3678327151554128, 0.0, 0.0, 0.0, 0.0, 0.0, 0.0, 0.0, 0.0, 0.0, 0.0, 0.0, 0.0, 0.0, 0.0], "miu_de": 0.5, "input": [1.7974540298386217, 2.068019713221476, 2.1075009252573595, 2.137654298885183, 2.1340804569054383, 2.1677637617579526, 2.1477087635869703, 2.103725943796378, 2.0859455490326333, 1.709311876585596, 0.9344226993798251, 1.50387322143466, 1.437375711781685, 1.442599571903724, 1.5287604461319888, 1.4194359181186464, 1.4034041638576373, 1.5627901267693356, 1.344737479094101, 1.125145761766247, 0.41785097860676174, 0.7320104222039091, 0.7870151577676957, 0.7786086377015907, 0.6752073251154873, 0.7386044508118943, 0.7505735251116167, 0.813950652809295, 0.6381118949890692, 0.34324414210159526, -0.1749236119002946, 0.07128640563383477, 0.10808011152582908, 0.21076092442405006, 0.16234174165338724, 0.18562754189776529, 0.17644047109806135, 0.14198895239207562, 0.18217829747363007, 0.06798073598812011, -0.4636318340543757, -0.24258678556662916, -0.22416234427003567, -0.24121164846637394, -0.16187972395451908, -0.22285243508461414, -0.16466197291292373, -0.25133386118270556, -0.2836265766385933, -0.17487088911894846, -0.6972365004223667, -0.5548087782643706, -0.5329149000327266, -0.4634014850655443, -0.5117579277614078, -0.5427045544137918, -0.5199552223521297, -0.4865919192599548, -0.5605040383698648, -0.32988283574654836, -0.8600799665336817, -0.7429547574900608, -0.7208098860540315, -0.6980362760030244, -0.7148653052967582, -0.7340105766274926, -0.7573017948182048, -0.6839006683981239, -0.7533145992544986, -0.4813286302675736, -0.9433305324147574, -0.9073857585504208, -0.8468009570696171, -0.8215137299008093, -0.8167539430203142, -0.8162864394884787, -0.7936011500417859, -0.8278528818043706, -0.8518792596359094, -0.4966009448482561, -1.0331629981853754, -0.9629815161247606, -0.9596163623888249, -0.942645823228237, -0.9241265565004049, -0.940756725292005, -0.9099615027607457, -0.9372528573257475, -0.9344177800147284, -0.5690882508387497, -1.100695821021274, -1.043384185124663, -1.045534859105905, -1.0169070017296913, -1.0309554605512434, -1.0265514749980098, -1.0478493120486432, -1.0155183129509326, -0.9981294940434909, -0.6299285918208439], "bean_num": 0.5, "model_info": {"det_num_x": 10, "det_num_y": 10, "det_y": 0.03, "det_x": 0.03, "size_x": 0.5, "size_y": 0.5, "med_margin": 0.0015}}