{"source": [-475.3859870967264, -487.4639312573603], "intensity": 100, "miu_detector": 0.3, "miu_medium": 1.2, "miu_air": 0.00018, "output": [0.0, 0.0, 0.0, 0.0, 0.0, 0.9201469028487115, 0.07985309715128854, 0.0, 0.0, 0.0, 0.0, 0.0, 0.0, 0.0, 0.0, 0.0, 0.0, 0.0, 0.0, 0.0, 0.0, 0.0, 0.0, 0.0, 0.0, 0.0, 0.0, 0.0, 0.0, 0.0, 0.0, 0.0, 0.0, 0.0, 0.0, 0.0, 0.0, 0.0, 0.0, 0.0], "miu_de": 0.5, "input": [1.7336469347131547, 2.047104827951183, 2.1118942160479306, 2.2104343789435186, 2.1736939467143697, 2.19845982457284, 2.0833982490770264, 2.1133146222469956, 2.0340070141960838, 1.7193089680950455, 1.1088267968544545, 1.327939644311831, 1.389061525963156, 1.4330471135006948, 1.395036601601803, 1.4456669168023386, 1.3827066826458778, 1.4230617454341512, 1.319576559712367, 0.9230462786541682, 0.6960603547189307, 0.6041070770269199, 0.6550879432176645, 0.648079714778642, 0.6766013385040951, 0.68019752920082, 0.6940789816335833, 0.6588461426061093, 0.59398072977795, 0.29333373524263695, 0.4311196181420769, 0.07343694667495056, 0.11607712444718433, 0.08619264502659824, 0.16236065496246557, 0.14285439461823726, 0.11147582625351886, 0.09629330056971554, 0.013146006405632654, -0.17043632250254892, 0.3268944926940528, -0.2825476190896922, -0.2858354556651511, -0.2755681683733389, -0.27498322138257836, -0.2557489879417856, -0.30364406065302385, -0.30425172096771985, -0.34573321570805193, -0.5285693477508207, 0.23054462385248764, -0.532383833650801, -0.5828929249043846, -0.5724074139500784, -0.5441194885623327, -0.5544249553527903, -0.5505295598553968, -0.5890219195709779, -0.6512672230473567, -0.7636982591510145, 0.16899014229579293, -0.68313913727445, -0.7430065500044546, -0.7315711314837878, -0.7490063526219098, -0.7581974208577488, -0.7692143575529903, -0.7794690757715836, -0.8199024897086455, -0.9027221725437601, 0.15265631901256077, -0.765338404968006, -0.8743491702864413, -0.8806844674097976, -0.892192607593953, -0.9041561833090956, -0.9086594342017912, -0.9156838324106599, -0.9550063816675903, -1.0167133786381495, 0.0709881294055653, -0.8346713015869354, -0.9571895257556163, -0.9750354770222788, -0.9909171213968829, -0.9980731831146828, -1.0127482150137281, -1.0098775174083496, -1.0374150343381603, -1.078106125875114, -0.06351079207399828, -0.9219533593067595, -1.0458413092735086, -1.0741501225393568, -1.072425032140666, -1.0735728128607187, -1.0897327445178768, -1.0865441289450697, -1.1024415904669838, -1.1153549790858084], "bean_num": 0.5, "model_info": {"det_num_x": 10, "det_num_y": 10, "det_y": 0.03, "det_x": 0.03, "size_x": 0.5, "size_y": 0.5, "med_margin": 0.0015}}