{"source": [133.27718245026642, -672.6006127003428], "intensity": 100, "miu_detector": 0.3, "miu_medium": 1.2, "miu_air": 0.00018, "output": [0.0, 0.0, 0.0, 0.0, 0.0, 0.0, 0.0, 0.0, 0.0, 0.0, 0.0, 0.754656854216328, 0.24534314578367206, 0.0, 0.0, 0.0, 0.0, 0.0, 0.0, 0.0, 0.0, 0.0, 0.0, 0.0, 0.0, 0.0, 0.0, 0.0, 0.0, 0.0, 0.0, 0.0, 0.0, 0.0, 0.0, 0.0, 0.0, 0.0, 0.0, 0.0], "miu_de": 0.5, "input": [-1.1564188339949597, -1.1384761277989, -1.1272624534908775, -1.1010702502474279, -1.12034733607547, -1.099844688057493, -1.0820384082437133, -1.042287946391249, -0.7739013685754943, 0.1595621683429853, -1.1122527360599825, -1.0827146587860337, -1.0403112351520751, -1.028008986863493, -1.017877550463454, -1.0103837438887366, -1.0264107888371008, -0.9717432373298328, -0.7442329563679199, 0.29418323640605876, -1.018430818446108, -1.0104720526380608, -0.945426942792174, -0.9279470229123632, -0.9096276891297916, -0.9151562394023484, -0.9188532578984325, -0.8811474919534866, -0.6499598410395905, 0.4338844400044732, -0.9437379826171746, -0.835295439350147, -0.8185054546029396, -0.7632004895976564, -0.7946167466132616, -0.7944399191022271, -0.7951906571239015, -0.7704270389041056, -0.6163730373876537, 0.3386088694524795, -0.814217376821328, -0.6416453438908052, -0.6093796791287649, -0.554286766189272, -0.6245537879818981, -0.5310675635709, -0.5939331902978414, -0.5699757159571601, -0.456746592958591, 0.42260550591619306, -0.5113557564200709, -0.3352180827389437, -0.3602928217363784, -0.34865215727242416, -0.23904498836569324, -0.2983807803404573, -0.3662519016654037, -0.26783712571259255, -0.24986531771121528, 0.5262889373319314, -0.18763638208924366, -0.04636502636697275, 0.10657928686736957, 0.14100808757152022, 0.10254276077179413, 0.08950138890325908, 0.0925324930491542, 0.0794571840907892, 0.09819033402429943, 0.6088694712917745, 0.2499148670405297, 0.5777377230697196, 0.5760162400199436, 0.684208876080154, 0.6757764500157519, 0.6255714011134309, 0.6656839167271821, 0.5784064842007721, 0.6322552784600958, 0.8802091916139538, 0.8315947076172547, 1.273938545641355, 1.3613237442958213, 1.4761657831616297, 1.386285449946459, 1.360594716635607, 1.3377904390011568, 1.3572509948830271, 1.2948753878178925, 1.1482146839115832, 1.6841618782161507, 2.1568237015132894, 2.067277163889694, 2.0640423123681875, 2.054277362206393, 2.117263548651766, 2.0234505687508424, 2.0548243103343817, 2.1455192610857785, 1.7558286330577175], "bean_num": 0.5, "model_info": {"det_num_x": 10, "det_num_y": 10, "det_y": 0.03, "det_x": 0.03, "size_x": 0.5, "size_y": 0.5, "med_margin": 0.0015}}