{"source": [244.47547886912045, -645.0148259117833], "intensity": 100, "miu_detector": 0.3, "miu_medium": 1.2, "miu_air": 0.00018, "output": [0.0, 0.0, 0.0, 0.0, 0.0, 0.0, 0.0, 0.0, 0.0, 0.0, 0.0, 0.0, 0.6935708489264816, 0.30642915107351837, 0.0, 0.0, 0.0, 0.0, 0.0, 0.0, 0.0, 0.0, 0.0, 0.0, 0.0, 0.0, 0.0, 0.0, 0.0, 0.0, 0.0, 0.0, 0.0, 0.0, 0.0, 0.0, 0.0, 0.0, 0.0, 0.0], "miu_de": 0.5, "input": [1.5752765860304279, 0.7872887745140552, 0.0519498793993152, -0.3155989017011435, -0.6639772561880215, -0.8262852291932851, -0.9925601161312075, -1.0969053558367663, -1.1655156438982786, -1.2072844778039047, 1.8653885354125812, 1.2377456019726445, 0.421080412728166, -0.10877890088053317, -0.46870698614493345, -0.6943880112220294, -0.8914032963883887, -1.03993737238727, -1.1169563529027289, -1.1677404862136915, 2.0535620388723714, 1.3772917364275596, 0.5589976495982326, -0.015843350494346795, -0.41632765751915707, -0.6946946302560023, -0.9011502822404203, -0.9617770606824314, -1.1017762259395836, -1.18406676310204, 1.9991035219097275, 1.350828028033782, 0.5509601875316114, 0.04915178936837281, -0.4055298658120942, -0.6742107363809928, -0.8832193788930962, -1.0324747535720367, -1.0915332642513662, -1.1921572261335394, 2.017108567182572, 1.283166770599117, 0.533242864220834, -0.0054911089396094985, -0.3637693330589843, -0.6506850832854918, -0.8998213829095594, -1.0013334694741012, -1.0796789765621884, -1.1691234367247318, 1.8921489562381573, 1.2550581572186343, 0.6287066110573725, 0.04670873135724717, -0.38032806381798917, -0.6608337946281776, -0.7953672009084174, -0.9500265493244952, -1.0355728018177006, -1.1266193412159375, 2.0847595573965516, 1.3591821675442177, 0.5333519700645558, -0.09655976792611047, -0.3753852508576143, -0.6152505242936497, -0.8015066852307705, -0.9752654609404767, -0.9874862774429294, -1.0920927834204586, 2.064496349893871, 1.2086587980012378, 0.510324227134152, -0.023089752096453937, -0.3109074241547955, -0.6021997953418645, -0.699105472874193, -0.7309272806022106, -0.7875916718282905, -0.9443926358084132, 1.9036452403972817, 1.0859954347446, 0.48917842285796903, 0.07187442413870122, -0.17099289147401825, -0.217937908079231, -0.23198446984518817, -0.28552002584464886, -0.3102817753394005, -0.5007491325792983, 1.6902181569982075, 1.290511203365262, 1.021688819340612, 0.9823547420181055, 1.0133272492171128, 1.0268807170159446, 0.844615208874567, 0.8597405931479944, 0.8659778267690135, 0.7471306022239298], "bean_num": 0.5, "model_info": {"det_num_x": 10, "det_num_y": 10, "det_y": 0.03, "det_x": 0.03, "size_x": 0.5, "size_y": 0.5, "med_margin": 0.0015}}