{"source": [-697.938248830351, 6.002466580881943], "intensity": 100, "miu_detector": 0.3, "miu_medium": 1.2, "miu_air": 0.00018, "output": [0.945250246633763, 0.0, 0.0, 0.0, 0.0, 0.0, 0.0, 0.0, 0.0, 0.0, 0.0, 0.0, 0.0, 0.0, 0.0, 0.0, 0.0, 0.0, 0.0, 0.0, 0.0, 0.0, 0.0, 0.0, 0.0, 0.0, 0.0, 0.0, 0.0, 0.0, 0.0, 0.0, 0.0, 0.0, 0.0, 0.0, 0.0, 0.0, 0.0, 0.054749753366237004], "miu_de": 0.5, "input": [-1.066786996275294, -1.053914960281536, -1.0396156009130855, -1.039772609017776, -1.0132692097696547, -1.033582630165022, -1.0342292981977697, -1.0207276718665355, -1.0514778079436025, -0.6887858661413205, -1.0290718045762828, -0.9750559320521203, -0.9372405540311671, -0.9496274820820545, -0.9489537080987, -0.9358921063520561, -0.9540055385465939, -0.9126306821945124, -0.9211856758262539, -0.6372262159563946, -0.9242431372131038, -0.8875500085281707, -0.8502764110755426, -0.8547925649227698, -0.8376284799965693, -0.8225256127279483, -0.8383983187288326, -0.8597016966289636, -0.8552760895769564, -0.5925340829342403, -0.8448089872101743, -0.7559380664828063, -0.6876084967384479, -0.6756797135579504, -0.6618307727220473, -0.681457733160177, -0.6848224887970467, -0.7165254937474691, -0.701944755634506, -0.5231923041736759, -0.6842525452859775, -0.501625231203403, -0.5029625851126907, -0.4410651686273307, -0.46397847940551296, -0.45757161474414854, -0.4895339978608412, -0.5093498513865029, -0.5337909919072333, -0.3838935858169421, -0.4928030832785545, -0.32201611330543, -0.23821383678786512, -0.16980752845893318, -0.1560508098701363, -0.15867764283898944, -0.21642834097941033, -0.25189751172919705, -0.2304462763944613, -0.21630214689523905, -0.11474393287888601, 0.15512008025654359, 0.20128162828732035, 0.24508844357125564, 0.3039971216507012, 0.24139556653502733, 0.12604388241737324, 0.2064057192388636, 0.131378763972999, 0.00039185558886842346, 0.29517349061409986, 0.6470164863122359, 0.6694377675144925, 0.7734219380168058, 0.7222614555406084, 0.7904894183509004, 0.7037365372352127, 0.6849606260871052, 0.5444026567830595, 0.35252141236966616, 1.0288821124255594, 1.3486181348165773, 1.4848343673217126, 1.360777049433222, 1.440232294716395, 1.4835066999679674, 1.515889615594123, 1.3767093794071974, 1.4735623624643013, 1.0736369133934978, 1.7310477723743152, 2.092135473875797, 2.1709557768013084, 2.171937065471051, 2.1267882834160057, 2.1769037903507313, 2.222872820560774, 2.234945568144702, 2.004446510067741, 1.721991998666681], "bean_num": 0.5, "model_info": {"det_num_x": 10, "det_num_y": 10, "det_y": 0.03, "det_x": 0.03, "size_x": 0.5, "size_y": 0.5, "med_margin": 0.0015}}