{"source": [416.9575641114419, -591.7910798488653], "intensity": 100, "miu_detector": 0.3, "miu_medium": 1.2, "miu_air": 0.00018, "output": [0.0, 0.0, 0.0, 0.0, 0.0, 0.0, 0.0, 0.0, 0.0, 0.0, 0.0, 0.0, 0.0, 0.09251866056336408, 0.9074813394366359, 0.0, 0.0, 0.0, 0.0, 0.0, 0.0, 0.0, 0.0, 0.0, 0.0, 0.0, 0.0, 0.0, 0.0, 0.0, 0.0, 0.0, 0.0, 0.0, 0.0, 0.0, 0.0, 0.0, 0.0, 0.0], "miu_de": 0.5, "input": [-0.07218875400265387, 0.10369449060000172, 0.11013359300244928, 0.19620198968442923, 0.24857745876869367, 0.29256425779349343, 0.3654815738122226, 0.5271087908893516, 1.026367711480102, 1.7162418821066652, -0.9184177200962639, -0.8372428613710202, -0.8034291486260472, -0.6736673383374593, -0.5396108194445807, -0.24540401000738532, 0.09967876886327728, 0.5360976783836972, 1.2752313819910766, 2.0866415647705767, -1.0242911028868353, -0.9569272686929017, -0.8776214081799675, -0.7683354676590792, -0.5339869994741058, -0.2615946087948934, 0.043218926921042095, 0.5690649025494943, 1.3327019779825389, 2.089917886180244, -1.114089617466842, -1.003640892074296, -0.9041062911282277, -0.7181543261287922, -0.5463940361093058, -0.23283616148927708, 0.07384407566997989, 0.6269835400582277, 1.4294423700998102, 2.041460863658951, -1.0790961407780968, -1.0055508973251188, -0.8851994848752992, -0.7925607218736676, -0.6116982825743419, -0.20719366150190988, 0.1361418491072298, 0.6397583228962921, 1.4735116520696654, 2.1986735596232236, -1.0760948834674544, -1.0110009919131502, -0.8791618595576188, -0.7663721495593907, -0.5504882461078446, -0.29985323951956416, 0.22193674928998106, 0.7308965565151293, 1.4837853061364858, 2.061948153593936, -1.0961800764293261, -1.0217026393540873, -0.8801260755278697, -0.7420389677169823, -0.5555918038591323, -0.2179617896680336, 0.10544816005165841, 0.6887712493794865, 1.4444664458845433, 2.186796148724318, -1.0986754908290413, -1.0292171792828306, -0.9075035588060494, -0.8052406951217104, -0.5471025649778464, -0.30079408446262235, 0.10219984628656803, 0.6600748115931724, 1.4957024298247763, 2.126844608280743, -1.0957043197521448, -1.0448011239428692, -0.9502711077542103, -0.7969871163378278, -0.6285725308093516, -0.3141236923308464, 0.040613716147655805, 0.6064654105170336, 1.3292738314430683, 2.105298111009627, -1.118574268144207, -1.0768899261899372, -1.015755441751581, -0.8917531927580068, -0.7591525897649944, -0.5000333046910914, -0.1415093528994258, 0.3011527540355421, 0.9575495476843312, 1.8445073788246087], "bean_num": 0.5, "model_info": {"det_num_x": 10, "det_num_y": 10, "det_y": 0.03, "det_x": 0.03, "size_x": 0.5, "size_y": 0.5, "med_margin": 0.0015}}