{"source": [-666.4047462368355, 299.5426842067427], "intensity": 100, "miu_detector": 0.3, "miu_medium": 1.2, "miu_air": 0.00018, "output": [0.0, 0.0, 0.0, 0.0, 0.0, 0.0, 0.0, 0.0, 0.0, 0.0, 0.0, 0.0, 0.0, 0.0, 0.0, 0.0, 0.0, 0.0, 0.0, 0.0, 0.0, 0.0, 0.0, 0.0, 0.0, 0.0, 0.0, 0.0, 0.0, 0.0, 0.0, 0.0, 0.0, 0.0, 0.0, 0.0, 0.0, 0.6892744744689431, 0.310725525531057, 0.0], "miu_de": 0.5, "input": [1.719557390230005, 1.2160051834537289, 1.0470352095680686, 0.9224645669071244, 0.8605452198683909, 0.8176623393470954, 0.7635461155416988, 0.7579685894154596, 0.7009724394339656, 0.5152417343158568, 2.0133109738609614, 1.2497371358048794, 0.5391072560481078, 0.10239610420271913, -0.17575765326034054, -0.30219492654354246, -0.3291466037365199, -0.3744118002151407, -0.4189300583418868, -0.5513280716152957, 2.0913652708284807, 1.2943255501015223, 0.5320373347190936, 0.0165530182694735, -0.3472293006793316, -0.563638678851571, -0.7189617023143328, -0.8049082849687101, -0.8421797317950791, -0.9391157989220145, 2.1067257057945654, 1.2547860746956865, 0.544951013207395, -0.004317168399883004, -0.3885005164432488, -0.6257698763958712, -0.7969913629077199, -0.9152771573384907, -0.9997108263551086, -1.0742960223344222, 2.0774432163080716, 1.2863481402144712, 0.5538202112026386, 0.02862784761313096, -0.3989064829950707, -0.62656949190482, -0.8104502292609806, -0.95366183504171, -1.038052677365436, -1.1269913488215777, 2.0930064354535065, 1.2282708562646194, 0.5212626982085221, -0.001101756004842503, -0.3838621722980677, -0.6765422538942838, -0.8388754109824138, -0.9659382975266113, -1.0728839678255024, -1.1356214958185755, 2.0401631239357974, 1.310192358010496, 0.5580220221619485, 0.012179267289089139, -0.39847284970359637, -0.6693751323090743, -0.8592007345013879, -0.9799436589202182, -1.0632850976292056, -1.1415490190133875, 2.062159931415409, 1.2566548857149105, 0.49448888223675297, -0.02027901237249324, -0.41443086830946985, -0.6718701704968992, -0.8554922518244238, -0.9970498866109142, -1.0695053583945897, -1.1464494797225648, 2.028658843987857, 1.2048446717982453, 0.4399974506124367, -0.06900647224596382, -0.4681572419362451, -0.7001219435718745, -0.8864596449832549, -1.0054599128859596, -1.087465459494949, -1.156232546607022, 1.6696874634612813, 0.8210559335706892, 0.16659068312160524, -0.3158576863173932, -0.5907431769492071, -0.8185287223329759, -0.9598719451113485, -1.0572393219243748, -1.1304977999939974, -1.1851007928745616], "bean_num": 0.5, "model_info": {"det_num_x": 10, "det_num_y": 10, "det_y": 0.03, "det_x": 0.03, "size_x": 0.5, "size_y": 0.5, "med_margin": 0.0015}}