{"source": [-552.7880781033767, 486.8413732385844], "intensity": 100, "miu_detector": 0.3, "miu_medium": 1.2, "miu_air": 0.00018, "output": [0.0, 0.0, 0.0, 0.0, 0.0, 0.0, 0.0, 0.0, 0.0, 0.0, 0.0, 0.0, 0.0, 0.0, 0.0, 0.0, 0.0, 0.0, 0.0, 0.0, 0.0, 0.0, 0.0, 0.0, 0.0, 0.0, 0.0, 0.0, 0.0, 0.0, 0.0, 0.0, 0.0, 0.0, 0.0, 0.5967139799232817, 0.4032860200767183, 0.0, 0.0, 0.0], "miu_de": 0.5, "input": [-1.2431257435682437, -1.2207794013193072, -1.1346615655188936, -1.0679734940881018, -0.9183107774285636, -0.6858655931112668, -0.36464583177590554, -0.10427249039460486, 0.712687362981034, 1.4938880661126779, -1.2292509403470102, -1.202833079542308, -1.0929117948993405, -0.9742106155288497, -0.8183789108739331, -0.6115060472537514, -0.21809751255420104, 0.26275344505738885, 1.0230292610614558, 1.8200085547772125, -1.1894363189289707, -1.157579766205297, -1.0885935938219276, -0.9910514685146513, -0.7711328112489622, -0.5452678351695028, -0.29169533658156205, 0.2365534620683479, 1.0071885286284052, 1.9500390431666916, -1.1920606841194996, -1.1656583220513077, -1.0906239126599966, -0.9403890220463281, -0.8302284755540187, -0.5504345226177163, -0.2033691757045037, 0.30515857464424734, 1.002860868923683, 1.805163806359191, -1.1693422170837753, -1.1165494024950655, -1.039506243440417, -0.9497511243492237, -0.8508293010395724, -0.5968263201680588, -0.19783139141784964, 0.34823896626089923, 1.0694072973412156, 1.9404234528213635, -1.06713387848117, -0.9852715380176851, -0.9560688139446887, -0.8270420765767967, -0.8042523875516784, -0.5369950285637066, -0.2237144176024229, 0.4110801899087776, 1.0383955699950207, 1.7710107886887716, -0.9051926047123084, -0.7907296670706045, -0.8251235114903539, -0.7580026105206568, -0.7233302499367518, -0.49988598395763234, -0.11918635695038914, 0.2199273075561786, 1.1215474038606708, 1.83215012312475, -0.5516579986236997, -0.44899525886588015, -0.4514656853679299, -0.4053731139827516, -0.3668536900093039, -0.29053895230369803, -0.1489841937688745, 0.32714185179295574, 1.1277756141374893, 1.9487989929029128, 0.007451649890398043, 0.2462562508089328, 0.18922262968475023, 0.2599953782580257, 0.20221626539272658, 0.3010580712327685, 0.24592306430683666, 0.5215779731236707, 1.0588735138751324, 1.7997743856082322, 1.1319256746247846, 1.3577152944883328, 1.3303867623468646, 1.4548736235644604, 1.426131601220331, 1.4218588187871914, 1.4086940655998716, 1.332899203104739, 1.38418932132527, 1.6445269823068456], "bean_num": 0.5, "model_info": {"det_num_x": 10, "det_num_y": 10, "det_y": 0.03, "det_x": 0.03, "size_x": 0.5, "size_y": 0.5, "med_margin": 0.0015}}