{"source": [-161.4545044530895, -723.2507641479486], "intensity": 100, "miu_detector": 0.3, "miu_medium": 1.2, "miu_air": 0.00018, "output": [0.0, 0.0, 0.0, 0.0, 0.0, 0.0, 0.0, 0.0, 0.39822937080131715, 0.6017706291986828, 0.0, 0.0, 0.0, 0.0, 0.0, 0.0, 0.0, 0.0, 0.0, 0.0, 0.0, 0.0, 0.0, 0.0, 0.0, 0.0, 0.0, 0.0, 0.0, 0.0, 0.0, 0.0, 0.0, 0.0, 0.0, 0.0, 0.0, 0.0, 0.0, 0.0], "miu_de": 0.5, "input": [0.649451753874049, 0.8863654619897132, 0.8740093681308748, 0.9670626484186929, 0.988497818722671, 1.0200135780723794, 1.0068352725536283, 1.1412399478781015, 1.2031617270629897, 1.6722087928958276, -0.4582369574314151, -0.2601764583063466, -0.2693795222589974, -0.24941511759162008, -0.16394799556341483, -0.07535273065298508, 0.0767715319372596, 0.4886402051979866, 1.0890947063041059, 1.9520529843586787, -0.9080397604558549, -0.7761894438020509, -0.7646526780464717, -0.7217574904047321, -0.5925213878545178, -0.38158078512196386, -0.02762107905119893, 0.4847976406717501, 1.23388802406287, 2.031069135836983, -1.0728585492791631, -1.00711657642339, -0.9228486837172746, -0.803375148592656, -0.6879186749024968, -0.3807630486991338, 0.005409812485180442, 0.47712016042334593, 1.3060158437803213, 2.0313442831852657, -1.1273459207066276, -1.0549081105188827, -0.9970053936523161, -0.8335873667234953, -0.6430386250618026, -0.34388959880182324, -0.04098588952303449, 0.5234549533133097, 1.2470056007136887, 2.024096660904169, -1.1546944522676634, -1.0568305909601314, -0.9949591055736516, -0.8489950057891504, -0.7180994396671995, -0.3906926701891601, -0.027497663238263467, 0.528997962836229, 1.2685382506924574, 2.096784019477263, -1.1676498252208967, -1.0718018562398697, -0.9815266572444283, -0.8513550294955731, -0.6616885969635942, -0.3902035041392096, 0.030337666969968428, 0.5133010550213595, 1.2602363960152203, 1.9981697808516092, -1.1674485706967477, -1.110050447586665, -1.009596494442638, -0.8729154102048297, -0.6936110123418353, -0.45688471712223716, -0.03359366810393014, 0.4889243522360736, 1.2728391367825067, 2.0032824703129717, -1.185008370183707, -1.125988317238863, -1.0508401021559803, -0.923631927064004, -0.7162634685424303, -0.49896683272994685, -0.10388212803246584, 0.4199189804446295, 1.1304881528885884, 1.9684632332964795, -1.1998357783398474, -1.160303771143123, -1.0713905635461738, -0.9845565602998716, -0.8495411354853438, -0.6405123280523211, -0.2846697241457798, 0.14724992001313145, 0.8521211462565669, 1.6607382807223086], "bean_num": 0.5, "model_info": {"det_num_x": 10, "det_num_y": 10, "det_y": 0.03, "det_x": 0.03, "size_x": 0.5, "size_y": 0.5, "med_margin": 0.0015}}