{"source": [138.57406985474435, 732.3713001686394], "intensity": 100, "miu_detector": 0.3, "miu_medium": 1.2, "miu_air": 0.00018, "output": [0.0, 0.0, 0.0, 0.0, 0.0, 0.0, 0.0, 0.0, 0.0, 0.0, 0.0, 0.0, 0.0, 0.0, 0.0, 0.0, 0.0, 0.0, 0.0, 0.0, 0.0, 0.0, 0.0, 0.0, 0.0, 0.0, 0.0, 0.0, 0.19049250081728838, 0.8095074991827116, 0.0, 0.0, 0.0, 0.0, 0.0, 0.0, 0.0, 0.0, 0.0, 0.0], "miu_de": 0.5, "input": [0.3824216997804675, 0.5169029154817565, 0.5263103379306187, 0.6047207252763059, 0.6906767269217786, 0.732798075850229, 0.816368081381238, 0.8117502556093008, 1.2110420594345435, 1.6705413513135512, -0.7401625083165361, -0.6193577653754438, -0.5275202506050943, -0.4990713650996243, -0.4523108952018483, -0.2942718405338186, 0.06584653525533757, 0.5181333136037124, 1.2202657134835904, 2.03750139374019, -1.0022963488627143, -0.9336502295268705, -0.8712567373697149, -0.7347394410465233, -0.5839904326324872, -0.33656201335851904, 0.041517703865993724, 0.6104245021955256, 1.2501479624487992, 2.0657201248783954, -1.0778489513974132, -1.0004937394541134, -0.9184849641218975, -0.7452059960382567, -0.6051221398267745, -0.3291795054336982, 0.010268561019126283, 0.6098255697641838, 1.3781698546584993, 2.1146572277267146, -1.1034677364414591, -1.063357135752999, -0.9509714580169112, -0.7946906869788665, -0.6105396752068727, -0.3359563599525106, 0.026945353967005852, 0.6111868975946428, 1.3793121415647076, 2.073630821179874, -1.1198125483188215, -1.040366819069543, -0.9675272758553315, -0.8182690087114989, -0.6332268228860833, -0.3343173101620243, 0.041128530491099886, 0.6397128294966213, 1.3783321625598866, 2.0866320025783347, -1.1393905663900703, -1.0619473966931494, -0.9652812711695098, -0.8087279271927825, -0.6056836744844234, -0.35491532267760156, 0.016472121343036168, 0.6728225467798342, 1.3442912191566776, 2.079044625883023, -1.1418175854660502, -1.0456718329413297, -0.9784258097756106, -0.8379017218149131, -0.6118466975112666, -0.354635618182999, 0.03318686864475315, 0.6025272556083869, 1.3239616059978538, 2.024976422016889, -1.1415025311375662, -1.069846813993428, -0.9885570008703901, -0.8739157443735118, -0.6643353052041788, -0.4179603948910299, -0.0007289510994397554, 0.5764254816613376, 1.3108464486825016, 2.0214054760175117, -1.1789242771736537, -1.117871009267946, -1.0443405700753794, -0.9380623762123563, -0.7907579141555883, -0.54093986297147, -0.21824885064170307, 0.24102708034874093, 0.9124087689322437, 1.6539776357967928], "bean_num": 0.5, "model_info": {"det_num_x": 10, "det_num_y": 10, "det_y": 0.03, "det_x": 0.03, "size_x": 0.5, "size_y": 0.5, "med_margin": 0.0015}}