{"source": [146.07591214866093, -732.1259390463189], "intensity": 100, "miu_detector": 0.3, "miu_medium": 1.2, "miu_air": 0.00018, "output": [0.0, 0.0, 0.0, 0.0, 0.0, 0.0, 0.0, 0.0, 0.0, 0.0, 0.0, 0.746261416360402, 0.253738583639598, 0.0, 0.0, 0.0, 0.0, 0.0, 0.0, 0.0, 0.0, 0.0, 0.0, 0.0, 0.0, 0.0, 0.0, 0.0, 0.0, 0.0, 0.0, 0.0, 0.0, 0.0, 0.0, 0.0, 0.0, 0.0, 0.0, 0.0], "miu_de": 0.5, "input": [-0.390908916397513, -0.33111552391546234, -0.28077862359542466, -0.2217070315047007, -0.13967590187539697, 0.0070881401961149565, 0.15561983683366457, 0.5874191955750483, 1.0252178108885295, 1.830527731791819, -1.0059140517152059, -0.9427688180926375, -0.825609180783026, -0.6962618786794487, -0.5088176052595147, -0.2785465742588306, 0.15135398641830666, 0.560655450294068, 1.2587049621784276, 2.1063882641008265, -1.0547212542027213, -0.9757773400251224, -0.8566473537698212, -0.7613967554349378, -0.5298753708803142, -0.2250092989367497, 0.18978122909374803, 0.705975379671441, 1.417564572856221, 2.222175854912224, -1.048716756815093, -0.9761321037820004, -0.863268065869545, -0.704086386031887, -0.47964615435216107, -0.15619588939422335, 0.1760451184214171, 0.6259374216712194, 1.4191664225891105, 2.049440207878511, -1.0463478230358907, -0.9588816952733198, -0.8635927409686086, -0.7197937289096098, -0.4765999275454744, -0.22357739016947945, 0.08602467260386625, 0.7478842820725604, 1.4652284060216365, 2.263786501488086, -1.0416165712873444, -0.9853676207897697, -0.8489183972797069, -0.6983663535120965, -0.4794522661202623, -0.2024624708924612, 0.17286520179973278, 0.7268695599508083, 1.3872206510622043, 2.17423787524424, -1.0802148679652666, -0.999277916009954, -0.885568767276815, -0.7123221129341929, -0.5402118282266644, -0.21801298400011965, 0.24077867039134715, 0.7469146264606741, 1.4642037863360322, 2.212415603845378, -1.06877429043891, -0.966268121958556, -0.8857465795686104, -0.7851228076154066, -0.5432130236368041, -0.25632528449584563, 0.09437684917676463, 0.7311326956498949, 1.4828011330361859, 1.9524698384031052, -1.0767841726328549, -0.9857880506521772, -0.924551923490244, -0.7452198744743994, -0.511815510467571, -0.2730581650111706, 0.08187631036946347, 0.6139830498162206, 1.2550538629612702, 2.1688164345211716, -1.120388445156276, -1.0616014105003606, -0.9717467310658917, -0.854196024176354, -0.6514602359388051, -0.502151041507114, -0.21868029899092775, 0.27594966582629904, 0.969958798594839, 1.8331442285445798], "bean_num": 0.5, "model_info": {"det_num_x": 10, "det_num_y": 10, "det_y": 0.03, "det_x": 0.03, "size_x": 0.5, "size_y": 0.5, "med_margin": 0.0015}}