{"source": [556.2754605729995, -501.35771580145564], "intensity": 100, "miu_detector": 0.3, "miu_medium": 1.2, "miu_air": 0.00018, "output": [0.0, 0.0, 0.0, 0.0, 0.0, 0.0, 0.0, 0.0, 0.0, 0.0, 0.0, 0.0, 0.0, 0.0, 0.0, 0.6697309407809747, 0.3302690592190253, 0.0, 0.0, 0.0, 0.0, 0.0, 0.0, 0.0, 0.0, 0.0, 0.0, 0.0, 0.0, 0.0, 0.0, 0.0, 0.0, 0.0, 0.0, 0.0, 0.0, 0.0, 0.0, 0.0], "miu_de": 0.5, "input": [1.7196620614350255, 2.1210677811833434, 2.1354927148784615, 2.1847291433366998, 2.144489749348079, 2.1898639589115403, 2.179346277612339, 2.1644796783869116, 2.012687496267505, 1.776474194665949, 0.90371363243691, 1.3575191309462207, 1.4357308613159216, 1.4186219157468511, 1.4225489754269096, 1.401982380253978, 1.4299920151374967, 1.387432237049202, 1.3162924564663976, 1.083325912699905, 0.36105551397877805, 0.6542054194109049, 0.6619426615737514, 0.6406874834019375, 0.7436043241226054, 0.7049348494479347, 0.738287363124064, 0.6776175658639324, 0.6713873706862598, 0.6351652148673181, -0.13194760349474233, 0.06616521243272432, 0.16637761312921148, 0.13964322571128962, 0.16666944334081424, 0.14435368553712524, 0.2092527149316509, 0.19644048448248422, 0.07516489132687694, 0.2541976401881489, -0.5009589277340134, -0.3204824088926415, -0.2611572265947889, -0.23304116013776155, -0.26331547860650295, -0.23961785998629892, -0.2540188636164679, -0.26516283185893325, -0.26489883685524646, 0.06931097248545684, -0.7075011322018308, -0.56191585091475, -0.5383954650965158, -0.5210436380756305, -0.5150953386854942, -0.544079674585307, -0.5520933794858264, -0.533043226378341, -0.5241070945939866, -0.020795356243293983, -0.8706091145803426, -0.779428627338286, -0.7728768459857294, -0.7482863815259861, -0.7253306300626374, -0.6969690313624715, -0.7171574919745032, -0.714096826602711, -0.7175093280997461, -0.1472123354043944, -0.9853605834148228, -0.9217427117634048, -0.9169576957768304, -0.8935897656987873, -0.8788308885106739, -0.8842820545353102, -0.893977659140831, -0.8501636577275621, -0.8288692010466048, -0.13635237983689805, -1.0550923642559011, -1.0227094495754936, -0.990304565376196, -0.9715674192733057, -0.9856492819509651, -0.979959341571997, -0.9720813120249513, -0.9617368349773243, -0.8935832484277242, -0.2129396682123158, -1.1163067724903926, -1.0942649857471218, -1.0734742786997498, -1.0890357669129664, -1.0758455198777201, -1.0579197702969982, -1.0432868873947654, -1.0424723752032197, -0.992691360839292, -0.29872045601361435], "bean_num": 0.5, "model_info": {"det_num_x": 10, "det_num_y": 10, "det_y": 0.03, "det_x": 0.03, "size_x": 0.5, "size_y": 0.5, "med_margin": 0.0015}}