{"source": [694.9833105150657, -283.71050219669], "intensity": 100, "miu_detector": 0.3, "miu_medium": 1.2, "miu_air": 0.00018, "output": [0.0, 0.0, 0.0, 0.0, 0.0, 0.0, 0.0, 0.0, 0.0, 0.0, 0.0, 0.0, 0.0, 0.0, 0.0, 0.0, 0.0, 0.46739743591472627, 0.5326025640852737, 0.0, 0.0, 0.0, 0.0, 0.0, 0.0, 0.0, 0.0, 0.0, 0.0, 0.0, 0.0, 0.0, 0.0, 0.0, 0.0, 0.0, 0.0, 0.0, 0.0, 0.0], "miu_de": 0.5, "input": [1.152582617528824, 1.340670341160799, 1.36959348096907, 1.3944010676833956, 1.4092970201653117, 1.3941120444442316, 1.3151805134642178, 1.32059265920266, 1.404768806012338, 1.7137271421646598, -0.013362253043232474, 0.1653558865422304, 0.08479971607310968, 0.28015221731607354, 0.29378185262248957, 0.24046710791090295, 0.2897583683969169, 0.5033717534530996, 1.0482975532082834, 1.8402907234740895, -0.5729551273273976, -0.46625712903901434, -0.4205854905351393, -0.38708883591642873, -0.4019477488066761, -0.3632847023214794, -0.05596203587408585, 0.29285116533704336, 1.0111899943439866, 1.8935129169867693, -0.9296428259190808, -0.8391162911367933, -0.7884630388438278, -0.7520212021832214, -0.7002010444643795, -0.5354534717857719, -0.21227611889842013, 0.3133771273839555, 0.9929877371017242, 1.8641804641977848, -1.1299266737761762, -1.0293621476951382, -0.9704337286649156, -0.8718444739219147, -0.7348803935466801, -0.5359469310667954, -0.24264449658449616, 0.29478626550574427, 1.1013758180636883, 1.9269190603162378, -1.1461647913585142, -1.084212173498634, -1.0349666502952026, -0.9744067796283352, -0.7634521484546044, -0.5455280602385364, -0.16869727677759494, 0.3396388309425103, 1.210558543161878, 1.9250059097756456, -1.20987387209929, -1.154621995259099, -1.0478898152300042, -0.9308268052667591, -0.849997322420651, -0.5743029030175344, -0.16276724733048353, 0.3089115051271105, 1.0756392065849867, 1.8240298617626107, -1.1983699582449872, -1.1368082027846769, -1.0547990092077357, -0.9655341486334438, -0.8100405649934515, -0.5827880803157428, -0.24203120655644833, 0.26850854216960185, 1.0209521590077155, 1.8576006937693537, -1.2045597196521722, -1.1605968339151038, -1.0840133572925652, -0.9309340338986112, -0.8395389839818663, -0.6241708279196332, -0.17069433454833435, 0.1797720478341568, 0.9999474317033341, 1.7988343556125184, -1.237204574667843, -1.1858348965950727, -1.1361935603439326, -1.0664248848765514, -0.9492970825141809, -0.7571894516641348, -0.42036146542690656, 0.03317412091571372, 0.6878448667544841, 1.5759496841084395], "bean_num": 0.5, "model_info": {"det_num_x": 10, "det_num_y": 10, "det_y": 0.03, "det_x": 0.03, "size_x": 0.5, "size_y": 0.5, "med_margin": 0.0015}}