{"source": [-93.79893153539163, 746.5134261616208], "intensity": 100, "miu_detector": 0.3, "miu_medium": 1.2, "miu_air": 0.00018, "output": [0.0, 0.0, 0.0, 0.0, 0.0, 0.0, 0.0, 0.0, 0.0, 0.0, 0.0, 0.0, 0.0, 0.0, 0.0, 0.0, 0.0, 0.0, 0.0, 0.0, 0.0, 0.0, 0.0, 0.0, 0.0, 0.0, 0.0, 0.0, 0.0, 0.0, 0.20426151037639184, 0.7957384896236082, 0.0, 0.0, 0.0, 0.0, 0.0, 0.0, 0.0, 0.0], "miu_de": 0.5, "input": [1.7423480257715462, 1.1440872258619177, 0.8086263117419662, 0.712162213055486, 0.6250372099737251, 0.5089080516983194, 0.48763617969812595, 0.4567248258144077, 0.38502847295077286, 0.2511145619469034, 2.047557836539723, 1.2697198799965734, 0.5808326060218926, 0.0927155570564718, -0.23661927359035143, -0.4820051004177151, -0.5700575799372405, -0.6263775080558291, -0.6663990489222287, -0.7982280969690208, 2.0671687820754787, 1.3928644769619811, 0.6187491169560604, 0.0530031662532274, -0.3523767947470918, -0.5825188768825817, -0.7559175068949368, -0.8568198815378872, -0.9462961698654248, -1.00303369891872, 2.076290920356176, 1.3803622981684547, 0.6233389945859257, 0.1205221092961026, -0.32434146567402294, -0.5870736594463056, -0.7779279444667707, -0.8847567382378068, -1.0087029764380946, -1.0873585061382434, 2.0820017052035795, 1.4018543895098852, 0.6755007593492252, 0.04466778615045209, -0.3024719456745857, -0.5959804255792283, -0.7940779777494612, -0.9091049284617584, -1.035030713653255, -1.090319608373893, 2.0963439079113697, 1.4045519367922599, 0.6439749025346483, 0.07175251127610412, -0.2639959267072747, -0.6000224638199733, -0.7965280934985912, -0.9366628813438718, -1.0370462927621098, -1.1155871413018927, 2.1410247463629246, 1.2970624738799297, 0.6043347119433751, 0.05576077337265652, -0.35025784612906447, -0.6051209126479566, -0.8031097473177029, -0.9449264270137608, -1.0443620524197723, -1.1156602462329326, 2.104046542461597, 1.2653772457203938, 0.5890082072817706, 0.008094577571497312, -0.34808930243840686, -0.6188762340718926, -0.7932652937922957, -0.955548553325284, -1.0566324973416064, -1.132107764912645, 2.0508893396123273, 1.262827822827072, 0.5070606962571662, 0.0004020178588791429, -0.379250175667862, -0.6382530652838672, -0.8221478849475705, -0.9829842254560568, -1.0834194856442856, -1.1402680985235698, 1.752787644679463, 0.9142461525601017, 0.25310105777980646, -0.2322609485527653, -0.5673508446355919, -0.7796019240687309, -0.9400514937820191, -1.0411243755281805, -1.0989772845404895, -1.1741848213372659], "bean_num": 0.5, "model_info": {"det_num_x": 10, "det_num_y": 10, "det_y": 0.03, "det_x": 0.03, "size_x": 0.5, "size_y": 0.5, "med_margin": 0.0015}}