{"source": [529.5070094281564, -542.0946563991586], "intensity": 100, "miu_detector": 0.3, "miu_medium": 1.2, "miu_air": 0.00018, "output": [0.0, 0.0, 0.0, 0.0, 0.0, 0.0, 0.0, 0.0, 0.0, 0.0, 0.0, 0.0, 0.0, 0.0, 0.074777565773332, 0.925222434226668, 0.0, 0.0, 0.0, 0.0, 0.0, 0.0, 0.0, 0.0, 0.0, 0.0, 0.0, 0.0, 0.0, 0.0, 0.0, 0.0, 0.0, 0.0, 0.0, 0.0, 0.0, 0.0, 0.0, 0.0], "miu_de": 0.5, "input": [1.185449885596728, 1.5407913759600644, 1.5930343352332212, 1.6704317803165198, 1.4632205085453192, 1.5766383243684379, 1.56122213912392, 1.730626792649865, 1.5862825135340073, 1.5459028107575858, 0.24898851900425745, 0.659714174241293, 0.5886611242578117, 0.5996945157452218, 0.6281886168297919, 0.7172056590680636, 0.6710287257231642, 0.6787581640768944, 0.8631992491154475, 1.6689102121227117, -0.351332475649479, -0.12349608801119076, -0.10193257955902031, -0.1879683187720984, -0.12126745782488478, -0.06426531570173331, -0.011703814923338452, 0.24471410820140527, 0.8419360638360904, 1.771984972411302, -0.7151284473053107, -0.662400044318456, -0.5182844825682407, -0.5355244326815137, -0.5277717537360754, -0.47709755383560465, -0.3501985475211334, 0.08016995306771707, 0.8356372981557313, 1.7308198765080953, -0.9711343220448581, -0.8468022606198474, -0.8636431261232077, -0.8370686852828872, -0.7821442156914995, -0.5842979379273082, -0.4187125675465867, 0.10937426816150664, 0.8214777874643053, 1.7349614878309096, -1.077651144575602, -1.068465904085156, -1.0213918256682166, -0.9454398578618001, -0.8688447111800989, -0.7021489371405762, -0.3462660511780446, 0.18229911940926186, 0.9974310024162383, 1.718610464493644, -1.1693689827004647, -1.141249066064654, -1.1137883725028055, -1.0553102180530556, -0.9228065180393437, -0.6629403053353964, -0.33493819009360964, 0.11380907114802728, 0.7888580653943104, 1.8473445944233733, -1.2243637316853453, -1.1945949654392019, -1.1458946660073968, -1.0518179187441445, -0.9672186012568865, -0.7354527156868559, -0.36313235737405336, 0.0973788118594722, 0.8303114763569946, 1.606198158491082, -1.2455713575507068, -1.2129537030110815, -1.1312857110364636, -1.0877265819836528, -0.9232382774288863, -0.764266907981091, -0.4425388693251647, 0.019465759625351003, 0.7813338559753529, 1.817409106754627, -1.2812369149772491, -1.238993765413693, -1.1926659966008253, -1.0993382456979504, -1.0265618031789718, -0.8850889461583592, -0.6211740311957471, -0.24434204228426543, 0.4417711400880177, 1.3709967537979713], "bean_num": 0.5, "model_info": {"det_num_x": 10, "det_num_y": 10, "det_y": 0.03, "det_x": 0.03, "size_x": 0.5, "size_y": 0.5, "med_margin": 0.0015}}