{"source": [-755.2349300336432, 136.5949758457789], "intensity": 100, "miu_detector": 0.3, "miu_medium": 1.2, "miu_air": 0.00018, "output": [0.0, 0.0, 0.0, 0.0, 0.0, 0.0, 0.0, 0.0, 0.0, 0.0, 0.0, 0.0, 0.0, 0.0, 0.0, 0.0, 0.0, 0.0, 0.0, 0.0, 0.0, 0.0, 0.0, 0.0, 0.0, 0.0, 0.0, 0.0, 0.0, 0.0, 0.0, 0.0, 0.0, 0.0, 0.0, 0.0, 0.0, 0.0, 0.1391031797565918, 0.8608968202434082], "miu_de": 0.5, "input": [-1.091445682336237, -1.034774335765442, -0.9707522262190331, -0.856455227044701, -0.7161456105884269, -0.4698428217364107, -0.1788618242741238, 0.28605226640111364, 0.9419021867529972, 1.7473342329800765, -1.0600187554611826, -0.9663339359121639, -0.8896868361246387, -0.7807779662880105, -0.5845617796380221, -0.3470674720085741, 0.09326407009222559, 0.6746795649442132, 1.3396372924673912, 2.1146019397484213, -1.0674469565571034, -0.9934882698658658, -0.8767838817532364, -0.7411977494683504, -0.547098009556352, -0.2847179501235557, 0.16400865806116724, 0.7605800852969622, 1.4390054985174583, 2.1753209026772473, -1.063005772121536, -0.9499998856842699, -0.8938857759274703, -0.7285748250527587, -0.5250212789086078, -0.242745800948414, 0.15952835418723776, 0.7795618140476761, 1.4567409310765693, 2.124740751467087, -1.0438365354323316, -0.9507719439841568, -0.8281358405275061, -0.7102288223148941, -0.47096266754715754, -0.21970305121490538, 0.17663204234149554, 0.6984463670825726, 1.5117937598547673, 2.193092334808836, -1.052308366628549, -0.9583874835249138, -0.8404837998410558, -0.6889925623677258, -0.5171541053421195, -0.20511637306166905, 0.24816384187116847, 0.7243807216826218, 1.4975464130248153, 2.199510917622857, -1.0387948536447074, -0.9647729187386772, -0.8443218318695793, -0.7259544057110213, -0.5144230375422293, -0.20497694738048514, 0.19167164630450942, 0.7491823708629806, 1.4049222040477798, 2.178420974813602, -1.0356400447648837, -0.9537591169742945, -0.8569455342348086, -0.7017622674126762, -0.5383143210633586, -0.20444047750288724, 0.1923389959509358, 0.7302741170454032, 1.3956378401495761, 2.110228155615713, -0.9973405125778151, -0.9283728019388888, -0.8267985944768343, -0.7072886242211902, -0.548460390671591, -0.2539286373223495, 0.08290769056283652, 0.6246304710529591, 1.3012564903828951, 2.055532480938943, -0.47889715732125204, -0.397163223641917, -0.3202086736150073, -0.3038841889574142, -0.18105208504741288, -0.09525848321051592, 0.15824937950588452, 0.4972421138975567, 1.0237846422157209, 1.766726790638984], "bean_num": 0.5, "model_info": {"det_num_x": 10, "det_num_y": 10, "det_y": 0.03, "det_x": 0.03, "size_x": 0.5, "size_y": 0.5, "med_margin": 0.0015}}