{"source": [637.207516447802, -446.67776026493766], "intensity": 100, "miu_detector": 0.3, "miu_medium": 1.2, "miu_air": 0.00018, "output": [0.0, 0.0, 0.0, 0.0, 0.0, 0.0, 0.0, 0.0, 0.0, 0.0, 0.0, 0.0, 0.0, 0.0, 0.0, 0.0, 0.8922413094887223, 0.10775869051127776, 0.0, 0.0, 0.0, 0.0, 0.0, 0.0, 0.0, 0.0, 0.0, 0.0, 0.0, 0.0, 0.0, 0.0, 0.0, 0.0, 0.0, 0.0, 0.0, 0.0, 0.0, 0.0], "miu_de": 0.5, "input": [0.6549259866001195, -0.3959388684110157, -0.8836975034598425, -1.065302886506901, -1.1393056419891265, -1.163660823633982, -1.16148463116264, -1.170164975601582, -1.1757341018861516, -1.2113743889356807, 0.9531852927538389, -0.2498143307397068, -0.7371922925096526, -1.0027472108289188, -1.0611454939951395, -1.070986224611148, -1.0835403775559866, -1.100209932065689, -1.1126088885094778, -1.1697911645151788, 0.9503460138867018, -0.19912568620643026, -0.7634926899452649, -0.8994544807415582, -0.9558977012117131, -0.973483085500136, -0.9858948853605342, -1.0057738247588364, -1.0260094532536856, -1.1362273693810299, 0.9763398563803743, -0.19350488933180168, -0.6553765163643123, -0.790148428483332, -0.8332646155948661, -0.8115313455465588, -0.8962827661867673, -0.8918692295939339, -0.8715121867238004, -1.003353558103449, 1.0234060574653583, -0.13834637811994852, -0.5645509147271841, -0.7073807477050083, -0.6685779669869364, -0.66319497310915, -0.6932131300483226, -0.7167880475615023, -0.7073252860841247, -0.8615251464018225, 0.9917790260191306, -0.10170102716931077, -0.36936620476626614, -0.48093130528308503, -0.4582370710685909, -0.42696893633422234, -0.4705295357282082, -0.46753181570721325, -0.49257755568938605, -0.6270075616940609, 1.0398070027907038, 0.025659735104749, -0.12816208700314258, -0.019957203503352065, -0.07710052589062744, -0.055738790311868465, -0.026682507855562705, -0.07157516958517023, -0.04046848594770157, -0.30393971061061714, 1.124699691428366, 0.5013506619219622, 0.5106708211692168, 0.4649026630183319, 0.5466091312750772, 0.5325337017654452, 0.49145769033323294, 0.4735801746609049, 0.4380414569783572, 0.2090268389257124, 1.3879128162283334, 1.1698550715749714, 1.2573489223699172, 1.2317715055933363, 1.2710902254618353, 1.2492849109551099, 1.278586194328202, 1.1574202946737393, 1.1561023495647345, 0.9066985049534322, 1.612127121264982, 1.9185541434475473, 2.0168591920723977, 2.0423122593446617, 2.0130700853928527, 1.9975446244011192, 1.9832991388221248, 2.004302452712718, 2.0405523776028254, 1.583266540855778], "bean_num": 0.5, "model_info": {"det_num_x": 10, "det_num_y": 10, "det_y": 0.03, "det_x": 0.03, "size_x": 0.5, "size_y": 0.5, "med_margin": 0.0015}}