{"source": [-113.92556165093694, 771.7558179930332], "intensity": 100, "miu_detector": 0.3, "miu_medium": 1.2, "miu_air": 0.00018, "output": [0.0, 0.0, 0.0, 0.0, 0.0, 0.0, 0.0, 0.0, 0.0, 0.0, 0.0, 0.0, 0.0, 0.0, 0.0, 0.0, 0.0, 0.0, 0.0, 0.0, 0.0, 0.0, 0.0, 0.0, 0.0, 0.0, 0.0, 0.0, 0.0, 0.0, 0.06696877853403752, 0.9330312214659625, 0.0, 0.0, 0.0, 0.0, 0.0, 0.0, 0.0, 0.0], "miu_de": 0.5, "input": [1.6386324691421899, 1.9085168602842773, 2.0703185445693673, 2.0960805158658493, 2.136346535801395, 2.165289970108191, 2.1228584892344786, 2.121687084012715, 2.0103660872806386, 1.7272470168554588, 0.9798286773081034, 1.3065755127691445, 1.3568203698789052, 1.384553777908288, 1.42635701551875, 1.3296107962447272, 1.3565963060187658, 1.2956338443581865, 1.2545232215437951, 1.064867887563663, 0.2496256491658507, 0.6076764180475938, 0.5802297645268557, 0.6066377865829143, 0.5734785171567421, 0.6135857644250584, 0.6056114364956641, 0.5535212652638559, 0.5137524580223399, 0.8097262798522263, -0.26567344605596593, 0.0036054972999442878, -0.013213368546907328, 0.06725184144304798, 0.09312041413454875, 0.07303883192736126, 0.09031407974252045, 0.0758457482171849, 0.04746269280546335, 0.7432382320006655, -0.5886262170420796, -0.39947221824962914, -0.32205069456351804, -0.32898928484180495, -0.2922867194058868, -0.3217330581983276, -0.37070925444698855, -0.3491153252852185, -0.2530695005935411, 0.6311680877690862, -0.7247078650640072, -0.6522264846818479, -0.5906084054638484, -0.6432498434380529, -0.6416190840667877, -0.6143770894767175, -0.6483042558319927, -0.5940044877158487, -0.43304090893883457, 0.5914609290953087, -0.914134173206637, -0.815612624276092, -0.8023093972006896, -0.8305532940464252, -0.8092369484214648, -0.792499014475708, -0.7678568059604629, -0.7474406583305577, -0.5527215986811351, 0.5190904183971333, -1.06133284234291, -0.971318958458681, -0.9636434482911782, -0.9595445456679839, -0.9267232458428541, -0.9541447544412289, -0.8967290955484833, -0.8514972129016647, -0.5835005717832915, 0.5294549458826419, -1.135712789449542, -1.0772712074505062, -1.0318284587796631, -1.0660355816718143, -1.0225463237655452, -1.0188772690986574, -1.0222092668320875, -0.9632004291412806, -0.6110095756029276, 0.5791721825966909, -1.17625907972535, -1.1422960229492312, -1.1358998546737937, -1.10657548389165, -1.1252931242090525, -1.1054847606619127, -1.0916149158504942, -1.0332773186815605, -0.7436082030778196, 0.34609614418054335], "bean_num": 0.5, "model_info": {"det_num_x": 10, "det_num_y": 10, "det_y": 0.03, "det_x": 0.03, "size_x": 0.5, "size_y": 0.5, "med_margin": 0.0015}}