{"source": [354.44563972652224, 699.7770271645836], "intensity": 100, "miu_detector": 0.3, "miu_medium": 1.2, "miu_air": 0.00018, "output": [0.0, 0.0, 0.0, 0.0, 0.0, 0.0, 0.0, 0.0, 0.0, 0.0, 0.0, 0.0, 0.0, 0.0, 0.0, 0.0, 0.0, 0.0, 0.0, 0.0, 0.0, 0.0, 0.0, 0.0, 0.0, 0.0, 0.0, 0.9847525240859509, 0.01524747591404903, 0.0, 0.0, 0.0, 0.0, 0.0, 0.0, 0.0, 0.0, 0.0, 0.0, 0.0], "miu_de": 0.5, "input": [1.6897514326370626, 0.9765706012413256, 0.28955851177632247, -0.1695181843101998, -0.5107074263862211, -0.701738757551249, -0.8775397558271306, -1.011035614263164, -1.0870088965908924, -1.1183843910837923, 2.0501412764412184, 1.2364635443810734, 0.6169547604511193, 0.0841886734748042, -0.27390509383574824, -0.6025503429901501, -0.7902586857246929, -0.92563460925944, -1.0274776130210517, -1.1018797301775314, 2.046889576546528, 1.3319212013925785, 0.7595702843639394, 0.12278185643879819, -0.24409358950402718, -0.5172488805312658, -0.7561662867127562, -0.9053892888303023, -0.993983397045958, -1.097400169168132, 2.057760900283549, 1.4793973890599585, 0.7271242708922551, 0.23361315648225597, -0.2563814709596529, -0.5477187188631227, -0.7423702579696353, -0.9163224484648641, -1.020253080675061, -1.1000787755799142, 2.1992084768181384, 1.462228483012266, 0.7129768440198119, 0.2072779777709029, -0.20951991926462749, -0.5276394777189035, -0.7286423382260842, -0.8975667237842039, -1.0088716559527913, -1.0839076722036327, 2.2294088327702357, 1.4358124888365396, 0.7890767167278604, 0.17057829092036372, -0.21004589490078737, -0.525681089795282, -0.7755630733731852, -0.8948846016256377, -1.0049564110858007, -1.093910041058784, 2.22612676790155, 1.4454755595228692, 0.7594694211750852, 0.18025620334955345, -0.2587247291406209, -0.5277417317364971, -0.7517151254551573, -0.8671018844567652, -0.992011978335773, -1.0601391274080758, 2.147799672536915, 1.3546159506847062, 0.745404337604701, 0.23144815633444635, -0.27799310077564077, -0.5414464357721683, -0.7214645692770086, -0.8874556820693773, -0.9605952449296496, -1.0425037650780176, 2.0235754165030553, 1.2907584303106652, 0.5779093389743332, 0.10733215578751555, -0.3056682151859394, -0.5211531929002036, -0.7033903213485151, -0.8201761088562268, -0.882076701179958, -0.9919393750806818, 1.7370311962802214, 1.0933062769748971, 0.6038617398765963, 0.2615070124403142, 0.14956863117350855, -0.016561669121856318, -0.026020092431212182, -0.05750737772520554, -0.1275110264438145, -0.24756999514578987], "bean_num": 0.5, "model_info": {"det_num_x": 10, "det_num_y": 10, "det_y": 0.03, "det_x": 0.03, "size_x": 0.5, "size_y": 0.5, "med_margin": 0.0015}}