{"source": [427.7622774072314, 659.1006466292081], "intensity": 100, "miu_detector": 0.3, "miu_medium": 1.2, "miu_air": 0.00018, "output": [0.0, 0.0, 0.0, 0.0, 0.0, 0.0, 0.0, 0.0, 0.0, 0.0, 0.0, 0.0, 0.0, 0.0, 0.0, 0.0, 0.0, 0.0, 0.0, 0.0, 0.0, 0.0, 0.0, 0.0, 0.0, 0.0, 0.6648817039398192, 0.33511829606018084, 0.0, 0.0, 0.0, 0.0, 0.0, 0.0, 0.0, 0.0, 0.0, 0.0, 0.0, 0.0], "miu_de": 0.5, "input": [1.489791211972904, 0.68518458873838, -0.036466104395942445, -0.44733641332370166, -0.6987327907415557, -0.9154860367305251, -1.0378968905137602, -1.149320277237989, -1.191062503722544, -1.245424685355083, 1.8132103395175676, 0.9956907575918233, 0.2637560528951056, -0.29333534130271566, -0.6286371429833107, -0.8260484525230473, -1.0071821279560147, -1.0944560614626275, -1.159041602932271, -1.208613659588962, 1.890580611979837, 1.0454129717277307, 0.3200647051679019, -0.24413115771913094, -0.590426214666031, -0.7932749765847864, -0.9433488240558524, -1.0863482186248083, -1.146749275716284, -1.211815527076101, 1.8918758062988823, 1.1052126406886147, 0.31019965827484336, -0.24797110382217172, -0.5359575604662499, -0.8016372068457628, -0.9663592052119445, -1.0691607772779932, -1.12697752812924, -1.1829891369081633, 2.0256389087015947, 1.0314884501649677, 0.2950783895505757, -0.20034817986180536, -0.5363045292363067, -0.8173238432260206, -0.9296194516112237, -1.0672496064146806, -1.1024637007063887, -1.126518277815484, 1.9313636644613952, 1.04469104956915, 0.2774808695599558, -0.19838211169923706, -0.5432210145491316, -0.7678013380983724, -0.8960320517724426, -0.9656454722745875, -1.021119128480344, -1.0867188140668802, 1.9337154120018478, 1.0117532097092836, 0.30339209719725846, -0.20166973829359242, -0.4805422693730304, -0.6913336364534192, -0.737242476672608, -0.8179018389386876, -0.8454667875873614, -0.8847282567988584, 1.9434853630985007, 1.0572244200320966, 0.39381204426129957, -0.13665919185360442, -0.28553199564352233, -0.39152631316691444, -0.38057461424513384, -0.4195075826495574, -0.420890475402341, -0.5811826893759504, 1.784576512744732, 1.0107082032615484, 0.47397627226093964, 0.3343943314644228, 0.28770617259517356, 0.25477035047613134, 0.23960086581659149, 0.1457285290257555, 0.18497151209454044, 0.04078828046151363, 1.6961247292611739, 1.4572055423711674, 1.5067053677896243, 1.5031820877200666, 1.3763072631308344, 1.2656945716416437, 1.3000933128410588, 1.273655008931396, 1.1504058239279082, 1.0729942291643142], "bean_num": 0.5, "model_info": {"det_num_x": 10, "det_num_y": 10, "det_y": 0.03, "det_x": 0.03, "size_x": 0.5, "size_y": 0.5, "med_margin": 0.0015}}