{"source": [-564.638118738585, -556.382173248998], "intensity": 100, "miu_detector": 0.3, "miu_medium": 1.2, "miu_air": 0.00018, "output": [0.0, 0.0, 0.0, 0.0, 0.046884103304133146, 0.9531158966958668, 0.0, 0.0, 0.0, 0.0, 0.0, 0.0, 0.0, 0.0, 0.0, 0.0, 0.0, 0.0, 0.0, 0.0, 0.0, 0.0, 0.0, 0.0, 0.0, 0.0, 0.0, 0.0, 0.0, 0.0, 0.0, 0.0, 0.0, 0.0, 0.0, 0.0, 0.0, 0.0, 0.0, 0.0], "miu_de": 0.5, "input": [1.7269903955716572, 2.119138952940333, 2.1112712025678095, 2.2299996761602223, 2.3127337090405296, 2.247296820987149, 2.072443436708447, 2.1888032875138825, 2.1094299914253525, 1.7599836954965735, 0.9343332650808152, 1.3640818319654433, 1.4172894835908056, 1.3568224101146078, 1.5402023160268088, 1.4791130365463407, 1.5223036856795884, 1.4698178847299415, 1.3332512425677865, 0.9503798676269055, 0.2790017411209442, 0.6809323936322397, 0.7591717467747403, 0.7273327505582871, 0.7338941626603332, 0.6994826175160855, 0.7397997638717204, 0.6783959497617309, 0.6023741197944129, 0.3137020451383609, -0.18128040418750066, 0.1478116365493916, 0.19318645588855785, 0.2070628511416873, 0.22968381561724063, 0.23875547472495512, 0.2517298899314722, 0.20258370957938754, 0.16118694976388354, -0.1238693448907459, -0.4199852096794896, -0.2744423481366191, -0.20832830297871377, -0.17887691415873724, -0.2046420915191159, -0.16746322014769563, -0.1597953702730598, -0.19143016629482204, -0.24175430078291302, -0.4453615177435397, -0.6921986735766008, -0.5259566186781236, -0.4498593729078548, -0.46499297451582927, -0.43923606404339105, -0.4497789734069901, -0.4556346391409713, -0.4764709268153478, -0.5139959628148528, -0.6509204079674653, -0.8141571641331331, -0.6913222104972152, -0.6491793050553277, -0.6396316506523156, -0.6368121736832878, -0.6313122798238646, -0.6487764810829091, -0.6673513678120532, -0.6763607864356531, -0.7942022135712138, -0.924691276092471, -0.8216335476110193, -0.797667387756979, -0.7991390878313593, -0.7859166392771698, -0.781218288935726, -0.7652705740654449, -0.7860728041751563, -0.8178077326401417, -0.910392333980847, -0.9750086211706045, -0.9061382626106153, -0.917258192697609, -0.8860446734161481, -0.8956573264900854, -0.8946358096284843, -0.9132446109652865, -0.8905889456801304, -0.918067127322892, -0.969681779009541, -1.0438253561980069, -0.9911938944235377, -0.992096368911687, -0.9717652833989873, -0.9841203154660652, -0.9800325193367158, -0.9975099137946064, -0.9909587446538191, -0.9892194415017116, -1.029537969916233], "bean_num": 0.5, "model_info": {"det_num_x": 10, "det_num_y": 10, "det_y": 0.03, "det_x": 0.03, "size_x": 0.5, "size_y": 0.5, "med_margin": 0.0015}}