{"source": [785.6931193718308, -107.24802815875746], "intensity": 100, "miu_detector": 0.3, "miu_medium": 1.2, "miu_air": 0.00018, "output": [0.0, 0.0, 0.0, 0.0, 0.0, 0.0, 0.0, 0.0, 0.0, 0.0, 0.0, 0.0, 0.0, 0.0, 0.0, 0.0, 0.0, 0.0, 0.0, 0.8636557757059292, 0.13634422429407078, 0.0, 0.0, 0.0, 0.0, 0.0, 0.0, 0.0, 0.0, 0.0, 0.0, 0.0, 0.0, 0.0, 0.0, 0.0, 0.0, 0.0, 0.0, 0.0], "miu_de": 0.5, "input": [1.6997460833772027, 2.019297961654288, 2.003661919110198, 2.0996775940603998, 1.9624503180465303, 1.9985762607522362, 2.1131184582057507, 2.0487025486243566, 1.863449008653947, 1.6860619873827014, 1.2604261133082917, 1.2522964456702197, 1.2584254656792766, 1.2877671353968756, 1.278266807803427, 1.2323093505811893, 1.3048482791511824, 1.2593499069072178, 1.1423462100973072, 0.9761232611162626, 1.0580958911486533, 0.5496058466046599, 0.5137818293441119, 0.5002561394121219, 0.57922451677377, 0.555166107980963, 0.5551065338702329, 0.5531173158861286, 0.4828016888530768, 0.17283008047115997, 0.9179794364988725, 0.08683083832060685, -0.0068834470714690624, -0.02452736159825283, -0.007744959286840426, -0.04398492017054353, -0.03828160686800786, -0.009571501689635624, -0.12604850875454868, -0.31524259520494485, 0.9571067463994848, -0.11162508743346909, -0.3198594276054654, -0.37487296909846046, -0.3660831323095377, -0.34730289479043286, -0.4089391831656156, -0.3941205217786549, -0.44224592939700175, -0.660516702457232, 0.8360474111131043, -0.2347730592356758, -0.5657526307618782, -0.5987196872657995, -0.6732011463832931, -0.6617822181130375, -0.6901593767751805, -0.6650694104251379, -0.6930062455515572, -0.834458858286812, 0.8184903046656833, -0.2214569019955971, -0.7095853751973323, -0.8219847368039068, -0.8019581498954816, -0.8656071847786688, -0.8585555939520457, -0.9126282879810987, -0.8616198242946687, -0.9698527860720525, 0.8330051600013685, -0.38090034537883016, -0.7957162165738348, -0.9462622194676745, -0.9702514261507131, -0.9782538589627022, -1.0060683551387655, -1.0257185048505946, -0.9905919348087077, -1.0671218028631964, 0.8292902016756752, -0.35890351856063624, -0.8546763191646007, -0.9993958292598851, -1.0662704035982282, -1.0504193029665427, -1.1123302316620696, -1.0871681455514675, -1.0941103756444184, -1.1466627787173245, 0.5481466284372768, -0.5168378833767882, -0.9562187360467247, -1.104396194286887, -1.1159151220818928, -1.1279620062742222, -1.15695367708245, -1.1537053482767088, -1.1838180373157787, -1.2091329965248385], "bean_num": 0.5, "model_info": {"det_num_x": 10, "det_num_y": 10, "det_y": 0.03, "det_x": 0.03, "size_x": 0.5, "size_y": 0.5, "med_margin": 0.0015}}