{"source": [-491.71146671321395, -628.3084783845788], "intensity": 100, "miu_detector": 0.3, "miu_medium": 1.2, "miu_air": 0.00018, "output": [0.0, 0.0, 0.0, 0.0, 0.0, 0.22739756817947457, 0.7726024318205255, 0.0, 0.0, 0.0, 0.0, 0.0, 0.0, 0.0, 0.0, 0.0, 0.0, 0.0, 0.0, 0.0, 0.0, 0.0, 0.0, 0.0, 0.0, 0.0, 0.0, 0.0, 0.0, 0.0, 0.0, 0.0, 0.0, 0.0, 0.0, 0.0, 0.0, 0.0, 0.0, 0.0], "miu_de": 0.5, "input": [1.6817210092923232, 2.1590406093923447, 2.1109815809958077, 2.1705901301932644, 2.1162223476435496, 2.061438515519531, 2.0616498936131107, 2.1259695463451793, 1.9602520527086407, 1.5891072473170302, 0.9258411172740958, 1.3073526243995277, 1.331897995591656, 1.2813195780568376, 1.441952857313545, 1.3854304309987135, 1.4681340660322721, 1.285364586860842, 1.2517085125949792, 1.0557634015209043, 0.2780388434491067, 0.4834211028566149, 0.6333609130441975, 0.5760800817410997, 0.5525503649112588, 0.6242758685649302, 0.5623842572218517, 0.6110554601178747, 0.5247661323399269, 0.8233897337812723, -0.21643846184845641, -0.035196123408690785, 0.0713264743903768, 0.07722600036014797, 0.08721830065724129, 0.10138804923774372, 0.035311709420132426, 0.08698082413141019, 0.005766715656626639, 0.7762199509271496, -0.5545001348783959, -0.3867288376383105, -0.35540510954941523, -0.35501091085298647, -0.33859930541363864, -0.2987155630652069, -0.2489040370650948, -0.2889648334865383, -0.23116407282899973, 0.6569630093995676, -0.7908635762406855, -0.7110636334612129, -0.6116111968769286, -0.6255050015570076, -0.6274166045735583, -0.6076635016557522, -0.6287495583396665, -0.5593693890166319, -0.44928384165668217, 0.5390403259860531, -0.9143806167401658, -0.8730139688024428, -0.8234891839312514, -0.8249210607459792, -0.8128775511820862, -0.7310814848102983, -0.8070120734172442, -0.7499881330319771, -0.5706795910940782, 0.4589283484002612, -1.0261263169711934, -0.9579074409347582, -0.9808296771967074, -0.9550406263159376, -0.9383717537870946, -0.9344834334342744, -0.9208007517168648, -0.8922049870834615, -0.5771010095480187, 0.5236349628356347, -1.1148248671046512, -1.061362610530111, -1.029809369030356, -1.0209056826505882, -1.012823763840516, -1.0330608796394802, -1.0090656143204608, -0.9670277838369689, -0.6626598316130009, 0.5543889757036967, -1.1746592063323014, -1.1453888576085829, -1.138695448787132, -1.1151524670744948, -1.1126722285009953, -1.1022097008640552, -1.093816471388345, -1.0061138304637143, -0.7220323770972074, 0.3182898360423275], "bean_num": 0.5, "model_info": {"det_num_x": 10, "det_num_y": 10, "det_y": 0.03, "det_x": 0.03, "size_x": 0.5, "size_y": 0.5, "med_margin": 0.0015}}