{"source": [-752.9321631103538, -266.2819252051443], "intensity": 100, "miu_detector": 0.3, "miu_medium": 1.2, "miu_air": 0.00018, "output": [0.0, 0.0, 0.8359282529650929, 0.1640717470349071, 0.0, 0.0, 0.0, 0.0, 0.0, 0.0, 0.0, 0.0, 0.0, 0.0, 0.0, 0.0, 0.0, 0.0, 0.0, 0.0, 0.0, 0.0, 0.0, 0.0, 0.0, 0.0, 0.0, 0.0, 0.0, 0.0, 0.0, 0.0, 0.0, 0.0, 0.0, 0.0, 0.0, 0.0, 0.0, 0.0], "miu_de": 0.5, "input": [1.682044133246104, 2.0694043359656127, 1.9403492223122687, 1.9828178222277484, 2.034151477597969, 2.078070605905515, 2.008302871816697, 2.013289087219827, 1.9452911358655454, 1.5790137270408724, 1.2504382625638242, 1.1716024021907872, 1.3016844893294588, 1.3764051012451184, 1.40411764789695, 1.2931641708052677, 1.2368403947735103, 1.274099049038367, 1.3223660223141642, 0.970967114072265, 0.8760756938534001, 0.5246633247805925, 0.6136570315722617, 0.5867568817875235, 0.6045174880122894, 0.5794136981094831, 0.5423611104404203, 0.4372831998489224, 0.48141654694382785, 0.15268459150455732, 0.9370399491297843, 0.1061497125094899, 0.04912316870482399, -0.06665920154619745, 0.03416049738577061, 0.024755852214859046, -0.02920327440715892, 0.033056844295382276, -0.09397047143017107, -0.25737305566637064, 0.8349730128918087, -0.21015521971461593, -0.37172019728999106, -0.3732569799546616, -0.39423619627441614, -0.32007871655773074, -0.38217514841822076, -0.3707511783326499, -0.3828089242624305, -0.596463333270435, 0.9023962780173979, -0.2764620051801093, -0.5682907766441136, -0.6411208853374853, -0.6521859727272146, -0.6678295338649198, -0.6712639866031641, -0.670512327832017, -0.6940259667419874, -0.8088287373749143, 0.8693278876694156, -0.36786849595441073, -0.7142152055902882, -0.7903993885172522, -0.8162332425752018, -0.8535648324056552, -0.879124782428321, -0.8668711592586021, -0.8713876434243839, -0.9774163329981415, 0.7500267294450944, -0.3880108444227586, -0.8240258005501102, -0.9215339768553723, -0.958971316217996, -1.0024626902702876, -0.9823065778889253, -1.011344525924353, -1.005212391992435, -1.0688582622197516, 0.7987272071157331, -0.4419815686504591, -0.8705352158182339, -1.0148920346413062, -1.0962552200334483, -1.069726937873205, -1.089773404152175, -1.082718345169296, -1.1104050127583251, -1.1443457137248962, 0.5889492236892372, -0.5888539601378503, -0.9717233716087174, -1.0717361044461453, -1.1253705939269336, -1.1386979162553432, -1.142450182921307, -1.1536970340933774, -1.1498642689131828, -1.1997285593005265], "bean_num": 0.5, "model_info": {"det_num_x": 10, "det_num_y": 10, "det_y": 0.03, "det_x": 0.03, "size_x": 0.5, "size_y": 0.5, "med_margin": 0.0015}}