{"source": [-258.9270321812219, -772.1697389161752], "intensity": 100, "miu_detector": 0.3, "miu_medium": 1.2, "miu_air": 0.00018, "output": [0.0, 0.0, 0.0, 0.0, 0.0, 0.0, 0.0, 0.05972640829685694, 0.9402735917031431, 0.0, 0.0, 0.0, 0.0, 0.0, 0.0, 0.0, 0.0, 0.0, 0.0, 0.0, 0.0, 0.0, 0.0, 0.0, 0.0, 0.0, 0.0, 0.0, 0.0, 0.0, 0.0, 0.0, 0.0, 0.0, 0.0, 0.0, 0.0, 0.0, 0.0, 0.0], "miu_de": 0.5, "input": [1.6771232656723079, 1.3780918190856646, 1.3140311067075265, 1.2703269175593186, 1.2572925623593267, 1.2389589695868406, 1.1598199928896653, 1.1483378143884786, 1.1528640656251483, 0.906141770373713, 1.8853081598937294, 1.0538682824993273, 0.5147969538527699, 0.20868941136319238, 0.13336385895273814, 0.07327899387647559, 0.08822714034637276, -0.0006494235413013424, -0.053521718562685214, -0.211599919940134, 1.9507275441364198, 1.1303790093942085, 0.44760933371239175, -0.051938125994860966, -0.37312785959067735, -0.505594096545521, -0.5030039249737008, -0.5611037949997787, -0.5908624711494196, -0.7267813356157989, 1.9495269153273624, 1.1580590250824987, 0.42237991876269937, -0.09951781421297481, -0.44587659151609416, -0.6631838970374161, -0.8043633127958275, -0.8689308834388859, -0.9254494652463526, -0.9920649009423003, 1.9216717501178262, 1.1610123889808635, 0.41304677618451885, -0.09829137540062645, -0.45572384420841366, -0.7091823649301329, -0.8630962933920947, -0.9875265817768337, -1.053945657106851, -1.117165599909611, 1.9159880251923627, 1.209909385940151, 0.40964497161531166, -0.12932036089595375, -0.4984371378630858, -0.7415031848666926, -0.8837404868658748, -1.0179009220474535, -1.099654249847442, -1.1631477711567304, 1.944125219331256, 1.1941471033192386, 0.3753078936184653, -0.16870121510017957, -0.539818822757287, -0.7908182148299663, -0.8998595073265461, -1.0552091405008088, -1.1330026447515393, -1.1856382508593581, 1.9745551557734782, 1.1432688321770201, 0.40841077317295765, -0.17495130177767454, -0.5355768388223261, -0.7663585323196949, -0.9289249788607543, -1.062628921865181, -1.1261569899667299, -1.18811547892474, 1.8750948163158854, 1.074285382586135, 0.3332683366977936, -0.18613650605728202, -0.557699478504959, -0.8063383623109749, -0.9651751643688407, -1.0693190836606918, -1.1434559463802465, -1.1937782078018913, 1.5903354374750212, 0.7036504454277135, 0.06709464635190997, -0.4236917897895495, -0.6977171816110576, -0.8919811502139724, -1.0252252656891456, -1.1142528645014398, -1.1789435671171589, -1.2283393986845415], "bean_num": 0.5, "model_info": {"det_num_x": 10, "det_num_y": 10, "det_y": 0.03, "det_x": 0.03, "size_x": 0.5, "size_y": 0.5, "med_margin": 0.0015}}