{"source": [793.3280093884429, -240.91256911589653], "intensity": 100, "miu_detector": 0.3, "miu_medium": 1.2, "miu_air": 0.00018, "output": [0.0, 0.0, 0.0, 0.0, 0.0, 0.0, 0.0, 0.0, 0.0, 0.0, 0.0, 0.0, 0.0, 0.0, 0.0, 0.0, 0.0, 0.0, 0.8769041723793726, 0.1230958276206274, 0.0, 0.0, 0.0, 0.0, 0.0, 0.0, 0.0, 0.0, 0.0, 0.0, 0.0, 0.0, 0.0, 0.0, 0.0, 0.0, 0.0, 0.0, 0.0, 0.0], "miu_de": 0.5, "input": [-1.174862753121375, -1.114853397500638, -1.05040536457239, -0.9104651135634316, -0.7647751180438532, -0.5672677509663266, -0.18534643413243834, 0.22077013545130825, 0.9215226166616024, 1.6055028325941136, -1.1194751859104786, -1.0442427844114852, -0.9707118871777128, -0.8357855956104778, -0.5975166731517267, -0.3484773092767064, 0.006341770998939122, 0.5549985798830258, 1.3001178482117959, 2.0103269459211157, -1.1389717941846544, -1.054574438466211, -0.959575522727609, -0.7920423557991593, -0.5997803423815016, -0.380715429698291, 0.07410369766291286, 0.6935468987348331, 1.370280382944695, 2.1830067744580703, -1.1245854041159307, -1.0340388551042718, -0.9466990899337127, -0.7790962580419349, -0.5800203598790108, -0.33380851146482826, 0.062171049470854355, 0.6936259091229899, 1.3778239043528695, 2.053288110271509, -1.1002654707319994, -1.044353894956788, -0.9182698875813059, -0.7886920868022571, -0.5629945254974736, -0.24402862266304146, 0.12252625698547463, 0.5977852484678045, 1.4227208497321284, 2.1343146454242934, -1.1138103318510841, -1.031641933325526, -0.9320822700455808, -0.7717311602767771, -0.5891734955411801, -0.32095140946026735, 0.09025642001597872, 0.6117251324484537, 1.3972897567170097, 2.0560364435525003, -1.08287199008349, -0.9670876854445496, -0.9332850841286255, -0.7473453616527735, -0.62804921114891, -0.2697528275241232, 0.15152777143776866, 0.6505061750183312, 1.3737720291114301, 2.142728163410936, -1.0291329392753426, -0.9735869961925001, -0.8955775873573395, -0.7491459817235916, -0.5820139410890772, -0.24885468938679725, 0.06625911829443397, 0.6862389671322405, 1.3415323239223418, 2.1511943813790393, -0.8059335276219193, -0.7255439217264917, -0.7017763765607647, -0.6291352542948249, -0.5051175797559986, -0.26553205427651166, 0.14168900745674343, 0.5758513434989049, 1.2694717066828485, 1.997997711558837, 0.17766717041388722, 0.3611481544087881, 0.33354359575493703, 0.3760153717038271, 0.4682928444019604, 0.43931418066644323, 0.6245019952519808, 0.7550183169482568, 1.1690374034657585, 1.7524418852090966], "bean_num": 0.5, "model_info": {"det_num_x": 10, "det_num_y": 10, "det_y": 0.03, "det_x": 0.03, "size_x": 0.5, "size_y": 0.5, "med_margin": 0.0015}}