{"source": [-829.1992668653261, 14.503046133825249], "intensity": 100, "miu_detector": 0.3, "miu_medium": 1.2, "miu_air": 0.00018, "output": [0.8886638595391961, 0.0, 0.0, 0.0, 0.0, 0.0, 0.0, 0.0, 0.0, 0.0, 0.0, 0.0, 0.0, 0.0, 0.0, 0.0, 0.0, 0.0, 0.0, 0.0, 0.0, 0.0, 0.0, 0.0, 0.0, 0.0, 0.0, 0.0, 0.0, 0.0, 0.0, 0.0, 0.0, 0.0, 0.0, 0.0, 0.0, 0.0, 0.0, 0.1113361404608039], "miu_de": 0.5, "input": [1.7472009446512224, 1.2200695956564949, 0.9960667796054882, 0.8432678756938079, 0.8304847317279344, 0.748217559172666, 0.7171660452897324, 0.6709118287493333, 0.6062914721090621, 0.42420849841610486, 2.0209680994997252, 1.2675189985452704, 0.5317469393787718, 0.06421077707627755, -0.1874325574953298, -0.3281044772653932, -0.3971726658787331, -0.4384915040489288, -0.4679574468124999, -0.6164802652825929, 2.071327283088801, 1.2792920931474472, 0.5564748392899017, 0.042029783759352866, -0.32559199901634855, -0.5904480909008563, -0.7242760828209556, -0.8319314331163711, -0.887234742058149, -0.9742326085876566, 2.091639181622077, 1.3582771795973907, 0.5942037068605639, 0.010931438132144375, -0.3360213283121079, -0.6167118601512673, -0.8039363388532528, -0.9090753192969646, -1.0051311809223475, -1.079885629684881, 2.090860780249838, 1.3373137736626504, 0.6028327109848669, 0.04260050239826446, -0.37898145863342264, -0.6443387109520343, -0.831065787249289, -0.9429032070118608, -1.0132612883803602, -1.114751081452695, 2.1137397265041207, 1.3290980603133944, 0.5622128883573523, 0.004733443345972019, -0.3751860927129552, -0.6268025247020492, -0.8115786078004691, -0.9600983415081294, -1.0482147204326535, -1.120607206426898, 2.075082797274087, 1.2767950515514115, 0.5447400770459057, 0.0024343799643661568, -0.4013081586954032, -0.662402078293116, -0.8493384383892474, -0.9635047637778745, -1.050632924165445, -1.1288643076864766, 2.072596837871489, 1.2864525862249014, 0.5097992262526123, -0.005905699872524193, -0.38488606377889145, -0.6761880096737327, -0.8496062355515455, -0.9870800177123662, -1.0653777360240821, -1.1390304304052845, 2.0111972884512004, 1.1605614607056094, 0.4231692704167273, -0.04548764498231494, -0.4426795854441887, -0.7042251282331262, -0.8689682841423676, -0.99812948973282, -1.0954462702708057, -1.152209443488549, 1.637399750173234, 0.8933976498349486, 0.1706014480619306, -0.2592419389889099, -0.6040532782813209, -0.81362240009112, -0.9508959992728184, -1.056477836289693, -1.1217801085473296, -1.1748785311556507], "bean_num": 0.5, "model_info": {"det_num_x": 10, "det_num_y": 10, "det_y": 0.03, "det_x": 0.03, "size_x": 0.5, "size_y": 0.5, "med_margin": 0.0015}}