{"source": [-833.272667060322, 86.81853610023006], "intensity": 100, "miu_detector": 0.3, "miu_medium": 1.2, "miu_air": 0.00018, "output": [0.33909157009497637, 0.0, 0.0, 0.0, 0.0, 0.0, 0.0, 0.0, 0.0, 0.0, 0.0, 0.0, 0.0, 0.0, 0.0, 0.0, 0.0, 0.0, 0.0, 0.0, 0.0, 0.0, 0.0, 0.0, 0.0, 0.0, 0.0, 0.0, 0.0, 0.0, 0.0, 0.0, 0.0, 0.0, 0.0, 0.0, 0.0, 0.0, 0.0, 0.6609084299050236], "miu_de": 0.5, "input": [1.7663996345882607, 2.1021030525063686, 2.0467646720775785, 2.1568453233931377, 2.23818080566416, 2.042293828638209, 2.0873449473729537, 2.078825609374669, 2.137367644857137, 1.774438820090639, 0.9813090231183083, 1.4543567793107675, 1.3789722538502955, 1.4706666732914468, 1.4465699010381685, 1.4579942474495085, 1.5436099020195075, 1.3568195986464537, 1.3938434299603393, 1.010852245867002, 0.29568292687715453, 0.7583341683254281, 0.7773288297873597, 0.8108567486709483, 0.7283256611509782, 0.7256880574993307, 0.7455878235703065, 0.6369651874072674, 0.5792746801498578, 0.46429189723100467, -0.13322624625167412, 0.04717524615259042, 0.2388545657398686, 0.14704121998789424, 0.2536282965678717, 0.14696171270115507, 0.21329511889407354, 0.14801493930953477, 0.15095137365964414, 0.16407432020920043, -0.5019643247168974, -0.27018814840470995, -0.2164130499143112, -0.24650743211825119, -0.14646838523463615, -0.17773516328689512, -0.2424478322225666, -0.23846556247939713, -0.2709989711918674, -0.07457406063816276, -0.6536406080453593, -0.5843416719529608, -0.49094406841139576, -0.5184996869082021, -0.4716347986939831, -0.5350922184564648, -0.49451229632742744, -0.5648634036703956, -0.5353254389775033, -0.19542959812294378, -0.8786771229547293, -0.779690546333244, -0.7313173363008424, -0.7447878587127005, -0.7015745662407546, -0.6795335501380211, -0.774683541889693, -0.6946020909778906, -0.6802068511349366, -0.2698532169402157, -0.9826195281968302, -0.8883587147969221, -0.8866470278828549, -0.8876761367467132, -0.8677747545256976, -0.8803892398666148, -0.8533152229988803, -0.8223498813193753, -0.8502568343950295, -0.2956991294887248, -1.0713144811204625, -1.011265876016475, -0.9741957129109288, -0.991042505133919, -0.9832811602967884, -0.9822830936992476, -0.959962474227678, -0.9450077241078672, -0.9341285693178607, -0.3463109815714913, -1.111923449945205, -1.0648571762314296, -1.058631190125516, -1.0879019604647615, -1.0596141839418098, -1.0351403798887135, -1.05746033311745, -1.0447577049458916, -1.0339025677618154, -0.49162352431437445], "bean_num": 0.5, "model_info": {"det_num_x": 10, "det_num_y": 10, "det_y": 0.03, "det_x": 0.03, "size_x": 0.5, "size_y": 0.5, "med_margin": 0.0015}}