{"source": [826.7391551243808, -240.24328254517064], "intensity": 100, "miu_detector": 0.3, "miu_medium": 1.2, "miu_air": 0.00018, "output": [0.0, 0.0, 0.0, 0.0, 0.0, 0.0, 0.0, 0.0, 0.0, 0.0, 0.0, 0.0, 0.0, 0.0, 0.0, 0.0, 0.0, 0.0, 0.800378863756329, 0.19962113624367098, 0.0, 0.0, 0.0, 0.0, 0.0, 0.0, 0.0, 0.0, 0.0, 0.0, 0.0, 0.0, 0.0, 0.0, 0.0, 0.0, 0.0, 0.0, 0.0, 0.0], "miu_de": 0.5, "input": [0.3737370985162674, -0.6676721763758416, -1.0132642735620228, -1.0941768407494161, -1.1128211244797437, -1.1153684305892546, -1.144290211867447, -1.1276209162692163, -1.1472891718051066, -1.1627219499325816, 0.46737526973979704, -0.5651997464587571, -0.9020366303964467, -1.0154533572536442, -1.099373557371435, -1.083307830393667, -1.0473320224496552, -1.0487171770501853, -1.0824551546813066, -1.1008806325530065, 0.5185395981224877, -0.5898845060036623, -0.8591523917472075, -0.9579716479476499, -0.9407300837633215, -0.9513329724665467, -0.9768242654399083, -0.9563822521118381, -0.9863121569317144, -1.0443634729560731, 0.6857764316148707, -0.5388230319272875, -0.7847874405224287, -0.7473966109002189, -0.7794473578746192, -0.7922602324329099, -0.7999698949826761, -0.7854183178063037, -0.8055017885556593, -0.921415507310133, 0.6549919963076302, -0.4558548941720959, -0.5536335743377082, -0.5846564901645097, -0.6280413584894332, -0.6281635736206392, -0.6291512354722132, -0.5881369185565198, -0.6918983875707849, -0.7621177545509856, 0.6268182084363689, -0.25168790021423604, -0.28346742308540795, -0.3268075687253587, -0.3423883236386655, -0.3520862208966033, -0.38651652090951283, -0.35201469474013336, -0.41933183865695617, -0.6237666053981309, 0.7717790603979555, 0.0468409606420105, 0.12626891804690898, 0.05625074576471873, 0.051193650773726826, 0.03261990325086881, 0.038844472808848375, 0.006492237962039695, 1.9593057733483945e-05, -0.21120633332218394, 0.8121065666698578, 0.4754811923575878, 0.5202536222792875, 0.6266687793238392, 0.6494969954959123, 0.6175862533847548, 0.5402999011407004, 0.5518297269561736, 0.5892576055954354, 0.26146144107382724, 1.1099745601222835, 1.2480531890975146, 1.4032469222535824, 1.2920567569227501, 1.2958513482210166, 1.323674668322332, 1.4618979304619635, 1.391349090514348, 1.3004348173441267, 0.895471773988905, 1.7335573022139712, 1.987717162010975, 2.0603391714672012, 2.119954266668949, 2.0491064384289572, 2.168007339807848, 2.0483421436936387, 1.9970028825648967, 2.0224015420672594, 1.8084532165488023], "bean_num": 0.5, "model_info": {"det_num_x": 10, "det_num_y": 10, "det_y": 0.03, "det_x": 0.03, "size_x": 0.5, "size_y": 0.5, "med_margin": 0.0015}}