{"source": [420.6004836078272, 752.5922926644467], "intensity": 100, "miu_detector": 0.3, "miu_medium": 1.2, "miu_air": 0.00018, "output": [0.0, 0.0, 0.0, 0.0, 0.0, 0.0, 0.0, 0.0, 0.0, 0.0, 0.0, 0.0, 0.0, 0.0, 0.0, 0.0, 0.0, 0.0, 0.0, 0.0, 0.0, 0.0, 0.0, 0.0, 0.0, 0.0, 0.244385581888816, 0.755614418111184, 0.0, 0.0, 0.0, 0.0, 0.0, 0.0, 0.0, 0.0, 0.0, 0.0, 0.0, 0.0], "miu_de": 0.5, "input": [-1.2359075849048704, -1.178949270745845, -1.0997302666578137, -1.0534578261748446, -0.9048860592619883, -0.756109445432214, -0.4365602956082634, 0.06651758609414418, 0.7614935433669486, 1.6056590293095525, -1.222745411850314, -1.1552558909649677, -1.1036442122642227, -0.9885192920894055, -0.7450518442922023, -0.5515084513354006, -0.16248102083562013, 0.23783302868648232, 1.0541394037151934, 1.8436582253335114, -1.1756412805901326, -1.1058432984725508, -1.054352503113152, -0.9265975014179961, -0.7600353554048792, -0.538485947769045, -0.23713548999927483, 0.35655063829878686, 0.9787263472409056, 1.9651379829187516, -1.1982928358450502, -1.1222685537821695, -1.0322591720914747, -0.916441746135932, -0.791901588241521, -0.5512599050291798, -0.17420587926766373, 0.43212067741988885, 1.0433336657247998, 1.8721619894453305, -1.1929355094196148, -1.1076784179119832, -1.0378802055466119, -0.9089393179960032, -0.7709873899760481, -0.4886459829283701, -0.10661219921447496, 0.4109245444190658, 1.100601810524123, 1.9514221262526972, -1.0974352437902835, -1.063958780461226, -1.0272721413747248, -0.9244566537542754, -0.6957299713945614, -0.5108751821183826, -0.20061430932854518, 0.42017403421613225, 1.0944076924842132, 1.9206316191773694, -0.9276744489447705, -0.8404513465295558, -0.8471873433385595, -0.8233451333679002, -0.6909323445652571, -0.5057467342744727, -0.1556139200316555, 0.3595319374860083, 1.0743606135071135, 1.9085274729686266, -0.6687218736488241, -0.5660198688834758, -0.5333007906118519, -0.5028202096328424, -0.4564018492716485, -0.34113177274052786, -0.08989832126676887, 0.42872295224496415, 1.03281551830811, 1.974552185343222, -0.14271098282295042, 0.058992192401610535, 0.1693903294760139, 0.1266342258553379, 0.18730020805543246, 0.17289710039518144, 0.23853715308012416, 0.44849267104725293, 1.0838513734191721, 1.9033011298466078, 1.0051417532962164, 1.2516979304500186, 1.3234324810235896, 1.2336911692344665, 1.3375722633118592, 1.2465278135997462, 1.3043630797808519, 1.4436065813973051, 1.3394278112000833, 1.636644283367345], "bean_num": 0.5, "model_info": {"det_num_x": 10, "det_num_y": 10, "det_y": 0.03, "det_x": 0.03, "size_x": 0.5, "size_y": 0.5, "med_margin": 0.0015}}