{"source": [-543.4230198977609, -685.5294227467548], "intensity": 100, "miu_detector": 0.3, "miu_medium": 1.2, "miu_air": 0.00018, "output": [0.0, 0.0, 0.0, 0.0, 0.0, 0.26711776317050806, 0.7328822368294919, 0.0, 0.0, 0.0, 0.0, 0.0, 0.0, 0.0, 0.0, 0.0, 0.0, 0.0, 0.0, 0.0, 0.0, 0.0, 0.0, 0.0, 0.0, 0.0, 0.0, 0.0, 0.0, 0.0, 0.0, 0.0, 0.0, 0.0, 0.0, 0.0, 0.0, 0.0, 0.0, 0.0], "miu_de": 0.5, "input": [1.807604074264587, 1.3323664395918875, 1.0899958393629614, 1.0834643618381299, 0.922403719750328, 1.0253547228207482, 1.1878460504750112, 1.0111068394744, 1.0527820300160036, 0.7352676459794412, 1.927175732050656, 1.1144187851624545, 0.5097694592248841, 0.0832182295594256, -0.019085946619575876, -0.11775166934529725, -0.14299956067989514, -0.14825141212330784, -0.20754039226879234, -0.4034682296893265, 1.910398354390581, 1.2502861457799421, 0.47910979640705226, 0.00041092072928789874, -0.37840640746848936, -0.5442159920143618, -0.670164424798704, -0.7570669480819356, -0.7481292704594475, -0.8577897764311573, 2.0083114406668625, 1.2137030779986673, 0.48039453253973863, -0.08900575238545382, -0.36844999600866307, -0.6483401100946905, -0.854736146047514, -0.8969179047608103, -0.9857053085080307, -1.0959593696825758, 2.0896582032132507, 1.1092996703454319, 0.4569289426916512, -0.04414229345406965, -0.42280129995587323, -0.6940755682053265, -0.876048977781288, -1.0092472427154286, -1.0758599427892837, -1.1293323352069256, 1.9810662367880647, 1.184075742982411, 0.5140270374553418, 0.027374545284368192, -0.395779213389506, -0.6783236738646057, -0.9035976775409658, -1.0121078716682854, -1.1145468854781952, -1.1864778392580797, 2.012406926251423, 1.3292828062109887, 0.3909384029359167, -0.0518212569752722, -0.42008071398054786, -0.7058000229319755, -0.8505772130792411, -0.9945394478912598, -1.1072861106085472, -1.1657135773797065, 2.0444455712740495, 1.0635471590115249, 0.42081111720708425, -0.1134644721490146, -0.4260155372300153, -0.7137212678076243, -0.9060312182680871, -1.0115728267373347, -1.1348860630278592, -1.190662994409475, 1.906238165673396, 1.1483538747506292, 0.44905043235204534, -0.09324304743285888, -0.5080276705180168, -0.7594317124115111, -0.912254422412138, -1.0339397850514322, -1.065086751039919, -1.181898115889594, 1.6202571635138097, 0.8682829906311679, 0.13974653303219398, -0.3219658021865539, -0.6409212483834045, -0.8088522564035635, -0.9550008539931629, -1.073695540973012, -1.1537185365974776, -1.2046458151433415], "bean_num": 0.5, "model_info": {"det_num_x": 10, "det_num_y": 10, "det_y": 0.03, "det_x": 0.03, "size_x": 0.5, "size_y": 0.5, "med_margin": 0.0015}}