{"source": [-194.7619862025168, -853.9188141230125], "intensity": 100, "miu_detector": 0.3, "miu_medium": 1.2, "miu_air": 0.00018, "output": [0.0, 0.0, 0.0, 0.0, 0.0, 0.0, 0.0, 0.0, 0.42758351196621325, 0.5724164880337868, 0.0, 0.0, 0.0, 0.0, 0.0, 0.0, 0.0, 0.0, 0.0, 0.0, 0.0, 0.0, 0.0, 0.0, 0.0, 0.0, 0.0, 0.0, 0.0, 0.0, 0.0, 0.0, 0.0, 0.0, 0.0, 0.0, 0.0, 0.0, 0.0, 0.0], "miu_de": 0.5, "input": [1.8033659989217796, 1.0040976810979814, 0.6957116405226116, 0.5585045858489579, 0.40453426353905436, 0.34741097481607275, 0.3583788722046644, 0.24333282323047703, 0.2795005638180675, 0.1926276422532873, 2.0842680872424646, 1.2104234337816935, 0.6193792771743021, 0.01693898970935034, -0.2747136396007325, -0.48064984556496076, -0.5997469577955672, -0.7139333594235616, -0.7354601662452667, -0.807325341020922, 2.08058280303311, 1.4267565190039149, 0.6537682410576288, 0.10369062669819962, -0.2828774502339212, -0.5739570627067516, -0.761338479174647, -0.9204843178502803, -0.937488351815602, -1.0124841808672174, 1.9873217955573077, 1.3389928633848072, 0.7278830373130502, 0.09068973010667215, -0.3737957836793066, -0.5672435397846706, -0.7662588845661065, -0.9350668431586309, -0.9797887645192456, -1.1029149628803694, 2.080617915625328, 1.287301381263641, 0.6660188008076361, 0.07989580365229587, -0.2592819340027475, -0.5939685614719573, -0.8183935117457907, -0.9322730096539502, -1.00510477251094, -1.1229463614886435, 2.0429516955584743, 1.3234653517720079, 0.7574822982405889, 0.16347436229919923, -0.3017261020563046, -0.6021635277254799, -0.7947207694754477, -0.9317960911184453, -1.056067170277351, -1.1064739241421737, 2.0694053177316465, 1.401935379426652, 0.7390634199749783, 0.1652187030887357, -0.3272882469941068, -0.597638784058484, -0.7944697465906155, -0.8838972023988279, -1.064028042475086, -1.1229549427944654, 2.1451974114693284, 1.5673632956370724, 0.6463954534251585, 0.06072068569754372, -0.27913720985858603, -0.631007845504083, -0.7616818139361002, -0.923736078042515, -1.0278214749163717, -1.1202411350615171, 2.1096323495850355, 1.3731880139597752, 0.6912672397601748, 0.013953632004259232, -0.45881871211542113, -0.617821755439543, -0.8298537476507744, -0.9512259730064773, -1.031514785384218, -1.132200828533535, 1.6824667835596194, 1.0181812935468417, 0.2631385620702431, -0.1867957731616288, -0.5425226270814879, -0.7728580202177894, -0.8922180568065785, -1.013900836395238, -1.0965724049093881, -1.1658458905818685], "bean_num": 0.5, "model_info": {"det_num_x": 10, "det_num_y": 10, "det_y": 0.03, "det_x": 0.03, "size_x": 0.5, "size_y": 0.5, "med_margin": 0.0015}}