{"source": [-715.1582588807106, -511.01467286726717], "intensity": 100, "miu_detector": 0.3, "miu_medium": 1.2, "miu_air": 0.00018, "output": [0.0, 0.0, 0.0, 0.05026497719490987, 0.9497350228050901, 0.0, 0.0, 0.0, 0.0, 0.0, 0.0, 0.0, 0.0, 0.0, 0.0, 0.0, 0.0, 0.0, 0.0, 0.0, 0.0, 0.0, 0.0, 0.0, 0.0, 0.0, 0.0, 0.0, 0.0, 0.0, 0.0, 0.0, 0.0, 0.0, 0.0, 0.0, 0.0, 0.0, 0.0, 0.0], "miu_de": 0.5, "input": [1.5883659116107156, 0.8444113163903946, 0.10364464209201354, -0.41227813488544457, -0.6802185005035424, -0.8677534097364749, -0.9932696135144191, -1.0929030341076629, -1.1555587948709276, -1.2103343720354953, 1.9041258171856335, 1.21239760775732, 0.32655406977042917, -0.16297478455021758, -0.49163599382488643, -0.7532604316863127, -0.9184807523373791, -1.0270184454656226, -1.122806791946751, -1.2016340931065164, 2.0398634660682373, 1.2023908524254572, 0.41517044245710355, -0.11394461937926308, -0.5491595182172564, -0.7379244364242838, -0.9155253596982151, -1.0229721858458973, -1.1177468300339608, -1.1760016696997606, 1.9833437573873143, 1.1726757340052723, 0.4948042948620594, -0.09032703210457227, -0.39794581404588536, -0.7159104532882373, -0.9122701143954538, -1.0281275499693272, -1.107777005175726, -1.194412227356509, 2.0291941000054723, 1.189825531362239, 0.38141815024322634, -0.14970584221844022, -0.5170273530607112, -0.6633546910456296, -0.88060476228226, -1.0103800509034342, -1.0878207641321205, -1.145568191526132, 1.9646343745263708, 1.255809223156041, 0.40698312091703354, -0.05643219340833148, -0.4466877886177202, -0.6422172046210102, -0.8746474876803467, -0.9854506610897362, -1.0605954164840716, -1.1367347118263795, 2.082561239485058, 1.2635524113920364, 0.477051092513486, -0.04894952519790237, -0.46828442046386337, -0.6341857288542584, -0.7877809537251216, -0.9177794642266954, -0.9915428872521774, -1.0106802543213476, 1.8478975156568527, 1.1912627765809163, 0.4747736771616611, -0.012469893962462097, -0.40162787630881075, -0.5696208590900665, -0.6037769947348489, -0.6707423725322086, -0.6582151841985083, -0.8262423393328134, 1.906715378472649, 1.1515670663697812, 0.48284168753363466, 0.14155300069981883, 0.050593670927269435, -0.08397386991926296, -0.10706146663334441, -0.10272861304017124, -0.11239033222473482, -0.3107528041363376, 1.6033641607091484, 1.2354154516555786, 1.1821046667582107, 1.1900729236271854, 1.0939431714099566, 1.078442966896709, 1.0881392864291486, 1.13085930994029, 1.047234781508531, 0.9106462793070002], "bean_num": 0.5, "model_info": {"det_num_x": 10, "det_num_y": 10, "det_y": 0.03, "det_x": 0.03, "size_x": 0.5, "size_y": 0.5, "med_margin": 0.0015}}