{"source": [-228.3532351028241, 855.0760501496188], "intensity": 100, "miu_detector": 0.3, "miu_medium": 1.2, "miu_air": 0.00018, "output": [0.0, 0.0, 0.0, 0.0, 0.0, 0.0, 0.0, 0.0, 0.0, 0.0, 0.0, 0.0, 0.0, 0.0, 0.0, 0.0, 0.0, 0.0, 0.0, 0.0, 0.0, 0.0, 0.0, 0.0, 0.0, 0.0, 0.0, 0.0, 0.0, 0.0, 0.0, 0.33863953494783805, 0.661360465052162, 0.0, 0.0, 0.0, 0.0, 0.0, 0.0, 0.0], "miu_de": 0.5, "input": [0.28324599275575457, 0.5270364525152138, 0.5361117239902798, 0.5610892748080396, 0.5491386223889418, 0.6705987591367396, 0.7110838917785394, 0.8256357763064608, 1.1398818475078056, 1.6049350562130782, -0.8085922109544823, -0.664059078714734, -0.6113645731661348, -0.5284079452414279, -0.4603021436318529, -0.27373098438389654, 0.02464930448635513, 0.6279924521328454, 1.2322871646624423, 2.052342276635021, -1.031366958904408, -0.9000803677473277, -0.8654268148402486, -0.7615663985235338, -0.5093301054367042, -0.30205290461200235, 0.07968807998101374, 0.6368804886583641, 1.2328521938409762, 2.137305338242745, -1.0917706425314189, -0.9989589735347597, -0.8987974789841618, -0.7662081614041057, -0.6114198669789735, -0.3935596511864689, 0.16292412517903618, 0.668313744054306, 1.399176727270013, 2.1428683047116786, -1.1075789381821541, -1.0209851060188422, -0.9399218848705809, -0.8096477919736644, -0.5875154284887645, -0.35189733331163464, 0.14298925761145675, 0.6313223442437957, 1.470526061671185, 2.163708996747072, -1.1415754281111778, -1.0415560547432485, -0.9418534829025372, -0.8515232676432801, -0.5909019300555812, -0.31405685193253335, 0.10823716029261607, 0.5216548962444273, 1.4295406015195948, 2.1599292124535148, -1.0982212765834989, -1.0618889963475306, -0.9477309952120988, -0.8484073245798899, -0.5542347117934601, -0.2721636729285928, 0.039066147877644126, 0.5715495719228825, 1.3123205963442874, 1.8750040270327144, -1.1358285553683454, -1.0654461370733705, -0.9297728680769829, -0.775460556732942, -0.63886158777616, -0.35737364604656596, 0.0046539704619224555, 0.6351211572479178, 1.2621500087604087, 2.157739349573083, -1.1637224218371802, -1.073874495117153, -0.9719883516722359, -0.8658230205491665, -0.6365738732672263, -0.3936837197969571, 0.0008836746473555367, 0.5264628369755291, 1.1796505111653737, 1.9987012785514064, -1.170964128345743, -1.1168900916224136, -1.0643124860845041, -0.953220362572159, -0.7895206906256635, -0.5752512440268994, -0.22874182001470558, 0.22618337400501523, 0.9456686182793186, 1.6968645421779152], "bean_num": 0.5, "model_info": {"det_num_x": 10, "det_num_y": 10, "det_y": 0.03, "det_x": 0.03, "size_x": 0.5, "size_y": 0.5, "med_margin": 0.0015}}