{"source": [582.9395158921487, 667.4131839734232], "intensity": 100, "miu_detector": 0.3, "miu_medium": 1.2, "miu_air": 0.00018, "output": [0.0, 0.0, 0.0, 0.0, 0.0, 0.0, 0.0, 0.0, 0.0, 0.0, 0.0, 0.0, 0.0, 0.0, 0.0, 0.0, 0.0, 0.0, 0.0, 0.0, 0.0, 0.0, 0.0, 0.0, 0.0, 0.5705530847441128, 0.42944691525588713, 0.0, 0.0, 0.0, 0.0, 0.0, 0.0, 0.0, 0.0, 0.0, 0.0, 0.0, 0.0, 0.0], "miu_de": 0.5, "input": [-1.128935058970506, -1.05466129956446, -0.9636658327489223, -0.856125653262888, -0.7012904208478619, -0.4837592781793309, -0.1486160031026917, 0.2878248048730651, 0.9387217369840419, 1.7138945105563272, -1.06856186323772, -0.9894179516845066, -0.9136126715881048, -0.7368107740314784, -0.5634148138251238, -0.3251365315594482, 0.08368912063503359, 0.548930090005713, 1.390090071563412, 2.160764500961071, -1.0845039359772244, -0.9800849926506343, -0.8642353153947756, -0.7861245528490273, -0.5354538332315956, -0.19977046453585123, 0.112702758258562, 0.6826653526254093, 1.4639028001271577, 2.16248394647646, -1.0639243518899955, -0.9741388498443733, -0.8852437833846059, -0.7316269341161966, -0.5096512418997253, -0.17726543930736544, 0.23396539705533975, 0.7153925391278344, 1.4727504487413234, 2.1260578069435527, -1.0579346187807537, -1.0184022503700332, -0.8801037276008926, -0.7221642845188104, -0.5093525814592935, -0.11568456039467052, 0.17907167856675002, 0.7230455887891594, 1.4313091449445103, 2.1599770858838423, -1.0489935159909258, -0.9636798341945438, -0.8284499852950798, -0.6894502001315451, -0.47172542945793916, -0.17154591669610966, 0.20661226996490895, 0.7007972681377107, 1.4616024363035798, 2.173767435442917, -1.0620982290876566, -0.9557556399483428, -0.8325416002630093, -0.6985847353869628, -0.4740542359052976, -0.22089114248815064, 0.17839603552517858, 0.6947929751149631, 1.481471305685801, 2.2991181617551124, -1.0472662026432669, -0.927748034617443, -0.8465597722915505, -0.6812030193499417, -0.5193929249961798, -0.2292612692732512, 0.17702781094816697, 0.7102807898155336, 1.4052741811518326, 2.1754619152576358, -1.0223553292600653, -0.9602772916553768, -0.8264027264456938, -0.7281555253686638, -0.5122566263685805, -0.29418692392285545, 0.07581084974287737, 0.6056533834281458, 1.2062307551316382, 2.0344211206180236, -0.4335561896134119, -0.40994974565923914, -0.25499717022791857, -0.2880606913859987, -0.16328055511165998, -0.012570850157482182, 0.14781887184535009, 0.5494955640392635, 0.9902284240171444, 1.7434242469586547], "bean_num": 0.5, "model_info": {"det_num_x": 10, "det_num_y": 10, "det_y": 0.03, "det_x": 0.03, "size_x": 0.5, "size_y": 0.5, "med_margin": 0.0015}}