{"source": [-211.20196714464612, -865.2001599762464], "intensity": 100, "miu_detector": 0.3, "miu_medium": 1.2, "miu_air": 0.00018, "output": [0.0, 0.0, 0.0, 0.0, 0.0, 0.0, 0.0, 0.0, 0.5242285954744684, 0.47577140452553157, 0.0, 0.0, 0.0, 0.0, 0.0, 0.0, 0.0, 0.0, 0.0, 0.0, 0.0, 0.0, 0.0, 0.0, 0.0, 0.0, 0.0, 0.0, 0.0, 0.0, 0.0, 0.0, 0.0, 0.0, 0.0, 0.0, 0.0, 0.0, 0.0, 0.0], "miu_de": 0.5, "input": [-1.218133826144287, -1.1709073442820168, -1.1227710186713358, -0.9907894579479489, -0.8732725114862917, -0.686003039006669, -0.3516093366105751, 0.10660850903939235, 0.7053461643061493, 1.6240190469073394, -1.196128305551588, -1.143015528712778, -1.0475198663285445, -0.9622675534044267, -0.7767939219763621, -0.49303962864283113, -0.13743778172190083, 0.34728738325376884, 1.0457557819318921, 1.9121836325371901, -1.1834153722195337, -1.1473775165386868, -1.0633973666371563, -0.9175367124500381, -0.7689529644717598, -0.45662359243868844, -0.16072753725734984, 0.35340482186709815, 1.167870822852182, 2.017523363630287, -1.1767946521891355, -1.1119875075588512, -1.0323120572082256, -0.9289823343978694, -0.7465640500010672, -0.45616181113624504, -0.1009609505001397, 0.40324301574247734, 1.1687468870442181, 1.9379971105547558, -1.1717940748838962, -1.0898819080190727, -1.025871939520046, -0.8909573238940952, -0.7142012574569402, -0.43434460623217586, -0.0787083966645084, 0.42888629199992984, 1.1867628204457774, 1.9890600289811713, -1.1424773856096007, -1.096335320043809, -0.9832006066224774, -0.8906037052578465, -0.6859716452989385, -0.45423500319392435, -0.07076240708014758, 0.48661264151676725, 1.2047351912660895, 2.011419520930983, -1.0538060023533604, -0.9409522316403974, -0.9218138585845548, -0.8145021377009914, -0.6663182485082441, -0.3959712858831754, -0.10000025453585386, 0.4280734555520661, 1.192237689751523, 1.9337888303224848, -0.7647255975481447, -0.6523918558867124, -0.6264010748885682, -0.5753645383050429, -0.5059293620858814, -0.37861192394143783, -0.02180732388582746, 0.4317818174070287, 1.1687122830597167, 1.893998093495099, -0.23681905268672557, -0.09926541257417518, -0.027501356006399122, -0.022761489404807878, 0.03370842275243632, 0.1149220392021948, 0.16398013269764947, 0.4798393447597907, 1.1114990019322346, 1.9692017434424967, 0.8373721288393022, 1.0495446161577173, 1.1422429770644595, 1.1588411016739035, 1.1198136002117827, 1.1526904258942152, 1.162947501899722, 1.2550393100224795, 1.3721138082301092, 1.6859607725141743], "bean_num": 0.5, "model_info": {"det_num_x": 10, "det_num_y": 10, "det_y": 0.03, "det_x": 0.03, "size_x": 0.5, "size_y": 0.5, "med_margin": 0.0015}}