{"source": [541.6975912768944, 708.2274036344194], "intensity": 100, "miu_detector": 0.3, "miu_medium": 1.2, "miu_air": 0.00018, "output": [0.0, 0.0, 0.0, 0.0, 0.0, 0.0, 0.0, 0.0, 0.0, 0.0, 0.0, 0.0, 0.0, 0.0, 0.0, 0.0, 0.0, 0.0, 0.0, 0.0, 0.0, 0.0, 0.0, 0.0, 0.0, 0.15678555869353414, 0.8432144413064658, 0.0, 0.0, 0.0, 0.0, 0.0, 0.0, 0.0, 0.0, 0.0, 0.0, 0.0, 0.0, 0.0], "miu_de": 0.5, "input": [1.5001991762644977, 1.6593481201622966, 1.7232429930813904, 1.6907568920845781, 1.7218904480992183, 1.7223702019319829, 1.6532796945003188, 1.6684565227684247, 1.700586208337168, 1.5545956774692697, 0.4538012612013999, 0.736558924187927, 0.7935355416895896, 0.6749345885922958, 0.7648583946351382, 0.768815521335386, 0.8225331665064306, 0.8370695350999965, 0.9904183969919476, 1.6354702276690158, -0.2406272113118873, -0.0035816198797438636, 0.024090151386841605, 0.007812239428577005, 0.11679423372929952, 0.06931450464051644, 0.117629343471344, 0.17249288983509345, 0.730426448227527, 1.5987638399198407, -0.610226302036324, -0.5231289844161389, -0.4923952791188633, -0.43681772219294657, -0.38763016984351295, -0.36827985039033984, -0.34138233283250125, -0.01787380195797711, 0.637187666230794, 1.8093533275368239, -0.8969482486194276, -0.8249920335019509, -0.7790559285450412, -0.7365315866142788, -0.7071435204660983, -0.6363487449903945, -0.4589439832007747, 0.03833771915962655, 0.6478377310382499, 1.5903165933163896, -1.044495197656246, -0.9764674277642537, -0.9590160918433366, -0.8814518681635102, -0.8687616307875342, -0.7423616956447082, -0.5066735833532545, -0.04659505006792766, 0.6614056548587379, 1.6326612329941828, -1.135189813607873, -1.0894840491026074, -1.0748730083280653, -1.0340504586548456, -0.9731245308446349, -0.8147505140707118, -0.536202418583367, -0.04605537279588269, 0.6135900610598599, 1.5697360537085747, -1.206971428163346, -1.151604436516509, -1.1311153721130693, -1.0779179571511668, -1.0008267371731496, -0.83511021971643, -0.5450621808252349, -0.07107972091807357, 0.6401032628705963, 1.6205288457052507, -1.2374104670575026, -1.2035237842920976, -1.192865990169449, -1.1061364363386368, -1.0068224350147759, -0.8629380562617909, -0.5038231953848027, -0.11262076140828456, 0.5741775730294737, 1.6303919681701122, -1.268704298334485, -1.2414245801719122, -1.2173814790340876, -1.1688762197631188, -1.0651926958241515, -0.958077436120379, -0.6621657946312718, -0.25080847176365556, 0.31949742411452525, 1.3747499282938422], "bean_num": 0.5, "model_info": {"det_num_x": 10, "det_num_y": 10, "det_y": 0.03, "det_x": 0.03, "size_x": 0.5, "size_y": 0.5, "med_margin": 0.0015}}