{"source": [-433.50292905270743, 802.8971034305747], "intensity": 100, "miu_detector": 0.3, "miu_medium": 1.2, "miu_air": 0.00018, "output": [0.0, 0.0, 0.0, 0.0, 0.0, 0.0, 0.0, 0.0, 0.0, 0.0, 0.0, 0.0, 0.0, 0.0, 0.0, 0.0, 0.0, 0.0, 0.0, 0.0, 0.0, 0.0, 0.0, 0.0, 0.0, 0.0, 0.0, 0.0, 0.0, 0.0, 0.0, 0.0, 0.0, 0.8482613428006307, 0.15173865719936924, 0.0, 0.0, 0.0, 0.0, 0.0], "miu_de": 0.5, "input": [0.21288306432213328, 0.3480520264823215, 0.40917086464342817, 0.368236896802335, 0.49347610445509954, 0.47902125292505077, 0.5943288834006077, 0.8502102665405034, 1.1386146397074497, 1.8012478758092207, -0.8266968239249046, -0.7189427760111623, -0.6965414725160332, -0.595292667346972, -0.4927274669694714, -0.2912800592761589, 0.04876073300656886, 0.5982920563891317, 1.3004072029901215, 2.0300861026934065, -1.028518346387231, -0.9682259907141593, -0.8671904054448449, -0.767109656257332, -0.554664110837639, -0.2865053304832586, 0.07686387284283569, 0.5833436319770124, 1.3141509749684606, 2.068699057864119, -1.107835312910409, -1.0159615930419998, -0.8775414080266231, -0.741549195533329, -0.5880863183848035, -0.3015613679632862, 0.11872795459436516, 0.6162538197076145, 1.3838202262498285, 2.07716621226382, -1.1121227212034421, -1.026963846619561, -0.9373857418319939, -0.8031226209275406, -0.5465473127909568, -0.25114152155984054, 0.10429315395425715, 0.7353619638533898, 1.3539328180677737, 2.119420291510058, -1.1212581157509056, -1.014432846561092, -0.9465130328853032, -0.7898077836844811, -0.5492521123645833, -0.32912106404447333, 0.08123288217647756, 0.6210617730023763, 1.4066193680933048, 2.089231606513919, -1.1125409445321892, -1.0567971997671153, -0.9262877374576052, -0.7998811073027863, -0.6207408891461068, -0.30102754059566456, 0.07595016926262543, 0.6706480873186416, 1.389813557064965, 2.1953339706220762, -1.1028854658955611, -1.0538006523673942, -0.9765895936500858, -0.8177151613622999, -0.6077890815688937, -0.3106403213419308, 0.07311299428827933, 0.6069263086061407, 1.3491328634777966, 2.068389633188035, -1.1273338999046898, -1.0466535839851459, -0.9383750078183754, -0.8553280293152418, -0.6381154992687116, -0.3699951169017742, -0.0003502502222386645, 0.5341711469854605, 1.28125226425467, 1.9981503343262663, -1.162163040404668, -1.1169002407430588, -1.0518135302604987, -0.9257587281937889, -0.7517189234941295, -0.5641219413996045, -0.1919490728168287, 0.32393418400883545, 0.8664006548416671, 1.7249878359177266], "bean_num": 0.5, "model_info": {"det_num_x": 10, "det_num_y": 10, "det_y": 0.03, "det_x": 0.03, "size_x": 0.5, "size_y": 0.5, "med_margin": 0.0015}}