{"source": [-841.3419098879253, -371.6653487440638], "intensity": 100, "miu_detector": 0.3, "miu_medium": 1.2, "miu_air": 0.00018, "output": [0.0, 0.0, 0.3518232757245298, 0.6481767242754701, 0.0, 0.0, 0.0, 0.0, 0.0, 0.0, 0.0, 0.0, 0.0, 0.0, 0.0, 0.0, 0.0, 0.0, 0.0, 0.0, 0.0, 0.0, 0.0, 0.0, 0.0, 0.0, 0.0, 0.0, 0.0, 0.0, 0.0, 0.0, 0.0, 0.0, 0.0, 0.0, 0.0, 0.0, 0.0, 0.0], "miu_de": 0.5, "input": [1.6579942819198001, 1.9246406801196565, 1.9707483099351284, 1.8880521501940084, 1.9686003759463095, 2.0715537598614953, 1.975465052879108, 1.89139468411401, 1.977984339265954, 1.5707344579141138, 1.2548508268517888, 1.1381586619400477, 1.1833417330640117, 1.2083220934327459, 1.2906492807927272, 1.250684549136296, 1.1320702150190154, 1.2068500082197684, 1.1314519292753602, 0.8977413286142796, 1.1102277548746526, 0.5483933528545784, 0.48586583873538086, 0.45022187448349626, 0.37902139457284106, 0.4984403744035586, 0.5855265926813059, 0.43387809470019995, 0.3886893379214695, 0.1913752654462566, 1.1728903575701026, 0.04170357735186095, -0.042653302904729726, -0.05694090171119399, -0.04705554092492185, 0.0031556857874440796, -0.002422261720466156, -0.07909738067092383, -0.0555182964244926, -0.3242543317524912, 1.0963859441500787, -0.0037735075059576904, -0.349332933686081, -0.39387478325826353, -0.4560598396931851, -0.40015341891252415, -0.4826849850456626, -0.45863464043010893, -0.5967030240220256, -0.6457444762373782, 1.1351732754709873, -0.04132412714160385, -0.5319842969088228, -0.6562361259352393, -0.711062916141021, -0.6616535061581656, -0.7589334196223666, -0.6978575984488704, -0.7784964688774909, -0.8756915770584703, 1.043153052438693, -0.14491500543574348, -0.6417356227997035, -0.8086801152319799, -0.8603035371016944, -0.8648481143938184, -0.8720338485956793, -0.9140409392231046, -0.9466978931461844, -1.014271092090352, 1.0298452648331236, -0.16619260468461683, -0.6869448872833493, -0.9449909616787597, -0.9667673152957343, -0.9949321027636979, -0.9976926545397342, -1.0574092912086865, -1.0514449070304617, -1.097281709465964, 1.0603433830660451, -0.1471987794230996, -0.7696190924041364, -0.9822841737253882, -1.0567267398682387, -1.0918307381556378, -1.126923052788287, -1.09088071777191, -1.1464199136040611, -1.1516068847706262, 0.8631300551877834, -0.3776810369075946, -0.893007277727865, -1.0346868379180585, -1.147604017382169, -1.1738120684283042, -1.1771309173738775, -1.1853486203073031, -1.20521867341033, -1.2114033898968644], "bean_num": 0.5, "model_info": {"det_num_x": 10, "det_num_y": 10, "det_y": 0.03, "det_x": 0.03, "size_x": 0.5, "size_y": 0.5, "med_margin": 0.0015}}