{"source": [-673.7005996532283, -643.2751562506218], "intensity": 100, "miu_detector": 0.3, "miu_medium": 1.2, "miu_air": 0.00018, "output": [0.0, 0.0, 0.0, 0.0, 0.1470489785335671, 0.8529510214664329, 0.0, 0.0, 0.0, 0.0, 0.0, 0.0, 0.0, 0.0, 0.0, 0.0, 0.0, 0.0, 0.0, 0.0, 0.0, 0.0, 0.0, 0.0, 0.0, 0.0, 0.0, 0.0, 0.0, 0.0, 0.0, 0.0, 0.0, 0.0, 0.0, 0.0, 0.0, 0.0, 0.0, 0.0], "miu_de": 0.5, "input": [1.7196018497625067, 0.9532481176990483, 0.27110564284845406, -0.1537761613656574, -0.48798766988161835, -0.7257894427234993, -0.8626505093318961, -0.9692840172139678, -1.0472888735163226, -1.096591514508889, 2.124585015537274, 1.3430373656680483, 0.6476621310734172, 0.08265720946103071, -0.3459062757429957, -0.5948440168937011, -0.7973151376558483, -0.9220817028395158, -1.0001346571238126, -1.0668141920540406, 2.1885951502824237, 1.4445357293305485, 0.7148955265069625, 0.13534197586868657, -0.2675224798205722, -0.5248635498665359, -0.766132317277618, -0.8907500113806331, -0.9845796282615787, -1.0538170227291357, 2.191768545316615, 1.419271597492186, 0.6691535582030391, 0.18056376913452532, -0.22388123436875862, -0.5160950088621432, -0.7578502411810453, -0.8734004810092365, -0.9700417049175606, -1.0468467640126167, 2.159649834038653, 1.4743027189628688, 0.7209490371989018, 0.20122479921160466, -0.22791988233472382, -0.5293021538424593, -0.7207627356630253, -0.8752477004498637, -0.9567914737409997, -1.0529300898856373, 2.136061827516311, 1.4556008172002513, 0.7602286069374664, 0.22879762327457076, -0.22223552895832063, -0.5047392093046622, -0.73373004469274, -0.8587553139834745, -0.9747214998035251, -1.0426969547191058, 2.1586453562500316, 1.3997041190333466, 0.6799078428069824, 0.18937778382340675, -0.20978264977532088, -0.519890855066749, -0.7112551972040192, -0.8620060721445468, -0.9526128039827364, -1.045110832866283, 2.148697147023279, 1.3947191744852498, 0.7433883627060262, 0.16791393916463834, -0.2307042015476539, -0.5249491398569576, -0.7053563096166913, -0.8539459939418446, -0.9440950022286213, -1.0345025120711118, 2.091369249583294, 1.2951013643449754, 0.6291709197896697, 0.1010566663657446, -0.2929229936672432, -0.5414205678542536, -0.7254929141515865, -0.8337076102168592, -0.9004035708599839, -1.004115143079696, 1.8216585119546178, 1.0447543752890631, 0.4959687862584047, 0.21836282526361467, -0.0022563658687992315, -0.12249394356939541, -0.2063118485131599, -0.2530752044749976, -0.30012588084195824, -0.38002005734954214], "bean_num": 0.5, "model_info": {"det_num_x": 10, "det_num_y": 10, "det_y": 0.03, "det_x": 0.03, "size_x": 0.5, "size_y": 0.5, "med_margin": 0.0015}}