{"source": [747.203219684324, -564.4402243631189], "intensity": 100, "miu_detector": 0.3, "miu_medium": 1.2, "miu_air": 0.00018, "output": [0.0, 0.0, 0.0, 0.0, 0.0, 0.0, 0.0, 0.0, 0.0, 0.0, 0.0, 0.0, 0.0, 0.0, 0.0, 0.11861570330445356, 0.8813842966955464, 0.0, 0.0, 0.0, 0.0, 0.0, 0.0, 0.0, 0.0, 0.0, 0.0, 0.0, 0.0, 0.0, 0.0, 0.0, 0.0, 0.0, 0.0, 0.0, 0.0, 0.0, 0.0, 0.0], "miu_de": 0.5, "input": [1.7191657501323372, 2.112638249124278, 2.0824984622623264, 2.1031968284690663, 2.0344557473998255, 2.101481084630151, 2.2093889512734974, 2.1156226197600096, 1.963347461314923, 1.687959393305521, 1.038424684317276, 1.243352390585937, 1.3031203453815223, 1.3450376749442823, 1.426384483087726, 1.380535213623032, 1.440702259512219, 1.3870563146763313, 1.2162344625195145, 0.8763148009074799, 0.8663146033714814, 0.47885571108485714, 0.6378213291249712, 0.6766956235532411, 0.6887380387259938, 0.6219091192042645, 0.6582254031751639, 0.6355819943862858, 0.5712345520134574, 0.26206824393477973, 0.6557946674313643, 0.022308514265118273, 0.013061826018735418, 0.08905976882634452, 0.03732096029161978, 0.06385638741721844, 0.02303240262250763, 0.07538818785657866, 0.0019425597798431843, -0.1930751477082377, 0.5999606568098846, -0.27487325635816034, -0.3400165611753101, -0.24058927703682725, -0.31048568787599723, -0.2793623643381514, -0.34650984761716536, -0.3500161906189762, -0.3542072829086701, -0.5444255632240006, 0.525747839900349, -0.43666687615610944, -0.5697371746756199, -0.5631965061990127, -0.5728347294275967, -0.5920788339214755, -0.6016497192126868, -0.5883033320964134, -0.6554054567701842, -0.7577573785893456, 0.47842972099080083, -0.5456994135237848, -0.7943072200899346, -0.7941373762850198, -0.8078113579453906, -0.8020609426983577, -0.825092584290537, -0.7828086825194197, -0.8779865133988818, -0.9059170242565744, 0.3564574570825485, -0.6385296035360218, -0.8766629422808714, -0.9320379402848352, -0.934655244631194, -0.888091794793335, -0.9584939483442602, -0.9217540939597642, -0.9729301118884813, -1.057161732904541, 0.4472243937214516, -0.6708411228441061, -0.9481523208217705, -0.9869352058172198, -1.036850517730536, -1.0307960840264918, -1.058224460245162, -1.063380595208481, -1.0606144362707541, -1.111702873758507, 0.2662631346309682, -0.7817890452514097, -1.0193222853469677, -1.1092323977164271, -1.109527345840371, -1.1049388616382458, -1.1123274688845948, -1.1267420367496321, -1.1604456517708073, -1.1610578499844388], "bean_num": 0.5, "model_info": {"det_num_x": 10, "det_num_y": 10, "det_y": 0.03, "det_x": 0.03, "size_x": 0.5, "size_y": 0.5, "med_margin": 0.0015}}