{"source": [-53.91887079188644, 935.5190482886326], "intensity": 100, "miu_detector": 0.3, "miu_medium": 1.2, "miu_air": 0.00018, "output": [0.0, 0.0, 0.0, 0.0, 0.0, 0.0, 0.0, 0.0, 0.0, 0.0, 0.0, 0.0, 0.0, 0.0, 0.0, 0.0, 0.0, 0.0, 0.0, 0.0, 0.0, 0.0, 0.0, 0.0, 0.0, 0.0, 0.0, 0.0, 0.0, 0.0, 0.6334880962166669, 0.3665119037833331, 0.0, 0.0, 0.0, 0.0, 0.0, 0.0, 0.0, 0.0], "miu_de": 0.5, "input": [1.0490974764402845, 1.3153567362611773, 1.394255406739314, 1.4197669469662475, 1.451884331845395, 1.4728111727542479, 1.4058513320945807, 1.348177220316873, 1.4340414577548894, 1.5983506423108746, 0.04091436707028964, 0.2758515611219971, 0.2961144262936694, 0.30701373047301334, 0.33327170957754193, 0.3363370589774468, 0.4595654910942863, 0.4691278013590435, 0.9847685412445527, 1.750481302688523, -0.5397346688107633, -0.4227112682850382, -0.3769882607969712, -0.3958345633952906, -0.3267232633649936, -0.27457702714726057, -0.04234414514879362, 0.36064125484449266, 1.0620323338586235, 1.8492687723664847, -0.8659997182615181, -0.8002703693712073, -0.7573347168157106, -0.7321610869798041, -0.6761659666938299, -0.5048364977305959, -0.17273576415627287, 0.3083092005094284, 1.059918427412162, 1.9037865288309164, -1.0632042526099201, -1.0084316516047562, -0.9431414893145356, -0.9067647240836867, -0.788016002984747, -0.5131732515182234, -0.19839958932013885, 0.2690513489318395, 1.0392669846875828, 1.9067189166934189, -1.1675948235840425, -1.1077779640978478, -1.043279971049274, -0.927393230003409, -0.8008901314862835, -0.5911321093925656, -0.25070110707005, 0.3313592229010288, 1.015774042400899, 1.8529680789068805, -1.2000651437072591, -1.1497149105216125, -1.0757149945274063, -0.9749573753972958, -0.8262599081047977, -0.5825017015555636, -0.23197668284754142, 0.2746295735797628, 1.0411083672631019, 1.8830237123816391, -1.2098432245882291, -1.161605108361964, -1.0892106340374272, -1.000411062304286, -0.8546824503504683, -0.6295348857795353, -0.31109102946067835, 0.25445899978751446, 1.0529216560733625, 1.8541147662053734, -1.2323409062695092, -1.1718757015799692, -1.1069578593200364, -1.0186411480586521, -0.880110123857536, -0.6184380170097524, -0.33332611572773946, 0.21664051770290715, 1.0048238264306095, 1.8112897504248733, -1.2517786995988704, -1.200265222075079, -1.1572849844917832, -1.075267882228225, -0.9358568699298111, -0.744409302495408, -0.4177012294000841, -0.003451960581332078, 0.5932411632014012, 1.5552065904668264], "bean_num": 0.5, "model_info": {"det_num_x": 10, "det_num_y": 10, "det_y": 0.03, "det_x": 0.03, "size_x": 0.5, "size_y": 0.5, "med_margin": 0.0015}}