{"source": [-925.4257369184414, 169.87831641013668], "intensity": 100, "miu_detector": 0.3, "miu_medium": 1.2, "miu_air": 0.00018, "output": [0.0, 0.0, 0.0, 0.0, 0.0, 0.0, 0.0, 0.0, 0.0, 0.0, 0.0, 0.0, 0.0, 0.0, 0.0, 0.0, 0.0, 0.0, 0.0, 0.0, 0.0, 0.0, 0.0, 0.0, 0.0, 0.0, 0.0, 0.0, 0.0, 0.0, 0.0, 0.0, 0.0, 0.0, 0.0, 0.0, 0.0, 0.0, 0.15576126362525597, 0.844238736374744], "miu_de": 0.5, "input": [1.550515710748055, 1.8551881697606991, 1.9037380607483192, 1.9546269549991249, 1.9594606522743652, 1.9380052522477245, 1.9528884792503638, 1.8953832058630016, 1.839929962232547, 1.6508794701590586, 1.309933797733374, 1.149218631847747, 1.1167169150052565, 1.1548081354185002, 1.1247738808768024, 1.1797526325894525, 1.2092763053022693, 1.1615536400530069, 1.0425301260785058, 0.7319696454286828, 1.318031478443559, 0.4440635094400002, 0.38305319132944265, 0.360649144055184, 0.4224857189969819, 0.36914476883663366, 0.3610457280283136, 0.394763138871144, 0.37446919856106675, 0.07423056577171318, 1.3299431527509118, 0.24005615900450034, -0.08603538771562691, -0.09603337797775809, -0.10891075301686386, -0.11772593812098177, -0.16251391981234434, -0.13486170832926078, -0.1612329861807399, -0.3841165275911412, 1.2639203990138403, 0.12472177700702053, -0.36438354863066375, -0.4040984057159811, -0.517053833005191, -0.45591455619073884, -0.5414100321639197, -0.5248876879433767, -0.5749969832562041, -0.6689971805406097, 1.1945647667766006, 0.08533939948699072, -0.4993400063464191, -0.6389208540329904, -0.7322886268208605, -0.7218604897677943, -0.7630329739544955, -0.7820720573340552, -0.8140052922040671, -0.9172596434958955, 1.1894369058848673, 0.10627346812506067, -0.5122296644209854, -0.8057767191870433, -0.9174427347321701, -0.9257201738444708, -0.9616255611198129, -0.9638625827748337, -0.9776357023614176, -1.0664857731451756, 1.2357722691822406, 0.06207931009244243, -0.5312684857767045, -0.8686195987333669, -0.9767993633155229, -1.0568880854879277, -1.0567088301343897, -1.0534257309639932, -1.0639427642072057, -1.127570570734689, 1.116420262182875, 0.03330939694079349, -0.57549928906334, -0.903899623300484, -1.0587901680194958, -1.1168136202128778, -1.1272925683804522, -1.1243011112671548, -1.1615981531570874, -1.170928857564693, 1.0470514855065474, -0.13948881215181905, -0.711038531189811, -1.0075312910345666, -1.100087058249718, -1.1628183070018618, -1.165247485758485, -1.2026091545001862, -1.2166725134171301, -1.2294031675487411], "bean_num": 0.5, "model_info": {"det_num_x": 10, "det_num_y": 10, "det_y": 0.03, "det_x": 0.03, "size_x": 0.5, "size_y": 0.5, "med_margin": 0.0015}}