{"source": [921.9600132797609, -186.6345510200425], "intensity": 100, "miu_detector": 0.3, "miu_medium": 1.2, "miu_air": 0.00018, "output": [0.0, 0.0, 0.0, 0.0, 0.0, 0.0, 0.0, 0.0, 0.0, 0.0, 0.0, 0.0, 0.0, 0.0, 0.0, 0.0, 0.0, 0.0, 0.2715415518690032, 0.7284584481309968, 0.0, 0.0, 0.0, 0.0, 0.0, 0.0, 0.0, 0.0, 0.0, 0.0, 0.0, 0.0, 0.0, 0.0, 0.0, 0.0, 0.0, 0.0, 0.0, 0.0], "miu_de": 0.5, "input": [0.03227574683602355, -0.9418473341714877, -1.0648117396256236, -1.104950205578035, -1.1138166830573633, -1.140996532643706, -1.1221127336734333, -1.1235419477330237, -1.132481714925981, -1.1382951665257726, 0.220487154810723, -0.8381833607005373, -0.9425423962673393, -1.0592677358907654, -1.0171485759066945, -1.036355523678909, -1.036858433949901, -1.0215375389666808, -1.0503502208175424, -1.09158755605712, 0.12765610120836934, -0.7704835863156417, -0.8518811959717211, -0.9295664894890422, -0.912361385132373, -0.9457310391829487, -0.8693220935822451, -0.9191998688527079, -0.9570020400228961, -1.030406320851343, 0.17223773704488762, -0.6362542560778125, -0.7352916582756712, -0.7600665088164212, -0.7821984741107987, -0.8035634850280305, -0.7793973271909839, -0.708982468911168, -0.8495272148543277, -0.9370021553894509, 0.30919719502576004, -0.5160831065905174, -0.5752017890623377, -0.5356493032356808, -0.5825851538761854, -0.6128709420478509, -0.5750220662924154, -0.5463854363437036, -0.5623783551438596, -0.7418850005789265, 0.35766946527605337, -0.2695495389821693, -0.32442350930589575, -0.29750303266354566, -0.257795070917496, -0.23404036733855535, -0.2871934587993918, -0.24803089455838329, -0.34159460713830175, -0.5058136017246602, 0.5094568483836824, 0.034135544729056576, 0.13313308239559268, 0.1333415762116613, 0.159974306554562, 0.1525508457233281, 0.1791576399427027, 0.14751071259760884, 0.06318760922734243, -0.15632171446628484, 0.7270508780655635, 0.6373059836305094, 0.6925433942715551, 0.6971806009383502, 0.6812688752920731, 0.6996242049644158, 0.7071243088284122, 0.6905985267791545, 0.5188095930222425, 0.3746204404393814, 1.0429618270391465, 1.2171275435865954, 1.4244642991667325, 1.385887106780168, 1.415087998256585, 1.4777184546055568, 1.401178131848337, 1.49687812105732, 1.3555687461355075, 0.9396490729131435, 1.686746276823032, 2.0834934129445255, 2.04174366292068, 2.208248813908987, 1.9561513887220634, 1.999445518776866, 2.1693077989695655, 2.025017904853474, 2.0777405858748605, 1.762734879909497], "bean_num": 0.5, "model_info": {"det_num_x": 10, "det_num_y": 10, "det_y": 0.03, "det_x": 0.03, "size_x": 0.5, "size_y": 0.5, "med_margin": 0.0015}}