{"source": [-949.5659690118815, -32.67456855618351], "intensity": 100, "miu_detector": 0.3, "miu_medium": 1.2, "miu_air": 0.00018, "output": [0.7810255106342046, 0.2189744893657954, 0.0, 0.0, 0.0, 0.0, 0.0, 0.0, 0.0, 0.0, 0.0, 0.0, 0.0, 0.0, 0.0, 0.0, 0.0, 0.0, 0.0, 0.0, 0.0, 0.0, 0.0, 0.0, 0.0, 0.0, 0.0, 0.0, 0.0, 0.0, 0.0, 0.0, 0.0, 0.0, 0.0, 0.0, 0.0, 0.0, 0.0, 0.0], "miu_de": 0.5, "input": [0.05993150479768288, -0.8732005692654684, -1.0541478374938489, -1.0341179632453081, -1.0829792893209633, -1.1098901915233967, -1.1085403792489468, -1.1247353442065378, -1.141779382765493, -1.167110220934916, 0.2816376365580195, -0.8041002278004973, -0.9631565130045092, -1.0028798395871674, -1.025229604921941, -0.9936647836329672, -1.033945108378045, -1.0608425980862413, -1.0615776011111153, -1.0913585932497052, 0.17457206552944138, -0.7606894766918381, -0.8501293741278739, -0.9429444562429967, -0.9392320426649178, -0.9238579593209446, -0.9245374435741888, -0.9506222339319828, -1.0101314689234244, -1.0343942999767939, 0.23412146079738497, -0.6244502721964985, -0.7528922116779759, -0.791396620486709, -0.7392895623090892, -0.7328103733482859, -0.8033351768908605, -0.8001160732526738, -0.8450585118953267, -0.9184942688609762, 0.26992799846313237, -0.5608613553637154, -0.5650813743869759, -0.6051069878523857, -0.5240649027883163, -0.514147196056678, -0.565134765963417, -0.5155924656932646, -0.6885721859625163, -0.7776076157390087, 0.44092641816295886, -0.2886847639397371, -0.2758255471149193, -0.28693635800808726, -0.24939086463361176, -0.22149894255526684, -0.25128395519138047, -0.28429137132774673, -0.324072902140242, -0.5089349473616922, 0.5504022417693468, 0.07774643019949812, 0.059098734524221784, 0.06892958589299272, 0.23318697447098383, 0.1276200200879092, 0.13113363429096467, 0.08742216584105403, -0.033230969347685074, -0.19582717199384728, 0.7053202228141944, 0.647014284813408, 0.7023067051735535, 0.7604751154360553, 0.6608001083983311, 0.7032088238575699, 0.6469966653791537, 0.7204920470467443, 0.6366414023822227, 0.24961801640428224, 1.1245259045973321, 1.2534698100998785, 1.289327719622471, 1.450878109558915, 1.3613321611265956, 1.440826452850065, 1.4444244685633143, 1.5268619443002782, 1.3117587254220628, 0.8649545268540855, 1.6431374570146728, 2.1520323517224145, 2.0942772384986172, 2.0989151617735526, 2.0709762829097094, 2.091160072531959, 2.142864087064746, 2.0654128177218167, 1.9903563487083011, 1.6667626135390383], "bean_num": 0.5, "model_info": {"det_num_x": 10, "det_num_y": 10, "det_y": 0.03, "det_x": 0.03, "size_x": 0.5, "size_y": 0.5, "med_margin": 0.0015}}