{"source": [-297.6549281441182, -904.1016079690984], "intensity": 100, "miu_detector": 0.3, "miu_medium": 1.2, "miu_air": 0.00018, "output": [0.0, 0.0, 0.0, 0.0, 0.0, 0.0, 0.0, 0.024772881161739254, 0.9752271188382607, 0.0, 0.0, 0.0, 0.0, 0.0, 0.0, 0.0, 0.0, 0.0, 0.0, 0.0, 0.0, 0.0, 0.0, 0.0, 0.0, 0.0, 0.0, 0.0, 0.0, 0.0, 0.0, 0.0, 0.0, 0.0, 0.0, 0.0, 0.0, 0.0, 0.0, 0.0], "miu_de": 0.5, "input": [1.6434217082936937, 1.1222318555528512, 1.0275051265179656, 0.8470540943498224, 0.806066500573994, 0.7681207034467668, 0.8257154812409164, 0.7660370560996862, 0.639272168377007, 0.5505136257552143, 2.0064411076024613, 1.160817702306988, 0.5064221764991677, 0.12459946059638517, -0.2091986501888288, -0.3185451794425605, -0.41753354384770575, -0.4175698910083138, -0.43245841452928585, -0.6252506894726155, 2.003163873425019, 1.28166256444097, 0.48944732632678106, 0.003005199410227595, -0.32382838548625165, -0.6020095244036783, -0.7847520489827629, -0.839679537514236, -0.8958004893866902, -0.9568666827353809, 2.097392248614998, 1.2826521235420336, 0.5920487764353761, 0.026467362688678095, -0.35542819907614315, -0.6379983865479858, -0.7507628710777006, -0.9479022492505363, -0.9946097547151606, -1.10762957737758, 2.0466004551118044, 1.2181944975018681, 0.525323249764985, -0.005597991233573576, -0.40109058135222236, -0.5681341489534354, -0.7960655870773659, -0.9657097160416073, -1.0674798744181475, -1.1016140822936742, 2.1074374104156774, 1.3225300557221393, 0.676812189655696, 0.08052505616518213, -0.42236673508599465, -0.6543134163219227, -0.8121561220524421, -0.9356336519175911, -1.0761791736813018, -1.14126804155099, 2.038950862761568, 1.422997389575476, 0.6639514282276848, 0.047752344865085436, -0.39770056286434463, -0.6709383306993664, -0.8251508587567233, -0.9756642226391078, -1.0448310466031503, -1.1650393965958674, 2.135542272450307, 1.36419266614301, 0.5929390710371424, -0.022185721208412286, -0.28294267424459174, -0.6461282669268817, -0.8465483911986571, -1.0045457873025179, -1.0701750971889061, -1.1635890419459045, 1.8498499495901908, 1.186546311248978, 0.5137274676203668, -0.18622283221054067, -0.4263046642593559, -0.7255090304755538, -0.9428197846656108, -1.0018947067376538, -1.1279523903386526, -1.152668545552896, 1.7435807263483138, 0.8334910878650612, 0.21385282348512466, -0.17682658794587872, -0.5474271617884517, -0.8323146733237379, -0.9716659825037024, -1.0519743835444024, -1.1571986590315113, -1.1732035600765904], "bean_num": 0.5, "model_info": {"det_num_x": 10, "det_num_y": 10, "det_y": 0.03, "det_x": 0.03, "size_x": 0.5, "size_y": 0.5, "med_margin": 0.0015}}