{"source": [-853.9691784762665, 433.48711868154317], "intensity": 100, "miu_detector": 0.3, "miu_medium": 1.2, "miu_air": 0.00018, "output": [0.0, 0.0, 0.0, 0.0, 0.0, 0.0, 0.0, 0.0, 0.0, 0.0, 0.0, 0.0, 0.0, 0.0, 0.0, 0.0, 0.0, 0.0, 0.0, 0.0, 0.0, 0.0, 0.0, 0.0, 0.0, 0.0, 0.0, 0.0, 0.0, 0.0, 0.0, 0.0, 0.0, 0.0, 0.0, 0.0, 0.0, 0.9903343374586224, 0.00966566254137752, 0.0], "miu_de": 0.5, "input": [0.4398250400222451, 0.5475977342913733, 0.6958463510743668, 0.6328463136235207, 0.6899997135499204, 0.8517006251168342, 0.717797380557872, 0.9132909129114355, 1.0713641980237347, 1.7303707873430165, -0.6541463762617643, -0.5170180598507638, -0.4327858445879575, -0.41500056630395044, -0.3753229184797247, -0.24073373493579991, 0.06818236981469207, 0.42027347780850527, 1.2413075296095635, 1.9722268407553438, -1.036172458602453, -0.9269866076940525, -0.8514377771390161, -0.8099615859861391, -0.5929369510960615, -0.3377358979752936, -0.0037497679888392685, 0.6419041705426782, 1.4001455686380606, 1.973217675338688, -1.1065250028144562, -1.0364661781307152, -0.8860159671590915, -0.8045601763441868, -0.6472749795531555, -0.318152059006222, 0.05776210370803629, 0.5178697744014376, 1.4021542515815781, 2.127002427963836, -1.1224083446136157, -1.0410854570830232, -0.9228951790277139, -0.7956304114346557, -0.604238967111655, -0.3258125806260822, 0.04868976865510981, 0.6699242234619743, 1.3434396450391313, 2.160467011980584, -1.1454112479560634, -1.0505609013381754, -0.979584240631738, -0.8174871196436543, -0.6400604587017722, -0.30463028668888675, 0.0385828075708882, 0.5457144250392618, 1.3675435355905718, 2.0357769460620228, -1.155340477183218, -1.0640716486318476, -0.9934357165440733, -0.8171215967250851, -0.6316230285084201, -0.37271041499018376, 0.08421730565537347, 0.65117947138298, 1.330442046626158, 2.0507303803951205, -1.1657854493418487, -1.08042492596407, -0.9674881497038847, -0.8147945789086937, -0.6077420739312647, -0.37252503327304043, -0.023615564281610178, 0.5371559408085103, 1.3880692733200082, 2.021803787024613, -1.1576764077113795, -1.110805109279928, -0.9914150588904845, -0.8791548932464972, -0.6246103879136355, -0.37656956826622745, -0.06383403713265237, 0.5379381377568866, 1.216382967663866, 2.0334926393598955, -1.174820921336791, -1.1267052499401644, -1.0546276002004762, -0.9430363557776655, -0.7872878938595169, -0.5869641562141777, -0.2083312386398719, 0.2074920833400252, 0.8780389689998346, 1.6355390287538272], "bean_num": 0.5, "model_info": {"det_num_x": 10, "det_num_y": 10, "det_y": 0.03, "det_x": 0.03, "size_x": 0.5, "size_y": 0.5, "med_margin": 0.0015}}