{"source": [-960.4498470748109, 57.414160926954835], "intensity": 100, "miu_detector": 0.3, "miu_medium": 1.2, "miu_air": 0.00018, "output": [0.6198911845869738, 0.0, 0.0, 0.0, 0.0, 0.0, 0.0, 0.0, 0.0, 0.0, 0.0, 0.0, 0.0, 0.0, 0.0, 0.0, 0.0, 0.0, 0.0, 0.0, 0.0, 0.0, 0.0, 0.0, 0.0, 0.0, 0.0, 0.0, 0.0, 0.0, 0.0, 0.0, 0.0, 0.0, 0.0, 0.0, 0.0, 0.0, 0.0, 0.3801088154130262], "miu_de": 0.5, "input": [1.695903099161288, 2.0030201310412235, 2.2605674768093613, 2.1960350249175282, 2.261694510490181, 2.1945830014917243, 2.2634236831856622, 2.1316292339226317, 2.0394843376834566, 1.839618144927422, 0.9296894771119513, 1.3093765552175973, 1.3635697053197138, 1.354760783952817, 1.5006426138275692, 1.472083260488135, 1.451992850020009, 1.445381155749846, 1.3699103200267457, 0.9417568438295703, 0.41172056799678564, 0.6237289943302834, 0.694871618709525, 0.7823111647087028, 0.7624429827660316, 0.6709350152278016, 0.7402243963034087, 0.6867759377001419, 0.6578159360795067, 0.40403378018353037, -0.11897715906590768, 0.13667406466098078, 0.25944805230283197, 0.25419326770670125, 0.16970839865314177, 0.25141322709519903, 0.18251605100937246, 0.16525481025841812, 0.12044370651415788, 0.03683942035297772, -0.5514100972969957, -0.3069599820988636, -0.2294955071473489, -0.2129818527447917, -0.25165490019588876, -0.1486209253639685, -0.15458305773389158, -0.14270679455420335, -0.28426741649305076, -0.22298023673001618, -0.6567660710259503, -0.5881598911086181, -0.464263850242185, -0.4843743127266742, -0.5176739545781602, -0.4229288283608931, -0.4171488820813211, -0.46599792585715955, -0.5501702788669789, -0.39467327267835717, -0.8093294971252954, -0.6914559892134955, -0.7060998749307078, -0.6604350026477529, -0.703960774245385, -0.6829165123476323, -0.6631006328562749, -0.682169273237377, -0.7082038041837901, -0.5769171648623928, -0.9374424625536346, -0.8953369046654318, -0.850077926813047, -0.8409618294759243, -0.8357629674186401, -0.8594776623955548, -0.8575015966121975, -0.8512885329331634, -0.8519968895262627, -0.6260487140461256, -1.0229598438263956, -0.970445725563116, -0.9604728451388439, -0.9295836100050169, -0.962844744702744, -0.9170988788074509, -0.9332415366598821, -0.9034762888042819, -0.9347808834511286, -0.6380432625060393, -1.0841201598050365, -1.0593445957208725, -1.0193285714355094, -1.0164511053952638, -1.042859647550744, -0.9864498888436091, -1.0133380560612952, -1.0233987413921388, -1.0183930333829654, -0.7225629736402915], "bean_num": 0.5, "model_info": {"det_num_x": 10, "det_num_y": 10, "det_y": 0.03, "det_x": 0.03, "size_x": 0.5, "size_y": 0.5, "med_margin": 0.0015}}