{"source": [-867.6048336673333, 424.41969411448474], "intensity": 100, "miu_detector": 0.3, "miu_medium": 1.2, "miu_air": 0.00018, "output": [0.0, 0.0, 0.0, 0.0, 0.0, 0.0, 0.0, 0.0, 0.0, 0.0, 0.0, 0.0, 0.0, 0.0, 0.0, 0.0, 0.0, 0.0, 0.0, 0.0, 0.0, 0.0, 0.0, 0.0, 0.0, 0.0, 0.0, 0.0, 0.0, 0.0, 0.0, 0.0, 0.0, 0.0, 0.0, 0.0, 0.0, 0.8963565975867229, 0.10364340241327705, 0.0], "miu_de": 0.5, "input": [1.4141403621464397, 1.7505463404897081, 1.6864617276779754, 1.685206419199836, 1.7913172119501424, 1.7791220383474824, 1.712608374400336, 1.7221402787772078, 1.7295898972547255, 1.6309512157100732, 0.5252653481507145, 0.7754870877171627, 0.8196050649220675, 0.801758033987607, 0.7727353508441946, 0.9018871636303076, 0.8579787074413155, 0.8520352537614823, 0.9039328037436708, 1.6688140779531402, -0.24411396689150638, 0.029422875757220388, 0.1210244803101203, 0.05549619453709177, 0.10960903287143509, 0.15876767859196195, 0.1565145055461425, 0.21330208163792266, 0.7448744923390876, 1.5978788190531379, -0.5735967875766033, -0.3845737634196579, -0.3814658093115047, -0.4163616340606034, -0.40282125719120976, -0.29595025364772126, -0.3364516227701181, -0.002361009609668083, 0.6242102223423053, 1.605039284948166, -0.8003725037788244, -0.7533733080230971, -0.7294802051899918, -0.7461391317852832, -0.7123604879088028, -0.6105192274061926, -0.5257898920229419, -0.11977104799829962, 0.6442965342915079, 1.672054079254587, -1.013356615222572, -0.9278170829143767, -0.924255483376785, -0.9396371448811424, -0.8662207661052724, -0.7494066830931346, -0.5652584710271104, -0.058345548949795885, 0.6701318761058815, 1.5482986091131627, -1.1051843938156718, -1.0850742302169063, -1.0643370787628672, -1.0480049927847361, -0.9596763169379692, -0.8018332201360121, -0.5766365294407377, -0.08260012669075391, 0.5847285864000868, 1.5110693184511519, -1.2200817623889741, -1.18149912461512, -1.141860938568782, -1.0836010887440928, -0.9988692675887774, -0.8364742889806982, -0.6006825690083005, -0.195144833206089, 0.5692554256293152, 1.5090128754090217, -1.24704736758915, -1.1890703098125388, -1.1825513696239829, -1.1352807741963307, -1.0551504582278137, -0.854604582042105, -0.6215019640268968, -0.17887425012436226, 0.5195498639660959, 1.5334033863367071, -1.2832384585987298, -1.2311870304982437, -1.2226139909065845, -1.1491654653306427, -1.0952768691037178, -0.9758058161718455, -0.7355336204835458, -0.3977986476923517, 0.3289070763379613, 1.3276313831418696], "bean_num": 0.5, "model_info": {"det_num_x": 10, "det_num_y": 10, "det_y": 0.03, "det_x": 0.03, "size_x": 0.5, "size_y": 0.5, "med_margin": 0.0015}}