{"source": [-975.6138470833631, -82.2031018533749], "intensity": 100, "miu_detector": 0.3, "miu_medium": 1.2, "miu_air": 0.00018, "output": [0.4648620136398293, 0.5351379863601707, 0.0, 0.0, 0.0, 0.0, 0.0, 0.0, 0.0, 0.0, 0.0, 0.0, 0.0, 0.0, 0.0, 0.0, 0.0, 0.0, 0.0, 0.0, 0.0, 0.0, 0.0, 0.0, 0.0, 0.0, 0.0, 0.0, 0.0, 0.0, 0.0, 0.0, 0.0, 0.0, 0.0, 0.0, 0.0, 0.0, 0.0, 0.0], "miu_de": 0.5, "input": [1.7706683029150896, 2.11026247085953, 2.1527653126370696, 2.2633641489083933, 2.162286525227859, 2.1794391087670832, 2.2592813134707486, 2.2493361564857124, 2.0197731746377676, 1.8677699359448867, 0.9747639492445319, 1.329580780343396, 1.4486205236724776, 1.4395135824248946, 1.441102200363742, 1.4209454199935623, 1.4170872332069164, 1.5197605196344315, 1.312949459450042, 0.8817382062455409, 0.31853834456527247, 0.6324853704553022, 0.7271756051843231, 0.732477908346813, 0.6333236357927768, 0.8107823636968038, 0.6966914900688225, 0.743729340531959, 0.6009861935468158, 0.3305881281533106, -0.13595025697157215, 0.1290438776303451, 0.24559687475183156, 0.24346088663741058, 0.20942466420360645, 0.25944905416664, 0.17577006488488803, 0.15688318742172053, 0.11374598807951326, -0.1626449394938524, -0.46967016850645316, -0.25116223793221415, -0.1785624237366921, -0.12792730002499028, -0.10450831231686629, -0.13045241446456504, -0.16537593669319794, -0.22434026775294238, -0.2513883680345354, -0.3611299234302711, -0.6581227862455493, -0.5287999104876807, -0.5120053505858235, -0.4830073015142601, -0.45196808264764854, -0.4677961241712565, -0.4567295747915048, -0.4901497869280864, -0.5171575838360805, -0.6210837452864395, -0.8094001534467952, -0.6779233252368382, -0.6803957663086295, -0.6782667570993065, -0.6368592535206392, -0.6746804678740883, -0.6451348868083585, -0.6974826151954241, -0.7329244748402658, -0.7739387363628568, -0.914953258951577, -0.8197230262649681, -0.7873456331055985, -0.8192398917668013, -0.8030370852805158, -0.8172876557556827, -0.7865901201395551, -0.7714682568388076, -0.8418648747508344, -0.833871864343608, -1.0197325864450277, -0.9503564554810969, -0.8918533176774252, -0.892461091501302, -0.903158463663775, -0.8928875005434815, -0.8810977232307802, -0.8809527564892208, -0.9084398347385333, -0.8876866290019161, -1.0574634428618894, -1.0077614215223092, -1.012418671140314, -0.9942730940994705, -0.9827628835717733, -0.9812010611083619, -0.9627868169999336, -0.999019173590337, -0.9997938637943854, -0.9227336153468699], "bean_num": 0.5, "model_info": {"det_num_x": 10, "det_num_y": 10, "det_y": 0.03, "det_x": 0.03, "size_x": 0.5, "size_y": 0.5, "med_margin": 0.0015}}