{"source": [908.9688204957555, -378.0761463081312], "intensity": 100, "miu_detector": 0.3, "miu_medium": 1.2, "miu_air": 0.00018, "output": [0.0, 0.0, 0.0, 0.0, 0.0, 0.0, 0.0, 0.0, 0.0, 0.0, 0.0, 0.0, 0.0, 0.0, 0.0, 0.0, 0.0, 0.5093734828016847, 0.49062651719831524, 0.0, 0.0, 0.0, 0.0, 0.0, 0.0, 0.0, 0.0, 0.0, 0.0, 0.0, 0.0, 0.0, 0.0, 0.0, 0.0, 0.0, 0.0, 0.0, 0.0, 0.0], "miu_de": 0.5, "input": [0.9028636969733671, -0.3153563281597067, -0.8807014116663109, -1.0700061379767372, -1.1387485647507336, -1.1539905178635206, -1.184914452067944, -1.1807928992946672, -1.1902852143405243, -1.2180636831215645, 0.9318311222742318, -0.19536533404344597, -0.7698382600148919, -0.9842139622573977, -1.064463608087731, -1.0538455333129968, -1.121296966776358, -1.1089846037332496, -1.1178237214714526, -1.1559441287095298, 0.9890577093371429, -0.21987908586489344, -0.7689562429646477, -0.9168079316507313, -0.9539154323757769, -1.0168337044949982, -1.013526919896932, -1.0611121841272975, -1.0451504737740083, -1.1056851668362833, 1.065002464217094, -0.12274984973075623, -0.681272505882912, -0.860587568154939, -0.8253702620589644, -0.8734757425512343, -0.9105832606810536, -0.8714020924776915, -0.9095687941913263, -1.0100316744688247, 0.9205982454638444, -0.03437925529708352, -0.5819727192570924, -0.6767795956714145, -0.6794648148411819, -0.6489279753692713, -0.6943397931612094, -0.7399173611550891, -0.7795946188230061, -0.8562258689113006, 1.018955884263312, -0.05298543584947163, -0.41483904617466316, -0.4267534769127153, -0.41855826528173656, -0.428049038626455, -0.4126687195633689, -0.44647577035698566, -0.4803874823899081, -0.6755763511259889, 1.1655103129111535, 0.1151751279506254, 0.02878582078340408, -0.10697697520687317, -0.08453877091721002, -0.030804947787848994, 0.03105745787702341, -0.09719448592158014, -0.09131757249165301, -0.2710679726200889, 1.1302115618124127, 0.44662930827399766, 0.5104186661413008, 0.404709407619441, 0.4776865153015318, 0.5268765760879829, 0.5401536848309988, 0.561237392152704, 0.45264580884118577, 0.13228602732267422, 1.342306582708638, 1.1994454195162143, 1.1633600973977458, 1.1757793319694136, 1.234047499486701, 1.1519117828385137, 1.3193367347313727, 1.2243201675279025, 1.0994350756840274, 0.9029087994144367, 1.626780382888461, 1.884871828010393, 1.922425905008241, 1.994398521495839, 1.995155057262825, 2.062531114161324, 2.05458170699675, 1.8903922682132104, 1.9189021497659569, 1.686757318031834], "bean_num": 0.5, "model_info": {"det_num_x": 10, "det_num_y": 10, "det_y": 0.03, "det_x": 0.03, "size_x": 0.5, "size_y": 0.5, "med_margin": 0.0015}}