{"source": [-365.1556518393045, -924.7983616016608], "intensity": 100, "miu_detector": 0.3, "miu_medium": 1.2, "miu_air": 0.00018, "output": [0.0, 0.0, 0.0, 0.0, 0.0, 0.0, 0.0, 0.3940591704205085, 0.6059408295794915, 0.0, 0.0, 0.0, 0.0, 0.0, 0.0, 0.0, 0.0, 0.0, 0.0, 0.0, 0.0, 0.0, 0.0, 0.0, 0.0, 0.0, 0.0, 0.0, 0.0, 0.0, 0.0, 0.0, 0.0, 0.0, 0.0, 0.0, 0.0, 0.0, 0.0, 0.0], "miu_de": 0.5, "input": [1.5935289202787932, 1.860033353599161, 1.8546926071204761, 2.0459332702062536, 1.9765238257835611, 2.034293782319374, 2.115859450815403, 2.0474289567751494, 2.0305365442617402, 1.7588322846306168, 1.3461914182056012, 1.1138836379995154, 1.1303300753937011, 1.1430439315043517, 1.236869615963613, 1.308121742713898, 1.2533646501060474, 1.2579567134083312, 1.1715030416135672, 0.8474395506974345, 1.0773704539173767, 0.582971987680429, 0.45720111536456887, 0.49911978357527637, 0.4847177892660295, 0.5330876992157864, 0.572330693356466, 0.5003569296300654, 0.3682658270016406, 0.1799181400774633, 1.0533208241433465, 0.13944506971052417, -0.008902707262443917, -0.031233684430131713, 0.044587821654387794, -0.024874362125856992, -0.02048845681013133, -0.07175122051253166, -0.15980745891820006, -0.3034451446323956, 0.9818083779274558, -0.18078978219210365, -0.31465613102896395, -0.36670556970025764, -0.43589149631094304, -0.4623626249236076, -0.41253212468733885, -0.4023889982314987, -0.4356187916921909, -0.5642080522752784, 0.9610728997169296, -0.14845607679739334, -0.5848042846870781, -0.5914064801405842, -0.6779398952685513, -0.6986475531283419, -0.6910193760249644, -0.7798895888562992, -0.7523360078847934, -0.8602693759648501, 0.9731483312454549, -0.21498623632995467, -0.6969580055841589, -0.8022135293833523, -0.8139187248493551, -0.8583014430877765, -0.8520488003991856, -0.8820503849029119, -0.9396777320495547, -0.9927577621807825, 0.9686049887380291, -0.1544313791872803, -0.7333358161168533, -0.9106184529097774, -0.966771741319509, -1.0107682078903486, -1.0104889475262078, -1.014059598498592, -1.0307157772417892, -1.1091034123500987, 0.8516805317128999, -0.24036466255911365, -0.7674871887145498, -1.0198598370132945, -1.049352578078803, -1.0660147661774566, -1.0727364548188854, -1.1247971036669902, -1.1478457511168705, -1.1748988813695975, 0.7854589697380328, -0.4752520604892007, -0.8969916640842992, -1.0659158498798378, -1.1393520430218098, -1.1726378434627696, -1.1720376085060906, -1.187731677818614, -1.1851809038579353, -1.2087475361384104], "bean_num": 0.5, "model_info": {"det_num_x": 10, "det_num_y": 10, "det_y": 0.03, "det_x": 0.03, "size_x": 0.5, "size_y": 0.5, "med_margin": 0.0015}}