{"source": [-25.815165495202784, 132.80751332128366], "intensity": 100, "miu_detector": 0.3, "miu_medium": 1.2, "miu_air": 0.00018, "output": [0.0, 0.0, 0.0, 0.0, 0.0, 0.0, 0.0, 0.0, 0.0, 0.0, 0.0, 0.0, 0.0, 0.0, 0.0, 0.0, 0.0, 0.0, 0.0, 0.0, 0.0, 0.0, 0.0, 0.0, 0.0, 0.0, 0.0, 0.0, 0.0, 0.0, 0.0, 0.7777777777777775, 0.22222222222222254, 0.0, 0.0, 0.0, 0.0, 0.0, 0.0, 0.0], "miu_de": 0.5, "input": [1.1594785893913462, 1.599345814965072, 1.285232375265156, 1.3042140943252012, 1.267370613652724, 1.2332008702655084, 0.9386778284872267, 1.5495594214110868, 1.5597940253035967, 0.9952772391877948, 1.6118426839685482, 1.153590456568923, 0.5181988992259536, 0.6761053288086508, 0.6788672865096468, 0.4716562599113436, 0.6957300756308217, 0.6252388345173765, 0.5319049548881626, 0.03903384266373098, 1.9080132249589068, 0.9762595178568324, 0.3961751683632389, 0.24332124357869117, -0.025551328797119334, -0.06430196336044382, -0.0810559108466918, 0.02481273329279141, -0.3146240727090593, -0.45227626092273987, 1.7596926194169744, 0.9633674218242625, 0.30055512923304956, 0.12934931908169156, -0.41432018162091677, -0.5349691010613615, -0.547549445363561, -0.6366168256002945, -0.8277834352887796, -0.9044826967176361, 1.3926850354615339, 0.8098761031380263, 0.2821836408067606, -0.23636411844999136, -0.43148284405625204, -0.556822355511876, -0.9044834182668656, -0.7885704345726602, -0.9435507716910979, -1.2340328689071358, 1.7143991753995709, 1.0600417546019036, 0.8507368228955753, -0.029086632606396025, -0.3202704720335625, -0.8681490360092446, -0.9793500134190681, -1.1003193420546291, -1.2672580117677876, -1.3293864893355667, 1.515510569757269, 1.2831723538838107, 0.4169291031326788, -0.010587380996657868, -0.4608444655604808, -0.7946311921018026, -0.9354392448361344, -1.1985315189828076, -1.3412001364660413, -1.4169484001122998, 1.696984607962513, 1.2841429882900184, 0.5398586961797596, -0.25032196750282465, -0.7208350083136005, -0.7242954391672406, -1.0469880694744935, -1.1820626018599973, -1.3776858609664486, -1.52907909568301, 1.4220636181752364, 0.9157002028036791, 0.12779373749177253, -0.28841842293271835, -0.6746127812518123, -0.9493981533393029, -1.0787417113559838, -1.270353210033285, -1.3698713407282974, -1.564642453569969, 1.1107748320529292, 0.5648502957102983, -0.014104320232777339, -0.35024428679402997, -0.5687159519096338, -1.0833782601291637, -1.1811270739991886, -1.3531180504476643, -1.4751136725704201, -1.5796213080088306], "bean_num": 0.5, "model_info": {"det_num_x": 10, "det_num_y": 10, "det_y": 0.03, "det_x": 0.03, "size_x": 0.5, "size_y": 0.5, "med_margin": 0.0015}}