{"source": [-145.90405002928904, -15.335133600493362], "intensity": 100, "miu_detector": 0.3, "miu_medium": 1.2, "miu_air": 0.00018, "output": [0.33333333333333803, 0.666666666666662, 0.0, 0.0, 0.0, 0.0, 0.0, 0.0, 0.0, 0.0, 0.0, 0.0, 0.0, 0.0, 0.0, 0.0, 0.0, 0.0, 0.0, 0.0, 0.0, 0.0, 0.0, 0.0, 0.0, 0.0, 0.0, 0.0, 0.0, 0.0, 0.0, 0.0, 0.0, 0.0, 0.0, 0.0, 0.0, 0.0, 0.0, 0.0], "miu_de": 0.5, "input": [1.4103891936646265, 1.241542879176295, 0.7934269030188394, 0.7867309818858705, 0.8805081365172135, 0.8368533778147984, 0.6941956522186973, 0.7974124156158, 0.6309725120175407, 0.2731580518866938, 1.4112652119562772, 1.2522350369704742, 0.4863275150165975, 0.05587644467745062, 0.12927897662825089, 0.011618405002565715, -0.21074496511648547, -0.24030358195798157, -0.3278965373761886, -0.45050847496542046, 1.776441744640394, 1.2667788237775772, 0.6691452410326535, 0.03707504381613027, -0.049288306236217556, -0.4202506243079879, -0.6939583674696478, -0.8735050880612295, -1.0835923520250605, -1.1552692317956517, 1.884851666526589, 1.354807782376484, 0.6299200386918056, 0.22058670663695998, -0.08251085327038514, -0.6643566035976003, -0.6110040178435713, -0.9114529721880686, -1.1218025098282458, -1.2459579345633798, 1.9207909838442205, 1.3368962636655273, 0.5713657190011217, 0.3368272561945536, -0.2881314374817326, -0.5311903149208953, -0.9030028465854937, -1.059248236530318, -0.9370273896973416, -1.3653627598358502, 1.4459519515510006, 1.452380077710618, 0.8582953598688706, 0.3772968837921364, -0.42280170445779386, -0.6583628991686805, -0.8381522653712524, -0.9094901577557782, -1.3724553550315493, -1.3418049739275197, 1.9632596675902616, 1.9157097372908825, 0.7953916930589772, 0.4792914712967424, -0.2144821847515931, -0.5407779948400454, -0.7868111869303439, -0.9686458192481179, -1.1451312204869055, -1.3858381794773267, 1.7016734242355778, 1.3995973865890827, 0.8384272458026669, 0.028072861994733928, 0.14737774070003362, -0.6700476977009092, -0.742285257093218, -1.0968801049967152, -1.1739439078547895, -1.325059692745313, 1.772670983130084, 1.53889053602161, 0.738860995814308, 0.09050188844382073, -0.3911952784086913, -0.8526702947859741, -1.029689005579201, -1.1665033927483863, -1.1873345268806361, -1.2090328231646323, 1.1904679182784037, 0.8560478479697828, 0.19452936938853846, -0.25665756138590173, -0.6061443101517536, -0.9923432601280464, -0.9505219332246553, -1.1515625377735001, -1.4541874706685816, -1.4147956024075317], "bean_num": 0.5, "model_info": {"det_num_x": 10, "det_num_y": 10, "det_y": 0.03, "det_x": 0.03, "size_x": 0.5, "size_y": 0.5, "med_margin": 0.0015}}