{"source": [-58.25593809553696, -233.65180577882404], "intensity": 100, "miu_detector": 0.3, "miu_medium": 1.2, "miu_air": 0.00018, "output": [0.0, 0.0, 0.0, 0.0, 0.0, 0.0, 0.0, 0.0, 0.5555555555555564, 0.44444444444444364, 0.0, 0.0, 0.0, 0.0, 0.0, 0.0, 0.0, 0.0, 0.0, 0.0, 0.0, 0.0, 0.0, 0.0, 0.0, 0.0, 0.0, 0.0, 0.0, 0.0, 0.0, 0.0, 0.0, 0.0, 0.0, 0.0, 0.0, 0.0, 0.0, 0.0], "miu_de": 0.5, "input": [-1.501986821715531, -1.40840584748022, -1.3797705343288202, -1.3921678585294328, -1.3421889557698603, -1.3508010063377338, -1.2153176990677987, -0.9758318239603944, -0.38431944729433787, 0.7014784716925295, -1.4038941628371253, -1.3265421587338615, -1.3162748638385091, -1.210420840728235, -1.1996883871760766, -1.1471909142815317, -0.9343845029580933, -0.6041777802928279, -0.07727518641873496, 0.7971777018241588, -1.2327662422701595, -1.1809541055167174, -1.0798306551257644, -1.1048288477175987, -1.023779419043471, -0.9901389307514035, -0.9509583773117349, -0.5830738849648881, -0.03398659806201308, 0.8869879857892956, -1.1190328286496538, -0.9585599154243554, -0.8237583433229226, -0.7743387073546396, -0.8717240115548232, -0.7917268645085248, -0.8241553459950124, -0.6178657254610642, 0.1528311575562993, 0.992826085954907, -0.9240001987390096, -0.7154764340180277, -0.5523078030677594, -0.606354990806265, -0.6019128427247842, -0.6757049358832024, -0.6129761815320369, -0.2767754998800782, 0.20204006283456888, 1.117369267607535, -0.7769608906331735, -0.5845938179550605, -0.4535374838855937, -0.16988395797958045, -0.3131656584835567, -0.31630436938090506, -0.38543366035272225, -0.23811949511220956, 0.0464851219238458, 1.1943418752113601, -0.30104502540073325, -0.05028294690051924, 0.1581390334685861, 0.1382777486019357, 0.15618283384239798, 0.2266556974402177, 0.050589400586052304, 0.21185423676021564, 0.3049021274896773, 1.086134794850596, 0.15044929485650863, 0.3811359599661445, 0.5928266187248824, 0.6683334499421811, 0.599257983546841, 0.6447989464528333, 0.7871488005030409, 0.6879033088169496, 0.7529939873211341, 1.1185353964254818, 0.6482455453552233, 1.1021537766477258, 1.3170487942288729, 1.3663382833591367, 1.3514124208394764, 1.3969258861169986, 1.2884183259341804, 1.23174871402041, 1.2917414647474268, 1.4233374987464087, 1.160466789021788, 1.6768345630411232, 1.5040697866439101, 1.8881235821454185, 1.931879831043029, 1.7916059164672942, 1.7571401476814192, 1.9126275286072671, 1.477731362599895, 1.3614462202818844], "bean_num": 0.5, "model_info": {"det_num_x": 10, "det_num_y": 10, "det_y": 0.03, "det_x": 0.03, "size_x": 0.5, "size_y": 0.5, "med_margin": 0.0015}}