{"source": [233.38453858934793, 71.35281402483638], "intensity": 100, "miu_detector": 0.3, "miu_medium": 1.2, "miu_air": 0.00018, "output": [0.0, 0.0, 0.0, 0.0, 0.0, 0.0, 0.0, 0.0, 0.0, 0.0, 0.0, 0.0, 0.0, 0.0, 0.0, 0.0, 0.0, 0.0, 0.0, 0.0, 0.0, 0.11111111111111056, 0.8888888888888894, 0.0, 0.0, 0.0, 0.0, 0.0, 0.0, 0.0, 0.0, 0.0, 0.0, 0.0, 0.0, 0.0, 0.0, 0.0, 0.0, 0.0], "miu_de": 0.5, "input": [-1.4161758719339648, -1.3676888391073019, -1.2974988747014622, -1.3101626181031873, -1.3661392015191842, -1.3346113975371905, -1.1909150164870994, -1.1826998867951537, -0.7149383839524617, 0.3819887508719724, -1.2936232224088604, -1.1950200784643128, -1.1393780562472426, -1.13002729541737, -1.1393837585961983, -1.0866941221095296, -1.1348058374859549, -0.8984594878367276, -0.7516686090073607, 0.3091169626262373, -1.20446883461029, -1.1670472124728297, -1.0080102968994848, -0.9545502881497921, -1.0654966144165525, -1.021419832130197, -0.84010132486884, -0.7522991484463997, -0.5405088913229615, 0.5687858215808512, -1.0188011865065105, -0.9929991741767692, -0.7567587393293954, -0.7229659532986077, -0.7875519313273589, -0.9035179126706531, -0.7451294941068342, -0.7704714533280693, -0.3694931752871837, 0.3825433750844703, -0.8271923966821014, -0.6298378079450059, -0.41210265267654594, -0.545608027512122, -0.5903962662900808, -0.4866643787342278, -0.5521697927344446, -0.42699171986334444, -0.3035867050740021, 0.4455412801617371, -0.5366407889023158, -0.19282172075593132, -0.12860153245499548, -0.24646896151750236, -0.022335843274237068, -0.1330522782356943, 0.03881553950003853, -0.11663132930304593, -0.19936250311849812, 0.7333483680010823, -0.3002824052255497, 0.19848718760548084, 0.3291881565891025, 0.2289279956602981, 0.22660563358055325, 0.34748337828572723, 0.07098143950308312, 0.24273824911724995, 0.10236303935161827, 0.6798975888004987, 0.15027186943820206, 0.8194337242106661, 0.8466279019193313, 0.6636087303816645, 0.7884951477322621, 0.8502628247639306, 0.9244826915140903, 0.7885390753240427, 0.5779666122574424, 0.7608452268464425, 1.017434746439424, 1.220692764912976, 1.5873791327316737, 1.210136336696351, 1.2032785919327713, 1.591810643245861, 1.5560786090729215, 1.394450019961448, 1.4696847231985013, 1.087351457493813, 1.2139964061449768, 1.5623399466831447, 2.0467010350587564, 1.8735886600014127, 1.933442296364434, 2.1783412981723713, 1.7794426116639366, 1.7528881003137957, 1.7559309908167826, 1.3299141897455404], "bean_num": 0.5, "model_info": {"det_num_x": 10, "det_num_y": 10, "det_y": 0.03, "det_x": 0.03, "size_x": 0.5, "size_y": 0.5, "med_margin": 0.0015}}