{"source": [246.74855775477303, -89.80913037085227], "intensity": 100, "miu_detector": 0.3, "miu_medium": 1.2, "miu_air": 0.00018, "output": [0.0, 0.0, 0.0, 0.0, 0.0, 0.0, 0.0, 0.0, 0.0, 0.0, 0.0, 0.0, 0.0, 0.0, 0.0, 0.0, 0.0, 0.2222222222222215, 0.7777777777777786, 0.0, 0.0, 0.0, 0.0, 0.0, 0.0, 0.0, 0.0, 0.0, 0.0, 0.0, 0.0, 0.0, 0.0, 0.0, 0.0, 0.0, 0.0, 0.0, 0.0, 0.0], "miu_de": 0.5, "input": [1.2251374682061948, 0.42497653497660876, 0.11947862030943744, -0.36949164418269115, -0.7816320367895551, -1.09080159795513, -1.0945279913751809, -1.3513743321500429, -1.451342728885923, -1.5760138725720947, 1.6204933962095485, 0.7922221334381709, 0.10303680888894588, -0.04053393843230512, -0.5252477391543436, -0.7855630648240549, -1.263176015055575, -1.236432517838633, -1.413419011132069, -1.5730840125143237, 1.7885309021177236, 1.7642757627993693, 0.3626432658866642, -0.24414505473257508, -0.43748688635888194, -0.805501360334171, -1.0090128088640593, -1.1803693540899154, -1.2350568218613864, -1.3832320760695402, 1.602882354624797, 0.9609977635230094, 0.31620951523835694, -0.23619573818429873, -0.578316061096117, -0.7489353934635523, -0.9477740668379224, -1.1531018749214803, -1.2079199356526618, -1.3700752644882903, 1.6785527158110916, 0.8776353446059809, 0.10412664224021397, 0.038773554893409494, -0.5552685454814978, -0.8325431451523092, -0.8570964692725248, -1.0656074859615918, -1.0966275503338705, -1.2149030148058517, 2.0983297539221275, 0.8287512853451583, 0.30383892662852785, -0.20633406371130014, -0.24787632729740264, -0.6805071990386437, -0.7519178837220573, -0.7905036353143688, -0.9239027038428979, -1.123555845148666, 1.6914603026613164, 0.7523434665014765, 0.6516642662606537, -0.011266419767808449, -0.30118453528814093, -0.5050660253367574, -0.49438755827336894, -0.5852243012213364, -0.7321631169781471, -1.022126540183757, 1.7870754068707835, 0.9562862591302055, 0.3727672867864847, -0.05256690492043639, -0.19891882938766148, -0.061683174352037816, -0.4299697204546574, -0.3852900133961236, -0.33013660150004376, -0.5082997138081229, 1.5934380155351195, 0.8831476160234443, 0.508683717838464, 0.32131845739342174, 0.5728214006842188, 0.5802559829901163, 0.6153019438097864, 0.5502781599356651, 0.58060628284394, 0.2049139982905249, 1.530779750380508, 1.325033249316637, 1.2525088307333851, 1.2791618572838641, 1.2649377722273665, 1.5701852404421057, 1.7351831263616186, 1.3829238416437593, 1.4056883169939238, 0.6750332251640176], "bean_num": 0.5, "model_info": {"det_num_x": 10, "det_num_y": 10, "det_y": 0.03, "det_x": 0.03, "size_x": 0.5, "size_y": 0.5, "med_margin": 0.0015}}