{"source": [41.95181014504393, 399.1448112343004], "intensity": 100, "miu_detector": 0.3, "miu_medium": 1.2, "miu_air": 0.00018, "output": [0.0, 0.0, 0.0, 0.0, 0.0, 0.0, 0.0, 0.0, 0.0, 0.0, 0.0, 0.0, 0.0, 0.0, 0.0, 0.0, 0.0, 0.0, 0.0, 0.0, 0.0, 0.0, 0.0, 0.0, 0.0, 0.0, 0.0, 0.0, 0.0, 0.6666666666666662, 0.3333333333333338, 0.0, 0.0, 0.0, 0.0, 0.0, 0.0, 0.0, 0.0, 0.0], "miu_de": 0.5, "input": [1.2975668113062941, 0.8798744001591883, 1.47364966352644, 1.6124617657198013, 1.6139908614741938, 1.5126956428952067, 1.4781569241513812, 1.380878652106454, 1.7662239566706912, 0.867139444564329, 1.8460147820310293, 0.8575584224548491, 1.2012744791042604, 1.0967304133617917, 0.7119075606391907, 0.8451471978687725, 0.7634208949783093, 0.8532772359959706, 1.445919595239956, 0.43503493564070783, 1.55375711958015, 0.8509937430279843, 0.3244643776958025, 0.20277319360378773, 0.35967350987973534, 0.03336516464470453, 0.02290131240344056, -0.12341032920376942, -0.17629233513820633, -0.19746606705494568, 1.1938612306804737, 0.9183063211204407, 0.3914106389630003, -0.03375743554398473, -0.15057302449466228, -0.2280075699191089, -0.15120050704239338, -0.14666161594148416, -0.02803285246582426, -0.6625331343310262, 1.4592801730861673, 0.6267599233439454, 0.38871998764111393, -0.4146941251476375, -0.4792111731797508, -0.4748643430792443, -0.5539646463496527, -0.8965661789204311, -0.986298930255189, -0.9353939134218591, 1.285572120912778, 0.6740410762273794, -0.1614529762943571, -0.31659660778568316, -0.6971464788385157, -0.6699743670040713, -0.9742461594231407, -1.1596407497116077, -1.0167499096464858, -1.2494497250751266, 1.404179991190814, 0.9169639370869449, 0.012078969864783592, -0.5652097277412093, -0.7985737246581253, -0.9853486443144576, -0.9658522758259104, -1.048286852196648, -1.1874937993730323, -1.2658402375126032, 1.8001455177761585, 1.266569566238731, -0.05749168455542632, -0.5221342745480478, -0.8684836081901335, -1.1058054348947515, -1.3279297421778646, -1.2642152348760054, -1.2020183754688791, -1.1078357135261891, 1.3842580088769432, 0.7407680131968387, -0.17177120594307393, -0.09835893736341597, -0.7257100300727249, -1.2470149192063125, -1.3120515612351387, -1.2438834385177424, -1.3048938550727809, -1.364210441207399, 1.380668175313746, 0.37304381632508676, -0.2231242321103091, -0.7474603451534776, -1.0828577803097323, -1.285280142837738, -1.3380838913241702, -1.31316252083603, -1.3633072886874151, -1.5256044535648583], "bean_num": 0.5, "model_info": {"det_num_x": 10, "det_num_y": 10, "det_y": 0.03, "det_x": 0.03, "size_x": 0.5, "size_y": 0.5, "med_margin": 0.0015}}