{"source": [415.0155767643393, 211.46099829803958], "intensity": 100, "miu_detector": 0.3, "miu_medium": 1.2, "miu_air": 0.00018, "output": [0.0, 0.0, 0.0, 0.0, 0.0, 0.0, 0.0, 0.0, 0.0, 0.0, 0.0, 0.0, 0.0, 0.0, 0.0, 0.0, 0.0, 0.0, 0.0, 0.0, 0.0, 0.0, 0.0, 1.0, 0.0, 0.0, 0.0, 0.0, 0.0, 0.0, 0.0, 0.0, 0.0, 0.0, 0.0, 0.0, 0.0, 0.0, 0.0, 0.0], "miu_de": 0.5, "input": [-1.5047253003511953, -1.373138969072479, -1.3386676001037803, -1.3557617045989188, -1.274237330410328, -1.2352381459133475, -1.1970788401823618, -1.205439803269283, -0.7847044051065676, -0.11946312417414229, -1.3355909468378895, -1.166694248642991, -1.1477363392912494, -1.0332016883997341, -1.096982715734207, -1.1382333034567615, -1.0784694962774506, -0.7831722555665687, -0.4581784622052212, 0.4024583561805514, -1.2032668909959152, -1.1327542466472906, -1.0014085251080371, -0.8707792439933376, -1.0191331154632617, -0.8881245429501746, -1.0246192018409206, -0.8410174993522689, -0.5464462154202713, 0.5527613521377619, -1.0235037094960617, -0.8754309193939029, -0.8723281777484683, -0.7461893065878633, -0.5921460452413814, -0.8486978949744355, -0.8140607979569121, -0.7183481975692598, -0.5183202609696486, 0.48799018540880446, -0.7792098197327192, -0.6830845505394362, -0.72094335181376, -0.5813043815785791, -0.43155926118502863, -0.29471680219276397, -0.3050975029773243, -0.6379553518047211, -0.43278236670769465, 0.3867501518584998, -0.5821311619396367, -0.20314562791076826, -0.06423027317217965, -0.048001949493836654, -0.3156721592848609, -0.0005903268203902744, -0.22539456992733847, 0.06542398908933524, -0.2018154904025875, 0.2985359137373475, -0.23870830777747742, 0.016590533198012788, -0.06718111386460675, 0.08772822218811814, 0.3526755991393198, 0.5968493953229532, 0.3618974569518622, 0.5079706434662709, 0.3574159958847221, 0.9224573947906085, -0.06894777273496717, 0.4673673265310578, 0.3698336212826856, 1.1116392086838403, 0.7752657646407974, 1.2902672287864856, 1.2179017691297587, 0.7019684419683861, 0.6904679868082833, 0.6549025245708049, 0.6164983300608773, 1.022398159497865, 1.4077969443055194, 1.4750660863620442, 1.6028284784563138, 1.4510159035738412, 1.4949282027261728, 1.2917852671628676, 1.4741576937431606, 1.3380023330064938, 1.2217616679214474, 1.5836240868243296, 1.6895722399272581, 1.6611053837235419, 2.0259583156745213, 1.9438067284314715, 2.2108842128475352, 1.7492967603804894, 1.422331673410439, 1.6858240833721043], "bean_num": 0.5, "model_info": {"det_num_x": 10, "det_num_y": 10, "det_y": 0.03, "det_x": 0.03, "size_x": 0.5, "size_y": 0.5, "med_margin": 0.0015}}