{"source": [-145.2119496779548, 506.414250725199], "intensity": 100, "miu_detector": 0.3, "miu_medium": 1.2, "miu_air": 0.00018, "output": [0.0, 0.0, 0.0, 0.0, 0.0, 0.0, 0.0, 0.0, 0.0, 0.0, 0.0, 0.0, 0.0, 0.0, 0.0, 0.0, 0.0, 0.0, 0.0, 0.0, 0.0, 0.0, 0.0, 0.0, 0.0, 0.0, 0.0, 0.0, 0.0, 0.0, 0.0, 0.22222222222222254, 0.7777777777777775, 0.0, 0.0, 0.0, 0.0, 0.0, 0.0, 0.0], "miu_de": 0.5, "input": [0.954968209274381, 1.663003815453824, 1.8528020393765392, 1.4630980894848622, 1.7295093544708717, 1.7838932335376727, 1.890705559916912, 1.743625517523313, 1.7972018567569827, 1.3678057625836182, 0.7893690447392788, 1.0846748849511025, 1.0959931280567847, 1.1228492422634377, 1.281122843314556, 1.619685095501981, 1.488899320711045, 1.4908943801105754, 1.337059350205996, 1.1495524952769565, 0.15150837105019094, 0.5412957824310385, 0.6736601154136355, 0.852627700514367, 0.6320000369507833, 0.4982991253061363, 0.5759901531422368, 0.778104864009867, 0.4868809007734311, 1.0427192027030145, -0.3007169602532731, -0.11330945499841517, -0.09769976060621026, 0.13084999819587181, 0.21212058796060496, 0.1756738346650821, 0.10042111491673429, 0.21164982033257762, 0.3671397448550398, 1.2210406968890464, -0.48137692495893275, -0.3988925021074646, -0.4774628260011661, -0.281903092775185, -0.17763568352386253, -0.18323351503904414, -0.32474374161520503, -0.19503960087508565, 0.2488636639694763, 1.1135857746103677, -0.9232526609987122, -0.7096769653199345, -0.72088911237874, -0.6374940856781722, -0.5440408201183732, -0.56845174878813, -0.5174244666664394, -0.21934910418541123, -0.12214568320701205, 1.2478272467137768, -1.0960470653651109, -0.9745351921174351, -0.8196619296999051, -0.9467170334230938, -0.7842107363067621, -0.9201217140556991, -0.6699954439883735, -0.5969914769573509, 0.12621166924473143, 1.0679726650668608, -1.254784816623399, -1.0810408666669968, -1.0309205993166237, -1.0404483490181362, -1.1724637438267025, -1.0178297365800855, -0.9886919334396123, -0.6463153901080338, -0.18525762566794055, 1.0476166762201566, -1.4341002259927385, -1.324782948631389, -1.1904469254356176, -1.1534425330192724, -1.1610081480239423, -1.219110264572814, -1.0153400144971063, -0.8498017414620413, -0.12018220584677282, 0.9791156235687483, -1.5227259210806474, -1.4303061607900125, -1.3639903901599526, -1.3572800506054983, -1.372022325688211, -1.2931468302761613, -1.1383038230987785, -1.0160502234896887, -0.4809593640949022, 0.4738838670070958], "bean_num": 0.5, "model_info": {"det_num_x": 10, "det_num_y": 10, "det_y": 0.03, "det_x": 0.03, "size_x": 0.5, "size_y": 0.5, "med_margin": 0.0015}}