{"source": [300.454190974078, -542.0337087886779], "intensity": 100, "miu_detector": 0.3, "miu_medium": 1.2, "miu_air": 0.00018, "output": [0.0, 0.0, 0.0, 0.0, 0.0, 0.0, 0.0, 0.0, 0.0, 0.0, 0.0, 0.0, 0.0, 0.7777777777777817, 0.2222222222222183, 0.0, 0.0, 0.0, 0.0, 0.0, 0.0, 0.0, 0.0, 0.0, 0.0, 0.0, 0.0, 0.0, 0.0, 0.0, 0.0, 0.0, 0.0, 0.0, 0.0, 0.0, 0.0, 0.0, 0.0, 0.0], "miu_de": 0.5, "input": [0.7576322770446963, 1.3711073243103733, 1.4389585353358056, 1.151477745919227, 1.3757460309408334, 1.1165938857695883, 1.5944466107105975, 1.2230092574983527, 1.0184933188510146, 1.1453553640177156, -0.3840045369176895, 0.024043006916700357, 0.21361102962840153, 0.33113194295031234, 0.3300759960156396, 0.6017040007232112, 0.2951701801678207, 0.8003753393109991, 1.060261227814769, 1.1283599511205742, -0.6229535336133053, -0.613296105762278, -0.4765009471386943, -0.5716708135657289, -0.24497156883739632, 0.07304001336952054, 0.2270822133432186, 0.45853458077117804, 1.0687388063763683, 1.4329997318716514, -1.2037457961986147, -1.0677603061355168, -0.9121372814000207, -0.5306048807412224, -0.5860569378472166, -0.2856002012508286, -0.15976050905156045, 0.4406737769357057, 1.3088713836216017, 1.745649728153837, -1.28383943039743, -1.1427540656659434, -1.00010505823653, -0.833477418927277, -0.5615214092737972, -0.21200589556888344, 0.07432891750314811, 0.7578735224578683, 1.3276295119496122, 1.4475412119718731, -1.3177829335114233, -1.233772723923256, -1.0714582621010504, -0.8872671558232567, -0.7773561983379924, -0.4218847568456797, 0.32058358234133605, 1.0436819329002363, 1.1587396784901876, 1.9800120750461772, -1.4827906902263825, -1.3257082758654988, -0.9052577672376735, -0.9275264677477782, -0.6604809689580308, -0.16008152975028794, -0.22072478220638952, 0.7320658267738155, 0.900953863611979, 2.0253210227080913, -1.4145175583249436, -1.167994785277402, -0.9560415477902422, -1.030233089445763, -0.8414278213919993, -0.3164524428916886, -0.24404263344864582, 0.7399759815245408, 1.0191830721980977, 1.7727602898718313, -1.3701764131328955, -1.340218857266699, -1.1309085188844517, -1.0304778795422667, -0.7789966914430437, -0.6248743885387467, -0.012542942154785186, 0.2965004779523735, 0.888998987874579, 1.6620296676592878, -1.5246076778912097, -1.5012950086763965, -1.3014829907617527, -0.9879399346055676, -0.9048443559617451, -0.7759141138261896, -0.5730253469555898, -0.23569164493716635, 0.9246039034952859, 1.3426390663937762], "bean_num": 0.5, "model_info": {"det_num_x": 10, "det_num_y": 10, "det_y": 0.03, "det_x": 0.03, "size_x": 0.5, "size_y": 0.5, "med_margin": 0.0015}}