{"source": [-453.77624625374267, 453.7762462537427], "intensity": 100, "miu_detector": 0.3, "miu_medium": 1.2, "miu_air": 0.00018, "output": [0.0, 0.0, 0.0, 0.0, 0.0, 0.0, 0.0, 0.0, 0.0, 0.0, 0.0, 0.0, 0.0, 0.0, 0.0, 0.0, 0.0, 0.0, 0.0, 0.0, 0.0, 0.0, 0.0, 0.0, 0.0, 0.0, 0.0, 0.0, 0.0, 0.0, 0.0, 0.0, 0.0, 0.0, 0.0, 1.0, 0.0, 0.0, 0.0, 0.0], "miu_de": 0.5, "input": [1.3562567760469928, 1.1312499326556495, 0.9303932707038459, 0.9680636051488372, 0.8169359163544052, 0.8555505970735404, 0.7433566840614234, 0.6859147333554728, 0.8330221874742201, 0.362911086174051, 1.8322445172000605, 1.2132696962477922, 0.6450081793806741, 0.2128997677364644, -0.0428403308373481, -0.07174369033251494, -0.0574076780988352, -0.20136174293387085, -0.2870386581224585, -0.5565565475450812, 1.6367292820483168, 1.5320783688155213, 0.7905034660097988, 0.1970354058722847, -0.1574107257946691, -0.5043884839963534, -0.540682152514546, -0.7442032884594304, -0.7965044371585145, -0.9632572946892638, 1.9873020437311877, 1.4780800715382383, 0.8265982303576049, 0.2909332565846607, -0.3386736196174851, -0.5023745298890498, -0.6217073760528257, -0.9080203629553188, -1.0993146936228824, -1.264200354494618, 1.8758321531549944, 1.3261402938215283, 0.5941750622556129, 0.20516135640954436, -0.1990587703380047, -0.6327471916543718, -0.7205323609626825, -0.9201557790427598, -1.0922765345265744, -1.286541833223152, 1.8609959041857536, 1.4257758969998362, 0.7228475157840187, 0.17287777429064966, -0.2615844447154209, -0.5061387213483659, -0.7552348935363316, -1.0032797513153249, -1.2000070670127405, -1.3622250164174072, 1.790829518078261, 1.3475120260448532, 0.7522384655277568, 0.2506147397483988, -0.3080209260877973, -0.7280993450352065, -0.7845767662208509, -1.0153632219175854, -1.2019141038021661, -1.3637228940324508, 1.8395921560635093, 1.299764560982284, 0.7070613651925511, 0.1453953702432081, -0.20831572071750346, -0.5137581875396539, -0.8685028639326524, -1.0959485443182737, -1.2609207630345127, -1.404462134207442, 1.6870197045247868, 1.126747277646848, 0.6629529148663006, 0.0854747291611234, -0.4004085660569377, -0.6506828551250011, -0.93039946697949, -1.2113694262081867, -1.3443774501337393, -1.4200743799930056, 1.3243798265130513, 0.7984912953419715, 0.17494443339635027, -0.30186173180427683, -0.671939589881944, -0.9171494323912083, -1.1465554275200716, -1.262238449760482, -1.39670679469679, -1.4983240421988104], "bean_num": 0.5, "model_info": {"det_num_x": 10, "det_num_y": 10, "det_y": 0.03, "det_x": 0.03, "size_x": 0.5, "size_y": 0.5, "med_margin": 0.0015}}