{"source": [-96.22880633891954, 684.7035350451222], "intensity": 100, "miu_detector": 0.3, "miu_medium": 1.2, "miu_air": 0.00018, "output": [0.0, 0.0, 0.0, 0.0, 0.0, 0.0, 0.0, 0.0, 0.0, 0.0, 0.0, 0.0, 0.0, 0.0, 0.0, 0.0, 0.0, 0.0, 0.0, 0.0, 0.0, 0.0, 0.0, 0.0, 0.0, 0.0, 0.0, 0.0, 0.0, 0.0, 0.11111111111111127, 0.8888888888888887, 0.0, 0.0, 0.0, 0.0, 0.0, 0.0, 0.0, 0.0], "miu_de": 0.5, "input": [1.599342129642989, 1.6088994962252707, 1.638273608697378, 1.7597564115526523, 1.641332967365248, 1.6702105358371213, 1.6999157051409306, 1.899958031100207, 1.7619977827016724, 1.091548349834818, 1.2360990186690703, 1.1978550228585816, 1.0248086663518265, 1.6198535882607261, 1.7498839783929052, 1.2230847204444042, 1.2739728275249367, 1.109745260486274, 1.023700302296549, 0.7442828459993879, 1.335111322790819, 0.7803856497808188, 0.6362596296093017, 0.4241058812312334, 0.7786026844117208, 0.9143933262087085, 0.18488109366534375, 0.34715711100010677, 0.44038580500328284, -0.2987041652273463, 1.1622532676421566, -0.1557128449442957, 0.2638713506802789, 0.4240408197038335, 0.14519642109241457, 0.06421194054203187, 0.21475188257576777, 0.11459070341204154, -0.0010421629769705421, -0.37588956712157157, 0.8541176897604009, 0.4811198016984123, 0.05459596030497895, -0.4746572603589826, -0.396730886975823, -0.42664945085305217, -0.4120856280089119, -0.4156454895597327, -0.23087255156676534, -0.8989745986411625, 1.2158991183226957, 0.43190212227916885, -0.1934931781123223, -0.8807687899043776, -0.5951347996034149, -0.7966006170729051, -0.4133047053236404, -0.6107300503102151, -0.45250755780091384, -0.9168088707911458, 1.3529680119681518, 0.04062055376463223, -0.27494865582890216, -0.5540680175367376, -0.8713853751628063, -0.8971297517982866, -0.8792722168292815, -0.7929995368348748, -0.9875227446554421, -1.0271878377037227, 0.9189244784052873, 0.09889466085647357, -0.600120316821865, -0.9227648222381652, -0.7964557643736654, -1.0504190930199817, -1.2135867126212108, -1.019818461321379, -1.2572541542100562, -1.4081529127868613, 0.9313969297843385, -0.1690392127322716, -0.8144085176745983, -1.116359463671584, -1.1529759108598066, -1.2097568925793132, -1.0940199032637556, -1.3170912441490068, -1.3072149052361106, -1.3838954973459805, 0.48249934290213303, -0.47829749159412244, -1.0097234607993852, -1.15598300951585, -1.2703310493362385, -1.4533945966379356, -1.2885945417598414, -1.2659882468701726, -1.3257459627010433, -1.3554393531556832], "bean_num": 0.5, "model_info": {"det_num_x": 10, "det_num_y": 10, "det_y": 0.03, "det_x": 0.03, "size_x": 0.5, "size_y": 0.5, "med_margin": 0.0015}}