{"source": [248.72571010505015, -647.9526275028683], "intensity": 100, "miu_detector": 0.3, "miu_medium": 1.2, "miu_air": 0.00018, "output": [0.0, 0.0, 0.0, 0.0, 0.0, 0.0, 0.0, 0.0, 0.0, 0.0, 0.0, 0.0, 0.6666666666666718, 0.33333333333332815, 0.0, 0.0, 0.0, 0.0, 0.0, 0.0, 0.0, 0.0, 0.0, 0.0, 0.0, 0.0, 0.0, 0.0, 0.0, 0.0, 0.0, 0.0, 0.0, 0.0, 0.0, 0.0, 0.0, 0.0, 0.0, 0.0], "miu_de": 0.5, "input": [1.085004256800435, 0.4899948187560324, -0.1929486093219801, -0.2785722083461592, -0.6089601789818585, -0.7807126793280443, -1.145651185509132, -1.3114037571987622, -1.4233152499800135, -1.4516419132605947, 1.4692762366004315, 1.399232677806738, 0.8215250941945264, 0.3120779493325843, -0.20574637882728647, -0.8679630736908822, -0.7754031807497584, -1.085260510211185, -1.2388383606055478, -1.4104084246733137, 2.0197847331019942, 1.4990781586665494, 0.9258431723761641, 0.4413306553013154, -0.3267199469350645, -0.7528017153613086, -0.9077243452717045, -1.0219131852224725, -1.3098438599643545, -1.0696637020576942, 1.9830845695335269, 1.4875957344340283, 0.8912137649246185, 0.34439824406333897, -0.015827192679792473, -0.5275684110519183, -0.7868890506471784, -1.0816919913091712, -1.119879362635106, -1.3897949897570254, 1.9489381277445166, 1.1138553147580448, 0.746496798602728, 0.6025048449297822, -0.27095576366105295, -0.7528345608218117, -0.697084946770723, -0.9927183031839474, -1.0708309249468966, -1.2864093598685218, 1.6983734338400682, 1.4834628494010569, 0.9130343260476821, 0.35652921793019204, -0.2324625807599727, -0.5945120143361826, -0.7468697339393185, -0.9356894509099017, -1.0249619432595645, -1.2284058551266794, 2.126060192253644, 0.8846132647687945, 1.022831415057996, 0.23041068529540454, -0.3488699627450173, -0.6929286664026569, -0.8804333622404819, -1.043620171358183, -1.0104099514680733, -1.1889617496477924, 2.0163774053742105, 1.0052308189316055, 0.8397242828923396, 0.25881700829007914, -0.34884524548173945, -0.608447821563087, -0.7417654383182201, -0.6526280902821485, -0.9563192930839756, -1.0509898957087458, 1.0294810232156475, 1.4384378476621469, 0.36772798068049256, 0.2512588874024994, -0.11272653576191263, -0.22706538996803072, -0.33980360517842856, -0.057847564185148005, -0.3902257313916361, -0.6065332236770438, 1.2713550727275786, 1.2112131631674443, 1.0804478137284044, 1.0212633833301694, 0.5781620632639812, 0.912451448539174, 0.7688821568211641, 0.8354993134753779, 0.5637867678820377, 0.432633625717635], "bean_num": 0.5, "model_info": {"det_num_x": 10, "det_num_y": 10, "det_y": 0.03, "det_x": 0.03, "size_x": 0.5, "size_y": 0.5, "med_margin": 0.0015}}