{"source": [618.7590128262257, -315.2734641390118], "intensity": 100, "miu_detector": 0.3, "miu_medium": 1.2, "miu_air": 0.00018, "output": [0.0, 0.0, 0.0, 0.0, 0.0, 0.0, 0.0, 0.0, 0.0, 0.0, 0.0, 0.0, 0.0, 0.0, 0.0, 0.0, 0.0, 1.0, 3.447755752263975e-17, 0.0, 0.0, 0.0, 0.0, 0.0, 0.0, 0.0, 0.0, 0.0, 0.0, 0.0, 0.0, 0.0, 0.0, 0.0, 0.0, 0.0, 0.0, 0.0, 0.0, 0.0], "miu_de": 0.5, "input": [-1.4828373644272894, -1.5295414392614797, -1.4260162817848006, -1.3705418484507412, -1.216756250888534, -0.9163477037634558, -0.4872973955444517, -0.2182791285457102, 0.13621533278463344, 1.1667138114973163, -1.5012833266312253, -1.2827434703568479, -1.2927129742373014, -1.0253642499094593, -1.0619700298103623, -0.6836038790448411, 0.14366806680414418, 0.5382563543435858, 0.9148724378299447, 1.4063988621096912, -1.4261936194523155, -1.3145211132926395, -1.1167534408378912, -1.2380299157582377, -0.9753572758270516, -0.6268749304696165, -0.48185553558222183, 0.2750567124859029, 1.0087941204209243, 1.4994511789881075, -1.3757884176506918, -1.3355648393530362, -1.1729444351312575, -1.0846774215894337, -0.9734780269462012, -0.8124395990623727, -0.33178221797562046, 0.33742884869222933, 0.363192226100288, 1.5730891647081149, -1.2055527931831214, -1.077923942022301, -1.0390143159067156, -0.8402744558201267, -1.0881303088162093, -0.7396685584105692, -0.2974451991170129, 0.06358124917163978, 0.5829417737113671, 1.4367049159565461, -1.0888510154355384, -0.9418150408443261, -0.7879204657922534, -0.7211042276838365, -0.6894757392906175, -0.3736444876913569, -0.33227974768705787, 0.4939969776508008, 0.969601457429106, 1.786727425601415, -0.8194710184205684, -0.6589285753347869, -0.34521037191633563, -0.4699726011862345, -0.2717418734564291, -0.22609277975680978, 0.06843034536861492, 0.2960742875882894, 0.7295291578537395, 1.4905369909915331, -0.22963133301552444, 0.06625991403166698, 0.34887943301265634, 0.07759472005904874, 0.055094701444086396, 0.0707442416147185, 0.48506499131318287, 0.2415926570635789, 0.9131048673449514, 1.6488614679047153, 0.610551577187252, 0.8356376391928707, 1.125079758945709, 0.6483805269831837, 0.5892530229609574, 0.889250022949171, 0.6778340893960791, 0.9627701654340992, 0.9816529983904086, 1.4168323734899495, 1.2671051793035744, 1.316861231342494, 1.0891501382868114, 1.3998880426375142, 1.389354050101092, 1.621277752776371, 1.5859436017935984, 1.9860872342409701, 1.2144238504985574, 1.2099130345855984], "bean_num": 0.5, "model_info": {"det_num_x": 10, "det_num_y": 10, "det_y": 0.03, "det_x": 0.03, "size_x": 0.5, "size_y": 0.5, "med_margin": 0.0015}}