{"source": [172.2073923972224, 690.6861260407047], "intensity": 100, "miu_detector": 0.3, "miu_medium": 1.2, "miu_air": 0.00018, "output": [0.0, 0.0, 0.0, 0.0, 0.0, 0.0, 0.0, 0.0, 0.0, 0.0, 0.0, 0.0, 0.0, 0.0, 0.0, 0.0, 0.0, 0.0, 0.0, 0.0, 0.0, 0.0, 0.0, 0.0, 0.0, 0.0, 0.0, 0.0, 0.5555555555555564, 0.44444444444444364, 0.0, 0.0, 0.0, 0.0, 0.0, 0.0, 0.0, 0.0, 0.0, 0.0], "miu_de": 0.5, "input": [1.5366035749157487, 0.8539641673789504, 0.3557795331929398, -0.14670730901163137, -0.4836658213481588, -0.725025370799957, -0.9100629683811247, -1.0682366457626988, -1.1839946797146579, -1.361269940988302, 1.8038159925266946, 1.1778278088119811, 0.7352410910504478, 0.3283168102330619, -0.05930207895818359, -0.5518332772068886, -0.7624112830105227, -1.0181336685308349, -1.0786258488597955, -1.29530375292257, 2.0226331625337983, 1.6388234751463628, 1.018044452080468, 0.27120008702846093, -0.0559097454943669, -0.4433539460447453, -0.6047142161936804, -0.8830867384127424, -1.076231881399094, -1.2457779361232761, 2.026401488887814, 1.5096662254234532, 0.825055799276782, 0.334368794725219, 0.10165278091772312, -0.3426822547602765, -0.5994494830928503, -0.7855965906491843, -1.0694864863581197, -1.1623781756828906, 2.0302420822584315, 1.4208235983047328, 0.9780491027045326, 0.40494298605097073, -0.10282237960214713, -0.32690771986006234, -0.5238773110178333, -0.8493522206279922, -0.9151176961015893, -1.0837983953823684, 1.9648025456931062, 1.533700785700822, 0.9958454260670528, 0.552690721987105, 0.11940904309055672, -0.43797672708293395, -0.5958954643520391, -0.7140314452374403, -1.0018463356154994, -1.170789948082449, 2.063404108960548, 1.4370308902126447, 0.9770295822155334, 0.47742924443799817, 0.0011073285530903178, -0.4594230433000978, -0.6300787467702995, -0.887788268288034, -1.0897677303688846, -1.1737421901407628, 1.9536281016864687, 1.3799759733549382, 0.9756309607407048, 0.3560209436383687, 0.05093357638382815, -0.4366613305790059, -0.7181935881527579, -0.8301857976801524, -0.9555834831599503, -1.1723176749187196, 1.8083609957090134, 1.3464891010961073, 0.7449325629109841, 0.2518407160066657, -0.1977992287873563, -0.49322153588784656, -0.8430405980528014, -0.8891211111058018, -1.0532858211555367, -1.1573659306308304, 1.317054219809802, 0.8477303204214907, 0.38044241452330047, 0.04242145551570487, -0.13472724128983365, -0.4181998297234089, -0.5684470919736854, -0.6580434609423939, -0.6614305814035887, -0.8872840051837506], "bean_num": 0.5, "model_info": {"det_num_x": 10, "det_num_y": 10, "det_y": 0.03, "det_x": 0.03, "size_x": 0.5, "size_y": 0.5, "med_margin": 0.0015}}