{"source": [-93.14645562954195, 758.6170031849547], "intensity": 100, "miu_detector": 0.3, "miu_medium": 1.2, "miu_air": 0.00018, "output": [0.0, 0.0, 0.0, 0.0, 0.0, 0.0, 0.0, 0.0, 0.0, 0.0, 0.0, 0.0, 0.0, 0.0, 0.0, 0.0, 0.0, 0.0, 0.0, 0.0, 0.0, 0.0, 0.0, 0.0, 0.0, 0.0, 0.0, 0.0, 0.0, 0.0, 0.22222222222222254, 0.7777777777777775, 0.0, 0.0, 0.0, 0.0, 0.0, 0.0, 0.0, 0.0], "miu_de": 0.5, "input": [1.333451594204514, 0.5054525672618445, -0.0481660136122058, -0.4382880699194884, -0.8663517915166993, -0.9622814758425136, -1.155983292873802, -1.2878805381725236, -1.3932883770635902, -1.4554327127591506, 1.4090536857076046, 0.9862165264524105, 0.2878441724064311, -0.1241195023832481, -0.5631974671450534, -0.9077741887950115, -1.1078802625012378, -1.2175410977339693, -1.397489683523721, -1.4448026537723349, 1.728638021511002, 1.223694757579043, 0.5099752873442618, -0.08527672570435055, -0.48943652394984316, -0.8568745661823017, -0.9164444483867933, -1.1774951919010697, -1.3311970965292785, -1.416218380280772, 1.7731621673945281, 1.3035981075988021, 0.7211583627188008, -0.011267345650214443, -0.45760708263630906, -0.7982544222593917, -0.8784358919414031, -1.0168961727560968, -1.2228111193369728, -1.4205192943221172, 1.9156463387960787, 0.9784826906505094, 0.45079456101464593, 0.19527153069676326, -0.4280538912494699, -0.7063945390231184, -0.9183155373883942, -1.1498295731801405, -1.2483575620497582, -1.362801326687185, 1.86113452597471, 1.029777642472033, 0.39000346778267053, -0.04969440483199047, -0.3878749178644913, -0.6483273734167391, -0.7599355229588037, -0.9831022871227857, -1.045899195422363, -1.1232255019134492, 1.8415414807153394, 1.1664773626073441, 0.6295724289526833, -0.03987843429812526, -0.33055629090850536, -0.5445112106640271, -0.6924826078165, -0.7481211002881225, -0.8174948542794098, -0.9264948566721439, 1.7622037562432176, 1.1956309107124568, 0.6120613651107479, -0.05750084166682176, -0.16338374209446974, -0.008016838057464473, -0.2065789429464125, -0.3956041760879337, -0.5739718067851824, -0.7251600765976968, 1.6288364297154185, 0.9576985464292008, 0.5756271395612554, 0.3174818612500764, 0.5633224339478281, 0.2595552153346007, 0.20601180995444984, 0.5131269373522607, 0.34342923337596726, -0.034200702507667186, 1.3419952221680802, 1.5484844677236045, 1.3551742546171857, 1.5107535047446257, 1.1906112687865058, 1.145653644621224, 1.1130030667562196, 1.1080881509909983, 1.1575391414905838, 0.8777438635021272], "bean_num": 0.5, "model_info": {"det_num_x": 10, "det_num_y": 10, "det_y": 0.03, "det_x": 0.03, "size_x": 0.5, "size_y": 0.5, "med_margin": 0.0015}}