{"source": [726.631375771673, -402.7783486598164], "intensity": 100, "miu_detector": 0.3, "miu_medium": 1.2, "miu_air": 0.00018, "output": [0.0, 0.0, 0.0, 0.0, 0.0, 0.0, 0.0, 0.0, 0.0, 0.0, 0.0, 0.0, 0.0, 0.0, 0.0, 0.0, 0.22222222222222113, 0.7777777777777789, 0.0, 0.0, 0.0, 0.0, 0.0, 0.0, 0.0, 0.0, 0.0, 0.0, 0.0, 0.0, 0.0, 0.0, 0.0, 0.0, 0.0, 0.0, 0.0, 0.0, 0.0, 0.0], "miu_de": 0.5, "input": [0.8903621466214541, 0.634980961590272, 0.01638512782302913, -0.22081216830958084, -0.5670779983125548, -0.8934020307108819, -1.288153381620051, -1.287597362577339, -1.5218807245862687, -1.5988611440173666, 1.6929755314728778, 0.8997378107858439, 0.6461117602435938, -0.11614179207734304, -0.3063117559724077, -0.7631256532437969, -1.039625185345848, -1.266725687852044, -1.3971217557578788, -1.44393047790556, 1.9452232720150042, 0.9214048521332593, 0.678769370003693, 0.07714782614862402, -0.272144633791898, -0.6229022532967278, -1.0681777705389115, -1.2567918159369547, -1.3261066689911636, -1.5619008507323022, 1.2166429527274256, 1.1559245894168002, 0.17243664413904472, -0.42548530641854987, -0.5018490030718251, -0.3031168404293049, -0.9960262293145431, -1.0296522112883273, -1.1428866051817237, -1.3356666714923244, 1.7973885817378836, 1.4834855438322532, 0.31335917851191525, 0.26118719085272213, -0.12134959700165147, -0.7445096149727605, -0.7615401130884262, -1.0987954403363724, -1.22289124726597, -1.2751038760581757, 1.847389338032925, 1.4208538313137566, 0.6467426225013276, 0.2878487868261609, -0.11958416091661926, -0.4417450238631719, -0.7999925814154437, -1.0637579763777283, -1.0923829271081018, -1.2103271476710156, 1.8783708172449858, 0.9227044214946915, 0.5300099913287432, -0.10136452488156407, -0.4037222584690973, -0.580967720357872, -0.8507979170111302, -0.7637536260822139, -0.9995280221394638, -1.0315798765614579, 2.373899393754309, 1.3498782316750781, 0.8152222553210088, 0.13125147343692925, 0.14869448584483555, -0.0010346093570508259, -0.4456487411982802, -0.37356443899506464, -0.5942750088329087, -0.8623178215557525, 1.653185271467411, 0.6798478188899246, 0.3278869793806634, 0.015179065902605994, 0.4309561768810353, 0.09220912457362847, 0.4389489853737659, 0.7130861721108027, 0.06172100946163427, -0.14659611863123734, 1.159266136175955, 1.067380141686897, 1.3392225974591103, 0.8914984516567274, 1.2252436433349485, 1.6038597372727157, 1.066164221349782, 0.9209177071726242, 1.187961264554592, 0.6296808753867646], "bean_num": 0.5, "model_info": {"det_num_x": 10, "det_num_y": 10, "det_y": 0.03, "det_x": 0.03, "size_x": 0.5, "size_y": 0.5, "med_margin": 0.0015}}