{"source": [-640.1126636481906, 556.4414492175912], "intensity": 100, "miu_detector": 0.3, "miu_medium": 1.2, "miu_air": 0.00018, "output": [0.0, 0.0, 0.0, 0.0, 0.0, 0.0, 0.0, 0.0, 0.0, 0.0, 0.0, 0.0, 0.0, 0.0, 0.0, 0.0, 0.0, 0.0, 0.0, 0.0, 0.0, 0.0, 0.0, 0.0, 0.0, 0.0, 0.0, 0.0, 0.0, 0.0, 0.0, 0.0, 0.0, 0.0, 0.0, 0.5555555555555549, 0.4444444444444451, 0.0, 0.0, 0.0], "miu_de": 0.5, "input": [1.2942241963031262, 1.6272564081836687, 1.8368792451024196, 1.904915244060555, 1.9346206916414324, 1.6603776725423345, 1.9239949203987734, 1.8497741435160178, 1.920005711051971, 1.3452645211614882, 0.8140362645132364, 1.2912636340133137, 1.0848766312055933, 1.8884810284042566, 1.7387957216968184, 1.5156166561581663, 1.2836047376954278, 1.4735157012806746, 1.2994475488678872, 0.9786111919252559, 0.43627631643519466, 0.6735739831053034, 0.8168088142967475, 0.9717581447050703, 0.9688075507419831, 0.9653760212805224, 0.795923711793524, 0.6514803501208278, 0.5449909475328253, 0.6782702644878005, -0.21998647699849835, 0.255592105667611, 0.1007358594636985, 0.74931329253991, 0.45263646921282097, 0.03807015268114917, 0.1461720357081661, 0.08491097365845632, 0.09432018491569794, 0.5365492098422154, -0.6468233212970596, -0.10475129297722052, -0.2465962557832907, -0.2185700038065627, -0.24353501788509854, 0.126016539239527, -0.27712080568040587, -0.2595726045456451, -0.12079767783480101, 0.6685154598821256, -0.7492218904527954, -0.5312087577262002, -0.5880293695894557, -0.7620080471391326, -0.570122571821704, -0.5822090107202379, -0.4488118950930427, -0.3696341525682965, -0.3155596505445711, 0.39637693132062657, -1.0000180756808439, -0.8218688344274026, -0.8222410711450352, -0.9042564712787037, -0.8079489778322245, -0.5277741357844202, -0.5774151616493087, -0.5295793549160803, -0.5572642393853068, 0.13009202950796983, -1.2139422248638583, -1.0022643299641496, -1.0464402054693078, -0.9803057885365654, -0.8882552948986393, -0.8272209986745737, -0.8908533322953672, -0.9788723306563057, -0.5418710967013692, 0.4478484166812324, -1.2597544387258959, -1.1833228717543638, -1.1906327516925788, -1.2716626901674168, -0.96230834004511, -1.1742475617994133, -1.0148041673411277, -1.0149813230699354, -0.5018680264402943, 0.7140942660303138, -1.4566043578271781, -1.3230369740411576, -1.4437378149796363, -1.3531879158461864, -1.3575813269554293, -1.3007350433055418, -1.134857324263014, -1.2071198558694372, -0.8777366654843239, 0.09105827565773389], "bean_num": 0.5, "model_info": {"det_num_x": 10, "det_num_y": 10, "det_y": 0.03, "det_x": 0.03, "size_x": 0.5, "size_y": 0.5, "med_margin": 0.0015}}