{"source": [697.0488448940839, 525.2639801894113], "intensity": 100, "miu_detector": 0.3, "miu_medium": 1.2, "miu_air": 0.00018, "output": [0.0, 0.0, 0.0, 0.0, 0.0, 0.0, 0.0, 0.0, 0.0, 0.0, 0.0, 0.0, 0.0, 0.0, 0.0, 0.0, 0.0, 0.0, 0.0, 0.0, 0.0, 0.0, 0.0, 0.0, 0.8888888888888887, 0.11111111111111127, 0.0, 0.0, 0.0, 0.0, 0.0, 0.0, 0.0, 0.0, 0.0, 0.0, 0.0, 0.0, 0.0, 0.0], "miu_de": 0.5, "input": [0.2626825071436073, -0.6827888880768751, -1.0839807794464293, -1.2765656560504057, -1.3186067584340202, -1.3932338630520533, -1.3266926854169458, -1.382819366075923, -1.391145265253721, -1.467829718112829, 0.5706698961950089, -0.32143274224948115, -0.9325223861211747, -1.1377298018430966, -1.1152000048734028, -1.2084980718290552, -1.1768776226694566, -1.2498121396406516, -1.260061143451658, -1.3259331412191424, 0.6464379782798598, -0.41294149688675214, -0.7704373074423966, -0.9651460303372805, -0.9371208208455811, -1.024557195062396, -1.0182821108675537, -1.0745653854202188, -1.0933206377968376, -1.1987431585546944, 0.7466268352349736, -0.2613944214165708, -0.7597819262241416, -0.720863892147263, -0.8592476724908947, -0.7810548184681222, -0.8200063656579188, -0.8335134710066637, -0.8801418019624374, -1.0782718447555322, 0.7043069222182944, -0.19276655999492326, -0.5017680103713134, -0.4381387373244191, -0.5098214189933848, -0.44904144316075884, -0.5464647238482482, -0.5970348987722366, -0.6010047393387912, -0.8301232445259669, 0.6979615088650789, 0.05217107575374863, -0.10480494462630384, -0.18355149494488227, -0.1988956976685163, -0.09590998312992659, -0.22099278064624522, -0.11418211275253462, -0.3609576785932689, -0.5568053485001165, 0.9450197966872005, 0.10332206261973545, 0.18962891227297932, 0.29201482045823196, 0.2364629176515619, 0.29245850613999125, 0.24460417116924002, 0.11737702469996189, 0.05672962410688311, -0.3256738492786154, 0.8636167772898807, 0.675618911389889, 0.7011546687036391, 0.8700832521887264, 0.8205118973692149, 0.7288682325308926, 0.6271126259450664, 0.8792458389893696, 0.5572445720443393, 0.15967401707850554, 1.1598882785669817, 1.2925279131218348, 1.4643029218135653, 1.3147630815910434, 1.4964248277405754, 1.4238628142716228, 1.3018428146863186, 1.4541922395410283, 1.1082167662518547, 0.9069980665326806, 1.5113675791145587, 1.8381009776348682, 1.7996553291720925, 1.8940535671751848, 1.9132911263864583, 1.8977379693099528, 1.842388817514033, 1.7033550846875891, 1.6955197445647827, 1.3089627849271115], "bean_num": 0.5, "model_info": {"det_num_x": 10, "det_num_y": 10, "det_y": 0.03, "det_x": 0.03, "size_x": 0.5, "size_y": 0.5, "med_margin": 0.0015}}