{"source": [-546.7682398515313, 752.5619200194941], "intensity": 100, "miu_detector": 0.3, "miu_medium": 1.2, "miu_air": 0.00018, "output": [0.0, 0.0, 0.0, 0.0, 0.0, 0.0, 0.0, 0.0, 0.0, 0.0, 0.0, 0.0, 0.0, 0.0, 0.0, 0.0, 0.0, 0.0, 0.0, 0.0, 0.0, 0.0, 0.0, 0.0, 0.0, 0.0, 0.0, 0.0, 0.0, 0.0, 0.0, 0.0, 0.0, 0.0, 1.0, 0.0, 0.0, 0.0, 0.0, 0.0], "miu_de": 0.5, "input": [0.33294517924729383, -0.5707408560353507, -1.1208534139877468, -1.241063918000431, -1.2712840972178208, -1.2057360981298624, -1.3433091457328294, -1.3551829230475767, -1.4199073090803347, -1.463726725123299, 0.64757094736169, -0.26444068350573113, -0.9246548881021396, -0.9943828966204228, -1.1747339954323652, -1.2875988802821816, -1.3096800834525, -1.1657679181414977, -1.2579249864081248, -1.376960762574184, 0.6799067669577279, -0.3670675830145497, -0.7490008105213619, -0.8935800959484658, -0.9745382076115016, -1.0978048167757328, -1.0026049040761855, -1.0539903366609014, -1.0557907289953645, -1.1998460726336064, 0.6837871451197455, -0.31498691454035926, -0.6712349434859849, -0.7996365787532349, -0.7683500132177064, -0.7663859004058992, -0.7518792159923241, -0.8793988824978206, -0.9698595649112195, -1.1619204216409833, 0.7954176671703772, -0.10431944281055594, -0.462554267497164, -0.4386631482614236, -0.4981512421221594, -0.39096888332431456, -0.628152568292726, -0.5954133854641103, -0.7304352620753938, -0.918003768797051, 0.8488562616747362, 0.02799967469087617, -0.22944243720021495, -0.07350370632412909, -0.12753676207745948, -0.06275229886537945, -0.24721556519392912, -0.04682601797879392, -0.4181078977065184, -0.6564173959130272, 0.9066844542915133, 0.18965942407857247, 0.158131884311651, 0.2918693226295264, 0.01967453198196859, 0.20743290117863886, 0.31868292852078933, 0.23301287249962024, -0.11617339928277412, -0.3831995435067795, 0.863492595714535, 0.5186363589991994, 0.7511029578782134, 0.9073266065380878, 0.8340801720765921, 0.8714678469170964, 0.6580866084286556, 0.7724602547173867, 0.577559502484951, 0.19480463283376265, 1.3573119083312712, 1.1260300415203761, 1.2909154113186336, 1.4585629129730486, 1.4505901119795452, 1.5468624628822167, 1.3079927636300201, 1.4116403167106462, 1.1416287798541163, 0.7683316801256402, 1.547070492530012, 1.44311158013766, 1.9360743199037271, 1.8392368234241547, 1.8055718199457411, 2.0578099259895923, 1.880009194493297, 1.7482198146696406, 1.6550670154425444, 1.2909756910864116], "bean_num": 0.5, "model_info": {"det_num_x": 10, "det_num_y": 10, "det_y": 0.03, "det_x": 0.03, "size_x": 0.5, "size_y": 0.5, "med_margin": 0.0015}}