{"source": [-62.685439930380795, -80.58424131169484], "intensity": 100, "miu_detector": 0.3, "miu_medium": 1.2, "miu_air": 0.00018, "output": [0.0, 0.0, 0.0, 0.0, 0.0, 0.20876504370092913, 0.7912349562990708, 0.0, 0.0, 0.0, 0.0, 0.0, 0.0, 0.0, 0.0, 0.0, 0.0, 0.0, 0.0, 0.0, 0.0, 0.0, 0.0, 0.0, 0.0, 0.0, 0.0, 0.0, 0.0, 0.0, 0.0, 0.0, 0.0, 0.0, 0.0, 0.0, 0.0, 0.0, 0.0, 0.0], "miu_de": 0.5, "input": [1.723949275586901, 1.1418906035265912, 0.774202035821639, 0.6025207638120565, 0.5360198429469288, 0.45005209559126935, 0.44184263516690947, 0.39723285227280675, 0.3561095134339402, 0.1931227509671647, 2.119784514639421, 1.2675618086666838, 0.5507161706284313, 0.03542676813559253, -0.27258514289664737, -0.46218810362388013, -0.6039265374258412, -0.65843564222293, -0.6946718265677779, -0.8097334604549596, 2.0910417004648476, 1.392059185382911, 0.6477203712681284, 0.06715051064454294, -0.3080920993637217, -0.5748995267488023, -0.7679753304868947, -0.8674111948161924, -0.952915789106994, -1.018376140365602, 2.127384032809534, 1.3604506604500106, 0.6401195493806687, 0.11592257236915408, -0.3259925695009855, -0.5804020941639099, -0.7716538822545916, -0.9092115939737294, -1.0113649933763222, -1.0688831271567296, 2.1651687686972823, 1.4505018977043687, 0.6547456182106114, 0.13320416726631232, -0.2936599657047987, -0.5810718973073691, -0.7556662443040089, -0.8999066921560431, -1.0176411319261316, -1.0954400256548722, 2.058116525073237, 1.346200726070156, 0.621267913996092, 0.05328673690182947, -0.2959623660232866, -0.5793186329129267, -0.8160562855023006, -0.9438442229092128, -1.0357778948257996, -1.1047660848812932, 2.1254864599945202, 1.4049026327533212, 0.600907034902517, 0.08502544331152634, -0.3021546395461847, -0.6050037391158293, -0.8071117227985013, -0.9365739366603562, -1.023404540520671, -1.1097649797525708, 2.128287971202235, 1.297931963357903, 0.6216468076115614, 0.05595091452017507, -0.3224960871061956, -0.605108355722577, -0.8090270835610239, -0.9659649064733763, -1.0450510776467887, -1.1167935635895219, 2.0111807312253074, 1.230366669431308, 0.5363488112849081, 0.02085722550181136, -0.4360245744216239, -0.6722337420538078, -0.8361040788133766, -0.9776181421781048, -1.0573379381928607, -1.1222860056750104, 1.7289240773583658, 0.9275887552564462, 0.22864421663459653, -0.2072498661052298, -0.5431922656811901, -0.7678910204448405, -0.9136658739491753, -1.0194571326419695, -1.0952509532102, -1.144225557756972], "bean_num": 0.5, "model_info": {"det_num_x": 10, "det_num_y": 10, "det_y": 0.03, "det_x": 0.03, "size_x": 0.5, "size_y": 0.5, "med_margin": 0.0015}}