{"source": [-46.69173476254691, 95.3937920382165], "intensity": 100, "miu_detector": 0.3, "miu_medium": 1.2, "miu_air": 0.00018, "output": [0.0, 0.0, 0.0, 0.0, 0.0, 0.0, 0.0, 0.0, 0.0, 0.0, 0.0, 0.0, 0.0, 0.0, 0.0, 0.0, 0.0, 0.0, 0.0, 0.0, 0.0, 0.0, 0.0, 0.0, 0.0, 0.0, 0.0, 0.0, 0.0, 0.0, 0.0, 0.0, 0.10221783404525205, 0.8977821659547479, 0.0, 0.0, 0.0, 0.0, 0.0, 0.0], "miu_de": 0.5, "input": [-1.1066427540147963, -1.0802379320529574, -1.052753482156737, -1.0589794992331147, -1.0532780226953644, -1.0705340757261206, -1.0478176042547187, -1.041225631387641, -0.9930338460521664, -0.39512478515785926, -1.0495065580773573, -1.0028629212564262, -0.990903706955866, -0.9711391223907732, -0.9768419335580579, -0.963489863202611, -0.9662050540900686, -0.9446636747825756, -0.9032965113250101, -0.2606740542754385, -0.9589290413043114, -0.9178624074227805, -0.8900264758224083, -0.873781061332163, -0.8464947496216121, -0.850864917916439, -0.8688582129972455, -0.8723731844335043, -0.8132217138127079, -0.2065657806293039, -0.8675513235223972, -0.7955558911470428, -0.74551896215725, -0.7186271343572611, -0.7282741993098812, -0.7241748202236988, -0.7222575799371315, -0.7405519968724593, -0.6950224187698133, -0.1299996181176289, -0.7257265299049305, -0.619818050157032, -0.5433889000749927, -0.5167562293356095, -0.5017562964203384, -0.4848363787087048, -0.5029019934243165, -0.5367866374805941, -0.5439529261067263, -0.08920305425466321, -0.4829453733777227, -0.3257073223771401, -0.27244072498357547, -0.23122998806821832, -0.21121580631108128, -0.23287056388238334, -0.23432379646381618, -0.29212258749631004, -0.2832829388353009, 0.03192881192508817, -0.1525158728955859, 0.07488120734561172, 0.15555873584616556, 0.18327107655385483, 0.18471431711076533, 0.17617027384145248, 0.1375985501107571, 0.16337164382439845, 0.02642325939399157, 0.21497049773668325, 0.290034503661221, 0.5782908432716183, 0.6715907517756203, 0.7238660321461623, 0.809134085934633, 0.6998410637813709, 0.6820635316556302, 0.7090769264815289, 0.6520029561890238, 0.5103914621019121, 0.9713494280203712, 1.3071578920395615, 1.3718642357735256, 1.5068848831554065, 1.4867843222412491, 1.468859886637949, 1.4112878553640913, 1.4232677646671144, 1.3626483079396494, 1.011680319899057, 1.8130733218058068, 2.0276879560748404, 2.187422518407863, 2.1979308920874403, 2.1555918027717906, 2.131250208716494, 2.2096727749571707, 2.146064604266384, 2.0657762231919707, 1.7480687642065285], "bean_num": 0.5, "model_info": {"det_num_x": 10, "det_num_y": 10, "det_y": 0.03, "det_x": 0.03, "size_x": 0.5, "size_y": 0.5, "med_margin": 0.0015}}