{"source": [-12.139358547284639, -107.02309339898468], "intensity": 100, "miu_detector": 0.3, "miu_medium": 1.2, "miu_air": 0.00018, "output": [0.0, 0.0, 0.0, 0.0, 0.0, 0.0, 0.0, 0.0, 0.0, 0.7190285764194487, 0.2809714235805513, 0.0, 0.0, 0.0, 0.0, 0.0, 0.0, 0.0, 0.0, 0.0, 0.0, 0.0, 0.0, 0.0, 0.0, 0.0, 0.0, 0.0, 0.0, 0.0, 0.0, 0.0, 0.0, 0.0, 0.0, 0.0, 0.0, 0.0, 0.0, 0.0], "miu_de": 0.5, "input": [1.6977168169475292, 1.4693990513460782, 1.4374027286590418, 1.4480304357664304, 1.3665512842476617, 1.3605059743957217, 1.3320880394604373, 1.2710295598007455, 1.2483013090572022, 0.9866073740243103, 1.8704431399409462, 1.0562453359639716, 0.5461994170690255, 0.39779244557883353, 0.341854804335609, 0.2678726155221012, 0.24289557662195563, 0.1940603059421767, 0.10901843918400918, -0.07529820982254924, 1.9248704254311788, 1.09398488518192, 0.35587726791081414, -0.09531126331333187, -0.2904509947796757, -0.3534685246247167, -0.4198643786370601, -0.43365021478793325, -0.4889319603182505, -0.5990283514238218, 1.8897069759913507, 1.0371426618335977, 0.3489908393389099, -0.1526968847964231, -0.46295806966293457, -0.6510337775170632, -0.7483316892931509, -0.7973993332602796, -0.8362719536505523, -0.9172548269400349, 1.9330184648466142, 1.129612805324984, 0.3098571905541041, -0.16794779870027954, -0.5259102477905725, -0.7430598717016276, -0.8895552363507228, -0.9659486993368225, -1.0195045731012655, -1.083567912454707, 1.91749762829724, 1.0404835004514628, 0.30788729804739046, -0.2204660264346986, -0.567254930191672, -0.7886550426156556, -0.9385558863719176, -1.0372496609339221, -1.1101764645899135, -1.1580275796936477, 1.8679018433606656, 1.0639996458956187, 0.29770450542360277, -0.21279175990478827, -0.5699578022230554, -0.8026671150024702, -0.9517530491224955, -1.0578482199230128, -1.131534296853709, -1.1854205762364642, 1.8286821346399955, 1.0729637344547074, 0.29167850312808963, -0.2720429093682385, -0.5716703062631063, -0.8283880689189896, -0.9658076597589919, -1.069902013377677, -1.1529360093508094, -1.19587336931213, 1.833559456493026, 0.9644686172587232, 0.19052784027023073, -0.2860508352391255, -0.6195948353841679, -0.8377956590236281, -1.0020469378916863, -1.100528157738052, -1.1652521470209003, -1.2079006243592432, 1.4897357799268753, 0.6643831706204483, -0.005740834382801845, -0.46879593290517985, -0.7419533319130515, -0.9361592243796735, -1.0669485581703815, -1.1359659937534294, -1.1878332018268603, -1.2295600358460312], "bean_num": 0.5, "model_info": {"det_num_x": 10, "det_num_y": 10, "det_y": 0.03, "det_x": 0.03, "size_x": 0.5, "size_y": 0.5, "med_margin": 0.0015}}