{"source": [-58.94867604594454, 98.73537880891624], "intensity": 100, "miu_detector": 0.3, "miu_medium": 1.2, "miu_air": 0.00018, "output": [0.0, 0.0, 0.0, 0.0, 0.0, 0.0, 0.0, 0.0, 0.0, 0.0, 0.0, 0.0, 0.0, 0.0, 0.0, 0.0, 0.0, 0.0, 0.0, 0.0, 0.0, 0.0, 0.0, 0.0, 0.0, 0.0, 0.0, 0.0, 0.0, 0.0, 0.0, 0.0, 0.0, 0.5734705449936637, 0.42652945500633627, 0.0, 0.0, 0.0, 0.0, 0.0], "miu_de": 0.5, "input": [1.449849837457805, 0.4807025142126807, -0.14631461436658172, -0.5485796188120933, -0.8512683539161566, -1.0190871844965235, -1.1322697573346, -1.1745741440604385, -1.2360834337824782, -1.2653116606463701, 1.7271920747254559, 0.7514026188865273, 0.0884387088452113, -0.43729647425104695, -0.7156655334949092, -0.9247779130955999, -1.050636677922687, -1.121611296750598, -1.2070232853614553, -1.252143847618103, 1.6776610683574427, 0.8219670448819432, 0.150879363633392, -0.3778781820371179, -0.7280373914512173, -0.9063100241795344, -1.033162506136052, -1.1149850386387086, -1.1830521857025482, -1.2277173807418786, 1.7718499226731417, 0.9517461780884873, 0.11550911887437462, -0.3519942649779933, -0.6333329579274641, -0.876627255246383, -0.9903653083825485, -1.0952809957038785, -1.1435521536163131, -1.1621467043291542, 1.7611519219688545, 0.8584012206673148, 0.126503397410019, -0.35962884777862136, -0.652583653634153, -0.8779341851389528, -0.9539908593351036, -1.0276823528939563, -1.0496965952241828, -1.1308878616598363, 1.8185679890422453, 0.85168256408284, 0.08056953823647617, -0.394389783476201, -0.6103638856406801, -0.7866682447805422, -0.8502998719748968, -0.8858381882287746, -0.9431476756025331, -0.9720835572900982, 1.7758494563212566, 0.7894887941182975, 0.15903806488821484, -0.2865726551879249, -0.4948458802196023, -0.5550355977770265, -0.6386265348283552, -0.6134949279333438, -0.6522363833517955, -0.804749570160823, 1.8859154605296644, 0.8657639307066239, 0.2698526306408012, -0.011511896980366497, -0.055236083472912846, -0.17095116635857724, -0.17436937786080284, -0.2218986000673782, -0.21519940262444504, -0.3111010975683035, 1.672091099406595, 0.8628378073390237, 0.5999923664579611, 0.6623230071950487, 0.5707754975953604, 0.5843661774404801, 0.6689172547079025, 0.5605653456633978, 0.5584620002176843, 0.26350599456446305, 1.6585843901816297, 1.550749461071921, 1.5340653622185065, 1.587074268483567, 1.5745757646014245, 1.558772357759702, 1.5910833388940615, 1.5205473989826894, 1.5466200213181052, 1.2522185486820188], "bean_num": 0.5, "model_info": {"det_num_x": 10, "det_num_y": 10, "det_y": 0.03, "det_x": 0.03, "size_x": 0.5, "size_y": 0.5, "med_margin": 0.0015}}