{"source": [-41.58946700029623, 113.53120133988531], "intensity": 100, "miu_detector": 0.3, "miu_medium": 1.2, "miu_air": 0.00018, "output": [0.0, 0.0, 0.0, 0.0, 0.0, 0.0, 0.0, 0.0, 0.0, 0.0, 0.0, 0.0, 0.0, 0.0, 0.0, 0.0, 0.0, 0.0, 0.0, 0.0, 0.0, 0.0, 0.0, 0.0, 0.0, 0.0, 0.0, 0.0, 0.0, 0.0, 0.0, 0.0, 0.7645431061026017, 0.23545689389739832, 0.0, 0.0, 0.0, 0.0, 0.0, 0.0], "miu_de": 0.5, "input": [0.41791429781040823, 0.5977186934790255, 0.6882104366493716, 0.745315881727853, 0.7623028092980281, 0.8383870199354592, 0.892426796287466, 1.0467050845706747, 1.2192910363870035, 1.7001384084708167, -0.6136442157893943, -0.48845269200571817, -0.41822994451252277, -0.3402789830091202, -0.2836277634006699, -0.1740815566768634, 0.10620053399536193, 0.5314852446896171, 1.2276691301466622, 2.0500832159974163, -0.9546851081734005, -0.8669509208861773, -0.8146384129613549, -0.7297855110079142, -0.5787489974999537, -0.31912670910350105, 0.018329937808467135, 0.5684760339022599, 1.2945328375915697, 2.1349236995328065, -1.074744442825276, -0.9920573048555529, -0.9188049335222559, -0.7908901494457088, -0.6168364981443746, -0.38295317723920264, 0.012552182113993043, 0.5346119064233261, 1.3366291372140011, 2.113210704733284, -1.111434311746136, -1.0299078635959509, -0.9215471604308849, -0.8403796358526974, -0.6132662966581756, -0.3625796094963142, -0.002239593174423824, 0.5555382031836832, 1.3301511813941853, 2.0986439673694726, -1.1214144928677476, -1.0486033997973339, -0.9548793827447509, -0.820582024184939, -0.6460417710154359, -0.3694033026443221, 0.003494573532055685, 0.5596570328267896, 1.320909785234557, 2.105867935432619, -1.1315561930895357, -1.0539831024815463, -0.9675936455080878, -0.845352256930756, -0.660698328229101, -0.3824765987530461, -0.01901913729870517, 0.5366424422235617, 1.2712341115451042, 2.0592728502555593, -1.1464178558394453, -1.0763979544981952, -0.980384426855591, -0.8530825905316949, -0.655893136329454, -0.4077389288293473, -0.02755660571092626, 0.4873790142245047, 1.2776153188380392, 2.070524837625144, -1.1450227999962088, -1.083860602806595, -1.0035803000767125, -0.8904316073881183, -0.7131574689738123, -0.4423451943790189, -0.10149251008701572, 0.43021008299711005, 1.1965828130522518, 1.9904032062708776, -1.1688470838635001, -1.1228692323094944, -1.0477612526101188, -0.9667962650124442, -0.8175069998811937, -0.5956337611833039, -0.27555291084115713, 0.15159922124431638, 0.841939470782936, 1.6590438387645619], "bean_num": 0.5, "model_info": {"det_num_x": 10, "det_num_y": 10, "det_y": 0.03, "det_x": 0.03, "size_x": 0.5, "size_y": 0.5, "med_margin": 0.0015}}