{"source": [119.98162523517291, -41.72183274186109], "intensity": 100, "miu_detector": 0.3, "miu_medium": 1.2, "miu_air": 0.00018, "output": [0.0, 0.0, 0.0, 0.0, 0.0, 0.0, 0.0, 0.0, 0.0, 0.0, 0.0, 0.0, 0.0, 0.0, 0.0, 0.0, 0.0, 0.13048463846502364, 0.8695153615349763, 0.0, 0.0, 0.0, 0.0, 0.0, 0.0, 0.0, 0.0, 0.0, 0.0, 0.0, 0.0, 0.0, 0.0, 0.0, 0.0, 0.0, 0.0, 0.0, 0.0, 0.0], "miu_de": 0.5, "input": [0.40938545336579224, -0.6353078118880634, -0.9818393838985461, -1.071511527271017, -1.104917413672938, -1.108431589272999, -1.1349126349610006, -1.1337270565274609, -1.1480572899750268, -1.1616741984514916, 0.5915882202206681, -0.4919115387327692, -0.9041629168382166, -0.9882045759766974, -1.0227020412497703, -1.0481097668465889, -1.0548283317236102, -1.0665743087667028, -1.077395565149796, -1.1173352476572003, 0.677019225893228, -0.4617223143775093, -0.8392936136200704, -0.928529299764853, -0.9368043645755002, -0.9488640436333681, -0.9672228607248444, -0.9855385853541625, -0.996129899818242, -1.0440189942486806, 0.6825784120743512, -0.42255630925279297, -0.7303876018637963, -0.7956833580965711, -0.8156843094537344, -0.8295204962857666, -0.8253270551031581, -0.8684241673685352, -0.8646766471880087, -0.9380388854766796, 0.7113132585396312, -0.3366692247085275, -0.5714927922480788, -0.6259952531471359, -0.6353257042158418, -0.6353177906183951, -0.6501184098760442, -0.6458752765745632, -0.7111924152788761, -0.8064560262295055, 0.8039246598686907, -0.2206686568262836, -0.3131928926392313, -0.3357041380600182, -0.3540329765823529, -0.36570814980392713, -0.37894057121578006, -0.3846644166533678, -0.4388045709572959, -0.5960829989251337, 0.8709137951103135, 0.020963056538063147, 0.026208830822557698, 0.02832758380420698, 0.009139578398874179, 0.023872813993855522, -0.015781829687335016, 0.006002582380730376, -0.08603334758077631, -0.2895887323275182, 1.0193640721284918, 0.5536502899849255, 0.5655633098771069, 0.5843292650440067, 0.5792012564913797, 0.5768131543615271, 0.5620987295355114, 0.5270283776855115, 0.457649251627447, 0.18443210843220426, 1.2430185848916575, 1.2380932294547853, 1.3199939672353114, 1.3334681542178168, 1.3239006304017762, 1.3047182449662607, 1.3269541562294607, 1.2789600942082058, 1.171416814346816, 0.8676617616374656, 1.7345228163726534, 2.02232517424156, 2.0785117016969905, 2.0948835282391034, 2.0983407615177576, 2.071084615986373, 2.1228447396741146, 2.064471272260317, 2.0343284630930807, 1.6468061823715696], "bean_num": 0.5, "model_info": {"det_num_x": 10, "det_num_y": 10, "det_y": 0.03, "det_x": 0.03, "size_x": 0.5, "size_y": 0.5, "med_margin": 0.0015}}