{"source": [-139.69627649256824, 2.0047585264242236], "intensity": 100, "miu_detector": 0.3, "miu_medium": 1.2, "miu_air": 0.00018, "output": [0.9086460036569319, 0.0, 0.0, 0.0, 0.0, 0.0, 0.0, 0.0, 0.0, 0.0, 0.0, 0.0, 0.0, 0.0, 0.0, 0.0, 0.0, 0.0, 0.0, 0.0, 0.0, 0.0, 0.0, 0.0, 0.0, 0.0, 0.0, 0.0, 0.0, 0.0, 0.0, 0.0, 0.0, 0.0, 0.0, 0.0, 0.0, 0.0, 0.0, 0.09135399634306804], "miu_de": 0.5, "input": [1.7741219829332127, 2.152137474194546, 2.114067194820552, 2.1958833242852442, 2.2124555513353377, 2.213788443464019, 2.196962647836164, 2.1679792473059365, 2.133224935184948, 1.8075053974528845, 0.9973247521872073, 1.3190492456228045, 1.409114675821226, 1.434706756690262, 1.4519521071450778, 1.4602126223307703, 1.4657843632272396, 1.4491152482054337, 1.3571597585352624, 0.9606789541565434, 0.3118742021523503, 0.679596886041089, 0.7273716922170838, 0.7684637330723959, 0.7602072645931133, 0.752075967091471, 0.7415891393478096, 0.6550866528470828, 0.5938622715529506, 0.2962195664839346, -0.13374482130655008, 0.14170309863140385, 0.18668440344888926, 0.19599372404861168, 0.2085403295746854, 0.22717177897127494, 0.21478351163601114, 0.22011363620338245, 0.10675255950627997, -0.16729358629757557, -0.4302511099491166, -0.25216267578155943, -0.1760323353928676, -0.15231977389921966, -0.18361096590834886, -0.14932791619811298, -0.17852390318530448, -0.20797306779000055, -0.24799840219930147, -0.4744754599504556, -0.6698693297645559, -0.5278149744750525, -0.4825841868134023, -0.4505022278601319, -0.4719217322044594, -0.4483812487648212, -0.4582961374565808, -0.4656048434236764, -0.5304282688777993, -0.6559665588357458, -0.8075024478450384, -0.6906184990366324, -0.6591021914894368, -0.6335045072151362, -0.634446953834411, -0.6497165188238333, -0.6446327809600999, -0.6686458349287974, -0.7064936704250396, -0.8017697696896655, -0.8960791073543637, -0.8174391515590299, -0.8105762124507999, -0.7706622931968087, -0.7884804480530537, -0.7947552714730077, -0.779465151448376, -0.8137383710684436, -0.8427668506126146, -0.9081449537866535, -0.9784425331779956, -0.9112950026376944, -0.9008646472157634, -0.866980775985853, -0.8717991688707789, -0.8911813031678554, -0.8890762392756351, -0.8952503879044581, -0.9193496023264588, -0.9761652239654725, -1.0297628847187132, -1.0063160143563787, -0.9894723541994909, -0.9779086055536583, -0.9738828911461102, -0.9721581103654378, -0.9772200422743686, -0.9794953895679884, -0.9902060265673719, -1.0308633852911453], "bean_num": 0.5, "model_info": {"det_num_x": 10, "det_num_y": 10, "det_y": 0.03, "det_x": 0.03, "size_x": 0.5, "size_y": 0.5, "med_margin": 0.0015}}