{"source": [-91.08464474301499, -113.37229081017762], "intensity": 100, "miu_detector": 0.3, "miu_medium": 1.2, "miu_air": 0.00018, "output": [0.0, 0.0, 0.0, 0.0, 0.0, 0.3087565370183333, 0.6912434629816667, 0.0, 0.0, 0.0, 0.0, 0.0, 0.0, 0.0, 0.0, 0.0, 0.0, 0.0, 0.0, 0.0, 0.0, 0.0, 0.0, 0.0, 0.0, 0.0, 0.0, 0.0, 0.0, 0.0, 0.0, 0.0, 0.0, 0.0, 0.0, 0.0, 0.0, 0.0, 0.0, 0.0], "miu_de": 0.5, "input": [0.9289061079345359, 1.1691213185084224, 1.1582942115367716, 1.2320172609042905, 1.3112465845169339, 1.328931242936259, 1.2636938236560356, 1.3902327294031789, 1.408070097977505, 1.623700099541156, -0.04689104751219672, 0.08804111137561517, 0.0710770909558076, 0.1669161674338005, 0.1776319640162014, 0.2152363730827509, 0.270805697472642, 0.5250728776530966, 0.9890862691618233, 1.7772060451626255, -0.6945412800986903, -0.5763216997620546, -0.48948571441088545, -0.45999409494113996, -0.44429549198788765, -0.40043482008122416, -0.1154209492781765, 0.20293588100241206, 1.0365909696103575, 2.0093311836940595, -0.9905399700859703, -0.9431545351310038, -0.8178675909544441, -0.7639061971265113, -0.6826594604079733, -0.4353426269781402, -0.08032109685278356, 0.3593988581606937, 1.1244375858136284, 1.948006705932005, -1.130974245968012, -1.0217066316386498, -0.9887332643077699, -0.9004400619958629, -0.6800099158546014, -0.49667774709600043, -0.11966213946196655, 0.42546070337943487, 1.120580796999592, 2.020348527897715, -1.1923533138318665, -1.1236742115202112, -1.0537952929521506, -0.9249790618955476, -0.823204835342624, -0.5558176693678968, -0.1122216094152974, 0.3667752954973398, 1.2326817426139653, 1.9390156034190942, -1.1977490337070984, -1.1133977840651872, -1.0306945862155936, -0.9247408678768304, -0.7472523540185386, -0.5227198188661485, -0.10896044791430298, 0.37703039774937747, 1.1197294384937395, 1.9890231697171195, -1.218453622998934, -1.1288200415941032, -1.0834472810419695, -0.9690974395431307, -0.7842572420186623, -0.5623448696666336, -0.13711263081622002, 0.3978738960321816, 1.1549013612791483, 1.8367306372797367, -1.2177927439209848, -1.1702388090526807, -1.091515512894523, -0.972205322404284, -0.7228082261342281, -0.5249897371247836, -0.22051748505028984, 0.29791612459749006, 1.1115574760976001, 1.7706320441131198, -1.2416436989181634, -1.198904767935676, -1.160765810445552, -1.047946203094915, -0.9176737857182815, -0.7077832495496871, -0.37943091188771283, 0.030110740556513412, 0.664105953347911, 1.5382286942189467], "bean_num": 0.5, "model_info": {"det_num_x": 10, "det_num_y": 10, "det_y": 0.03, "det_x": 0.03, "size_x": 0.5, "size_y": 0.5, "med_margin": 0.0015}}