{"source": [-91.3441896243743, -120.32718031975321], "intensity": 100, "miu_detector": 0.3, "miu_medium": 1.2, "miu_air": 0.00018, "output": [0.0, 0.0, 0.0, 0.0, 0.0, 0.13369882444654618, 0.8663011755534538, 0.0, 0.0, 0.0, 0.0, 0.0, 0.0, 0.0, 0.0, 0.0, 0.0, 0.0, 0.0, 0.0, 0.0, 0.0, 0.0, 0.0, 0.0, 0.0, 0.0, 0.0, 0.0, 0.0, 0.0, 0.0, 0.0, 0.0, 0.0, 0.0, 0.0, 0.0, 0.0, 0.0], "miu_de": 0.5, "input": [-1.2352354647789505, -1.201702725875764, -1.1315669864241853, -1.0549649269509644, -0.9412938715227358, -0.7364504933819117, -0.42875275283265674, -0.014980170526147682, 0.6816676167947257, 1.4784879056026956, -1.226418428930342, -1.1763566912763266, -1.1087700237923426, -0.9874626002363037, -0.8279677262039302, -0.6170569675931468, -0.23731396804421756, 0.24614684473855333, 0.9317089605255455, 1.8263432324303452, -1.1927174162352034, -1.1481322154254854, -1.0829955039746546, -0.9868993654705314, -0.8038377822268489, -0.5818576771733753, -0.19456004366280039, 0.3214636958927554, 1.0796253471110655, 1.956050742556643, -1.1751866174319956, -1.138160708384927, -1.0659135612341395, -0.9634484511612497, -0.8327279710326664, -0.5597177647605177, -0.2059861388535293, 0.30769150198566597, 1.0314963570210671, 1.8762491067930631, -1.1670256698472934, -1.0918702308982569, -1.0368723277858916, -0.928600362446353, -0.7711880264237055, -0.5263852606804484, -0.17922367687940755, 0.34263742363932903, 1.1532447883465038, 1.941928507167888, -1.0771046592304543, -1.0020259535097595, -0.9617249862836464, -0.8948877521151561, -0.7418846229360997, -0.5075257520081341, -0.1678912059343857, 0.36431130956264, 1.0321156943339567, 1.8840114970382003, -0.9144352236292035, -0.8623080087655394, -0.8313855702566865, -0.7412262426217704, -0.6712855206890179, -0.48202677277462264, -0.14725214131051026, 0.37102773069593054, 1.0458914025739778, 1.8771574397233435, -0.6429092708937045, -0.4375097147877623, -0.4964433251526293, -0.439469527381087, -0.40664174677419657, -0.32588203993589326, -0.13117881468092302, 0.35748079402016475, 1.0695064706458046, 1.9350354373680596, -0.006630964920919657, 0.17712560804650682, 0.16266543848805512, 0.25900588812489583, 0.2710381593563473, 0.2594798435266572, 0.34096916306761915, 0.4733459447264933, 1.0493020199838867, 1.9402445211075947, 0.9678714804330435, 1.2806766250032424, 1.3135643970289343, 1.2893146409625214, 1.3495437035395925, 1.3428797501883623, 1.3269836640943875, 1.4404827978066177, 1.4424755531301854, 1.6509813817684316], "bean_num": 0.5, "model_info": {"det_num_x": 10, "det_num_y": 10, "det_y": 0.03, "det_x": 0.03, "size_x": 0.5, "size_y": 0.5, "med_margin": 0.0015}}