{"source": [-39.67088282370016, 149.7300735195873], "intensity": 100, "miu_detector": 0.3, "miu_medium": 1.2, "miu_air": 0.00018, "output": [0.0, 0.0, 0.0, 0.0, 0.0, 0.0, 0.0, 0.0, 0.0, 0.0, 0.0, 0.0, 0.0, 0.0, 0.0, 0.0, 0.0, 0.0, 0.0, 0.0, 0.0, 0.0, 0.0, 0.0, 0.0, 0.0, 0.0, 0.0, 0.0, 0.0, 0.0, 0.3511650663098654, 0.6488349336901347, 0.0, 0.0, 0.0, 0.0, 0.0, 0.0, 0.0], "miu_de": 0.5, "input": [0.17145737250197446, 0.3174266714275938, 0.39081285768295715, 0.3853118287192767, 0.4592690093054947, 0.4941655311807782, 0.6275009055028336, 0.779991791136013, 1.1233612558665447, 1.731017440249688, -0.8200174521703971, -0.716522219685323, -0.6618637564499357, -0.5981043380698208, -0.4613570279404607, -0.28090464941754034, 0.07256945236512802, 0.5442790742487119, 1.278125357465413, 2.0711125249281515, -1.0315176758968447, -0.952336127994379, -0.8524915267087456, -0.7581924186854613, -0.5724358684074147, -0.3196645120010322, 0.09913499128599762, 0.6023724503406939, 1.3368403257963357, 2.046244911730253, -1.067207802817857, -1.0069843654598092, -0.8834996317016081, -0.7829003289299854, -0.5884468102538352, -0.35220108933078015, 0.1110662229014418, 0.6523626414028119, 1.382481690270795, 2.171459975408792, -1.0989150887078225, -1.0189194711467655, -0.91849629550448, -0.7888328706982662, -0.595639320781386, -0.29546017395998536, 0.09003192519271, 0.6609518518955728, 1.3999776013407745, 2.156001292840429, -1.1041580653623269, -1.0185185501672425, -0.9441895042189996, -0.7915552245890337, -0.5655966241396309, -0.31751825029625924, 0.09133286954599873, 0.6435881149846475, 1.4207114093730515, 2.137217179339748, -1.1046872362381508, -1.0294014699456102, -0.9339376918391343, -0.7967218551987941, -0.5928296631091287, -0.3121421196213282, 0.09532375460434739, 0.6574903615739134, 1.3528047674754997, 2.142288473647579, -1.1138027569720603, -1.0476503906712935, -0.9227532385028518, -0.7857593313584019, -0.6171088644144845, -0.37811358631185854, 0.06432282841029412, 0.5989397917982084, 1.3422955267751073, 2.088208068933779, -1.1352032871036195, -1.0587624364022912, -0.9597544177976692, -0.8461252629100289, -0.6373962337552129, -0.38402106330959707, 0.003754616749355167, 0.5447829334872506, 1.2691096830406805, 2.033799368214275, -1.1593182853822008, -1.0909408389234496, -1.0187738238444484, -0.9104788298597298, -0.746730670490944, -0.5709582509210658, -0.2278600249776109, 0.2688531292553665, 0.9087740252746535, 1.7267548158834802], "bean_num": 0.5, "model_info": {"det_num_x": 10, "det_num_y": 10, "det_y": 0.03, "det_x": 0.03, "size_x": 0.5, "size_y": 0.5, "med_margin": 0.0015}}