{"source": [-85.85584901083581, -131.34523166482234], "intensity": 100, "miu_detector": 0.3, "miu_medium": 1.2, "miu_air": 0.00018, "output": [0.0, 0.0, 0.0, 0.0, 0.0, 0.0, 0.6856956625427563, 0.31430433745724373, 0.0, 0.0, 0.0, 0.0, 0.0, 0.0, 0.0, 0.0, 0.0, 0.0, 0.0, 0.0, 0.0, 0.0, 0.0, 0.0, 0.0, 0.0, 0.0, 0.0, 0.0, 0.0, 0.0, 0.0, 0.0, 0.0, 0.0, 0.0, 0.0, 0.0, 0.0, 0.0], "miu_de": 0.5, "input": [-0.1731892870604438, -0.1305489620117407, -0.04665343320803847, 0.017954577768841445, 0.1055615926090591, 0.1745453973333556, 0.3547142863421398, 0.5709802565276212, 1.0131750143660767, 1.6810120006770966, -0.97241587288841, -0.8880053663785068, -0.8376456122426156, -0.7028737195124377, -0.49971204256923507, -0.33505205932442145, 0.10679411870251271, 0.6550519178063062, 1.2102961808723627, 2.143346756650225, -1.0781948236240961, -0.9675458076676755, -0.8955271678586619, -0.7087127448980634, -0.5520385381015819, -0.23965191983772527, 0.10076174320695946, 0.7102841438146095, 1.3080019893967554, 2.113976614183786, -1.0764772183260003, -1.0044617951295927, -0.8539503974258994, -0.7574191022145814, -0.5739476851231254, -0.23385276553209716, 0.13579871484448294, 0.7999368777193668, 1.389388393853657, 2.109240429578516, -1.084356484161904, -0.9649032205576621, -0.891313823990665, -0.7813019268274646, -0.5649479966376282, -0.21713996224801174, 0.18184053129988126, 0.7281788722173099, 1.4626710594941035, 2.080060481123679, -1.0648724430246943, -0.9715669364071323, -0.904319239923151, -0.7241069415342967, -0.5457701914465503, -0.19592646380074938, 0.21160769107590455, 0.78716262060961, 1.4933747586838133, 2.2453563375995196, -1.084580553743627, -0.9911692324358736, -0.9097490120619756, -0.7718686971189237, -0.565643972303502, -0.2536181381784944, 0.18551926219821407, 0.6925958122784338, 1.4126717202357673, 2.175880676181541, -1.0872646488007431, -1.018484610540387, -0.8844144551460055, -0.731773440551028, -0.5649368928141406, -0.3046545588144771, 0.12228586468617197, 0.6965042130004556, 1.5069974156442512, 2.05919316058114, -1.08696760834241, -1.0263888287946332, -0.9157711540836073, -0.7829336949733182, -0.6044227292081609, -0.3981289608507749, 0.07413027700411114, 0.630957568797694, 1.3628585713515768, 2.1145742833079715, -1.1178078519404513, -1.081568567283143, -0.983457101085465, -0.8462028536204336, -0.6967071750316296, -0.5490340984496532, -0.17993918289625863, 0.3470992968818781, 0.9040164369054496, 1.6995320531517712], "bean_num": 0.5, "model_info": {"det_num_x": 10, "det_num_y": 10, "det_y": 0.03, "det_x": 0.03, "size_x": 0.5, "size_y": 0.5, "med_margin": 0.0015}}