{"source": [-126.29205854654465, 117.08840019292651], "intensity": 100, "miu_detector": 0.3, "miu_medium": 1.2, "miu_air": 0.00018, "output": [0.0, 0.0, 0.0, 0.0, 0.0, 0.0, 0.0, 0.0, 0.0, 0.0, 0.0, 0.0, 0.0, 0.0, 0.0, 0.0, 0.0, 0.0, 0.0, 0.0, 0.0, 0.0, 0.0, 0.0, 0.0, 0.0, 0.0, 0.0, 0.0, 0.0, 0.0, 0.0, 0.0, 0.0, 0.0, 0.7593709731952905, 0.2406290268047096, 0.0, 0.0, 0.0], "miu_de": 0.5, "input": [1.6233841994038158, 1.6844503800697403, 1.6889565947842, 1.6560108895760117, 1.631716643820302, 1.6011962761936878, 1.60208188769965, 1.6520631483838806, 1.572135727062952, 1.2414704330851403, 1.7292398032479144, 0.9006095543846528, 0.6985673375429712, 0.6804868387584193, 0.7075342621534954, 0.6658622820544476, 0.676261088820194, 0.5793945287504297, 0.528565933396481, 0.28731352745709254, 1.6959778928112985, 0.8278489599461779, 0.15838494947037834, 0.014706167420818829, -0.008191561228777452, -0.03227444817501586, -0.09242031528723474, -0.11235347984828525, -0.13861682157165645, -0.3233159451706618, 1.7369847848037592, 0.8055088463909914, 0.10241181020113467, -0.313637349890167, -0.4512997979193614, -0.4807902458883497, -0.548920790479183, -0.5234934282038549, -0.5967870927796305, -0.6973621171992846, 1.8535798152095446, 0.82587268000072, 0.04849457642606685, -0.40837576511929313, -0.6350572373975417, -0.7644948636284826, -0.8111681044405297, -0.825413743887987, -0.8494637241696775, -0.9280132590269392, 1.6605796300754685, 0.8039182080311122, 0.04884758163821272, -0.420792236916571, -0.6972241067178411, -0.8744760951862228, -0.965507688182055, -0.993909767696058, -1.0338415217565196, -1.0764739628859377, 1.7669215866225825, 0.7713821367739183, -0.02287049777268139, -0.4149729255650628, -0.7225320391627347, -0.924071272560917, -1.0238792285558627, -1.0857375134160345, -1.11997063687696, -1.1557171855856025, 1.695289053978643, 0.7778781670779553, 0.041320494895367765, -0.4333580949715075, -0.7435660769317487, -0.932373253110468, -1.0437141074765541, -1.1407517970773833, -1.1689686717136016, -1.2184571444808372, 1.6982661293951662, 0.6758169396142903, -0.049744715712032365, -0.47818754167543803, -0.783323364539146, -0.9658568137267418, -1.0763501741850687, -1.1530544421734117, -1.1908126704045454, -1.2374584794553425, 1.3522324738536373, 0.4414933837137516, -0.2084467953277039, -0.6188396226909417, -0.8614582549304713, -1.017520099751737, -1.1211596660895244, -1.1967190058498567, -1.2375917694095453, -1.2598782731638671], "bean_num": 0.5, "model_info": {"det_num_x": 10, "det_num_y": 10, "det_y": 0.03, "det_x": 0.03, "size_x": 0.5, "size_y": 0.5, "med_margin": 0.0015}}