{"source": [-174.53916154741998, 30.328984626422375], "intensity": 100, "miu_detector": 0.3, "miu_medium": 1.2, "miu_air": 0.00018, "output": [0.0, 0.0, 0.0, 0.0, 0.0, 0.0, 0.0, 0.0, 0.0, 0.0, 0.0, 0.0, 0.0, 0.0, 0.0, 0.0, 0.0, 0.0, 0.0, 0.0, 0.0, 0.0, 0.0, 0.0, 0.0, 0.0, 0.0, 0.0, 0.0, 0.0, 0.0, 0.0, 0.0, 0.0, 0.0, 0.0, 0.0, 0.0, 0.09529257208776235, 0.9047074279122377], "miu_de": 0.5, "input": [1.6967354597094486, 2.142589600727595, 2.189047775516677, 2.211307038784125, 2.207697285281662, 2.202461706482281, 2.149296007947595, 2.095117887530639, 2.1208492149525147, 1.8525650721804123, 0.9278311765644515, 1.4091755613489, 1.4150906402592858, 1.479612686078504, 1.516606021511816, 1.4142579518201839, 1.481181444032214, 1.455464669205402, 1.2872892314399218, 0.9715796001840445, 0.26680189665876575, 0.6080443044610825, 0.6994450710984551, 0.6918808670916843, 0.7702102831974729, 0.7564002946101048, 0.7700982816392061, 0.7894045524371603, 0.6877926629291751, 0.30597391015857317, -0.10077218047850844, 0.03175285420341214, 0.2094190966802048, 0.20147101666559536, 0.23328937564932076, 0.21532502384522376, 0.259807385757071, 0.2107414263184379, 0.1255428799577013, -0.1047070169617284, -0.4224655547731148, -0.284311241273581, -0.13725442379974195, -0.16445734569192436, -0.13642987978360435, -0.19694469038570442, -0.2129085433966667, -0.25532323492862974, -0.27760643334780466, -0.4576854561434096, -0.6316797802873645, -0.5491869984576889, -0.4763347171250029, -0.4556123767980032, -0.4196520109667789, -0.4557776126623934, -0.4654246011901867, -0.44782919290195883, -0.5033061435268366, -0.61787479291363, -0.8075617486532147, -0.7221095888501164, -0.681827437902916, -0.6650802441453849, -0.6629832023728588, -0.6581587348343091, -0.6367190343351194, -0.6928647661243332, -0.6840719534056148, -0.8041160117463332, -0.8876881468064763, -0.8389394701560451, -0.8266804991293416, -0.8136967349346181, -0.7821795722622861, -0.7811158755155895, -0.7905861793488809, -0.8055121888656751, -0.8216597500263421, -0.9115329559809828, -0.9386581685504457, -0.9129903772099278, -0.889069036370775, -0.8872990949199393, -0.8901184397158045, -0.8761123720988115, -0.9013047536581676, -0.9035564818684452, -0.9261356693557512, -0.9565956887994415, -1.008819419189308, -0.9981658979220803, -0.9736657509878951, -0.9755638479418393, -0.9664368303757647, -0.9759220893585645, -0.980795523285373, -0.9856215060044353, -1.0196381535733692, -1.0440597905394786], "bean_num": 0.5, "model_info": {"det_num_x": 10, "det_num_y": 10, "det_y": 0.03, "det_x": 0.03, "size_x": 0.5, "size_y": 0.5, "med_margin": 0.0015}}