{"source": [161.5124216366145, 89.04933342454646], "intensity": 100, "miu_detector": 0.3, "miu_medium": 1.2, "miu_air": 0.00018, "output": [0.0, 0.0, 0.0, 0.0, 0.0, 0.0, 0.0, 0.0, 0.0, 0.0, 0.0, 0.0, 0.0, 0.0, 0.0, 0.0, 0.0, 0.0, 0.0, 0.0, 0.0, 0.0, 0.0, 0.792222424789718, 0.20777757521028192, 0.0, 0.0, 0.0, 0.0, 0.0, 0.0, 0.0, 0.0, 0.0, 0.0, 0.0, 0.0, 0.0, 0.0, 0.0], "miu_de": 0.5, "input": [0.5406513285979165, 0.6826596553419296, 0.7673340978523729, 0.791604487746272, 0.8413642846121709, 0.9189831126349746, 0.9328101948566273, 1.0794549529798831, 1.2706320849542316, 1.750892432696843, -0.5419047743069109, -0.3817083450198868, -0.3796104729672715, -0.3420042754457756, -0.2586109214976574, -0.1558002396442942, 0.05619716241299084, 0.4834677795737101, 1.211767387866426, 2.0470111393674295, -0.9269401862175602, -0.8341263786619676, -0.8066810590483331, -0.7240124916581671, -0.5712536169696538, -0.3299073184846858, -0.008584849507929962, 0.5149789244809824, 1.3103223088514393, 2.0749121442072775, -1.0724723790780681, -0.9902994596900361, -0.9094802734933422, -0.7813297084710681, -0.6181469655839139, -0.3444826366971513, -0.007539985275566338, 0.5610253709978733, 1.2741721565709612, 2.0707879920100845, -1.1099146237474158, -1.0418566465996026, -0.9451899723516136, -0.8348531700971682, -0.6463797936172396, -0.37798545073265516, -0.009346149385641222, 0.5451693625546187, 1.292188018438566, 2.0583189532554846, -1.1439057029281379, -1.046087620159908, -0.9686680177891522, -0.8346174726539813, -0.6352553657536668, -0.35897848978438773, 0.03539780642209793, 0.5291808936800811, 1.2776524303217884, 2.0860270950317363, -1.1488662886861518, -1.065995726578476, -0.9986032961456043, -0.8480534032067494, -0.6696263695228822, -0.3834042449557278, -0.026510619838754808, 0.5275071332286019, 1.2860256899701237, 2.0209335886893665, -1.1539515720246845, -1.0719979519763858, -0.9928184007695207, -0.8853666885877876, -0.6949447538422608, -0.4116261343123386, -0.04395036891454343, 0.5156413878577026, 1.266947257796892, 2.052161934646396, -1.154106991284036, -1.0918184748689979, -1.0070387911271548, -0.8905937117575944, -0.7253890224129111, -0.4918439591447378, -0.10996273969867361, 0.41542806294932966, 1.1799508367007756, 1.999640910828861, -1.1711120429830495, -1.124566962613139, -1.0623474742224446, -0.9784341250665237, -0.8204737437797429, -0.643386035244622, -0.33519112404772206, 0.17668603064237207, 0.8561950669439167, 1.637834372361923], "bean_num": 0.5, "model_info": {"det_num_x": 10, "det_num_y": 10, "det_y": 0.03, "det_x": 0.03, "size_x": 0.5, "size_y": 0.5, "med_margin": 0.0015}}