{"source": [-166.79563058091784, 95.59896254088281], "intensity": 100, "miu_detector": 0.3, "miu_medium": 1.2, "miu_air": 0.00018, "output": [0.0, 0.0, 0.0, 0.0, 0.0, 0.0, 0.0, 0.0, 0.0, 0.0, 0.0, 0.0, 0.0, 0.0, 0.0, 0.0, 0.0, 0.0, 0.0, 0.0, 0.0, 0.0, 0.0, 0.0, 0.0, 0.0, 0.0, 0.0, 0.0, 0.0, 0.0, 0.0, 0.0, 0.0, 0.0, 0.0, 0.3132433970455919, 0.6867566029544081, 0.0, 0.0], "miu_de": 0.5, "input": [1.774378663406966, 1.3153655819501715, 1.290767409755936, 1.116781520592722, 1.2585702002408157, 1.2113130659363989, 1.1762007742995173, 1.224197729560028, 1.0355958914060468, 0.8929018702473722, 1.790843717846816, 1.0624224023368647, 0.4831012013488061, 0.1664457010699169, 0.07289362638614925, 0.05890960010582557, -0.013378134909533906, -0.06119924932684885, 0.0662946540231867, -0.20080656809791275, 1.9632095147958037, 1.0673212540418615, 0.35265026766331997, -0.05686832998871821, -0.34026171876296524, -0.5040195025906963, -0.5744274558512492, -0.5984543672188244, -0.6615837967450905, -0.8169924213292304, 2.002935682508415, 1.2347029040269362, 0.3636505342175024, -0.09294661085614789, -0.5026431236246128, -0.7135057152763596, -0.7853955773983851, -0.8266693886190466, -0.9279312066423646, -0.9745966221361655, 1.9624529958005388, 1.1978789887273789, 0.45863005891964354, -0.08674784413446696, -0.4617318878383533, -0.7866607224281681, -0.8972506317569119, -0.9468748885454804, -1.0512107295861213, -1.1072160491570457, 1.9975476873652664, 1.296488030625181, 0.5008143950481327, -0.05756739347807519, -0.5076244096589996, -0.729206843862169, -0.9165306872964993, -1.0159259641159721, -1.0905952835506558, -1.174031632757946, 1.9464858265763105, 1.1221169094574854, 0.3331713741995036, -0.15330542701873087, -0.48824202056604415, -0.7450613692045964, -0.8938576217303228, -1.0080588565509139, -1.0887485005731405, -1.1848766400488102, 1.9265841405160984, 1.0945385420085578, 0.438787697923965, -0.07085028138994544, -0.520433384844327, -0.7989713541070638, -0.9292752590506911, -1.0146845867944525, -1.1094134894966754, -1.195407734695972, 1.9287546761521928, 1.1158148025383139, 0.3710801860279766, -0.16529371848103655, -0.48490937798375733, -0.8347578419711591, -0.9403380217029002, -1.0708782834967219, -1.1488043644440697, -1.1839864537218818, 1.5802927974857415, 0.7466810014679497, 0.035295758653823325, -0.4151017666688133, -0.6879081047084774, -0.9255621558182581, -1.025333236436721, -1.0991237969874252, -1.1661112856836253, -1.2047199455438458], "bean_num": 0.5, "model_info": {"det_num_x": 10, "det_num_y": 10, "det_y": 0.03, "det_x": 0.03, "size_x": 0.5, "size_y": 0.5, "med_margin": 0.0015}}