{"source": [197.0124579900998, -98.62013789092562], "intensity": 100, "miu_detector": 0.3, "miu_medium": 1.2, "miu_air": 0.00018, "output": [0.0, 0.0, 0.0, 0.0, 0.0, 0.0, 0.0, 0.0, 0.0, 0.0, 0.0, 0.0, 0.0, 0.0, 0.0, 0.0, 0.0, 0.9546163245201634, 0.0453836754798366, 0.0, 0.0, 0.0, 0.0, 0.0, 0.0, 0.0, 0.0, 0.0, 0.0, 0.0, 0.0, 0.0, 0.0, 0.0, 0.0, 0.0, 0.0, 0.0, 0.0, 0.0], "miu_de": 0.5, "input": [1.7109968433574627, 1.2532542975517593, 0.9615430919673714, 0.7975690544859961, 0.8308125862000308, 0.7293466751246819, 0.6863827112380517, 0.6922023027743343, 0.6142206526199924, 0.43929619621944177, 1.9821162628452282, 1.2454712827824987, 0.48329090650622386, 0.05296597249532481, -0.22491162098116138, -0.3367616559450894, -0.4407857924070053, -0.48224244450587855, -0.5212662009474224, -0.6317681645324145, 2.0578782436801597, 1.2778376356903571, 0.5402086779752528, 0.021262342481382004, -0.3419546774119712, -0.5858565413905306, -0.7678781116010639, -0.8338784133843827, -0.9007675097524357, -0.9724225194535907, 2.0608792536226326, 1.295941003980102, 0.6056111445651804, 0.0375675831382417, -0.34661912789368216, -0.6242326684581759, -0.8155281305601397, -0.9016950138761314, -1.0003985930150006, -1.0823338259439785, 2.0951834874685558, 1.3579356726812073, 0.6330660895516514, 0.08533991526825778, -0.35356113427952374, -0.6124328498838094, -0.8278151813415116, -0.9417706938932546, -1.02797997081496, -1.1157789754271754, 2.1065675989290336, 1.2866896386490194, 0.5660563574488464, 0.024779213381946563, -0.34436210965802166, -0.6289367417096727, -0.835252068006072, -0.9828860871987108, -1.0493537753918607, -1.1336567041456531, 2.0866685603106894, 1.2890901783912168, 0.5650185624484794, 0.01619363675821439, -0.3483575486896686, -0.621562368995158, -0.8222821362194541, -0.9601185356917086, -1.0580761921538537, -1.1270462756513808, 2.081164715580137, 1.2877647840015074, 0.5586609748255983, -0.007669106934264788, -0.3740949542884723, -0.6689804793230003, -0.8358316645344464, -0.9918394822108995, -1.0860778273214227, -1.143091285713114, 2.039144167041358, 1.2278935761473635, 0.5039279249711092, -0.051558576370796846, -0.43088502338957285, -0.7104195284955171, -0.868788530881421, -0.9843072709792752, -1.0704120792179934, -1.151180937863263, 1.6604959318235337, 0.926762245691082, 0.19274569429395375, -0.2661761065304084, -0.6057313013478788, -0.8141451321118098, -0.9511222331041039, -1.0586603407769917, -1.1185266619517753, -1.1757747624065378], "bean_num": 0.5, "model_info": {"det_num_x": 10, "det_num_y": 10, "det_y": 0.03, "det_x": 0.03, "size_x": 0.5, "size_y": 0.5, "med_margin": 0.0015}}