{"source": [219.44613334527205, -88.47933387386313], "intensity": 100, "miu_detector": 0.3, "miu_medium": 1.2, "miu_air": 0.00018, "output": [0.0, 0.0, 0.0, 0.0, 0.0, 0.0, 0.0, 0.0, 0.0, 0.0, 0.0, 0.0, 0.0, 0.0, 0.0, 0.0, 0.0, 0.43988774003147996, 0.5601122599685201, 0.0, 0.0, 0.0, 0.0, 0.0, 0.0, 0.0, 0.0, 0.0, 0.0, 0.0, 0.0, 0.0, 0.0, 0.0, 0.0, 0.0, 0.0, 0.0, 0.0, 0.0], "miu_de": 0.5, "input": [1.6405178369684095, 0.7209796999512702, 0.052064395151651253, -0.4160103455213932, -0.7022502757526083, -0.8645528360368094, -1.0478434848150666, -1.112864366427411, -1.1815016076270335, -1.2150389124379548, 1.8823529280616207, 1.1920446798610413, 0.3097431805589579, -0.17671456408318625, -0.5090328802576666, -0.8240649385860114, -0.9927940152008015, -1.0861170856963869, -1.154538881795555, -1.2149120153630346, 1.872070273953801, 1.1755006489379418, 0.40705161795386424, -0.15451421648877497, -0.5163438590696818, -0.763300600345831, -0.9274268766178243, -1.025631687725032, -1.1078640730102502, -1.176651093330292, 1.9686636442518664, 1.1740595008674837, 0.34199910300693254, -0.18723111021041808, -0.493506867957642, -0.7932090875159642, -0.9359956149791049, -1.0334014310480648, -1.1007957484511957, -1.1639454630517154, 1.8490471624654778, 1.1349734371659046, 0.3749773342836246, -0.12992630182124754, -0.47270659445211544, -0.7547828904105891, -0.8998842112750407, -1.0250585107918275, -1.1091578040575567, -1.1643456576778617, 1.9188505054115612, 1.091204134311762, 0.3950550762194283, -0.12070158022697487, -0.47620097942752737, -0.7335833130630662, -0.890465675578011, -0.9931264900747647, -1.0612432260707543, -1.0996300096538727, 1.8922471876999363, 1.1064724129540633, 0.41651398143421586, -0.11876390221595173, -0.5132267822953573, -0.6770208934013718, -0.8366170729993894, -0.8957088474231149, -0.8850256045567335, -1.0144030977845866, 1.9267978464365014, 1.1184976934245159, 0.38240129113192983, -0.07840196929497367, -0.3712329151660768, -0.4652313517943342, -0.4917503858310385, -0.5369403380565623, -0.5907102103213239, -0.7630208057246187, 1.9160227553098266, 1.1458773384431125, 0.5558820728532908, 0.26725005651160455, 0.14645589976089465, 0.1730059651676191, 0.10309714560628272, 0.03780659048820146, -0.053359977853800755, -0.23105794949658354, 1.7910023471497047, 1.2898930209654085, 1.3568658197879155, 1.263464331760435, 1.2940942793637367, 1.3092754045118407, 1.1550647626767971, 1.2028967492127995, 1.0671980967960168, 0.912101079370473], "bean_num": 0.5, "model_info": {"det_num_x": 10, "det_num_y": 10, "det_y": 0.03, "det_x": 0.03, "size_x": 0.5, "size_y": 0.5, "med_margin": 0.0015}}