{"source": [249.6322151625323, 40.63832520266706], "intensity": 100, "miu_detector": 0.3, "miu_medium": 1.2, "miu_air": 0.00018, "output": [0.0, 0.0, 0.0, 0.0, 0.0, 0.0, 0.0, 0.0, 0.0, 0.0, 0.0, 0.0, 0.0, 0.0, 0.0, 0.0, 0.0, 0.0, 0.0, 0.0, 0.0, 0.97264115261366, 0.027358847386340028, 0.0, 0.0, 0.0, 0.0, 0.0, 0.0, 0.0, 0.0, 0.0, 0.0, 0.0, 0.0, 0.0, 0.0, 0.0, 0.0, 0.0], "miu_de": 0.5, "input": [-0.40872445084289255, -0.9943973274054223, -1.0347122439597982, -1.0397322980072101, -1.0483690406747574, -1.0500652894895877, -1.0493556332205152, -1.0524278898581096, -1.0666241672436592, -1.1003272803304545, -0.2975451334692223, -0.9148136475355468, -0.9577007401480649, -0.9556521043152448, -0.956733935274196, -0.9818387337559966, -0.9693126114554075, -0.9669439396909173, -1.0010752388409367, -1.036475429716492, -0.24434476185500315, -0.8299110214477814, -0.8556216823562358, -0.8587392501330933, -0.8575279541563791, -0.8741679877934241, -0.8726662320940958, -0.8608927745410023, -0.9045034694703454, -0.960187136896666, -0.19567999006649398, -0.7122740987890082, -0.7126740726162402, -0.7095836837683964, -0.708078315735827, -0.7265179974661596, -0.7170120326513403, -0.762397146280318, -0.7682123617442299, -0.8594904594935928, -0.13732641144205718, -0.5346285197081965, -0.5296670438776615, -0.5102681237225526, -0.5156071103300648, -0.5150605486436903, -0.5153188387168376, -0.565881387850387, -0.5970625097098774, -0.6969857750622422, -0.01322390634447283, -0.26873247768208397, -0.25753238055686384, -0.20858635656876925, -0.22767640749122636, -0.2306835490392102, -0.2577920969000612, -0.26069668427660647, -0.3182753837067863, -0.47513926470705203, 0.1693307967174429, 0.05355394850024858, 0.12966059345195383, 0.19004169378474184, 0.1678984644113181, 0.17593447512441385, 0.16991420017516168, 0.17003831028462515, 0.07647366094774052, -0.15903907133956888, 0.5080587516350088, 0.6339954409063635, 0.6535192762996176, 0.7097139212622037, 0.7322798884550094, 0.7549500213944704, 0.6930177848786404, 0.6800520646147453, 0.6048858812026354, 0.2783615700189958, 1.0716741900328783, 1.339728097906556, 1.4522203895728465, 1.4230083813318535, 1.4462122638954449, 1.456538356390613, 1.4345775961562663, 1.410857917621796, 1.3222725281389784, 0.9776809928831655, 1.7773957575058346, 2.072315571389807, 2.1542879224940332, 2.192441877334314, 2.208447569921182, 2.2009456949145796, 2.146329426642406, 2.172686608630698, 2.1225722280380697, 1.734619297399692], "bean_num": 0.5, "model_info": {"det_num_x": 10, "det_num_y": 10, "det_y": 0.03, "det_x": 0.03, "size_x": 0.5, "size_y": 0.5, "med_margin": 0.0015}}