{"source": [-196.7442260640807, -161.62320613075602], "intensity": 100, "miu_detector": 0.3, "miu_medium": 1.2, "miu_air": 0.00018, "output": [0.0, 0.0, 0.0, 0.0, 0.6219193353495158, 0.37808066465048423, 0.0, 0.0, 0.0, 0.0, 0.0, 0.0, 0.0, 0.0, 0.0, 0.0, 0.0, 0.0, 0.0, 0.0, 0.0, 0.0, 0.0, 0.0, 0.0, 0.0, 0.0, 0.0, 0.0, 0.0, 0.0, 0.0, 0.0, 0.0, 0.0, 0.0, 0.0, 0.0, 0.0, 0.0], "miu_de": 0.5, "input": [1.6762894949797014, 1.3678565793779567, 1.2453486186646106, 1.270856112796464, 1.194491429745685, 1.2301480974798518, 1.1501155124029767, 1.1869296454238778, 1.1144895338779706, 0.9073194529535884, 1.9201126232847114, 1.1007936653397776, 0.46004414262447735, 0.24172623134999988, 0.05070449797048924, 0.009933545902254858, 0.04228257009917858, -0.010824858007091657, -0.007013442084663544, -0.16905311275212723, 1.9770399459833832, 1.135881768477756, 0.37911992718209087, -0.04973338090758531, -0.3694201493837595, -0.5409886623175502, -0.5629521285670523, -0.5841148963545264, -0.6383938175960638, -0.7638482656538836, 1.9225290263801578, 1.1720141913708857, 0.4098098917052138, -0.11232997311646786, -0.4631979150728723, -0.6741117020068994, -0.84944238112947, -0.894122442495422, -0.8831148135124641, -1.0081409442486355, 1.9938143893267246, 1.1664763472937536, 0.4319809426114957, -0.12270777239957019, -0.4858367749831749, -0.7241210713693187, -0.8865710109803164, -0.9848115163880685, -1.0391336972470058, -1.102173309653979, 2.0270511578661337, 1.177853660327907, 0.38562658200933025, -0.09989074266214852, -0.46684989695938955, -0.7487820335710239, -0.8807408820409115, -1.0002823573096773, -1.103291443458319, -1.1651007044259591, 2.030128977931122, 1.0892941595194583, 0.3678617542190126, -0.12411297028910247, -0.47063266404451076, -0.7877333886426585, -0.9247573871376343, -1.0372139905722644, -1.1080034685856028, -1.1913637597523532, 1.9060108620343592, 1.14971932074049, 0.46208197608658635, -0.14571806744169138, -0.47375506224554986, -0.7361927820936498, -0.9199004221268846, -1.0545205115218397, -1.1390627890773501, -1.1984235251771562, 1.8810005166522767, 1.121827367430628, 0.30207035190350456, -0.1649821838838081, -0.541624125371725, -0.7664986743436456, -0.9647300943665794, -1.091779004493122, -1.1310833682394899, -1.2096878226406198, 1.485679110282379, 0.7702221975941923, 0.06980009346573773, -0.37815134098227204, -0.6592473061193461, -0.874839180817045, -1.0033213250555313, -1.1135537371307334, -1.1737056525449538, -1.2086455693156388], "bean_num": 0.5, "model_info": {"det_num_x": 10, "det_num_y": 10, "det_y": 0.03, "det_x": 0.03, "size_x": 0.5, "size_y": 0.5, "med_margin": 0.0015}}