{"source": [-153.4676277044992, -204.6535045918106], "intensity": 100, "miu_detector": 0.3, "miu_medium": 1.2, "miu_air": 0.00018, "output": [0.0, 0.0, 0.0, 0.0, 0.0, 0.09620731192618587, 0.9037926880738142, 0.0, 0.0, 0.0, 0.0, 0.0, 0.0, 0.0, 0.0, 0.0, 0.0, 0.0, 0.0, 0.0, 0.0, 0.0, 0.0, 0.0, 0.0, 0.0, 0.0, 0.0, 0.0, 0.0, 0.0, 0.0, 0.0, 0.0, 0.0, 0.0, 0.0, 0.0, 0.0, 0.0], "miu_de": 0.5, "input": [-1.0049877101910747, -0.9384832502995567, -0.8730555540910728, -0.7713555238719242, -0.6305273577595328, -0.440226138829908, -0.14329326809513834, 0.36296564978724755, 0.9505016757367588, 1.7353253906271007, -0.9993416656867894, -0.9225015734564846, -0.8181052117793021, -0.703796272509245, -0.5312303906423733, -0.30248748461169195, 0.0747123006380822, 0.6026825990274517, 1.3230912563840325, 2.1434499117219605, -0.9886653260379127, -0.9022960329244207, -0.7809243383621131, -0.6253091505651647, -0.4794164199788592, -0.16478872856718618, 0.14744453198602467, 0.6159632847433626, 1.3929728494497873, 2.1749157222703803, -0.9779385947452616, -0.8985585295877909, -0.8175380952515073, -0.6631283607157985, -0.43973616579613006, -0.17555516258169654, 0.19376581452814684, 0.7448821567716413, 1.5252079349235406, 2.273016400072226, -0.9747603026571376, -0.8841136247829451, -0.8108875858499202, -0.6268196624934524, -0.48322932738460783, -0.15878818385278712, 0.27244438903807794, 0.7432542555760874, 1.459185240420345, 2.2552926063761243, -0.9802817641942421, -0.899886446320726, -0.7751259406372948, -0.6836797890036372, -0.4252993599685364, -0.15890045767025907, 0.19888717155880922, 0.745688503704764, 1.4616086738576541, 2.1533071799174377, -0.9733633969777444, -0.8888506611832795, -0.8021454188376757, -0.6178644349969524, -0.4205867742397857, -0.17318438181471424, 0.21335504585129478, 0.7097201573664287, 1.4479282390955022, 2.1815651356867773, -0.9884143796769596, -0.900748117798933, -0.8320756516366893, -0.6648339664402986, -0.4885570767969114, -0.22088828025169888, 0.1721974701174639, 0.786262563809605, 1.4537834034251438, 2.1644938105951304, -0.9933034909895148, -0.9026018875516859, -0.8281791846218406, -0.725201244132143, -0.5197598908129941, -0.2183656127164958, 0.12354996188281629, 0.6112313052907787, 1.368863646879789, 2.1167867529037037, -1.0228902215699218, -0.9768583577140558, -0.9088650510851607, -0.7834313735248611, -0.6502720617985204, -0.46181720368268986, -0.14808065987644792, 0.329107430145964, 0.9589692817638203, 1.7777778285501802], "bean_num": 0.5, "model_info": {"det_num_x": 10, "det_num_y": 10, "det_y": 0.03, "det_x": 0.03, "size_x": 0.5, "size_y": 0.5, "med_margin": 0.0015}}