{"source": [-244.60792490371222, 74.43960028974027], "intensity": 100, "miu_detector": 0.3, "miu_medium": 1.2, "miu_air": 0.00018, "output": [0.0, 0.0, 0.0, 0.0, 0.0, 0.0, 0.0, 0.0, 0.0, 0.0, 0.0, 0.0, 0.0, 0.0, 0.0, 0.0, 0.0, 0.0, 0.0, 0.0, 0.0, 0.0, 0.0, 0.0, 0.0, 0.0, 0.0, 0.0, 0.0, 0.0, 0.0, 0.0, 0.0, 0.0, 0.0, 0.0, 0.0, 0.0, 0.8806849599452017, 0.11931504005479836], "miu_de": 0.5, "input": [1.6690035373248993, 1.9979697476037865, 2.067003272848118, 2.130561987457936, 2.032335123093947, 2.1100325105281272, 2.05115912923355, 2.0899027480996275, 2.010789759310326, 1.676874255614911, 0.8721325812727794, 1.2378771423010344, 1.324257194805639, 1.3482734555445548, 1.3503830673467547, 1.3459072443689055, 1.340832820192757, 1.375849940798992, 1.2621717777250159, 1.1457719660585908, 0.22636758409523117, 0.5230217010606342, 0.6014314741835629, 0.6121929497630583, 0.5953918518151361, 0.6325931131284659, 0.6008982926762689, 0.579880922184765, 0.5723039303597821, 0.9038063815595204, -0.25422679707289386, -0.051460790241746886, 0.028814425040240812, 0.06006549666976746, 0.10168287085126436, 0.07687897826856538, 0.04253839897060679, 0.03606276070118156, 0.0920946522877863, 0.8034963779681117, -0.5675226354816032, -0.39824500647586974, -0.3887930873517511, -0.33307184001328266, -0.36028014644955486, -0.3164160495179531, -0.32110264848677317, -0.3249715967276768, -0.27565100675613974, 0.7137064050733111, -0.8059265745355833, -0.675185053571812, -0.6626397155422731, -0.6069783178653799, -0.6324817134129803, -0.6031702176457047, -0.6207484047984677, -0.5908378673561527, -0.4211097784495887, 0.6503705377016757, -0.9410610203405214, -0.8473100843140468, -0.8366874614058802, -0.8182041666594749, -0.8210839942094085, -0.7928873131816185, -0.8177050722649435, -0.7520900584870656, -0.46991535397648626, 0.6152464567736373, -1.031280693158612, -0.9758618151658739, -0.967372754917905, -0.9651248432471534, -0.9492912344890911, -0.9271282821321022, -0.9416995811213776, -0.8572104308719608, -0.5250349225722812, 0.6161479254572247, -1.1181526560103514, -1.0789022312683443, -1.0754359718470952, -1.0620400539021222, -1.0363514801456013, -1.0523671782451693, -1.0182960365219478, -0.9460183909008767, -0.5889402249304942, 0.5941231648783478, -1.1780022056800836, -1.1527163941439962, -1.138427791819849, -1.1289355403291628, -1.1293088670457136, -1.1221190338699456, -1.0970777811528913, -1.0033089471878665, -0.6658054214575544, 0.32176862372966464], "bean_num": 0.5, "model_info": {"det_num_x": 10, "det_num_y": 10, "det_y": 0.03, "det_x": 0.03, "size_x": 0.5, "size_y": 0.5, "med_margin": 0.0015}}