{"source": [251.04062163993603, -50.699605517803654], "intensity": 100, "miu_detector": 0.3, "miu_medium": 1.2, "miu_air": 0.00018, "output": [0.0, 0.0, 0.0, 0.0, 0.0, 0.0, 0.0, 0.0, 0.0, 0.0, 0.0, 0.0, 0.0, 0.0, 0.0, 0.0, 0.0, 0.0, 0.268638856852954, 0.731361143147046, 0.0, 0.0, 0.0, 0.0, 0.0, 0.0, 0.0, 0.0, 0.0, 0.0, 0.0, 0.0, 0.0, 0.0, 0.0, 0.0, 0.0, 0.0, 0.0, 0.0], "miu_de": 0.5, "input": [1.5951757004176992, 0.7621128380517423, 0.14374571676093864, -0.3004000370361238, -0.6488875474825416, -0.8698395987099019, -1.0043873989255105, -1.0968948214431968, -1.1581626725648246, -1.2081552553756731, 1.9366073365817336, 1.101289262670946, 0.3978251126813178, -0.1578817998440346, -0.4970715527034192, -0.737271333177242, -0.9242675804241401, -1.0668171945058071, -1.118771444316297, -1.1822735265388977, 2.004089659430993, 1.2435403402238026, 0.4216552429083905, 0.0024423042448417074, -0.4538708745454479, -0.7277802486833962, -0.9081640367646898, -1.0330840592998582, -1.097027410539841, -1.1884762267028315, 1.9915042962290768, 1.2084272359356876, 0.548113927861055, -0.013627588067757204, -0.398183108863022, -0.6857167908719788, -0.8851067376942485, -1.029629385245563, -1.1206725414572194, -1.1677637944799044, 1.9777048511422894, 1.1371073743273266, 0.46322295206890207, -0.0010490435644175328, -0.43442638692097035, -0.7487384324481419, -0.8583661777460884, -1.0151331206169396, -1.0969271884959462, -1.1558199642247053, 2.009305761620946, 1.242340510494977, 0.5101441738794762, -0.07641593964040698, -0.47309342411526917, -0.6902683545958588, -0.8848957845524983, -0.9775147667331334, -1.0625164691092104, -1.1235173418812228, 2.010672093913234, 1.21710851138765, 0.5036462619166721, -0.05467878685635758, -0.40957310310905437, -0.6470312043802743, -0.7928140878790513, -0.9097944984580155, -0.9857348931220276, -1.026160025613077, 1.9993090270625806, 1.188843810068836, 0.5112178010391185, 0.03874384610827633, -0.3621286688887481, -0.6275484929645774, -0.6967642127148314, -0.7010545873687162, -0.7383387819038987, -0.8232749519435241, 1.9599874368025778, 1.1562682750346738, 0.4634832518299872, 0.09226360873147277, -0.03974164425788344, -0.1586416007554084, -0.1568375371849377, -0.17140718211031689, -0.15442694301032533, -0.3338516376074028, 1.7234001814981135, 1.3304356231678907, 1.1075107051324824, 1.122769909935993, 1.1140185051409517, 0.9967162693485994, 1.021587730538841, 1.025781035022188, 0.9891452917844435, 0.7994060280398981], "bean_num": 0.5, "model_info": {"det_num_x": 10, "det_num_y": 10, "det_y": 0.03, "det_x": 0.03, "size_x": 0.5, "size_y": 0.5, "med_margin": 0.0015}}