{"source": [-29.744874260488047, -269.3491919522202], "intensity": 100, "miu_detector": 0.3, "miu_medium": 1.2, "miu_air": 0.00018, "output": [0.0, 0.0, 0.0, 0.0, 0.0, 0.0, 0.0, 0.0, 0.0, 0.7001972354418852, 0.29980276455811483, 0.0, 0.0, 0.0, 0.0, 0.0, 0.0, 0.0, 0.0, 0.0, 0.0, 0.0, 0.0, 0.0, 0.0, 0.0, 0.0, 0.0, 0.0, 0.0, 0.0, 0.0, 0.0, 0.0, 0.0, 0.0, 0.0, 0.0, 0.0, 0.0], "miu_de": 0.5, "input": [1.6006553490567041, 1.613559033810171, 1.6317444402019852, 1.59570642958844, 1.6804307840733586, 1.5986081243800627, 1.6058193750153735, 1.6196563358965743, 1.5670283171970703, 1.3876121515481996, 1.699544531042293, 0.861847843589426, 0.7518738353146531, 0.7044422602761441, 0.6277736929386453, 0.7481370169242539, 0.6444981675114945, 0.5652928808589238, 0.6642896927384929, 0.2901047163803857, 1.767384600877662, 0.746505624060059, 0.2515953297535497, 0.027508869518610864, -0.0551964929688387, -0.01769502575883765, -0.09549383219572408, -0.07759932969350784, -0.14012426042412496, -0.32970865782709674, 1.649637232679552, 0.8266702355073732, 0.11334574101391306, -0.2869293135811972, -0.4746086758450638, -0.4518132107165427, -0.530311427258487, -0.4974894549824406, -0.5899724964285015, -0.7034849695220445, 1.7154103708927217, 0.855899494617305, 0.08468406967651057, -0.42196661640556116, -0.6710701193021527, -0.7578240581526563, -0.8014792558438002, -0.8430916461147046, -0.8812206472152135, -0.9361386783731072, 1.6688412393156058, 0.7204010022896835, -0.021686035893809488, -0.43182714563210767, -0.7540420380765095, -0.8589987919880848, -0.9589943869015866, -1.042049058301616, -1.0438850931102404, -1.0858014282793091, 1.7308094248692985, 0.7959950430596229, 0.09026288441147218, -0.45729565028048913, -0.715783357672199, -0.9349414050425553, -1.0473112785069179, -1.0664969656510639, -1.0978340115987342, -1.1725391111201966, 1.7487197179672096, 0.7865388495780242, 0.031075558440991965, -0.3800814600873653, -0.74557136044753, -0.9334759670731987, -1.0556935308720317, -1.1341886612209804, -1.1885094016719728, -1.2161480327090446, 1.6756065302725476, 0.7533968410612348, 0.009106947404650458, -0.44864564388519085, -0.7808167065501957, -0.9752084368143403, -1.0783479550638637, -1.1565407077931633, -1.2080234101327119, -1.2531046421775087, 1.416372704641934, 0.4425401973939937, -0.176996853744741, -0.6207379414022036, -0.8875287548048063, -1.0264918961311604, -1.1512186184045765, -1.1924316539030924, -1.233496387168158, -1.2709715389233325], "bean_num": 0.5, "model_info": {"det_num_x": 10, "det_num_y": 10, "det_y": 0.03, "det_x": 0.03, "size_x": 0.5, "size_y": 0.5, "med_margin": 0.0015}}