{"source": [-229.20713054491165, 158.34085169193384], "intensity": 100, "miu_detector": 0.3, "miu_medium": 1.2, "miu_air": 0.00018, "output": [0.0, 0.0, 0.0, 0.0, 0.0, 0.0, 0.0, 0.0, 0.0, 0.0, 0.0, 0.0, 0.0, 0.0, 0.0, 0.0, 0.0, 0.0, 0.0, 0.0, 0.0, 0.0, 0.0, 0.0, 0.0, 0.0, 0.0, 0.0, 0.0, 0.0, 0.0, 0.0, 0.0, 0.0, 0.0, 0.0, 0.8486098999984112, 0.15139010000158876, 0.0, 0.0], "miu_de": 0.5, "input": [0.816500236356239, -0.34286336110677, -0.8518203018952063, -1.0705775765664198, -1.1262098719127311, -1.1295415505869666, -1.1483479408011665, -1.170835270173857, -1.1910434686753417, -1.1950680911983809, 0.8809921195894259, -0.15952168820727813, -0.756776696317221, -0.984994164345025, -1.0352410285937999, -1.0652754798626494, -1.0919612337507734, -1.097936135166993, -1.0831385968268297, -1.157602334447423, 1.0817699873526305, -0.22301792631357514, -0.6961892338628596, -0.8965526902005561, -0.9671147648986063, -1.0042280834117852, -1.0211026110244983, -0.9880476659815448, -1.058719922715336, -1.0882539794390722, 0.9116562683170294, -0.0594558045388341, -0.6942591331738388, -0.7886041027926054, -0.8904443461748447, -0.8676504528060752, -0.875523997093596, -0.9096553355111098, -0.9259628818052233, -0.9975725685239081, 1.0355663455763906, -0.09346493964345283, -0.6008479620932238, -0.6922851773435736, -0.7291175465691601, -0.7127285450665035, -0.7059385360326607, -0.7413847430690625, -0.7373241592279369, -0.8038227745157399, 1.094313987272391, -0.048283563737353694, -0.3666607052085836, -0.438176498033318, -0.4362962832758138, -0.42274622859044564, -0.3929299012255392, -0.47750668315634526, -0.4760108165917332, -0.648894699233562, 1.2081145318217443, 0.07846013636813075, -0.03678668641123443, -0.04652835089379218, -0.06459279256324907, -0.0751360472762502, -0.06182485744891146, -0.044113132252500124, -0.19367308726661744, -0.3030346632796794, 1.0798960870970216, 0.49350946698418896, 0.4283141622654567, 0.4935935876214979, 0.3573552140860477, 0.5125647181714641, 0.4382615857272658, 0.48021911691902225, 0.4107717632448174, 0.11222230118590533, 1.3312990773312625, 1.1389144418904498, 1.1940681523289274, 1.185619965151374, 1.2105476541539366, 1.3076490245573094, 1.189854883579103, 1.1966229883958939, 1.1642244423849468, 0.7934703579944984, 1.5821982792177318, 1.9752819478717816, 2.171650932700301, 2.000214063500941, 2.015861626527418, 1.9112170960859407, 1.9964332307390569, 1.9786151984829647, 1.9489616366500115, 1.7544330552084284], "bean_num": 0.5, "model_info": {"det_num_x": 10, "det_num_y": 10, "det_y": 0.03, "det_x": 0.03, "size_x": 0.5, "size_y": 0.5, "med_margin": 0.0015}}