{"source": [-260.8248611627592, -100.80970872010869], "intensity": 100, "miu_detector": 0.3, "miu_medium": 1.2, "miu_air": 0.00018, "output": [0.0, 0.0, 0.6520345487323926, 0.3479654512676073, 0.0, 0.0, 0.0, 0.0, 0.0, 0.0, 0.0, 0.0, 0.0, 0.0, 0.0, 0.0, 0.0, 0.0, 0.0, 0.0, 0.0, 0.0, 0.0, 0.0, 0.0, 0.0, 0.0, 0.0, 0.0, 0.0, 0.0, 0.0, 0.0, 0.0, 0.0, 0.0, 0.0, 0.0, 0.0, 0.0], "miu_de": 0.5, "input": [1.7239939610228319, 1.9809959682558596, 2.0704760056827345, 1.9884112372536835, 2.0225708596198384, 2.010337543813696, 2.008145363478754, 2.015981482913573, 2.0587516833198793, 1.661994256396622, 1.261200915267006, 1.2030111344814305, 1.318943441509306, 1.2882360873019028, 1.2946103811496512, 1.2493122301768076, 1.2531972909464402, 1.2589115960391435, 1.1971576898012606, 0.8075816536160624, 1.0497190467541695, 0.5003327310237377, 0.4708749497856546, 0.5115727674440709, 0.5296587100140642, 0.5157893323376076, 0.5728284255696162, 0.48045013874420645, 0.38841577793575227, 0.13216015992565275, 0.997546758000237, 0.09016277215215315, 0.012972299498976802, 0.02370208764208653, -0.020560787811068012, 0.00276441865589527, -0.058862954284726855, -0.04046517671857884, -0.09587014280969154, -0.29235636310990665, 0.9475278648093275, -0.11583412929266768, -0.3858787257035137, -0.35643624541481234, -0.3838883243372209, -0.36438931854034173, -0.36935851196972863, -0.4358337892054384, -0.4787814704431512, -0.5837575900687271, 0.873997185289847, -0.1931865854843385, -0.6031344295014099, -0.6219482490259953, -0.653364446740316, -0.6907561757900436, -0.683035225903867, -0.7187120148190073, -0.732518415463024, -0.8566362984047534, 0.8947545249718152, -0.25884270244177093, -0.7114860460927481, -0.8126310127234401, -0.8080094193616362, -0.8398293666416468, -0.8673447105795495, -0.8746554436655587, -0.8889650562968319, -0.9779842870791122, 0.9218376634560751, -0.34945261707257325, -0.785731280759093, -0.9257895932298759, -0.9699115222337666, -0.980656923308007, -0.9797354972603534, -1.0049185196950532, -1.031147646504706, -1.0625499667459222, 0.8042267929877106, -0.32774497424106735, -0.8345499321707563, -0.9884413162934091, -1.0737237422394863, -1.0815438901137264, -1.0695557550874508, -1.0918161048393547, -1.111809190114012, -1.1554531932229148, 0.6055952177366472, -0.48046673883667984, -0.8992733053612539, -1.071940867130794, -1.1220488760736107, -1.145136552645417, -1.1627892731589002, -1.1481579802550086, -1.1766609745307022, -1.1943907579332709], "bean_num": 0.5, "model_info": {"det_num_x": 10, "det_num_y": 10, "det_y": 0.03, "det_x": 0.03, "size_x": 0.5, "size_y": 0.5, "med_margin": 0.0015}}