{"source": [127.50028529832257, 257.3892928717028], "intensity": 100, "miu_detector": 0.3, "miu_medium": 1.2, "miu_air": 0.00018, "output": [0.0, 0.0, 0.0, 0.0, 0.0, 0.0, 0.0, 0.0, 0.0, 0.0, 0.0, 0.0, 0.0, 0.0, 0.0, 0.0, 0.0, 0.0, 0.0, 0.0, 0.0, 0.0, 0.0, 0.0, 0.0, 0.0, 0.0, 0.9279957089813368, 0.07200429101866326, 0.0, 0.0, 0.0, 0.0, 0.0, 0.0, 0.0, 0.0, 0.0, 0.0, 0.0], "miu_de": 0.5, "input": [-1.2141071898484435, -1.1722870200533912, -1.11217403038305, -1.0091897875678517, -0.8654403810106134, -0.6608924277037892, -0.3710505313425119, 0.06973628473903988, 0.7238639139966141, 1.5401967052470913, -1.1868253101492963, -1.1332057421941477, -1.058064597519323, -0.9540330513594788, -0.7743006743705322, -0.5229206931508834, -0.16932930603644022, 0.3041202479062353, 1.095767498773072, 1.934517634403443, -1.181924208361397, -1.1025344156513623, -1.0322681366055362, -0.9345246475514223, -0.7299193689280546, -0.47757547441793174, -0.14449757957327933, 0.4005865441548886, 1.1683204499924624, 2.0059045600450016, -1.1648331310407232, -1.1041215063437244, -1.0173431803475232, -0.9219378111489832, -0.7487051194920706, -0.4990183018295389, -0.09416093064927285, 0.4207847098821634, 1.1804513822624085, 2.0023412129258977, -1.1549681823272775, -1.0825282764304898, -0.9997237708840503, -0.8966287212948483, -0.6957528935411421, -0.449088483159124, -0.12638993924577566, 0.4016478576873742, 1.2067653490317587, 2.0279796555310967, -1.1222810112693307, -1.03934462228365, -0.9776923586938515, -0.8845415372533718, -0.7226523253309226, -0.48390723021005994, -0.08830049824994259, 0.4019509063748002, 1.2168254788781219, 2.0813918520640673, -1.0224616692310926, -0.9384903663269872, -0.8835118579254825, -0.8050705268461223, -0.665030146240687, -0.4051558579978163, -0.12229836672046798, 0.38839034406768685, 1.1882660925347122, 2.0160969639665645, -0.7912137672229557, -0.6658692208023795, -0.6176567105396594, -0.5751519698818386, -0.5209400656584727, -0.3732093024306568, -0.049743156053344006, 0.4318241253721163, 1.1593975138995574, 1.9424413102967677, -0.26057908274076924, -0.07744984467928619, -0.03212020806865866, 0.026065108344642023, 0.02986973102283233, 0.04414722975667923, 0.12778912031882653, 0.47109841752357734, 1.1944466061081007, 1.8906016695036754, 0.8196941781329469, 1.0454648026048594, 1.0882781859982606, 1.1163980922340895, 1.1889337991465392, 1.1056487256869825, 1.280661143880167, 1.2690808417443722, 1.2586112973281367, 1.620578980803454], "bean_num": 0.5, "model_info": {"det_num_x": 10, "det_num_y": 10, "det_y": 0.03, "det_x": 0.03, "size_x": 0.5, "size_y": 0.5, "med_margin": 0.0015}}