{"source": [-94.41529425982941, -272.1456246490831], "intensity": 100, "miu_detector": 0.3, "miu_medium": 1.2, "miu_air": 0.00018, "output": [0.0, 0.0, 0.0, 0.0, 0.0, 0.0, 0.0, 0.12590658073908473, 0.8740934192609153, 0.0, 0.0, 0.0, 0.0, 0.0, 0.0, 0.0, 0.0, 0.0, 0.0, 0.0, 0.0, 0.0, 0.0, 0.0, 0.0, 0.0, 0.0, 0.0, 0.0, 0.0, 0.0, 0.0, 0.0, 0.0, 0.0, 0.0, 0.0, 0.0, 0.0, 0.0], "miu_de": 0.5, "input": [-1.267025516850976, -1.2326838927992219, -1.1955703340604138, -1.1367642935014488, -0.987378337608668, -0.8197371389313249, -0.6160182803420725, -0.20471858178979863, 0.43686406739215944, 1.3122624297093461, -1.2235940689769111, -1.1963805362200988, -1.147536378707847, -1.0292497968004446, -0.9662235585540367, -0.7496014775972349, -0.38999213715146674, 0.037828164594295104, 0.7280152617330775, 1.772631344487575, -1.2151888230477879, -1.188384919884898, -1.1444283369777104, -1.0740141902973819, -0.9329616676786849, -0.7223629711994742, -0.4197791144628489, 0.05402648771393602, 0.8892237100781311, 1.7116714064021492, -1.1838919217079784, -1.1269106504881998, -1.0862056517929468, -1.008180467876482, -0.8606673866094904, -0.7146709353298162, -0.3544996160125241, 0.12616944199437932, 0.8261313806014956, 1.8103231281079069, -1.116231989425959, -1.0457922907244876, -1.0310725003957923, -0.9507428608678767, -0.8302851383682051, -0.6301683773931782, -0.33882729201618694, 0.11881156564906496, 0.7596317954768418, 1.7816505037681682, -0.9859476068982188, -0.9189548805075185, -0.870661189636059, -0.8281641494440383, -0.7688520734013615, -0.607223770654689, -0.32728084598112483, 0.17727405265704782, 0.8811159781200388, 1.754393912773772, -0.7460777950822614, -0.6832593253061181, -0.6301741605666493, -0.6122798727355003, -0.5681089432435324, -0.4353235803267065, -0.26415478427851297, 0.2360961438841644, 0.9051114078093624, 1.8034829381809099, -0.3794366296159689, -0.12263899712180466, -0.16696798200505494, -0.10943798511705013, -0.14427044549984186, -0.10821618495914338, -0.04117350337240173, 0.27578228534871047, 0.9215122298232626, 1.816066345550513, 0.3182261162905903, 0.5719408107143853, 0.4837646260470645, 0.5267937176107145, 0.5144435600276539, 0.550480209609845, 0.5597697678298805, 0.6574355235370737, 0.9162961776540964, 1.7477380440413024, 1.216442774162453, 1.5643512131651263, 1.592601256818405, 1.518952519043756, 1.6294799245068514, 1.5035940281868563, 1.6348069185096268, 1.6444887161845303, 1.5477836094768662, 1.620880642930061], "bean_num": 0.5, "model_info": {"det_num_x": 10, "det_num_y": 10, "det_y": 0.03, "det_x": 0.03, "size_x": 0.5, "size_y": 0.5, "med_margin": 0.0015}}