{"source": [279.1360798355378, 90.12285689959259], "intensity": 100, "miu_detector": 0.3, "miu_medium": 1.2, "miu_air": 0.00018, "output": [0.0, 0.0, 0.0, 0.0, 0.0, 0.0, 0.0, 0.0, 0.0, 0.0, 0.0, 0.0, 0.0, 0.0, 0.0, 0.0, 0.0, 0.0, 0.0, 0.0, 0.0, 0.011847192033492398, 0.9881528079665076, 0.0, 0.0, 0.0, 0.0, 0.0, 0.0, 0.0, 0.0, 0.0, 0.0, 0.0, 0.0, 0.0, 0.0, 0.0, 0.0, 0.0], "miu_de": 0.5, "input": [1.6108413635059102, 1.6678097840409125, 1.593460418512136, 1.7152300471123902, 1.6730282269240258, 1.6218095109322528, 1.6778767275515805, 1.5910073453140872, 1.6495479979455967, 1.3428648565260572, 1.6509476457078307, 0.8459415744674814, 0.7189535787906765, 0.7524803553865907, 0.7425078885269101, 0.741012523071932, 0.7198248219984738, 0.6401321778155382, 0.6040190041854675, 0.3579173956081983, 1.6446103246754118, 0.7428706888468968, 0.17705788878503634, 0.07236823334973538, 0.030793699992811344, -0.021922074003625322, -0.01013391391360981, -0.036983701223536274, -0.11462433160237846, -0.2898292044769947, 1.7442013450380673, 0.7744767002562865, 0.04751469535857046, -0.2968444163175321, -0.4305090883981002, -0.47709607961540584, -0.49089946469360357, -0.5356880011628156, -0.5316201517464002, -0.6654109628971064, 1.7585536569776623, 0.7930328385631982, 0.053949472300402174, -0.3721284280641708, -0.6391165147461914, -0.7841583143578867, -0.7806543613661995, -0.7897990661686282, -0.8261380627475858, -0.9229779109862267, 1.7210146510609585, 0.7419307894104408, -0.019542668436478547, -0.4627219518450372, -0.76028259794006, -0.887316599268917, -0.950425099414616, -0.9474306563101863, -0.9931938885171807, -1.0471822068188965, 1.6489390524188103, 0.7257660293321887, -0.010396914435276648, -0.4862728928885186, -0.7753017543026016, -0.9363825237670516, -1.0127491369974095, -1.0918687748067715, -1.1053536128454131, -1.1473885131562045, 1.715604781266518, 0.7758688880671049, 0.007864328050171293, -0.5170983165868378, -0.7961587562306959, -0.9482678965477856, -1.0570181430958954, -1.1330442822267826, -1.1790913804562502, -1.1977113145371232, 1.6486383838252232, 0.6613293087173393, -0.01598914363986827, -0.5091928698265245, -0.8356043695146492, -0.9661823481500943, -1.09672777481856, -1.1718644514338743, -1.2237475434513467, -1.2358392821291402, 1.405477049377604, 0.41799358940011405, -0.24254417413673282, -0.6581874108549934, -0.8763204222408336, -1.049275479305717, -1.1537249944890058, -1.2119524026727608, -1.2384849847262331, -1.2626980576842832], "bean_num": 0.5, "model_info": {"det_num_x": 10, "det_num_y": 10, "det_y": 0.03, "det_x": 0.03, "size_x": 0.5, "size_y": 0.5, "med_margin": 0.0015}}