{"source": [-267.2472969707512, 135.057161872282], "intensity": 100, "miu_detector": 0.3, "miu_medium": 1.2, "miu_air": 0.00018, "output": [0.0, 0.0, 0.0, 0.0, 0.0, 0.0, 0.0, 0.0, 0.0, 0.0, 0.0, 0.0, 0.0, 0.0, 0.0, 0.0, 0.0, 0.0, 0.0, 0.0, 0.0, 0.0, 0.0, 0.0, 0.0, 0.0, 0.0, 0.0, 0.0, 0.0, 0.0, 0.0, 0.0, 0.0, 0.0, 0.0, 0.0, 0.9789323035796831, 0.021067696420316865, 0.0], "miu_de": 0.5, "input": [-1.1049856758562115, -1.044384679255556, -0.9804783773289817, -0.8525547900780176, -0.7138160020985964, -0.5016827705429237, -0.14181174804097724, 0.29793072570907564, 1.030048901099616, 1.7577558717705444, -1.0722730527852944, -1.0085016985202198, -0.922038304485169, -0.7401613337804652, -0.5508769282677208, -0.32481803116075797, 0.12461453902118197, 0.5841222905815272, 1.3052499618465179, 2.1068726531513637, -1.054795722823852, -0.99100452544453, -0.9050826279885194, -0.702581116307062, -0.5375366065738083, -0.2655964238051752, 0.11740830406835008, 0.8001174545250075, 1.4322989112671716, 2.058169959422542, -1.0632828523504094, -0.973908097742341, -0.8425942748055101, -0.7059376940345337, -0.5412204960551585, -0.19849272675778307, 0.2567385223150925, 0.7815892791217331, 1.3941202602010734, 2.0957740856574927, -1.0498271103262131, -0.9912030140230773, -0.8414142241576767, -0.7142486221778904, -0.47621231310167667, -0.21557903710992582, 0.22404107230642417, 0.7100826491587694, 1.4221077250151404, 2.1385910669831687, -1.0521227906138453, -0.9864770674333309, -0.8526895353561775, -0.7078534123670173, -0.43440491874197107, -0.15385532946894734, 0.11820760144206371, 0.7629848027830443, 1.4539931293146342, 2.2273205778761627, -1.0538109792913053, -0.9585089314792327, -0.8375534908501351, -0.6918255459411906, -0.49229046349800704, -0.1906931115548971, 0.18327525245746218, 0.7696738191103909, 1.467183164788402, 2.222794053075177, -1.057142830569048, -0.952258549741296, -0.8635684382039744, -0.6787637130772827, -0.5459209034236073, -0.24973896806045942, 0.13626682016039654, 0.7200571845593996, 1.4382815407211447, 2.0813755402307033, -1.0263115160239344, -0.92746843444777, -0.8384308927684486, -0.6995527327226517, -0.5142202671708955, -0.27443870563485734, 0.14287031805784753, 0.683161460303045, 1.3671369425843611, 2.099967781641285, -0.4722995717737088, -0.39745016752020085, -0.35789496564709466, -0.2832443966790726, -0.25774144436024315, -0.10074691319402516, 0.09059384500721941, 0.4738085157176669, 1.0396588488686183, 1.8219344334798544], "bean_num": 0.5, "model_info": {"det_num_x": 10, "det_num_y": 10, "det_y": 0.03, "det_x": 0.03, "size_x": 0.5, "size_y": 0.5, "med_margin": 0.0015}}