{"source": [306.5733974488541, -61.376786092448356], "intensity": 100, "miu_detector": 0.3, "miu_medium": 1.2, "miu_air": 0.00018, "output": [0.0, 0.0, 0.0, 0.0, 0.0, 0.0, 0.0, 0.0, 0.0, 0.0, 0.0, 0.0, 0.0, 0.0, 0.0, 0.0, 0.0, 0.0, 0.2578991965598383, 0.7421008034401617, 0.0, 0.0, 0.0, 0.0, 0.0, 0.0, 0.0, 0.0, 0.0, 0.0, 0.0, 0.0, 0.0, 0.0, 0.0, 0.0, 0.0, 0.0, 0.0, 0.0], "miu_de": 0.5, "input": [1.3870352380584938, 0.4676921751832835, -0.19048130604980562, -0.5777886908702261, -0.8352480099809841, -1.0019450700707184, -1.0924814279993051, -1.1669858662583141, -1.2089291836744895, -1.2419618712409264, 1.7094049122551607, 0.760292691816652, 0.031264864632787256, -0.4319669229117187, -0.7402527558399896, -0.932393832067189, -1.0403890491140302, -1.1313565222616577, -1.1785516810515426, -1.2172449854334007, 1.7313650563769238, 0.7952179399728724, 0.0832845452887698, -0.40174268451740813, -0.6909951717833607, -0.8927682580784592, -1.0348213439348246, -1.1158218035940568, -1.1565310468802237, -1.208835496868648, 1.7963341260267744, 0.8713637609735613, 0.13802367394544904, -0.33611921283346125, -0.6769371173318774, -0.8685264529626572, -1.0046535065284175, -1.0906954185740063, -1.1282846430426374, -1.1653854025232686, 1.7950351150478299, 0.8793983581092087, 0.15742569196433429, -0.371184032320195, -0.6393143571240316, -0.8507540986579978, -0.9528572051353033, -1.002068799875292, -1.0370855656390032, -1.090826141717901, 1.8314174953706224, 0.8685842157251539, 0.18115884104948285, -0.30939976466984, -0.6078525248690007, -0.7709193312826778, -0.8470181070008086, -0.8864914959254528, -0.894605344117226, -0.980567227002969, 1.8615724057415521, 0.8855297068427141, 0.19955169309210383, -0.24690295883869473, -0.496870285815243, -0.5764715547690509, -0.6191099603366916, -0.6352244375468002, -0.6706880979515455, -0.7777896394987084, 1.835208555151477, 0.9240609127466342, 0.26670138433893903, -0.0377194882132375, -0.10934210051746818, -0.16156648086595565, -0.2059672232967465, -0.2290872886460517, -0.26264214415423454, -0.4587551574539351, 1.8256239157260539, 0.9773851517260241, 0.681491501269415, 0.5958423368913858, 0.5692158288630396, 0.5506647211951161, 0.48366660428521746, 0.4343035125186837, 0.4015774588765531, 0.15439051557373257, 1.6815966898323678, 1.6214383749215102, 1.6503227424782614, 1.6019471705740704, 1.5907626342226144, 1.5682665871371315, 1.5628360691924812, 1.48017362333758, 1.4295188055893915, 1.17122794359825], "bean_num": 0.5, "model_info": {"det_num_x": 10, "det_num_y": 10, "det_y": 0.03, "det_x": 0.03, "size_x": 0.5, "size_y": 0.5, "med_margin": 0.0015}}