{"source": [-14.171937218316797, 316.58832445339664], "intensity": 100, "miu_detector": 0.3, "miu_medium": 1.2, "miu_air": 0.00018, "output": [0.0, 0.0, 0.0, 0.0, 0.0, 0.0, 0.0, 0.0, 0.0, 0.0, 0.0, 0.0, 0.0, 0.0, 0.0, 0.0, 0.0, 0.0, 0.0, 0.0, 0.0, 0.0, 0.0, 0.0, 0.0, 0.0, 0.0, 0.0, 0.0, 0.0, 0.7152100819368022, 0.2847899180631978, 0.0, 0.0, 0.0, 0.0, 0.0, 0.0, 0.0, 0.0], "miu_de": 0.5, "input": [1.6498143773519856, 1.4997385084384458, 1.4744644897071404, 1.4496131975867335, 1.413585449630867, 1.4378705622491605, 1.3843545912607709, 1.2807318673854744, 1.3385209730218062, 1.0193617892528275, 1.8169413335393876, 1.0422715789891075, 0.5243914279979195, 0.42759674165830025, 0.39889695598799985, 0.3457513844185674, 0.2730404901886607, 0.2934689729335537, 0.2510038347383845, 0.011512841568505855, 1.8175821199385915, 1.0389613763206065, 0.3088531431447193, -0.07337520754023119, -0.2784636795590856, -0.32723634103273636, -0.34992434599216354, -0.3604976533956315, -0.41830826908404584, -0.5980877132555863, 1.899358072516411, 1.1048371341323595, 0.34830016304288836, -0.192885926700858, -0.4792969915325176, -0.6611985082192365, -0.7327764381763233, -0.7600034473859194, -0.7902769471849994, -0.9091244244615856, 1.7447571367482844, 1.053658701131147, 0.3007609140683081, -0.19364559018584732, -0.591482010724951, -0.7943345229012352, -0.889123386552189, -0.9821023879841, -1.0058732579578968, -1.0626890267782747, 1.9279541885395661, 1.0930141650190874, 0.23142582829792896, -0.24081265718869052, -0.5891354497889589, -0.7995451158907415, -0.9477151466750178, -1.0493519825810256, -1.1100224624363255, -1.1539234968856704, 1.8939159075843717, 1.0516860341008447, 0.20522482897383285, -0.2086402085299721, -0.5784530764000416, -0.8148294483928605, -0.9534040686033394, -1.0812001246472163, -1.1531192214185302, -1.1967773015959298, 1.8197164017594063, 1.0226635538076145, 0.2782387058656213, -0.2309375161474767, -0.5682700987789923, -0.8433765184156545, -0.9756326378875503, -1.0791975216901544, -1.16368005751966, -1.2095751773152013, 1.8024900474362051, 0.9270645189844167, 0.23334834333105123, -0.2898926069056751, -0.6416097350945413, -0.874146454441047, -1.01900101956656, -1.0963606242887671, -1.1866120612300748, -1.2309764200731965, 1.5217081620848483, 0.6461389543101754, -0.043113148002373744, -0.4598906554783886, -0.7400865159961183, -0.9254423941266798, -1.0694984951897542, -1.1730621947418838, -1.215160073677817, -1.24143200483655], "bean_num": 0.5, "model_info": {"det_num_x": 10, "det_num_y": 10, "det_y": 0.03, "det_x": 0.03, "size_x": 0.5, "size_y": 0.5, "med_margin": 0.0015}}