{"source": [-287.13948843748636, 141.42771964534882], "intensity": 100, "miu_detector": 0.3, "miu_medium": 1.2, "miu_air": 0.00018, "output": [0.0, 0.0, 0.0, 0.0, 0.0, 0.0, 0.0, 0.0, 0.0, 0.0, 0.0, 0.0, 0.0, 0.0, 0.0, 0.0, 0.0, 0.0, 0.0, 0.0, 0.0, 0.0, 0.0, 0.0, 0.0, 0.0, 0.0, 0.0, 0.0, 0.0, 0.0, 0.0, 0.0, 0.0, 0.0, 0.0, 0.0, 0.9135662708100623, 0.08643372918993772, 0.0], "miu_de": 0.5, "input": [1.6480246660351707, 1.8943419216841928, 1.9709517474463516, 2.0129010250002626, 1.9418170901431515, 2.0042182721746533, 2.007773935901091, 1.9094839338873655, 1.923652038949161, 1.6349714625237732, 0.7940840192032463, 1.1081070004217743, 1.2074513419702095, 1.2135533469512392, 1.1656360753889639, 1.1503977717746465, 1.1714194684415196, 1.1597336884107083, 1.1301593236740834, 1.3459234592757574, 0.0938673490148925, 0.3077982083413998, 0.3596749772438825, 0.42891222210586755, 0.4395888149598557, 0.42767180714286385, 0.5019812762249853, 0.3898737269619659, 0.4276761013613032, 1.2037693007848806, -0.3930816595700499, -0.18933838623390267, -0.13537698903354498, -0.12604799982921464, -0.08506887675905414, -0.048326182571502084, -0.08272580788985137, -0.023735934265808892, 0.18447961725627432, 1.207143051838101, -0.644770543239465, -0.5074342538322124, -0.5041886477005544, -0.4695935581257235, -0.445884790986506, -0.43737711383793537, -0.41896946919794825, -0.35240350628525385, 0.0718708823267043, 1.184204420299463, -0.8675069440769239, -0.7635199698938042, -0.759921442499935, -0.7699135293258111, -0.7279556398523009, -0.7050083996928722, -0.6893863839869484, -0.5162789789893626, 0.038135150545389795, 1.1629041577210146, -1.019568333629481, -0.9615630958312222, -0.9181156411583654, -0.9353686125229125, -0.8838379597358758, -0.8682331557056474, -0.832007808771345, -0.5962319260756717, -0.057614685757134534, 1.139889958701598, -1.101610560405944, -1.0622019827547342, -1.0368022802808017, -1.0322362550520066, -1.0104418173263576, -0.9977518134094234, -0.8794235306163138, -0.6350465432172397, -0.044173350402599426, 1.113376165123398, -1.1765618294295688, -1.129214265578711, -1.1192691294569517, -1.0914378362984705, -1.0974190820203382, -1.0604440633345484, -0.9541341068987825, -0.6864565381028842, -0.07472549031087372, 1.0538388690753382, -1.2164482449815477, -1.197671066682203, -1.1958686168738775, -1.1785628599482676, -1.1515060711182508, -1.1203200737299646, -1.018993008148998, -0.7878498729924639, -0.21748788681923203, 0.8791567567689812], "bean_num": 0.5, "model_info": {"det_num_x": 10, "det_num_y": 10, "det_y": 0.03, "det_x": 0.03, "size_x": 0.5, "size_y": 0.5, "med_margin": 0.0015}}