{"source": [-321.1448161467322, 20.482787370501782], "intensity": 100, "miu_detector": 0.3, "miu_medium": 1.2, "miu_air": 0.00018, "output": [0.5945097631066375, 0.0, 0.0, 0.0, 0.0, 0.0, 0.0, 0.0, 0.0, 0.0, 0.0, 0.0, 0.0, 0.0, 0.0, 0.0, 0.0, 0.0, 0.0, 0.0, 0.0, 0.0, 0.0, 0.0, 0.0, 0.0, 0.0, 0.0, 0.0, 0.0, 0.0, 0.0, 0.0, 0.0, 0.0, 0.0, 0.0, 0.0, 0.0, 0.40549023689336244], "miu_de": 0.5, "input": [1.6410193671873978, 1.231650736278541, 1.0422865462719715, 0.9133461451740863, 0.890865876822154, 0.8677958112973875, 0.7988342960765792, 0.785160032217994, 0.7025594835343449, 0.5592157592080222, 1.986431194695041, 1.2207616699918096, 0.5208701831360826, 0.04936244388088369, -0.1669510021254676, -0.30920360461065577, -0.3496552081816033, -0.375450183326816, -0.40985725463852435, -0.5211632046623977, 2.049285996626309, 1.282390671386588, 0.5030724548687575, -0.017902715588135765, -0.3617740229029223, -0.5821059138640184, -0.7176315605716709, -0.789158179968439, -0.8678138297150949, -0.9438646329662748, 2.0900449220184143, 1.3256365129851022, 0.5410366649793541, 0.006564157257467347, -0.34842619615361464, -0.6600460505806973, -0.8205736712123229, -0.9136873530491856, -1.0087852852765102, -1.1048832265318376, 2.0297192185669517, 1.3175773396602646, 0.5563938758484482, 0.06688806024121043, -0.38067961649955356, -0.6474294766933159, -0.8445937216503563, -0.9588157987418444, -1.0606037160408517, -1.124864523651067, 2.067967270712793, 1.2942487220581307, 0.5414662808746358, -0.03134264032792499, -0.35414727951654423, -0.6469981506427451, -0.8614917235642381, -0.9632268126084509, -1.0565315404453435, -1.1411085314039802, 2.090810841244056, 1.2978322008941816, 0.5577525372708811, -0.023241197916066936, -0.409691298713196, -0.6928479050932032, -0.8369847439295893, -0.9664083671709502, -1.065920850006607, -1.1614669836711458, 2.0567840740765355, 1.2826534181237152, 0.49598587736760363, -0.021931033632049384, -0.41314201611448853, -0.6472747242197368, -0.8904150311563493, -0.95945640944447, -1.0705053764651187, -1.166023344242627, 1.929835395708054, 1.233409919712838, 0.44198777428616665, -0.06927390388256581, -0.47149736985634255, -0.7034803109230748, -0.8935324040369762, -1.0154287828733888, -1.09048341261969, -1.1671998268361972, 1.6672501846553613, 0.9015134050978197, 0.22259045794470722, -0.2557542622840219, -0.597911815584744, -0.8210133700223375, -0.9550478440443663, -1.049193163738511, -1.1221556297390771, -1.1828097743093469], "bean_num": 0.5, "model_info": {"det_num_x": 10, "det_num_y": 10, "det_y": 0.03, "det_x": 0.03, "size_x": 0.5, "size_y": 0.5, "med_margin": 0.0015}}