{"source": [136.55621823853596, 297.86695308474015], "intensity": 100, "miu_detector": 0.3, "miu_medium": 1.2, "miu_air": 0.00018, "output": [0.0, 0.0, 0.0, 0.0, 0.0, 0.0, 0.0, 0.0, 0.0, 0.0, 0.0, 0.0, 0.0, 0.0, 0.0, 0.0, 0.0, 0.0, 0.0, 0.0, 0.0, 0.0, 0.0, 0.0, 0.0, 0.0, 0.0, 0.7365497467128035, 0.2634502532871965, 0.0, 0.0, 0.0, 0.0, 0.0, 0.0, 0.0, 0.0, 0.0, 0.0, 0.0], "miu_de": 0.5, "input": [1.5526337924971452, 1.8597417765457698, 2.1480482363789024, 2.0265944461139385, 2.1339800241443996, 2.064684261454588, 2.152154429774482, 2.077593586073288, 1.9093210660688646, 1.6329509254054673, 1.1466314476377428, 1.199777020692428, 1.2987155064506275, 1.434705624958273, 1.312089070901836, 1.2984751516760877, 1.3370507992503704, 1.3264373708571076, 1.1869634763554746, 0.7866088851968871, 0.9971368355399308, 0.571370958073979, 0.5667249331173283, 0.7220983498532144, 0.6005144905777189, 0.590643502819813, 0.6229844126879267, 0.5855213186637219, 0.39896032557857675, 0.17633321804768667, 0.8694570857709467, 0.037150523898077145, 0.018133087556430796, -0.012090874593588269, -0.023973154609888737, 0.028377339090563725, -0.007716996510616335, 0.00026422090238705355, -0.05387097471224337, -0.19612930367167794, 0.8474224733071648, -0.2002747712438873, -0.3698943226078227, -0.42243840877777056, -0.33084301084899426, -0.39804274946384255, -0.34143550953548724, -0.3848343988988939, -0.47548335258248825, -0.5859797167696275, 0.8284171546171644, -0.409872864558796, -0.5970393549300692, -0.607328261406599, -0.6022648800670939, -0.7043224671768819, -0.6052271791179129, -0.6391835469239527, -0.6800068010805612, -0.8302862119051017, 0.6954664592928709, -0.3869851778711193, -0.7027415786853874, -0.8114975446030881, -0.8563708590067546, -0.8304842663132084, -0.8512944877630613, -0.8745106290582371, -0.8932593815463916, -0.9388810041805401, 0.7448672834145325, -0.36294327979820934, -0.8431244124333537, -0.9264559592644821, -0.952620185838051, -0.9748262613930891, -0.9615705882464783, -0.9567718336198039, -1.0347258131524917, -1.0419104178720744, 0.7256853126798823, -0.47210589584980184, -0.8872728025257521, -1.0264941160159198, -1.0321915476414711, -1.0619564197783313, -1.039291413313535, -1.0738730343511496, -1.0769795938177675, -1.1393494316174606, 0.5391410080779644, -0.5742929213488298, -0.9735101854650654, -1.0893614397585147, -1.1242331375899852, -1.1375307313496337, -1.1345499509903498, -1.1675230910407723, -1.1584895030760713, -1.2033091838315342], "bean_num": 0.5, "model_info": {"det_num_x": 10, "det_num_y": 10, "det_y": 0.03, "det_x": 0.03, "size_x": 0.5, "size_y": 0.5, "med_margin": 0.0015}}