{"source": [216.31218921543288, 253.48673912747603], "intensity": 100, "miu_detector": 0.3, "miu_medium": 1.2, "miu_air": 0.00018, "output": [0.0, 0.0, 0.0, 0.0, 0.0, 0.0, 0.0, 0.0, 0.0, 0.0, 0.0, 0.0, 0.0, 0.0, 0.0, 0.0, 0.0, 0.0, 0.0, 0.0, 0.0, 0.0, 0.0, 0.0, 0.0, 0.49729888539870587, 0.5027011146012941, 0.0, 0.0, 0.0, 0.0, 0.0, 0.0, 0.0, 0.0, 0.0, 0.0, 0.0, 0.0, 0.0], "miu_de": 0.5, "input": [-1.2348584508000722, -1.2009454679250413, -1.1685379330468024, -1.0941567163714145, -0.9898263013328219, -0.8225124241283222, -0.5716422187033379, -0.16706946357216831, 0.4839538800518441, 1.3858812880976135, -1.2150975053219228, -1.1817529093647006, -1.1226214283583074, -1.051613543960913, -0.9248862311499539, -0.7273135126197964, -0.4119755212521186, 0.0751705357539614, 0.7890569810058968, 1.7054947106865763, -1.2031271161493082, -1.1480146949236463, -1.1035166504817613, -1.0132140365374118, -0.8804946120988879, -0.6890847001653821, -0.3554135906562737, 0.10382907481332741, 0.8540287311980033, 1.769729602761808, -1.1703725555390496, -1.1213514879436168, -1.074870946159456, -0.9809635398201559, -0.8670984459225675, -0.6459033930680136, -0.3309936557182355, 0.1514528362244733, 0.8938677382815299, 1.7730409554916535, -1.107112541175522, -1.042005232261619, -1.0314630951866954, -0.9473755847326457, -0.8362751162613443, -0.6354287868072965, -0.32332413645668623, 0.2111964265100799, 0.9052390659379849, 1.8165573217933348, -0.9932624806851968, -0.9377143521620875, -0.8927846283187678, -0.864507038227588, -0.7678449089571502, -0.5826794716283054, -0.27677100288262274, 0.20893511907771692, 0.9294958205002793, 1.889185286463559, -0.8056390004922265, -0.7021584815884393, -0.6673669539483814, -0.6456200095419913, -0.6002807266261222, -0.47755788647241, -0.23392719599549178, 0.2504527781292611, 0.972624882557182, 1.8420346895623896, -0.47218158895737233, -0.30738606948327457, -0.290021736431246, -0.24766377732964537, -0.19201250016764052, -0.16547637391931577, -0.05618116719988237, 0.24325441559521416, 1.0022215415091167, 1.883311502822805, 0.11005835437233547, 0.3619931127199928, 0.42744195578183286, 0.46106300938190814, 0.4872545614362294, 0.49392267579151056, 0.5535290219283165, 0.6723254216839697, 0.9973640080028665, 1.8591415784970786, 1.1033391153725023, 1.4379957572551736, 1.460220564322836, 1.5100100947610902, 1.485841751754201, 1.5136183494971498, 1.5517944305052482, 1.57993254170652, 1.6114480213725224, 1.752941386019511], "bean_num": 0.5, "model_info": {"det_num_x": 10, "det_num_y": 10, "det_y": 0.03, "det_x": 0.03, "size_x": 0.5, "size_y": 0.5, "med_margin": 0.0015}}