{"source": [-213.0205308920082, -270.767982767423], "intensity": 100, "miu_detector": 0.3, "miu_medium": 1.2, "miu_air": 0.00018, "output": [0.0, 0.0, 0.0, 0.0, 0.0, 0.24367682497917972, 0.7563231750208202, 0.0, 0.0, 0.0, 0.0, 0.0, 0.0, 0.0, 0.0, 0.0, 0.0, 0.0, 0.0, 0.0, 0.0, 0.0, 0.0, 0.0, 0.0, 0.0, 0.0, 0.0, 0.0, 0.0, 0.0, 0.0, 0.0, 0.0, 0.0, 0.0, 0.0, 0.0, 0.0, 0.0], "miu_de": 0.5, "input": [1.059677586078278, -0.0006427434984838768, -0.585133480986239, -0.894574064898696, -1.0997875222922686, -1.1688982499530387, -1.19883589893501, -1.2074705429090153, -1.2159101778808643, -1.2305739554803212, 1.3427115187119218, 0.1320870583983482, -0.45090131526673355, -0.8382412274431744, -1.028714276843291, -1.121473226138837, -1.1381679701052794, -1.15134928116606, -1.1623322607657793, -1.1884880741452835, 1.2431222334083487, 0.10817657328061693, -0.4506006639088968, -0.825371206411036, -0.9175835152284749, -0.9759167064696452, -1.0799867144807223, -1.0579332843885147, -1.1075490737789473, -1.1064054987213148, 1.393789114177814, 0.27654477373765957, -0.40378299835222436, -0.7375923615065703, -0.893772655767165, -0.9226287856267837, -0.9825974494214011, -0.9990090641287033, -0.9903142671684355, -1.0611730194696178, 1.4485754862688625, 0.27588764778722324, -0.3699942074714068, -0.6591378815176627, -0.7164324616056732, -0.7666830934619712, -0.7885866240452267, -0.8624140952168237, -0.895523863840644, -0.9347887427647192, 1.3498154847545043, 0.3956205745677941, -0.2961899669742081, -0.5501883084297475, -0.5558907459827052, -0.5857206153321599, -0.5601546243508887, -0.5946895398860137, -0.651196047885224, -0.7075628814592424, 1.412117829751826, 0.3559067349983851, -0.11014857434127809, -0.20436402194729858, -0.18099185068533266, -0.20351059817794098, -0.18123849465025957, -0.28110159006067253, -0.2516047945090885, -0.4884517246697637, 1.4198583221520693, 0.5066407012852301, 0.39334171178372107, 0.28384010447696145, 0.3075229517000447, 0.26935545059575067, 0.3023508652089016, 0.35687284691420695, 0.23451761847555677, 0.010391966240205948, 1.4683373671415094, 1.1644611793466924, 1.0748200106068175, 1.0563972634468946, 1.1297902858591116, 1.0565053421744726, 1.0059185372231911, 1.0508003543502882, 0.9518500694346481, 0.7698659168936322, 1.6289813503279682, 1.7149851943061492, 1.8593251433704414, 1.853953486497979, 1.895126699452495, 2.005786215474251, 1.793791848339464, 1.9288789017721983, 1.7693969413823445, 1.532579620647988], "bean_num": 0.5, "model_info": {"det_num_x": 10, "det_num_y": 10, "det_y": 0.03, "det_x": 0.03, "size_x": 0.5, "size_y": 0.5, "med_margin": 0.0015}}