{"source": [-269.0494156098029, -228.8002617058997], "intensity": 100, "miu_detector": 0.3, "miu_medium": 1.2, "miu_air": 0.00018, "output": [0.0, 0.0, 0.0, 0.0, 0.513564651448273, 0.48643534855172704, 0.0, 0.0, 0.0, 0.0, 0.0, 0.0, 0.0, 0.0, 0.0, 0.0, 0.0, 0.0, 0.0, 0.0, 0.0, 0.0, 0.0, 0.0, 0.0, 0.0, 0.0, 0.0, 0.0, 0.0, 0.0, 0.0, 0.0, 0.0, 0.0, 0.0, 0.0, 0.0, 0.0, 0.0], "miu_de": 0.5, "input": [1.6246300923917667, 1.5977581188756111, 1.5473881578260378, 1.622055314815533, 1.6060828688421929, 1.7934583541136195, 1.540543975422965, 1.568502624953907, 1.4494789650302051, 1.2455370866277993, 1.7863193518898013, 0.8394579459481515, 0.6117218509838264, 0.582808633708321, 0.5905603377302004, 0.5956450754526512, 0.5138993009253994, 0.49382978547993484, 0.5296693267179104, 0.33348249117792245, 1.8213070384554781, 0.8106790698909483, 0.16327899841374238, -0.05624272841183365, -0.16542395517269437, -0.18179459013987456, -0.1576227756813223, -0.19713631790540642, -0.23840852215461047, -0.38419427479082824, 1.8473174198372921, 0.8553029620773028, 0.22318752599846534, -0.26226664029874713, -0.5132952270116844, -0.5486322487139481, -0.5669119759822951, -0.613115733786207, -0.6309156983845747, -0.7668223017835892, 1.7682008907826192, 0.8819795006881428, 0.13813810796955764, -0.34227006884128236, -0.6342880713016632, -0.7987215721797436, -0.8083620240765963, -0.872330234231859, -0.9287571070166284, -0.9413057742858798, 1.706103765034509, 0.77903511270857, 0.11421275726739973, -0.35354292189741165, -0.7201335154140973, -0.8779729492160894, -0.9857089580145738, -0.9896150390693019, -1.0058185730489804, -1.1356283154248326, 1.7197501810433835, 0.8159689623575874, 0.14789528302547633, -0.3822448521896633, -0.6361969935836788, -0.8896481591117591, -0.9808074310436246, -1.099712939077172, -1.133060422886068, -1.1784304255995266, 1.7759656823286003, 0.725684348499645, 0.15249932648933415, -0.2781490696809089, -0.7377320311407367, -0.8820502539367876, -1.056990287681746, -1.1271915061789037, -1.1662807995514686, -1.2254981537005856, 1.7416221445527795, 0.8988539504750266, 0.10964556453816063, -0.4639653891810814, -0.7475239406890583, -0.8942489755117253, -1.0653262192586428, -1.1556153780803482, -1.2078816624291382, -1.2340200125221281, 1.357147581941571, 0.5620215591638141, -0.1814080370149976, -0.5748665886309549, -0.838276611294939, -0.9932766579365503, -1.097245537103891, -1.2016990943396613, -1.2282969638705517, -1.2537448849902821], "bean_num": 0.5, "model_info": {"det_num_x": 10, "det_num_y": 10, "det_y": 0.03, "det_x": 0.03, "size_x": 0.5, "size_y": 0.5, "med_margin": 0.0015}}