{"source": [-336.264813243542, 132.64310493196496], "intensity": 100, "miu_detector": 0.3, "miu_medium": 1.2, "miu_air": 0.00018, "output": [0.0, 0.0, 0.0, 0.0, 0.0, 0.0, 0.0, 0.0, 0.0, 0.0, 0.0, 0.0, 0.0, 0.0, 0.0, 0.0, 0.0, 0.0, 0.0, 0.0, 0.0, 0.0, 0.0, 0.0, 0.0, 0.0, 0.0, 0.0, 0.0, 0.0, 0.0, 0.0, 0.0, 0.0, 0.0, 0.0, 0.0, 0.39191820902033686, 0.6080817909796632, 0.0], "miu_de": 0.5, "input": [1.0920939539650556, 1.3453835058372388, 1.4191145361680884, 1.393096437162094, 1.444063395519691, 1.3774092022510203, 1.460059975839077, 1.4452245638294483, 1.4580664221180182, 1.537980962155798, 0.05310147893535746, 0.20608042594489598, 0.2998549829793851, 0.2960707946369391, 0.33196396637567105, 0.3057657869204885, 0.4265332829955041, 0.5780795552852883, 1.0033115720323809, 1.7842658733942893, -0.5331928843978829, -0.44816649675744585, -0.4109012939404194, -0.3542684658695567, -0.4005327261451748, -0.2697025505006266, -0.00506188924052307, 0.4579114382471009, 0.9292254520545398, 1.9273556731586585, -0.8702481286791364, -0.8172101387407699, -0.7220571629724423, -0.7094822139772377, -0.6856187999273129, -0.5063917184497357, -0.29539317913427166, 0.24890101036564805, 0.9944759624490951, 1.886137636964728, -1.0896702399870368, -1.0468851654125326, -1.0062851396731718, -0.8881199686866358, -0.7829447551608234, -0.5548514044369082, -0.18490168400972123, 0.24146739209471307, 1.0484032624592607, 1.7069835468451553, -1.1640097653908679, -1.1135306782866041, -1.0168566124012888, -0.9343526983518275, -0.8011291030787169, -0.6128884147837621, -0.23382953233277096, 0.27445815079305763, 1.124080561067489, 1.9117279058113108, -1.2014225570479728, -1.118358436165856, -1.042299067370149, -0.9823526819397711, -0.8339014079206263, -0.5701591957325048, -0.24721486222744865, 0.2823963504620968, 1.0067549845918446, 1.8064952257868776, -1.2242702934363652, -1.1703676759304966, -1.122016794566239, -0.9802350438329864, -0.8345694577165524, -0.5371048897648545, -0.20252319093956886, 0.3039173344951305, 1.0654524954551363, 1.892067909241218, -1.2327589228712807, -1.153739243263712, -1.1105832451156104, -0.9971096225110027, -0.8748043814529712, -0.6581028279745155, -0.33859858119131225, 0.2305652729108118, 0.9693587066151675, 1.8303137265646423, -1.239358917120537, -1.1908413509970177, -1.1421767986242088, -1.0709405956774873, -0.9532795044723247, -0.7412294843877497, -0.4461565315379941, 0.02457219414732863, 0.6692209022483113, 1.5851946033392532], "bean_num": 0.5, "model_info": {"det_num_x": 10, "det_num_y": 10, "det_y": 0.03, "det_x": 0.03, "size_x": 0.5, "size_y": 0.5, "med_margin": 0.0015}}