{"source": [132.20881359517952, 337.78940547962287], "intensity": 100, "miu_detector": 0.3, "miu_medium": 1.2, "miu_air": 0.00018, "output": [0.0, 0.0, 0.0, 0.0, 0.0, 0.0, 0.0, 0.0, 0.0, 0.0, 0.0, 0.0, 0.0, 0.0, 0.0, 0.0, 0.0, 0.0, 0.0, 0.0, 0.0, 0.0, 0.0, 0.0, 0.0, 0.0, 0.0, 0.3750096220671542, 0.6249903779328457, 0.0, 0.0, 0.0, 0.0, 0.0, 0.0, 0.0, 0.0, 0.0, 0.0, 0.0], "miu_de": 0.5, "input": [1.7255931593807887, 2.0367674874708026, 2.1571234625855213, 2.2046219466124315, 2.109277497868463, 2.1539838681751164, 2.1347117726280986, 2.2210008508796575, 2.080420201803187, 1.7236415175944426, 0.946150528604338, 1.4606743927172938, 1.4033148195585698, 1.3325492976156215, 1.4893673552712692, 1.4932175212547267, 1.5342388128990734, 1.4398963248512684, 1.3625192196943134, 0.9692513267646922, 0.40276249760768845, 0.6547824567166022, 0.7077957435182181, 0.7148056710474621, 0.7333787930359171, 0.8079057888025288, 0.7591969356180115, 0.8054768337960246, 0.7450859096439976, 0.308258908536799, -0.013703137039034429, 0.1232696870700641, 0.14042829421314115, 0.21033075013023994, 0.23935092672746786, 0.23396549260114022, 0.2152871866911707, 0.17035512173174927, 0.11333710418451104, -0.14685807552847932, -0.2034293677643641, -0.2540057451061865, -0.1758558728455265, -0.2039680409361976, -0.1609138202580625, -0.1766816012334326, -0.16092068104729054, -0.2448099020629507, -0.3398419031334559, -0.46159958772258874, -0.32811128094621733, -0.5249749877289116, -0.5004436341211149, -0.5112394060415361, -0.46982422595395595, -0.4131141046384959, -0.46044085393375134, -0.46837465158804154, -0.5562353969718419, -0.6953883907930468, -0.474088602000371, -0.7074480649368357, -0.6675862910329603, -0.6550255253919285, -0.701828976891918, -0.6524616873158512, -0.7073354968373412, -0.6964222389586143, -0.7382207910315514, -0.8396884172934075, -0.5685038534634487, -0.8759944840322698, -0.8598411536668825, -0.8323661463731368, -0.8379646754158521, -0.8075619679991856, -0.8552312352021915, -0.8484280809226329, -0.9011494446290792, -0.9534699064767583, -0.6199138101391631, -0.9467965825288511, -0.9366098941613142, -0.9708908316143943, -0.9463435701137557, -0.9507705964372923, -0.9365527287163238, -0.9536690137625605, -0.9904592361842715, -1.0361802930001378, -0.6986361736682164, -1.0539204194102902, -1.0381088181517935, -1.03118113183625, -1.0355568574196268, -1.0337330540735579, -1.0419981008472838, -1.036971501143868, -1.0718900552809298, -1.0825610901458593], "bean_num": 0.5, "model_info": {"det_num_x": 10, "det_num_y": 10, "det_y": 0.03, "det_x": 0.03, "size_x": 0.5, "size_y": 0.5, "med_margin": 0.0015}}