{"source": [-19.63222822522615, -366.7247363765169], "intensity": 100, "miu_detector": 0.3, "miu_medium": 1.2, "miu_air": 0.00018, "output": [0.0, 0.0, 0.0, 0.0, 0.0, 0.0, 0.0, 0.0, 0.0, 0.34048277586585796, 0.659517224134142, 0.0, 0.0, 0.0, 0.0, 0.0, 0.0, 0.0, 0.0, 0.0, 0.0, 0.0, 0.0, 0.0, 0.0, 0.0, 0.0, 0.0, 0.0, 0.0, 0.0, 0.0, 0.0, 0.0, 0.0, 0.0, 0.0, 0.0, 0.0, 0.0], "miu_de": 0.5, "input": [1.7346646067501224, 2.0151191562430184, 2.0742299472079595, 2.149986251817268, 2.0844466848844783, 2.0473454729691296, 2.0174503605126537, 2.0611383413189266, 2.0531757128515307, 1.6111530526795286, 1.1850906231387361, 1.251940885673806, 1.398043529855917, 1.3957863311783014, 1.3965412559136423, 1.3345199940825514, 1.4858484187134873, 1.3263320029920078, 1.240982813771574, 0.865761837675559, 0.8506970078615955, 0.5673334915105314, 0.6230147619504695, 0.6145716926765907, 0.5066731475772657, 0.6267796478686269, 0.6244608048950872, 0.6061217181095021, 0.5181006997921074, 0.22135500121429633, 0.7526024809243058, -0.0003683932376632363, 0.09906340591926206, 0.05289163371643433, 0.09668452321180392, 0.054085865344609435, 0.0359374119373039, -0.00031493506819624213, -0.05383329395807251, -0.2431386682033071, 0.6174342973960756, -0.2807365830190305, -0.3213663434228016, -0.3158164057887583, -0.35543318324141243, -0.30767050625356596, -0.34841894818255265, -0.40248960578868626, -0.42201820550256597, -0.5766603840381944, 0.7039503345604765, -0.4551213262557437, -0.6108092112944746, -0.5312810683536906, -0.5704332890639986, -0.587423165336751, -0.5840927868594177, -0.6323172946208592, -0.6676897869535676, -0.7912513400420959, 0.5845367632957202, -0.5097858593945861, -0.7143641360663275, -0.7878458531537028, -0.7776031082384532, -0.8156706127435951, -0.7799811057188983, -0.8251438127637851, -0.8427916574059996, -0.9468734197434685, 0.4879113146584073, -0.5625605937914464, -0.8681146881298738, -0.9103925149236348, -0.9181121543086778, -0.9677724117821205, -0.9679480460770614, -0.9945383148509167, -0.9926553438040628, -1.0536866206515163, 0.4934587849477221, -0.6227980882573515, -0.9323501039598732, -1.0061529157133806, -1.0111236493433984, -1.0584243367059143, -1.0463518604296849, -1.0492451637446905, -1.0541750940006822, -1.1136514879924155, 0.4085796127130966, -0.7599191156505063, -0.9939058503598552, -1.0966573300831952, -1.123111421312397, -1.1100778378194214, -1.1383195234175676, -1.1547988887411642, -1.134454443281871, -1.1757595934645868], "bean_num": 0.5, "model_info": {"det_num_x": 10, "det_num_y": 10, "det_y": 0.03, "det_x": 0.03, "size_x": 0.5, "size_y": 0.5, "med_margin": 0.0015}}