{"source": [-358.2891021529712, 134.24771209331539], "intensity": 100, "miu_detector": 0.3, "miu_medium": 1.2, "miu_air": 0.00018, "output": [0.0, 0.0, 0.0, 0.0, 0.0, 0.0, 0.0, 0.0, 0.0, 0.0, 0.0, 0.0, 0.0, 0.0, 0.0, 0.0, 0.0, 0.0, 0.0, 0.0, 0.0, 0.0, 0.0, 0.0, 0.0, 0.0, 0.0, 0.0, 0.0, 0.0, 0.0, 0.0, 0.0, 0.0, 0.0, 0.0, 0.0, 0.28228037774868553, 0.7177196222513145, 0.0], "miu_de": 0.5, "input": [1.484663107139588, 0.5551034382145611, -0.10999087776397304, -0.5177766427252699, -0.8164263520790633, -0.9519245125383862, -1.0972785103055411, -1.167434024754228, -1.2061981027737236, -1.2582419893976187, 1.810071865101629, 0.8031266450595685, 0.0947029144823866, -0.31828568544514374, -0.7065895371964805, -0.887654650625962, -1.0352430849011371, -1.117759787943042, -1.1762155581993083, -1.2214322954711059, 1.826661904831469, 0.8827835064087006, 0.2583708142026005, -0.30233964667074303, -0.621731082426008, -0.8614144555976538, -1.0262275752525762, -1.1132546793985076, -1.1672438892765404, -1.2233855011409545, 1.7523955952637618, 0.9903354992864598, 0.13656002442106283, -0.28403433575938797, -0.6372346717504855, -0.862830464603983, -0.9605234867648759, -1.0671649716429439, -1.1410475632570616, -1.1746788461311406, 1.9048313223082742, 0.9978628923632789, 0.24758829903751708, -0.28371494194976304, -0.6213554527031351, -0.8176445951173026, -0.9289150338319707, -1.0445247308174703, -1.0612036326761454, -1.1326296052379647, 1.8220051545086666, 0.9609717610290904, 0.2584719075170698, -0.26676683435955545, -0.5452699688047383, -0.7353678619006917, -0.8803614744657935, -0.9258211515205843, -0.9795920870989892, -1.0076081900765357, 1.8905790250814356, 0.9527064442254806, 0.2893451361309625, -0.23644264658350417, -0.5248706313380403, -0.6258217171056681, -0.6842715534374767, -0.7225124913657384, -0.7883374364733725, -0.8294051404266001, 1.9201798485927104, 1.040814726297469, 0.29610685643326273, -0.05286148965388513, -0.21552888735401998, -0.2744448671377808, -0.27019169098476464, -0.2872113879500906, -0.35960731023743464, -0.4958887653128465, 1.6976215896088198, 0.9719556708867219, 0.5652652752862232, 0.4568516289152746, 0.41945016825570236, 0.39876806089964145, 0.4132672529135789, 0.41265652604564546, 0.33557967100854375, 0.12353444622123784, 1.6706455231905226, 1.5626632481887546, 1.551741236868809, 1.419342942709878, 1.4443369030342867, 1.4404099505733425, 1.4755543928078276, 1.5232735021266215, 1.401798093069266, 1.168779587167026], "bean_num": 0.5, "model_info": {"det_num_x": 10, "det_num_y": 10, "det_y": 0.03, "det_x": 0.03, "size_x": 0.5, "size_y": 0.5, "med_margin": 0.0015}}