{"source": [-125.99661615628297, -361.4451277734085], "intensity": 100, "miu_detector": 0.3, "miu_medium": 1.2, "miu_air": 0.00018, "output": [0.0, 0.0, 0.0, 0.0, 0.0, 0.0, 0.0, 0.13534542694246174, 0.8646545730575382, 0.0, 0.0, 0.0, 0.0, 0.0, 0.0, 0.0, 0.0, 0.0, 0.0, 0.0, 0.0, 0.0, 0.0, 0.0, 0.0, 0.0, 0.0, 0.0, 0.0, 0.0, 0.0, 0.0, 0.0, 0.0, 0.0, 0.0, 0.0, 0.0, 0.0, 0.0], "miu_de": 0.5, "input": [1.7497519442275336, 2.220804102670488, 2.1888719015260336, 2.143001711678333, 2.17200947317263, 2.1766873680230376, 2.252127387104112, 2.143878538854826, 2.098084138630136, 1.8076878178369462, 1.0022956420692735, 1.4157615145103428, 1.4760782953722533, 1.4591466617313804, 1.3630987370528758, 1.3766151381862135, 1.4329227862194323, 1.463192750549826, 1.3202298237905263, 0.942481088764291, 0.3362444324267588, 0.6137841757380427, 0.6790737247796639, 0.6663091516868814, 0.7443998441115209, 0.7553038069407368, 0.7807225797864151, 0.6566659383501336, 0.6897519276208818, 0.40898280042762836, -0.07746368222686462, 0.15987151864501864, 0.16607127670521435, 0.20664169832091475, 0.16767283647847184, 0.25470344351185686, 0.20681231567914324, 0.19660762631226825, 0.09910735004407249, -0.12102196200501687, -0.3195936495512399, -0.23153448278671696, -0.20542726781911627, -0.1693996003495969, -0.12795494785445163, -0.17078103624177193, -0.23116373087076927, -0.24243388065622154, -0.23632308493659598, -0.42721126828479633, -0.5220300277314254, -0.5558503679329428, -0.4885035038159617, -0.47980949324902045, -0.4000392128078726, -0.49182001964142696, -0.48150485075937716, -0.4880586188734486, -0.46903287310349834, -0.6176909544853546, -0.6830907309301146, -0.7016201893690411, -0.6521564313231838, -0.6692575276297448, -0.6868246697153435, -0.6332245669029277, -0.654034812481456, -0.7208199610098946, -0.6929878791518103, -0.8336025492385399, -0.7588120545700464, -0.8474173709837488, -0.8166462116210478, -0.818773113173998, -0.8114195256375315, -0.8060600721992932, -0.8038631788675414, -0.8321576339225469, -0.8528755644587837, -0.922479015492704, -0.7768219815799129, -0.9262711959359755, -0.9259253967132962, -0.9176379109301909, -0.9101058053450057, -0.9036761694595971, -0.9333495160205041, -0.9540314657836527, -0.9502421015427975, -1.0006164544213956, -0.8664606249153459, -1.0138830843813504, -0.9918419953859098, -1.005544852881492, -1.0031805918078207, -1.0254347474858383, -1.0222137430957552, -1.0206152878106731, -1.0365224681537855, -1.0563063012230647], "bean_num": 0.5, "model_info": {"det_num_x": 10, "det_num_y": 10, "det_y": 0.03, "det_x": 0.03, "size_x": 0.5, "size_y": 0.5, "med_margin": 0.0015}}