{"source": [-191.81033206546914, 363.30965693348605], "intensity": 100, "miu_detector": 0.3, "miu_medium": 1.2, "miu_air": 0.00018, "output": [0.0, 0.0, 0.0, 0.0, 0.0, 0.0, 0.0, 0.0, 0.0, 0.0, 0.0, 0.0, 0.0, 0.0, 0.0, 0.0, 0.0, 0.0, 0.0, 0.0, 0.0, 0.0, 0.0, 0.0, 0.0, 0.0, 0.0, 0.0, 0.0, 0.0, 0.0, 0.0, 0.0, 0.9075625758876938, 0.09243742411230613, 0.0, 0.0, 0.0, 0.0, 0.0], "miu_de": 0.5, "input": [1.6595825213580127, 1.1403649122024417, 0.9004896976679543, 0.8172431547350869, 0.7278131763013876, 0.6727201671356318, 0.6864100588979299, 0.6312314268924587, 0.6715304121372351, 0.3979040822344111, 1.9587422660602176, 1.2626020549606924, 0.5576654616651996, 0.09791540017552712, -0.23495671653668512, -0.4080538016139784, -0.4625817753808897, -0.5311103254334898, -0.5085175666230822, -0.6820761034712297, 2.1914634407653795, 1.3179782604451802, 0.5869391926312513, -0.008774128531128949, -0.31678446788851, -0.5527887825014584, -0.7566196803215378, -0.872446333437989, -0.9495532337785418, -1.013608217927048, 2.0866136535425768, 1.2655157248692224, 0.6045569343280377, 0.04792518160601151, -0.32995231499373007, -0.5998551845214718, -0.7792201509329825, -0.9208095915837581, -1.0142993337039965, -1.0735569581802322, 2.0884071600389214, 1.3613887745621356, 0.630494361720254, 0.06545823327393972, -0.32517626676788186, -0.613665219262314, -0.7886838126699033, -0.9396447755546659, -1.0367810520037524, -1.1109513292614923, 2.12472972881559, 1.3935137362820549, 0.5537226049340601, 0.08970365170981315, -0.319381288632047, -0.6431341133919874, -0.7971818213138117, -0.9394044561171933, -1.0649336159464906, -1.126183647770182, 2.1052952981730715, 1.357780152687351, 0.5530410083464213, 0.10374590274865185, -0.3387329317363939, -0.615139437962559, -0.8046410386518266, -0.9828674781330188, -1.0534223215204035, -1.1505296308095787, 2.0288468578841954, 1.2535139088342737, 0.5334163539623021, -0.005870154497262576, -0.4047818894177389, -0.6218353868267584, -0.8470133205975809, -0.9664191418508882, -1.0722069689235785, -1.135120241427909, 1.9916575089934228, 1.2615753203350741, 0.4112677935675732, -0.1115601766868474, -0.41805211369666767, -0.6815101399807745, -0.8582893613976813, -0.9742211618954986, -1.084016437356674, -1.148044706519698, 1.697862136981144, 0.8626457395552398, 0.21186558731944222, -0.26529274033314804, -0.5846672236970148, -0.8087173595497987, -0.9538250346003398, -1.0561091364471213, -1.1222515083310638, -1.1773158924354947], "bean_num": 0.5, "model_info": {"det_num_x": 10, "det_num_y": 10, "det_y": 0.03, "det_x": 0.03, "size_x": 0.5, "size_y": 0.5, "med_margin": 0.0015}}