{"source": [105.56248648475106, -398.16295751821184], "intensity": 100, "miu_detector": 0.3, "miu_medium": 1.2, "miu_air": 0.00018, "output": [0.0, 0.0, 0.0, 0.0, 0.0, 0.0, 0.0, 0.0, 0.0, 0.0, 0.0, 0.35012711073489694, 0.6498728892651031, 0.0, 0.0, 0.0, 0.0, 0.0, 0.0, 0.0, 0.0, 0.0, 0.0, 0.0, 0.0, 0.0, 0.0, 0.0, 0.0, 0.0, 0.0, 0.0, 0.0, 0.0, 0.0, 0.0, 0.0, 0.0, 0.0, 0.0], "miu_de": 0.5, "input": [1.7219799878518454, 1.2450107431216753, 0.8004546553784955, 0.7601471278031545, 0.737294143462053, 0.5769428767215715, 0.6127457994974883, 0.5622863133793364, 0.566372247166802, 0.39558918160378054, 2.072379385625012, 1.3390101505518357, 0.5183759048204677, 0.04100336304434935, -0.26267574805225785, -0.44307717858479245, -0.5308923914017548, -0.5154971410568148, -0.6057818544990574, -0.7230799169889269, 2.113238929987097, 1.2694087466881603, 0.5928319629179312, 0.006947696710858476, -0.3366260470394753, -0.5852780709905323, -0.6980123884765767, -0.885708690066809, -0.9265779776479086, -1.024554477549123, 2.1270456737566303, 1.2959830285414402, 0.5864953444307316, 0.02204090788845459, -0.31888819411204, -0.5536459212291178, -0.76499011530544, -0.9204603778091961, -0.9950532365918664, -1.08307680395623, 2.064337803320621, 1.3562897950360375, 0.6005698326334988, 0.053466104067418925, -0.3571044382804531, -0.653445482767333, -0.8253766732732475, -0.9227979635351179, -1.026092882467005, -1.1081575529510708, 2.0703864971208854, 1.4244017331114807, 0.6573612151253754, -0.006750170076561495, -0.2593566324249279, -0.5795480324870509, -0.7952192147594578, -0.960635933552522, -1.0507951402045101, -1.1499033911314958, 2.0884406927337364, 1.2892521658431892, 0.6044617827543944, -0.008432376653616094, -0.3365670999899276, -0.5751021498632972, -0.8153346785137983, -0.9835596279147502, -1.0624938299495268, -1.114054642448818, 2.007996928853259, 1.1944351282709378, 0.559696396728394, 0.03270410446068794, -0.37891590770682076, -0.6385922753552626, -0.8053465368856606, -0.9671404255822964, -1.0651197834826902, -1.1379230977572043, 2.11247044384643, 1.2665510356368388, 0.5722518260708936, -0.023071617565246273, -0.3779178730740913, -0.6827995342740157, -0.8495430894724628, -0.9941181999512088, -1.0576412693260135, -1.1432015373376199, 1.7117334167945226, 0.8618059335066163, 0.2019494055879431, -0.20926697489812632, -0.5569349519279145, -0.7595243414158132, -0.9359134890272393, -1.0426287840240631, -1.1052952596391532, -1.1986470191470282], "bean_num": 0.5, "model_info": {"det_num_x": 10, "det_num_y": 10, "det_y": 0.03, "det_x": 0.03, "size_x": 0.5, "size_y": 0.5, "med_margin": 0.0015}}