{"source": [-241.6115798432743, -361.88528703335163], "intensity": 100, "miu_detector": 0.3, "miu_medium": 1.2, "miu_air": 0.00018, "output": [0.0, 0.0, 0.0, 0.0, 0.0, 0.0, 0.747659006467768, 0.252340993532232, 0.0, 0.0, 0.0, 0.0, 0.0, 0.0, 0.0, 0.0, 0.0, 0.0, 0.0, 0.0, 0.0, 0.0, 0.0, 0.0, 0.0, 0.0, 0.0, 0.0, 0.0, 0.0, 0.0, 0.0, 0.0, 0.0, 0.0, 0.0, 0.0, 0.0, 0.0, 0.0], "miu_de": 0.5, "input": [1.6021659229898038, 1.4842013657139639, 1.461182344677091, 1.4409369358922302, 1.471902285538491, 1.416520144612969, 1.3397770954068924, 1.3841623685743376, 1.3211431286437123, 1.178543855622656, 1.8301991287904227, 1.1232488579925848, 0.487011400418444, 0.42944984183076473, 0.3463631736497417, 0.457125462919659, 0.34272175808630106, 0.3286510428653939, 0.22341992678712302, 0.05239941815478598, 1.8643932562555598, 1.0412171365230525, 0.24744851205916762, -0.11821486521774598, -0.21886395706271825, -0.30707987488372224, -0.352592404861294, -0.37626463539033433, -0.387252341996894, -0.5592382354239966, 1.8259682210617538, 0.9332079589425549, 0.2459138446298934, -0.1977224464996102, -0.5391997229185215, -0.6729684191562678, -0.7508030099270256, -0.7702847916394799, -0.8081253998112149, -0.9185011064081353, 1.8669830218715104, 1.016507734966636, 0.26106705385348855, -0.22372528201903039, -0.5631968726233912, -0.7839090451422971, -0.9181733791797777, -0.9541184943430249, -0.9907100084792337, -1.0682704267844898, 1.8502756424384244, 0.9855245917711264, 0.30269304037656974, -0.21409700302133602, -0.5852219964387335, -0.8164439744816259, -0.9501430923643356, -1.0663007492646859, -1.099704214608017, -1.1501003227331683, 1.8911061462994132, 1.0173083516208012, 0.24616087058440234, -0.2020121303137884, -0.5786861503330967, -0.8044570460230462, -0.9528960940300686, -1.0780518231419125, -1.1433979455774095, -1.1894566818175818, 1.8395971854645394, 0.9640801927592565, 0.3254059808599704, -0.23337273667280187, -0.6251306156074723, -0.8274839912406932, -0.9850239000331003, -1.0906921622004975, -1.1610142889457014, -1.217878475206536, 1.822931322334289, 0.9185854789071187, 0.2020422838281285, -0.27587248659480557, -0.6415400621319274, -0.857309112343168, -1.0139969902771822, -1.1060090047587174, -1.1829681195614916, -1.2258881553866872, 1.533671366966991, 0.6734436456807417, 0.023440477002877266, -0.4842871564068479, -0.7846117233893892, -0.9312610297212552, -1.071522009973285, -1.143397567006567, -1.2044769210678596, -1.2461783237826356], "bean_num": 0.5, "model_info": {"det_num_x": 10, "det_num_y": 10, "det_y": 0.03, "det_x": 0.03, "size_x": 0.5, "size_y": 0.5, "med_margin": 0.0015}}