{"source": [75.71837539643913, -429.73346126503844], "intensity": 100, "miu_detector": 0.3, "miu_medium": 1.2, "miu_air": 0.00018, "output": [0.0, 0.0, 0.0, 0.0, 0.0, 0.0, 0.0, 0.0, 0.0, 0.0, 0.0, 0.8896824043350002, 0.11031759566499973, 0.0, 0.0, 0.0, 0.0, 0.0, 0.0, 0.0, 0.0, 0.0, 0.0, 0.0, 0.0, 0.0, 0.0, 0.0, 0.0, 0.0, 0.0, 0.0, 0.0, 0.0, 0.0, 0.0, 0.0, 0.0, 0.0, 0.0], "miu_de": 0.5, "input": [1.7345800085491196, 0.9756730523198123, 0.27016912746106786, -0.2095620549031058, -0.4906383584514191, -0.7264225318024007, -0.8914872123548644, -0.9899888181448648, -1.085820180647871, -1.128080892359038, 1.9661177548983517, 1.3926975254672533, 0.5799519221645452, 0.009083534239035088, -0.29150895296781965, -0.6199947342034609, -0.8358821652908422, -0.958875558267429, -1.0377738030569326, -1.1148729321704012, 2.1730332557710765, 1.470902718293725, 0.7297122646752973, 0.0892419022435653, -0.2798175057208935, -0.5571794488329341, -0.7944608498362159, -0.9190195803111341, -1.022274431485297, -1.074925427684051, 2.163222877154252, 1.3701326093758843, 0.7465961857648673, 0.1462393918821098, -0.252339904257412, -0.5404884171127279, -0.7535429661445366, -0.9137048372617985, -1.0202949266283827, -1.0820369721506784, 2.0834444355201724, 1.5166606532424858, 0.7509137686656713, 0.17498095414354625, -0.22510843080816384, -0.5635365036420412, -0.7662361635399328, -0.9186402891217677, -0.9985605516604248, -1.1000797439893355, 2.0582500630303366, 1.474089808350225, 0.7255423153924215, 0.19597484755952005, -0.1926264898414287, -0.5025306968709138, -0.7424852243667268, -0.9035287676736544, -1.0158408763324238, -1.0771428415079065, 2.184875198617578, 1.4253436031953495, 0.65247380853736, 0.14464685102413555, -0.23355489755587408, -0.5716811257939846, -0.7570472050581485, -0.856000484400307, -0.9840659496851912, -1.0688583705151635, 2.110424613843988, 1.321112742951107, 0.6947357655727773, 0.15340469014788402, -0.270500026660626, -0.5532575630394274, -0.7431419217869405, -0.8507651009832338, -0.9555939932934735, -1.0475502111176005, 2.07312207616461, 1.2370948454974107, 0.539701958386099, 0.10089960849500736, -0.25805281409837666, -0.5279434513067915, -0.7251084638590654, -0.761819507099657, -0.8514088601261127, -0.9646768325132019, 1.8025952599893271, 1.0874598646932678, 0.6142941803241984, 0.3778728882013814, 0.25171858315223944, 0.13531482354465796, 0.01681499553039681, 0.007035049769912166, 0.00456317785933146, -0.15437874136795168], "bean_num": 0.5, "model_info": {"det_num_x": 10, "det_num_y": 10, "det_y": 0.03, "det_x": 0.03, "size_x": 0.5, "size_y": 0.5, "med_margin": 0.0015}}