{"source": [255.39784975359427, -358.4757287133168], "intensity": 100, "miu_detector": 0.3, "miu_medium": 1.2, "miu_air": 0.00018, "output": [0.0, 0.0, 0.0, 0.0, 0.0, 0.0, 0.0, 0.0, 0.0, 0.0, 0.0, 0.0, 0.0, 0.059092824557934, 0.940907175442066, 0.0, 0.0, 0.0, 0.0, 0.0, 0.0, 0.0, 0.0, 0.0, 0.0, 0.0, 0.0, 0.0, 0.0, 0.0, 0.0, 0.0, 0.0, 0.0, 0.0, 0.0, 0.0, 0.0, 0.0, 0.0], "miu_de": 0.5, "input": [1.4931208279866957, 0.5448162529273529, -0.05522711504190773, -0.4568343545219867, -0.749800432374242, -0.9455520812952027, -1.0809798351852211, -1.1554689611899753, -1.2072162581762702, -1.2456195931183953, 1.7930673695623083, 0.8637359478270697, 0.24629277389344453, -0.34321050221690286, -0.696034771282286, -0.8913644090176579, -1.003669660661044, -1.1210172104692375, -1.170512467527907, -1.2210667886552915, 1.8624641289438273, 0.9093906720153921, 0.20785279296821121, -0.31220548507326323, -0.6617166621030292, -0.8639271935204033, -1.0033793932957555, -1.1118216328681596, -1.1700251450322434, -1.2137661394499342, 1.8980353090326032, 1.052909841692602, 0.29108127834438324, -0.25253545813826667, -0.6569577313390718, -0.8316633815386462, -0.9675565441560586, -1.1023493847218333, -1.1350699644085405, -1.1767780888443302, 1.8253815009137784, 1.0026176936295659, 0.2601115570250319, -0.22751519901275088, -0.5920324424564687, -0.8145558889649567, -0.9578446896349354, -1.0466222116911275, -1.0802217385932789, -1.127363382838915, 1.8560449610153265, 0.9661772714366834, 0.20807375486992122, -0.23079564257580762, -0.5757354158976968, -0.7735618938237381, -0.9155989200278836, -0.9278122709068221, -0.924461972015417, -1.0442576805499497, 1.8174444793471312, 0.9930201792282556, 0.1849428449081373, -0.22834971791727124, -0.5468378250409427, -0.7121125139208244, -0.6986878672525801, -0.7373199972394698, -0.7752539896174679, -0.8427510997943544, 1.8030276330233292, 0.8945939810172463, 0.2698284807069537, -0.08856632955917577, -0.2035809848165557, -0.31791017666687577, -0.2973307366582362, -0.363497173668215, -0.35343519013817276, -0.5083826262946969, 1.7675142493220488, 0.965364086989343, 0.5127576517781194, 0.4648767831227489, 0.44451368612070913, 0.42397221812769265, 0.45628568295737976, 0.4024769433183984, 0.3570127621050478, 0.07415772904838978, 1.5758592518963723, 1.5131477101167636, 1.4456152205992052, 1.4967837764035385, 1.4797964613857182, 1.5117546011289311, 1.533650702696913, 1.450652274677241, 1.4462315541611328, 1.1492673445266894], "bean_num": 0.5, "model_info": {"det_num_x": 10, "det_num_y": 10, "det_y": 0.03, "det_x": 0.03, "size_x": 0.5, "size_y": 0.5, "med_margin": 0.0015}}