{"source": [-18.453949963630212, 448.3526499150952], "intensity": 100, "miu_detector": 0.3, "miu_medium": 1.2, "miu_air": 0.00018, "output": [0.0, 0.0, 0.0, 0.0, 0.0, 0.0, 0.0, 0.0, 0.0, 0.0, 0.0, 0.0, 0.0, 0.0, 0.0, 0.0, 0.0, 0.0, 0.0, 0.0, 0.0, 0.0, 0.0, 0.0, 0.0, 0.0, 0.0, 0.0, 0.0, 0.0, 0.7381185997168289, 0.26188140028317103, 0.0, 0.0, 0.0, 0.0, 0.0, 0.0, 0.0, 0.0], "miu_de": 0.5, "input": [-1.099229209933776, -1.072754675931084, -1.0351856539328286, -1.0572206301829983, -1.051177148558767, -1.0426960487412094, -1.0733992999887427, -1.070012247408971, -1.0378768098556272, -0.5232259234515954, -1.03786882419973, -1.0046218183118962, -0.9593307069400449, -0.9587460636495894, -0.9775798020805626, -0.9528270795606838, -0.9440767995469243, -0.9631665788216034, -0.9217263299242995, -0.36551241550925906, -0.9375978417498249, -0.8821054134449235, -0.8736859335673105, -0.8839863214739403, -0.8227274067047503, -0.8687987012627573, -0.8431218061977062, -0.8832147186341258, -0.8143663006052755, -0.3141405231785564, -0.8629261997720331, -0.7625747676335518, -0.7266753684583731, -0.7045593719471109, -0.7006849798151444, -0.7164792279245873, -0.6627645122142279, -0.6716428213863638, -0.6625812035330058, -0.3269384627049156, -0.689956861471445, -0.6232364340732726, -0.55642699777214, -0.5360095229708981, -0.47982241461117076, -0.45893481777808764, -0.45055389396886697, -0.500098803846329, -0.531176045401084, -0.24675419432094667, -0.5019303393675069, -0.28432889047376386, -0.24215057239559432, -0.16390594443090906, -0.20172629609046408, -0.1610934466769954, -0.197518565082621, -0.2009344535529354, -0.28140671325390954, -0.03832356389356581, -0.1832082242807985, 0.14975105530386568, 0.13715710800048195, 0.15094356209422616, 0.1598734758544992, 0.1713194614098876, 0.14115579047326804, 0.11702353127819955, 0.15844869397128492, 0.10698693404804285, 0.35640318311742203, 0.5429176222142492, 0.5227007792304693, 0.7531438607638287, 0.7454348597762807, 0.7948717204628905, 0.7369628571942985, 0.8243419836413008, 0.5521988108014062, 0.41292201886367086, 0.9688564523207362, 1.3912089334802653, 1.3677271323718627, 1.4752839909388573, 1.499336852482126, 1.359391513944329, 1.3993212275771891, 1.3762687393032569, 1.3249083156230057, 1.005102170149697, 1.778628913328975, 2.0615761976825304, 2.2552278334544087, 2.1542245611695865, 2.283940875873147, 2.2408448028592765, 2.2020122388215477, 2.029978125668333, 2.140122753789792, 1.7507840051134702], "bean_num": 0.5, "model_info": {"det_num_x": 10, "det_num_y": 10, "det_y": 0.03, "det_x": 0.03, "size_x": 0.5, "size_y": 0.5, "med_margin": 0.0015}}