{"source": [-318.82783372455776, 341.06063366361036], "intensity": 100, "miu_detector": 0.3, "miu_medium": 1.2, "miu_air": 0.00018, "output": [0.0, 0.0, 0.0, 0.0, 0.0, 0.0, 0.0, 0.0, 0.0, 0.0, 0.0, 0.0, 0.0, 0.0, 0.0, 0.0, 0.0, 0.0, 0.0, 0.0, 0.0, 0.0, 0.0, 0.0, 0.0, 0.0, 0.0, 0.0, 0.0, 0.0, 0.0, 0.0, 0.0, 0.0, 0.214407265424893, 0.785592734575107, 0.0, 0.0, 0.0, 0.0], "miu_de": 0.5, "input": [1.2715945335313859, 1.610212382568587, 1.625443567320011, 1.5956807446376533, 1.6301047363221415, 1.6253183347611995, 1.6289308122514266, 1.5968997829891516, 1.707629529533982, 1.5739423552968548, 0.31204723697826076, 0.5722957705600903, 0.7132167137246083, 0.6979054086045523, 0.8063989745026063, 0.6726860557947829, 0.6820297983896847, 0.6971991000950133, 0.9353864788891768, 1.688895452173274, -0.3330953162600078, -0.1417250151552492, -0.07275280720832533, -0.0457682615194573, -0.09848591579833638, -0.07796108399028681, 0.015049611193889149, 0.20226748856891874, 0.8377134617633767, 1.6866263158308548, -0.723570935688778, -0.573753203395253, -0.5481090071346347, -0.514888293689807, -0.49174079016849076, -0.4083873466550611, -0.32738928735588557, 0.08004095198700424, 0.8327040908257972, 1.7571333478570799, -0.9680500856303205, -0.8680118133757844, -0.8274731434136017, -0.7577155849354318, -0.7477927285477982, -0.6012801541414236, -0.3618147976239641, 0.07983737716525605, 0.7778008945247171, 1.6989142948834148, -1.094078789968924, -1.015877405978105, -0.9616431117376691, -0.9605042746249004, -0.892330568278665, -0.7042627848099807, -0.42488913196252476, 0.09363251447810539, 0.7859933503001846, 1.695785597201279, -1.160852814126499, -1.1211977769734174, -1.061785425977843, -1.0227944379844407, -0.9197198389319181, -0.756964743396856, -0.47684648284334163, 0.054097240656425044, 0.7456501935762715, 1.6940736253769964, -1.2055391570363687, -1.1833318166089486, -1.131966233265334, -1.0517677062845319, -0.9516289392503021, -0.7794039113811108, -0.4309446944527893, -0.04678999428446811, 0.7436129525009346, 1.7810542640014564, -1.2395009561758903, -1.1893671213179036, -1.145314607521254, -1.103278656835351, -1.0024168839870604, -0.7843473803589609, -0.4815562742569816, 0.0016980870657392587, 0.7099572229302189, 1.7093101400605066, -1.2631954223030024, -1.2333104516002311, -1.1896511637399922, -1.1391687172081493, -1.0361704681055153, -0.8740726109545814, -0.6546622540679898, -0.24393930490004925, 0.4294747071947998, 1.3685923863120835], "bean_num": 0.5, "model_info": {"det_num_x": 10, "det_num_y": 10, "det_y": 0.03, "det_x": 0.03, "size_x": 0.5, "size_y": 0.5, "med_margin": 0.0015}}