{"source": [-222.47926317292482, -412.34602922151635], "intensity": 100, "miu_detector": 0.3, "miu_medium": 1.2, "miu_air": 0.00018, "output": [0.0, 0.0, 0.0, 0.0, 0.0, 0.0, 0.1498734649562733, 0.8501265350437267, 0.0, 0.0, 0.0, 0.0, 0.0, 0.0, 0.0, 0.0, 0.0, 0.0, 0.0, 0.0, 0.0, 0.0, 0.0, 0.0, 0.0, 0.0, 0.0, 0.0, 0.0, 0.0, 0.0, 0.0, 0.0, 0.0, 0.0, 0.0, 0.0, 0.0, 0.0, 0.0], "miu_de": 0.5, "input": [1.5944356444840648, 1.3393149543167346, 1.3220292321148832, 1.3162092624316497, 1.1669396812894377, 1.204040029870644, 1.1689141046074611, 1.2012730214337883, 1.181106370715343, 1.0008940158026365, 1.8217677837777486, 1.0816759054956848, 0.548466647674019, 0.26546713115670595, 0.1357621257501232, 0.21243027435447365, 0.09852734447140528, 0.09683239193337591, 0.06193336421728375, -0.1656535288658494, 1.9348956087363294, 1.0884926872728722, 0.3714364185733673, -0.08810018616103044, -0.35373006230988646, -0.455461520836953, -0.4849887718557144, -0.5490352225667084, -0.5672152798737147, -0.7429487345040555, 1.9467127091810057, 1.1383910009832934, 0.3697588379065198, -0.15097257278469223, -0.5016410979393142, -0.7141157194823152, -0.8348933878431434, -0.8731561220810743, -0.9169728392043266, -0.9918167508979712, 1.973625827081478, 1.1942690491424734, 0.3982617647018489, -0.08614977364583663, -0.4902829360178421, -0.74905531473041, -0.911458110477735, -1.0050999017267739, -1.078662107710584, -1.107617141209143, 1.9796144465182022, 1.12231422316131, 0.39027983195729354, -0.13161278927642941, -0.5081181690376182, -0.7229961172642136, -0.9359423617259583, -1.0284417760216875, -1.0977151940744045, -1.1673928425686702, 2.000222086455429, 1.1723054830024722, 0.3305324992203338, -0.14807232379229956, -0.4783714664936472, -0.7381885085075526, -0.9271787244799811, -1.0497807574779914, -1.1368781140815198, -1.1837959177593367, 1.8435055738794373, 1.0846210017263411, 0.43445827651554375, -0.1721099473847972, -0.52925214015507, -0.7635758505630162, -0.9310925490363865, -1.052505202273158, -1.141114244715568, -1.2083871012314544, 1.8862596012027877, 1.0842046709867712, 0.40515928619454644, -0.18665622383206137, -0.5812644177494047, -0.7700017071191158, -0.9456574814664848, -1.0924860716411424, -1.1431139714867273, -1.2157272673352715, 1.6159806377419828, 0.7590801044809758, 0.02274153217613488, -0.4157810828533659, -0.665792238627021, -0.9098886184956585, -1.029673587908916, -1.1334640581350885, -1.175156079902682, -1.2289304574974376], "bean_num": 0.5, "model_info": {"det_num_x": 10, "det_num_y": 10, "det_y": 0.03, "det_x": 0.03, "size_x": 0.5, "size_y": 0.5, "med_margin": 0.0015}}