{"source": [494.1900045937944, 7.8433384410943265], "intensity": 100, "miu_detector": 0.3, "miu_medium": 1.2, "miu_air": 0.00018, "output": [0.0, 0.0, 0.0, 0.0, 0.0, 0.0, 0.0, 0.0, 0.0, 0.0, 0.0, 0.0, 0.0, 0.0, 0.0, 0.0, 0.0, 0.0, 0.0, 0.0, 0.8989699285863775, 0.10103007141362248, 0.0, 0.0, 0.0, 0.0, 0.0, 0.0, 0.0, 0.0, 0.0, 0.0, 0.0, 0.0, 0.0, 0.0, 0.0, 0.0, 0.0, 0.0], "miu_de": 0.5, "input": [1.7056071061104217, 2.111392961399288, 2.1224086856542526, 2.2297370021167486, 2.078876609832604, 2.1135071091395035, 2.0238259969149075, 1.9805908004282835, 2.0304693644081917, 1.6949581530831428, 1.1104000438862958, 1.3315731552446708, 1.4173628746533573, 1.4412093809944078, 1.3666848162611005, 1.411838358769795, 1.4385939511242019, 1.3865055803607125, 1.2951921090914256, 1.0016569171645988, 0.7344651895657588, 0.537496657325748, 0.6722867191518214, 0.6521846235388273, 0.6612440721516871, 0.6271042921239277, 0.7185382149555625, 0.622284994348946, 0.5556723328686151, 0.28054618510949314, 0.5806030261177889, 0.09814282621754596, 0.08542526492745342, 0.11388402279583743, 0.09308767468237283, 0.1518931037545062, 0.05758353182311847, 0.06337319234643313, -0.029095342884962034, -0.24108641415072363, 0.5090173878877373, -0.31308671363887963, -0.31208729514543493, -0.24856168689459554, -0.2918395026730267, -0.3092408548326287, -0.2955644885552221, -0.30019450193478575, -0.3803297643266545, -0.5047114757897847, 0.34238398505854234, -0.5239817541287108, -0.5399321890542038, -0.516975186078581, -0.5866091976959437, -0.529671848820256, -0.5178176068347334, -0.6353350026704787, -0.6313204260324295, -0.7692236767084761, 0.2827537555489951, -0.6627873638914258, -0.7517656574326701, -0.7885741531607761, -0.767192045163617, -0.8295027083128261, -0.739243760186415, -0.7546238936787157, -0.8179659580047186, -0.9213571545487941, 0.26267970915093214, -0.6931206761573246, -0.9008852465090903, -0.8720794587370506, -0.9104041928116811, -0.938286238639862, -0.9099301267785731, -0.9516021547886678, -0.9628947565552003, -1.026773731113618, 0.25221766411002583, -0.7347332747273905, -0.9405039942127057, -1.0012445454954206, -1.0222273006784264, -1.0284425427882855, -1.0352598535635185, -1.0091559751308141, -1.0792047763047594, -1.0905190399098366, 0.1612759597471459, -0.9031360659635109, -1.0668906001506535, -1.0936346212145454, -1.0925370225841973, -1.105724466603216, -1.097319371043677, -1.1324600599580075, -1.1281682088054834, -1.1717194374907403], "bean_num": 0.5, "model_info": {"det_num_x": 10, "det_num_y": 10, "det_y": 0.03, "det_x": 0.03, "size_x": 0.5, "size_y": 0.5, "med_margin": 0.0015}}