{"source": [166.7527747149021, -467.076021263284], "intensity": 100, "miu_detector": 0.3, "miu_medium": 1.2, "miu_air": 0.00018, "output": [0.0, 0.0, 0.0, 0.0, 0.0, 0.0, 0.0, 0.0, 0.0, 0.0, 0.0, 0.0, 0.8169681722835734, 0.18303182771642654, 0.0, 0.0, 0.0, 0.0, 0.0, 0.0, 0.0, 0.0, 0.0, 0.0, 0.0, 0.0, 0.0, 0.0, 0.0, 0.0, 0.0, 0.0, 0.0, 0.0, 0.0, 0.0, 0.0, 0.0, 0.0, 0.0], "miu_de": 0.5, "input": [1.632500373245446, 0.8936734269939908, 0.21156104129488598, -0.33037528862746035, -0.6072408640651267, -0.8011974082531002, -0.9740237092775647, -1.0661429204809774, -1.145825818314195, -1.1837177044160743, 2.021521187789764, 1.242842699885768, 0.4638253916497565, -0.08908866212393371, -0.45139629893085514, -0.756127381869236, -0.8757190307043347, -1.0102278438677914, -1.087661411728978, -1.1460484679162297, 1.9438516578945375, 1.2668127116053804, 0.5026755306096293, 0.006988762970384538, -0.3894143416667304, -0.7140857230196792, -0.8319352431361721, -1.0165234601388664, -1.0822343498947011, -1.1511884613268792, 1.9725697710869654, 1.275467288628481, 0.5894306672928544, -0.033364004686448165, -0.405856378526548, -0.687778766369509, -0.8362075522731904, -0.9907484469079224, -1.081581571326322, -1.1563255624900783, 2.0822517225602315, 1.2889877411196553, 0.5363527799801053, -0.010399672203209535, -0.3768136129111437, -0.682819138880935, -0.8187323547439713, -0.9663588733010576, -1.0834673208240018, -1.149443255288291, 2.092878887737487, 1.249011755354288, 0.5791337777309575, 0.025192777351641653, -0.3640370844088132, -0.643325123746838, -0.8264664789419085, -0.971884573030199, -1.0415629297530782, -1.1081582162149028, 2.0249719830770894, 1.3716295852988445, 0.5044902979771231, 0.016101707527248533, -0.35475198053752915, -0.6373517902832975, -0.7968865070734547, -0.9537332670657277, -1.0256665861601897, -1.0898975937979463, 1.9514092301865038, 1.2905592017087308, 0.5126593177062114, 0.06733285731794475, -0.3547568938280382, -0.5675895201178704, -0.7152174163677363, -0.7927378886546389, -0.87788312045196, -0.9226879915674456, 2.0249647927237016, 1.2281465313344113, 0.5239723052387214, 0.07103894204511495, -0.15584769245899338, -0.28306162740471463, -0.3506189279714175, -0.33830848259098606, -0.4492766935991412, -0.5330717276049828, 1.7548982175917782, 1.2910190143075353, 1.0468223955690372, 0.9509260987432584, 0.9128362201143578, 0.8738533792876574, 0.8347396634285378, 0.8295976647208353, 0.7344736458270934, 0.45087800960939], "bean_num": 0.5, "model_info": {"det_num_x": 10, "det_num_y": 10, "det_y": 0.03, "det_x": 0.03, "size_x": 0.5, "size_y": 0.5, "med_margin": 0.0015}}