{"source": [447.955230817681, -243.79146131453732], "intensity": 100, "miu_detector": 0.3, "miu_medium": 1.2, "miu_air": 0.00018, "output": [0.0, 0.0, 0.0, 0.0, 0.0, 0.0, 0.0, 0.0, 0.0, 0.0, 0.0, 0.0, 0.0, 0.0, 0.0, 0.0, 0.17293733882154258, 0.8270626611784574, 0.0, 0.0, 0.0, 0.0, 0.0, 0.0, 0.0, 0.0, 0.0, 0.0, 0.0, 0.0, 0.0, 0.0, 0.0, 0.0, 0.0, 0.0, 0.0, 0.0, 0.0, 0.0], "miu_de": 0.5, "input": [-1.0322497164794562, -0.9760692776036317, -0.8898241086667406, -0.7880897828478663, -0.6637830307018231, -0.4908199667820751, -0.1288213006383394, 0.2733793629152105, 0.927026943124787, 1.7761117212656168, -0.9944509555822514, -0.9111870477407684, -0.8372774879637557, -0.7258066218690221, -0.5422946906809185, -0.2864094366165477, 0.09026526302150155, 0.5990576463586839, 1.394351108035315, 2.23242043227223, -0.990915583519625, -0.8925024838979603, -0.8128034498634412, -0.6497284639581948, -0.44537934982537736, -0.22467469575456872, 0.2227558784425287, 0.7381333727348135, 1.3809902548860742, 2.1615386498306073, -0.9871584251177176, -0.8625714371389179, -0.7718729944076547, -0.6598322140874548, -0.44345971794821154, -0.12305253932747055, 0.2534683249630087, 0.740183304216023, 1.3780861639866449, 2.1956103981927706, -0.9724581574214842, -0.8662921008956791, -0.7743255046159021, -0.6140206880920301, -0.4420055445833658, -0.20724586230535869, 0.171446147185504, 0.7303578040898222, 1.4489879855743273, 2.1263781989464716, -0.9617569764183013, -0.877203699702861, -0.7801684966843847, -0.6290638743719884, -0.4224346726648952, -0.1946324665189211, 0.23923138868972255, 0.779119415141167, 1.4629160458229569, 2.173451972075522, -0.9801059854812479, -0.876152605136368, -0.776833799357056, -0.657382933290005, -0.4530817120874651, -0.1456126663780904, 0.19252009183171545, 0.6731527715754835, 1.4942421455197032, 2.1677780030624163, -1.0030198255353702, -0.9137687724976485, -0.8273964140859695, -0.6825335158650058, -0.43335547965207744, -0.21085712842626628, 0.15894181922190215, 0.6999916585777688, 1.443030599812735, 2.2811710531295244, -0.9704436838834376, -0.9585488915941884, -0.8291121582174591, -0.7103334837551707, -0.4973912335112596, -0.2576639934806853, 0.10796291182333043, 0.6769556554407312, 1.4060068204318736, 2.100027534073171, -1.0189631772488843, -0.9713861427048087, -0.8970658851532718, -0.8188593796905757, -0.6479359931643405, -0.42471834985986684, -0.15053219045907013, 0.32507882025042534, 1.005603057751024, 1.7579674995374328], "bean_num": 0.5, "model_info": {"det_num_x": 10, "det_num_y": 10, "det_y": 0.03, "det_x": 0.03, "size_x": 0.5, "size_y": 0.5, "med_margin": 0.0015}}