{"source": [-485.8577630977851, -155.7951042767813], "intensity": 100, "miu_detector": 0.3, "miu_medium": 1.2, "miu_air": 0.00018, "output": [0.0, 0.024559694098118506, 0.9754403059018815, 0.0, 0.0, 0.0, 0.0, 0.0, 0.0, 0.0, 0.0, 0.0, 0.0, 0.0, 0.0, 0.0, 0.0, 0.0, 0.0, 0.0, 0.0, 0.0, 0.0, 0.0, 0.0, 0.0, 0.0, 0.0, 0.0, 0.0, 0.0, 0.0, 0.0, 0.0, 0.0, 0.0, 0.0, 0.0, 0.0, 0.0], "miu_de": 0.5, "input": [1.5324160457575398, 1.7953309143164136, 1.8106988986818648, 1.8109348156976512, 1.840309247137746, 1.8643531856010744, 1.9180220232807887, 1.7846775163167934, 1.701812467414926, 1.4309454102967234, 1.5158976939952813, 0.9605900920871991, 1.0439499889459323, 0.99989202808975, 1.1096694354972148, 1.038034664614904, 1.0374604202409468, 0.9475690072451505, 0.8882921453472783, 0.6009846897381025, 1.4851222665497767, 0.5855013995931755, 0.2996521432104217, 0.19285114923003116, 0.18080210433863608, 0.290408509367625, 0.23261425039107375, 0.16212691130952883, 0.17513337793559786, -0.09345410504622126, 1.4968372102267664, 0.4482953390009677, -0.10972655207201576, -0.2227870571448038, -0.24566777128579928, -0.29651371895524975, -0.2509502904577946, -0.28855898050920153, -0.3099689289616529, -0.5335189624689775, 1.546124738922019, 0.47166131983760523, -0.2469073437531599, -0.519512256668793, -0.5990979424335638, -0.5681211203084309, -0.6081367964640528, -0.6108215146649697, -0.6389901653019142, -0.7886179454919333, 1.3910919023213446, 0.45292693066532635, -0.2811771553575794, -0.6454736054113083, -0.788201922978572, -0.8309027038382795, -0.8447414635275338, -0.8300710004436369, -0.878400407088869, -0.971534840244113, 1.434956499198529, 0.4017166538748203, -0.2657148135138181, -0.6698061364447215, -0.9050090663013174, -0.9757799677880409, -1.0286739443026756, -1.0269817198915594, -1.0517408493792857, -1.0682790312900543, 1.4528244021458663, 0.3641430533003266, -0.2798434233908017, -0.6806825864121219, -0.9022426348441779, -1.0160531515381612, -1.1232628878097106, -1.1061633342142974, -1.1036604362106028, -1.152537988229557, 1.5068540239642, 0.33910144763023325, -0.3454245931096921, -0.7667797772120682, -0.9657298989972559, -1.1030084479961626, -1.1531758251777966, -1.1725374750719524, -1.187412111514833, -1.2067273864214836, 1.0612055814214716, 0.11142310159604171, -0.5102270014371733, -0.8262886834997883, -1.0674688443669378, -1.1511899329818356, -1.1920386359484183, -1.2141242686665323, -1.2255038550795267, -1.2692917464138516], "bean_num": 0.5, "model_info": {"det_num_x": 10, "det_num_y": 10, "det_y": 0.03, "det_x": 0.03, "size_x": 0.5, "size_y": 0.5, "med_margin": 0.0015}}