{"source": [257.3225708357395, -445.45683455933863], "intensity": 100, "miu_detector": 0.3, "miu_medium": 1.2, "miu_air": 0.00018, "output": [0.0, 0.0, 0.0, 0.0, 0.0, 0.0, 0.0, 0.0, 0.0, 0.0, 0.0, 0.0, 0.0, 0.6651882688105012, 0.33481173118949875, 0.0, 0.0, 0.0, 0.0, 0.0, 0.0, 0.0, 0.0, 0.0, 0.0, 0.0, 0.0, 0.0, 0.0, 0.0, 0.0, 0.0, 0.0, 0.0, 0.0, 0.0, 0.0, 0.0, 0.0, 0.0], "miu_de": 0.5, "input": [1.5349402193794537, 0.7404617887668646, 0.062399395881250715, -0.413163108247401, -0.6970200681975486, -0.9067494526551583, -1.030074619456981, -1.1373861050599257, -1.1911650035871117, -1.2400168002198602, 1.8236899787182757, 1.10513000837136, 0.25276977338057044, -0.22274080394461998, -0.5580377437313245, -0.8355862991200098, -0.9837826652989942, -1.0792202833598052, -1.160093037444327, -1.2075440578395633, 1.8554411922082856, 1.0577837709450308, 0.3215722077724071, -0.1845159075816726, -0.5891526835411636, -0.7813774922647289, -0.9628596466560863, -1.0717079872764008, -1.15116210376747, -1.2099172878921514, 1.9837141146487907, 1.0965557600678788, 0.3585706446578231, -0.16456969703976698, -0.5498350108331423, -0.7851347508773919, -0.9334637266779519, -1.037342646023861, -1.139969564080674, -1.2031098662490696, 1.9764482249380242, 1.0717309648587714, 0.3737715201364756, -0.14320891596766366, -0.49005450383213417, -0.7520314460822447, -0.9350809785365161, -1.0369917991606048, -1.1213925675326213, -1.1765432758184278, 1.9372485962768093, 1.0684507398682668, 0.29547441929921414, -0.15249287172607776, -0.5408285829822777, -0.7138528576618479, -0.8961230061788018, -0.9762582087663183, -1.0370993650176077, -1.0835943592752175, 1.9230562468399592, 1.1019882428527181, 0.4191219224618741, -0.16905473297851026, -0.5122508625827275, -0.6905315611852352, -0.7833806104893533, -0.8123978460408776, -0.8830227064806866, -0.9497663417784448, 1.8216263945872644, 1.0765264378514872, 0.3327783186402013, -0.15000935869483528, -0.31873799842989686, -0.42478978475951656, -0.4630903001524653, -0.47193758956851656, -0.5329869902757419, -0.6412976617838929, 1.8604572598688283, 1.1284432349699616, 0.433634404266002, 0.3153362066328464, 0.25549364848412515, 0.18602436756574303, 0.14415538194930438, 0.09045660260640236, 0.0876928672302849, -0.09330812328183129, 1.5798962523301314, 1.3587793018063554, 1.4200020959850423, 1.3198439424101862, 1.37263441913329, 1.2958462871712813, 1.3875989075395292, 1.2181156547375536, 1.3128518559301248, 1.0203000519189807], "bean_num": 0.5, "model_info": {"det_num_x": 10, "det_num_y": 10, "det_y": 0.03, "det_x": 0.03, "size_x": 0.5, "size_y": 0.5, "med_margin": 0.0015}}