{"source": [514.133945141999, -120.11374789969173], "intensity": 100, "miu_detector": 0.3, "miu_medium": 1.2, "miu_air": 0.00018, "output": [0.0, 0.0, 0.0, 0.0, 0.0, 0.0, 0.0, 0.0, 0.0, 0.0, 0.0, 0.0, 0.0, 0.0, 0.0, 0.0, 0.0, 0.0, 0.46108729778974766, 0.5389127022102523, 0.0, 0.0, 0.0, 0.0, 0.0, 0.0, 0.0, 0.0, 0.0, 0.0, 0.0, 0.0, 0.0, 0.0, 0.0, 0.0, 0.0, 0.0, 0.0, 0.0], "miu_de": 0.5, "input": [-0.29120688425912794, -0.20380631674286084, -0.16124330970494924, -0.15663577974230328, 0.018668269241010324, 0.03455421903337643, 0.1843802196584113, 0.5605407896270558, 1.0031558691801497, 1.7017902676851058, -0.9777300467818061, -0.9242719712557315, -0.809221576017913, -0.688552378610423, -0.5131863885536981, -0.2813524444255534, 0.06497310385261634, 0.5956961082847403, 1.3607660578391827, 2.152229040156165, -1.0453093802494218, -0.9581457405541883, -0.8636905292063605, -0.7425106556684258, -0.5489947896807346, -0.25426896247130265, 0.11255458301371296, 0.6977054408986658, 1.4290819362590657, 2.16527605153538, -1.0511949877366478, -0.961551074446153, -0.8534611359166066, -0.7483573452391749, -0.5194751442956981, -0.2286654967933795, 0.17970736707457471, 0.7326384712825088, 1.4419754106249352, 2.0835666983735446, -1.0620092359194493, -0.9808613576372308, -0.8649066557236154, -0.7227298413736655, -0.4945508525492437, -0.23236119093702307, 0.17102227605968084, 0.820937581315701, 1.5080658005605878, 2.211462778765615, -1.0404974418151718, -0.9646043939415855, -0.8512864684329214, -0.7767519503889535, -0.4859485879167766, -0.21787295588836686, 0.22058868168447557, 0.7231162591852963, 1.4253628303219112, 2.109782367814426, -1.0734963740372894, -0.9739004873739502, -0.8993669702598651, -0.7654140265937535, -0.5121702018569394, -0.2527176793463654, 0.10909418911943922, 0.7483763380133582, 1.4385773889748124, 2.175597268426066, -1.073741496850507, -0.9980325590925743, -0.9214785543301812, -0.7688833107639289, -0.5572093949082529, -0.22408332836042766, 0.09324972929822684, 0.7225190561083675, 1.3753929907237574, 2.144234927870179, -1.0872019424610884, -1.018833794115853, -0.9561075833229989, -0.7931792393048388, -0.6432727603545038, -0.2842446879563045, 0.13422037139817805, 0.5726425008701852, 1.3035404392259884, 2.0809063036970983, -1.111212127049472, -1.0454375722433091, -0.9629040959343323, -0.8811957723718583, -0.6976770420896076, -0.4658425696497196, -0.17861661941906645, 0.2970317448025103, 0.9372107508627523, 1.781240982204634], "bean_num": 0.5, "model_info": {"det_num_x": 10, "det_num_y": 10, "det_y": 0.03, "det_x": 0.03, "size_x": 0.5, "size_y": 0.5, "med_margin": 0.0015}}