{"source": [-85.39019702876399, -521.8674226279293], "intensity": 100, "miu_detector": 0.3, "miu_medium": 1.2, "miu_air": 0.00018, "output": [0.0, 0.0, 0.0, 0.0, 0.0, 0.0, 0.0, 0.0, 0.03251511062812881, 0.9674848893718712, 0.0, 0.0, 0.0, 0.0, 0.0, 0.0, 0.0, 0.0, 0.0, 0.0, 0.0, 0.0, 0.0, 0.0, 0.0, 0.0, 0.0, 0.0, 0.0, 0.0, 0.0, 0.0, 0.0, 0.0, 0.0, 0.0, 0.0, 0.0, 0.0, 0.0], "miu_de": 0.5, "input": [1.616579275097484, 1.6528380842857915, 1.6581975786386374, 1.8312146597172911, 1.755667706231843, 1.6967604980861997, 1.7025089632091281, 1.7157207105342822, 1.7944143750643393, 1.4312900242665232, 1.5889104615967973, 0.8662413183856705, 0.8430313368988619, 0.8369360799829042, 0.8089028278060179, 0.8921094905300875, 0.9027846270775101, 0.7995665273037711, 0.8373367554908436, 0.42666352125037593, 1.534008152875362, 0.58210144605818, 0.23475927766983448, 0.12389147901542656, 0.10647365396188889, 0.15647611923039184, 0.17011652685180406, 0.05777671607351027, 0.08078587590549996, -0.14631771159555315, 1.5780570244900982, 0.679447765208337, -0.032478382677597846, -0.2935235369925458, -0.3359902853591019, -0.32424715790212594, -0.37937005321912926, -0.36110581486515225, -0.4255337426067557, -0.5777599864430519, 1.6316741834007533, 0.656670530068527, -0.038515399335934904, -0.4598414387255542, -0.6084133638143019, -0.6629314834063195, -0.7213275616003774, -0.7471686978898027, -0.7046111883252325, -0.8395529269950822, 1.577298186167737, 0.6336087674290547, -0.11449611069134902, -0.5327024819257699, -0.7570003981039906, -0.8868414473340902, -0.9510604768397564, -0.9308812491223554, -0.9235040921528895, -0.9704645757462825, 1.6137814252288416, 0.4957486395839354, -0.07172252793082286, -0.5898272008173734, -0.8145948277843509, -0.9550388850916037, -1.047897939078068, -1.1093730607979533, -1.0790243829722015, -1.1439607007443118, 1.663592862771959, 0.5432707633387965, -0.15316259288499293, -0.6141232513562987, -0.8346204031420404, -0.986060913248429, -1.118855547464975, -1.1609110581085262, -1.1722953089820438, -1.1786741367770528, 1.6084419152853937, 0.4945887903845529, -0.16369475295381597, -0.6446832942848585, -0.8789838722815737, -1.0424187044855435, -1.1202949628047552, -1.1864633948283902, -1.2152743591535493, -1.2442814747264304, 1.289664711427079, 0.24628273360830724, -0.39994997286700734, -0.7691120062977223, -0.9655291851006095, -1.105538049458621, -1.1813433061819756, -1.2177289453490592, -1.2585746564989457, -1.2665391293656079], "bean_num": 0.5, "model_info": {"det_num_x": 10, "det_num_y": 10, "det_y": 0.03, "det_x": 0.03, "size_x": 0.5, "size_y": 0.5, "med_margin": 0.0015}}