{"source": [-520.1717800299834, -208.52389967709865], "intensity": 100, "miu_detector": 0.3, "miu_medium": 1.2, "miu_air": 0.00018, "output": [0.0, 0.0, 0.5728201348567015, 0.4271798651432985, 0.0, 0.0, 0.0, 0.0, 0.0, 0.0, 0.0, 0.0, 0.0, 0.0, 0.0, 0.0, 0.0, 0.0, 0.0, 0.0, 0.0, 0.0, 0.0, 0.0, 0.0, 0.0, 0.0, 0.0, 0.0, 0.0, 0.0, 0.0, 0.0, 0.0, 0.0, 0.0, 0.0, 0.0, 0.0, 0.0], "miu_de": 0.5, "input": [1.7371992484067702, 1.9682880277762007, 2.0474421016683397, 2.0240773034287445, 2.0348986208359854, 2.021511012159366, 1.9803330060027005, 1.9737462765657472, 1.8517887413492666, 1.6047751783214177, 1.3844977221818215, 1.1104183687642581, 1.2247388865944084, 1.197383896797275, 1.2213869640203563, 1.215384558401057, 1.1906086768237405, 1.1250760145356473, 1.0814770707232586, 0.7307820714392154, 1.2647137892564355, 0.5214661915209531, 0.4868612031738305, 0.46953975636255213, 0.45489979292476745, 0.4729924397587723, 0.4406286204092636, 0.4286818250936459, 0.33565932428313283, 0.05231871229717282, 1.1898046417646064, 0.15190030755866857, -0.01991020497915951, -0.061264390534929825, -0.05958271564632373, -0.0890508508002158, -0.1005467052306437, -0.17161657835888905, -0.19833002316142032, -0.35851709497515155, 1.1381440520539325, 0.046096705819259974, -0.3566821965692929, -0.4125377567622149, -0.4551253734359609, -0.46029523084063145, -0.4857755635053809, -0.513948125159442, -0.537888215856448, -0.6662670243875849, 1.115585829740726, -0.039553292394136914, -0.5240336534491706, -0.6371175563448559, -0.687956079412696, -0.7142547232993599, -0.7408593816073171, -0.7362551525627216, -0.7559371069860796, -0.8600619763199567, 1.0286970082335034, -0.08495702867639074, -0.6163388260000643, -0.8239367326745338, -0.8627143934023422, -0.8620637082531544, -0.9031428557619537, -0.9258295583234447, -0.9362383545099657, -0.9969773534265458, 1.0520371015145724, -0.12152400802942706, -0.667683701455015, -0.8877757606234034, -0.9683369219425344, -0.9953056906130237, -1.009900298106897, -1.031846075008254, -1.0494167073302756, -1.0989029068705156, 0.9560155498413102, -0.17843435802799518, -0.7192018469404594, -0.9524582094596112, -1.0372077164692577, -1.0700863592062109, -1.092488817297809, -1.102532697387566, -1.1226626072214398, -1.1518037675643076, 0.7207259607447909, -0.33086498350156457, -0.8205760391913799, -1.0294902205732124, -1.1133197824704564, -1.1428389914029509, -1.1556708760843866, -1.1672472347011786, -1.178227715686682, -1.201212482373286], "bean_num": 0.5, "model_info": {"det_num_x": 10, "det_num_y": 10, "det_y": 0.03, "det_x": 0.03, "size_x": 0.5, "size_y": 0.5, "med_margin": 0.0015}}