{"source": [-208.9800089581634, -533.8228291005114], "intensity": 100, "miu_detector": 0.3, "miu_medium": 1.2, "miu_air": 0.00018, "output": [0.0, 0.0, 0.0, 0.0, 0.0, 0.0, 0.0, 0.37547343065206207, 0.6245265693479379, 0.0, 0.0, 0.0, 0.0, 0.0, 0.0, 0.0, 0.0, 0.0, 0.0, 0.0, 0.0, 0.0, 0.0, 0.0, 0.0, 0.0, 0.0, 0.0, 0.0, 0.0, 0.0, 0.0, 0.0, 0.0, 0.0, 0.0, 0.0, 0.0, 0.0, 0.0], "miu_de": 0.5, "input": [-1.2364406856022405, -1.2298994192189803, -1.2222694078758296, -1.202817954765728, -1.1670305310984346, -1.0589451697426062, -0.8966006493825845, -0.5715079670213075, 0.0452476554319269, 1.1234551944976556, -1.2091602681553988, -1.1786985930808327, -1.1763267138510425, -1.1424678745591987, -1.1018176915308375, -0.988972347826625, -0.7814301820533308, -0.37259092945435013, 0.3508653902023964, 1.4637765655951125, -1.1653540927167483, -1.127408279722682, -1.0832902215094382, -1.0644372738234353, -1.0464555327468452, -0.9050668198565223, -0.7387794639018108, -0.36928666000194477, 0.40456500752276636, 1.3474620215425883, -1.0831705402378644, -1.029289719999564, -1.01062694145734, -1.0026253020278906, -0.9385005973031691, -0.8900277023538267, -0.7364301203670675, -0.355487631973515, 0.3720207215483963, 1.409487346766902, -0.908022078887551, -0.8526908999643306, -0.8475779719995402, -0.8376999960620274, -0.8068020451482669, -0.7787492510522365, -0.6845036086227088, -0.3604495317818076, 0.3740675795095336, 1.4261521924524956, -0.770899975169257, -0.6385519464521789, -0.5960132307473257, -0.6004288248355978, -0.5564044327691499, -0.5527814224729488, -0.49779313629525856, -0.2508501728378483, 0.39374844862699065, 1.3530008407605756, -0.45192047192319357, -0.2890647359939096, -0.3063791406003729, -0.3419523724418644, -0.20742338345313166, -0.26170995618841175, -0.1561667102874455, -0.1399981357296424, 0.4413218411857707, 1.5160100415805926, -0.002301396788952808, 0.1566822335224364, 0.22762757265744482, 0.2774767487528535, 0.24842646018139253, 0.2795746204375849, 0.35183407120953253, 0.2782033074934582, 0.49246335632345, 1.4056057327397693, 0.712278233745005, 0.9114052927039693, 1.0217583840897537, 0.992120209684131, 1.092478542615309, 1.0553340382799292, 1.003066658947314, 1.0892721898300592, 0.9709484727119528, 1.4437719584730524, 1.3451940492917989, 1.7939993807632229, 1.898970401948752, 1.9348711837507948, 1.8552555747945112, 1.8339646262084641, 1.8866451598829714, 1.8230532829211747, 1.7274204674332385, 1.6494650551069465], "bean_num": 0.5, "model_info": {"det_num_x": 10, "det_num_y": 10, "det_y": 0.03, "det_x": 0.03, "size_x": 0.5, "size_y": 0.5, "med_margin": 0.0015}}