{"source": [-548.4945065892878, 173.52594698874998], "intensity": 100, "miu_detector": 0.3, "miu_medium": 1.2, "miu_air": 0.00018, "output": [0.0, 0.0, 0.0, 0.0, 0.0, 0.0, 0.0, 0.0, 0.0, 0.0, 0.0, 0.0, 0.0, 0.0, 0.0, 0.0, 0.0, 0.0, 0.0, 0.0, 0.0, 0.0, 0.0, 0.0, 0.0, 0.0, 0.0, 0.0, 0.0, 0.0, 0.0, 0.0, 0.0, 0.0, 0.0, 0.0, 0.0, 0.0, 0.9506321346940623, 0.049367865305937765], "miu_de": 0.5, "input": [1.599072051134344, 2.0854216856767245, 2.036677321841052, 2.041147728223742, 2.1016391463950357, 2.052345700168189, 2.1803716559005415, 1.9688564763680227, 1.9832906561282726, 1.6937771290389987, 0.8190154348055889, 1.2969707466842075, 1.3204778058532445, 1.3665668831898747, 1.280597975006445, 1.388813321337216, 1.2851027255821923, 1.32191275656701, 1.2303179205343326, 1.0929785875457059, 0.2309222695575638, 0.4651370626455715, 0.5792476326698631, 0.6557324703725812, 0.5865187088178744, 0.6322705545561121, 0.5772659852049975, 0.7207776203443724, 0.44984602411775226, 0.9336180783652579, -0.2504829057038954, -0.12230766341929775, 0.02412617851488101, 0.030076099054873424, 0.05382931669672334, 0.017206262467350804, 0.0460611763826966, 0.014153809817225218, -0.002446135043259391, 0.8309105547470133, -0.5267343404951055, -0.41709672038603957, -0.321080015882162, -0.4195649013004745, -0.3514680738025248, -0.35413107217134066, -0.36883305160130897, -0.3804116157146584, -0.25593095270877675, 0.8000359783692558, -0.8038692811245572, -0.6972624671390771, -0.6454992507540319, -0.6663189306809062, -0.6295764820266119, -0.6405774900772851, -0.6074313459275331, -0.5474594518123412, -0.36092131785075726, 0.7961951636202973, -0.9682092449560717, -0.9025140486208304, -0.8403131997172963, -0.8322258933742227, -0.8238789575016551, -0.7963768317392196, -0.8043742230211333, -0.7703810486210021, -0.4586583538872874, 0.7043731471672824, -1.0671996629313758, -0.9878621330029899, -0.9807860131152839, -0.9412064990247462, -0.9534689358836953, -0.9599017794463659, -0.9295249828660199, -0.8454099211874018, -0.47184505061480475, 0.7046088019285541, -1.141449359955485, -1.0749912403590058, -1.061111943141571, -1.030989934551173, -1.0198213879987597, -1.062753719573499, -1.0289978053646958, -0.8930145280020838, -0.5342948010753038, 0.6078560482424927, -1.1665177075319155, -1.1408466985002674, -1.154142029846387, -1.1483151625446713, -1.1184796720129653, -1.0944956703767, -1.0877572488916136, -0.9855668429755513, -0.6450704834544085, 0.4860338296480517], "bean_num": 0.5, "model_info": {"det_num_x": 10, "det_num_y": 10, "det_y": 0.03, "det_x": 0.03, "size_x": 0.5, "size_y": 0.5, "med_margin": 0.0015}}