{"source": [-257.54521862855603, -544.4399514295401], "intensity": 100, "miu_detector": 0.3, "miu_medium": 1.2, "miu_air": 0.00018, "output": [0.0, 0.0, 0.0, 0.0, 0.0, 0.0, 0.0, 0.8129232891293361, 0.18707671087066394, 0.0, 0.0, 0.0, 0.0, 0.0, 0.0, 0.0, 0.0, 0.0, 0.0, 0.0, 0.0, 0.0, 0.0, 0.0, 0.0, 0.0, 0.0, 0.0, 0.0, 0.0, 0.0, 0.0, 0.0, 0.0, 0.0, 0.0, 0.0, 0.0, 0.0, 0.0], "miu_de": 0.5, "input": [1.6684443905078032, 1.3509150487825834, 1.1915946942899962, 1.073036276322714, 1.1449934263433754, 1.1334481040558075, 1.1614102229485068, 1.127621207099998, 1.1848421833058775, 0.8468504855488531, 2.007210197530177, 1.088965410616997, 0.48203569898776816, 0.18234637175945317, 0.043048042424397845, -0.013974448904002379, -0.06877831092945146, -0.09462912610768809, -0.15971892210426022, -0.2539807215275144, 1.920159993450556, 1.158668398960514, 0.46937779440136296, -0.07385941088984085, -0.3962914912627133, -0.5682537673568636, -0.5839861574171049, -0.6631852189733409, -0.6789099668139554, -0.7603801794736661, 2.001537659270104, 1.2832267424818726, 0.5454818020484477, -0.07547764231817863, -0.4694745677828621, -0.6557262055591329, -0.8285438759609812, -0.8700259299286115, -0.9806222070457075, -1.0106273499688438, 2.022378075538863, 1.1354302044854983, 0.4373876672376357, -0.10231477833122882, -0.5059776321276375, -0.7144403024225477, -0.8728977106246535, -0.9729836092732728, -1.054277994869726, -1.1441631266103516, 2.0022872790785433, 1.24365974770658, 0.46032382304702063, -0.10055431458933245, -0.4623943341339531, -0.6994966786467149, -0.8747334756488863, -1.0192456659006386, -1.1004691701207416, -1.1645478598579002, 1.9648023366854108, 1.132044120633947, 0.3569654653428023, -0.06575030725477798, -0.4537056304867009, -0.7343135338312402, -0.8874390570850066, -1.0288524979925062, -1.0851291206925084, -1.1784818968133803, 1.919571386397369, 1.1239021136588732, 0.4271001727008345, -0.1478124252812677, -0.49125349718502825, -0.7765052631370418, -0.8853844793785729, -1.0213321420171775, -1.1369595603502491, -1.1900565926432776, 1.8142034746526465, 1.191885250051369, 0.3662697674436022, -0.17830354141265392, -0.5405448672350529, -0.7644329305412889, -0.9626320088233775, -1.0328716639144155, -1.1422992253278563, -1.178719160938697, 1.623161258249319, 0.7973094850977315, 0.12041753877493747, -0.35639717831517054, -0.6453824616086185, -0.8665305481348211, -0.9983590473726027, -1.0869215491664062, -1.1623305328909659, -1.210670444607203], "bean_num": 0.5, "model_info": {"det_num_x": 10, "det_num_y": 10, "det_y": 0.03, "det_x": 0.03, "size_x": 0.5, "size_y": 0.5, "med_margin": 0.0015}}