{"source": [-614.0768931440476, 13.726115494376554], "intensity": 100, "miu_detector": 0.3, "miu_medium": 1.2, "miu_air": 0.00018, "output": [0.8577236541134229, 0.0, 0.0, 0.0, 0.0, 0.0, 0.0, 0.0, 0.0, 0.0, 0.0, 0.0, 0.0, 0.0, 0.0, 0.0, 0.0, 0.0, 0.0, 0.0, 0.0, 0.0, 0.0, 0.0, 0.0, 0.0, 0.0, 0.0, 0.0, 0.0, 0.0, 0.0, 0.0, 0.0, 0.0, 0.0, 0.0, 0.0, 0.0, 0.14227634588657712], "miu_de": 0.5, "input": [-1.0826215422487016, -1.0702756617419231, -1.0456290550595633, -1.0373506801537606, -1.0329914943724086, -1.0269583908834485, -1.0314857948755078, -1.0427930808106844, -1.01448052267822, -0.5602139607507788, -1.0376284167721188, -0.9917951092466487, -0.9714215773199222, -0.948652799294586, -0.9518824651239028, -0.9725370251759233, -0.9814475114559906, -0.93300644748698, -0.925645573774607, -0.48032116161254157, -0.9619945466753804, -0.8907845798330634, -0.8690204141279965, -0.8340133733261177, -0.8604258603652093, -0.8276316980210511, -0.8768253584329995, -0.887740966390662, -0.8457428567000491, -0.4379903205020646, -0.8271623236820946, -0.7263981129103791, -0.6776590028867675, -0.7013135332451881, -0.6981126942204063, -0.6983638987171364, -0.7037923609537023, -0.7097833323845743, -0.7242967768663248, -0.3371524370268526, -0.7196099883436238, -0.5410408602798752, -0.47878309033887545, -0.5357428216907657, -0.5004531282321424, -0.4844300283521982, -0.5064460138086574, -0.5616683428928723, -0.581638541401438, -0.2810215572001897, -0.4581892165273958, -0.27550233362006815, -0.24649206353366346, -0.17851003795906126, -0.22088045152082444, -0.19617543552529215, -0.2144526005729033, -0.17247493437798653, -0.29988415045303995, -0.13485226149969484, -0.12491516237075335, 0.1293673430657215, 0.17711100807846342, 0.21795950716773793, 0.21584668430203277, 0.2292529397709736, 0.1730659360255982, 0.15804171798431588, 0.06684167046482029, 0.01923741771196937, 0.26816020851382905, 0.633958194773355, 0.7097480517118411, 0.8243415074932697, 0.7657685877649841, 0.7881688335830798, 0.7972600544750734, 0.7157452511498301, 0.6154503586415156, 0.4813770082846977, 0.9694105268406111, 1.262063943550157, 1.444456225400234, 1.502734501583721, 1.5446162577064075, 1.449367110476007, 1.5181965976043086, 1.3701091059333845, 1.3377055834521068, 0.9706768357995071, 1.7470496453152133, 2.1362895824859245, 2.1763873739333772, 2.199903712699323, 2.147974804894444, 2.1411242118642515, 2.2525574672837774, 2.0619076145742885, 2.0817250125621243, 1.6475473436852608], "bean_num": 0.5, "model_info": {"det_num_x": 10, "det_num_y": 10, "det_y": 0.03, "det_x": 0.03, "size_x": 0.5, "size_y": 0.5, "med_margin": 0.0015}}