{"source": [620.9205908114906, 19.915677187347406], "intensity": 100, "miu_detector": 0.3, "miu_medium": 1.2, "miu_air": 0.00018, "output": [0.0, 0.0, 0.0, 0.0, 0.0, 0.0, 0.0, 0.0, 0.0, 0.0, 0.0, 0.0, 0.0, 0.0, 0.0, 0.0, 0.0, 0.0, 0.0, 0.0, 0.7958777833646462, 0.20412221663535388, 0.0, 0.0, 0.0, 0.0, 0.0, 0.0, 0.0, 0.0, 0.0, 0.0, 0.0, 0.0, 0.0, 0.0, 0.0, 0.0, 0.0, 0.0], "miu_de": 0.5, "input": [-1.0709498455679283, -1.0298300438931747, -1.02772558322241, -1.0303103670069906, -1.023474529952777, -1.0198626322758586, -1.025649118835606, -0.9913793428071748, -0.9813109198050418, -0.8819690133860137, -1.0160512103447534, -0.9587890294018263, -0.9690081071317588, -0.9111675575042526, -0.9252338745155224, -0.8842460215989427, -0.9180541384764949, -0.930067479544401, -0.9149254896902466, -0.8688044596094698, -0.9401840321611856, -0.8445062249236265, -0.823110775954481, -0.8189144375045952, -0.8065121224909122, -0.8115584207535936, -0.7887332535766132, -0.822633428046175, -0.834602108954864, -0.7562873799141802, -0.8311306438069042, -0.677834126838567, -0.6810485104072541, -0.6600264663323205, -0.6592454314176504, -0.6275784947885835, -0.6748850649721287, -0.6625343376791123, -0.6957094044382568, -0.6810582416487438, -0.6889516738718852, -0.5357794904294432, -0.48783680105792726, -0.4764986196574711, -0.44871436047831553, -0.441616224730156, -0.42749977859805344, -0.4307731703723654, -0.5151319142836308, -0.5872402555039793, -0.4911344758675691, -0.2124171990718878, -0.20429425496775866, -0.1915910266170682, -0.12734452974285287, -0.14863900132891833, -0.18764246024897946, -0.1689237951630605, -0.2631730246209875, -0.3851213121069528, -0.14916602315813518, 0.08591346452673398, 0.21298486306615172, 0.2516868533681522, 0.27844100637720226, 0.2379264676120729, 0.20930168998461351, 0.23600815145134155, 0.12636127856674495, -0.06560288873857184, 0.33422879059996746, 0.6532662521520329, 0.7347685810743096, 0.7319733782990809, 0.7447507645254243, 0.685520702131549, 0.7104861790291538, 0.731839990536033, 0.6543062479933425, 0.3056696395568157, 0.9735634960998878, 1.378555658734837, 1.5116248953060627, 1.4558447130437033, 1.4377268879722556, 1.3738462791364714, 1.4070884622471675, 1.4814096213697767, 1.3700351878733528, 1.0062436213097157, 1.7494822831794363, 2.1886944007779263, 2.1242585737364794, 2.1951347004777597, 2.168255972714415, 2.1492120105073056, 2.1747062139626787, 2.137049332148432, 2.096347356178879, 1.8074799841691025], "bean_num": 0.5, "model_info": {"det_num_x": 10, "det_num_y": 10, "det_y": 0.03, "det_x": 0.03, "size_x": 0.5, "size_y": 0.5, "med_margin": 0.0015}}