{"source": [235.5685165691839, 581.5877713302243], "intensity": 100, "miu_detector": 0.3, "miu_medium": 1.2, "miu_air": 0.00018, "output": [0.0, 0.0, 0.0, 0.0, 0.0, 0.0, 0.0, 0.0, 0.0, 0.0, 0.0, 0.0, 0.0, 0.0, 0.0, 0.0, 0.0, 0.0, 0.0, 0.0, 0.0, 0.0, 0.0, 0.0, 0.0, 0.0, 0.0, 0.4500114433647044, 0.5499885566352957, 0.0, 0.0, 0.0, 0.0, 0.0, 0.0, 0.0, 0.0, 0.0, 0.0, 0.0], "miu_de": 0.5, "input": [-1.2000148701413245, -1.1438653616822008, -1.1034798146468574, -0.97620057125582, -0.8659043139414418, -0.617764478382713, -0.3465714459255373, 0.12691437946170275, 0.8755343519819556, 1.6483938954584711, -1.1545129985311802, -1.133135049349376, -0.9932114882004479, -0.9268542535000903, -0.7374863494658077, -0.4759988994902134, -0.09443494620881694, 0.45489190804703067, 1.1404518382294535, 2.0083275780816834, -1.1533275497696018, -1.1240588843776274, -1.014223021352428, -0.8910645618152923, -0.7385940786435915, -0.45386405670735536, -0.04524607842117635, 0.5361182845026828, 1.2213521557065863, 1.9888134474890529, -1.164521742361679, -1.0996717392975097, -0.9955017276290108, -0.8906851040115562, -0.7320608362686036, -0.41925612170599563, -0.09499952466734776, 0.5230430710488045, 1.2642360467202318, 2.0325748395260295, -1.124525520880352, -1.0991892142844029, -0.9656501785159107, -0.846842986416569, -0.700526443557224, -0.35037258727428894, -0.07467133558671073, 0.5501325291991187, 1.2909249854831064, 2.09989310974335, -1.1534288990105082, -1.0744121761318668, -0.966635604030546, -0.8294756604317506, -0.6685268025397905, -0.39603235744429915, 0.023716605120182453, 0.5202803101289152, 1.1953449782553622, 2.0690559045376933, -1.0856838194812883, -1.0032809862794914, -0.9173257637908655, -0.7854970144585032, -0.6559597100501297, -0.43676813510325857, -0.07398639439753651, 0.5156131989345205, 1.2127934849536643, 2.0619804976205587, -0.8753879826738734, -0.7888058067633386, -0.7697694201295292, -0.6810222770444978, -0.5950622676224429, -0.32436087268017927, -0.0634897043076366, 0.5455144206025373, 1.3302448932790287, 2.0230266061570785, -0.4342743177292933, -0.24557088678884137, -0.23084434046268373, -0.1252011969666894, -0.09434311113157472, -0.05078474368662612, 0.03586930841735351, 0.5025794914547147, 1.091905480267945, 1.8933244408534124, 0.7022496063801226, 0.8839638844440497, 1.0030843414687052, 0.9133597765015284, 1.0240636377880918, 0.9368914848249321, 1.0425609842484247, 1.0083189947704703, 1.2026641783274183, 1.5742094553871198], "bean_num": 0.5, "model_info": {"det_num_x": 10, "det_num_y": 10, "det_y": 0.03, "det_x": 0.03, "size_x": 0.5, "size_y": 0.5, "med_margin": 0.0015}}