{"source": [-279.0522722808331, 568.7670984213061], "intensity": 100, "miu_detector": 0.3, "miu_medium": 1.2, "miu_air": 0.00018, "output": [0.0, 0.0, 0.0, 0.0, 0.0, 0.0, 0.0, 0.0, 0.0, 0.0, 0.0, 0.0, 0.0, 0.0, 0.0, 0.0, 0.0, 0.0, 0.0, 0.0, 0.0, 0.0, 0.0, 0.0, 0.0, 0.0, 0.0, 0.0, 0.0, 0.0, 0.0, 0.0, 0.0962446966923148, 0.9037553033076852, 0.0, 0.0, 0.0, 0.0, 0.0, 0.0], "miu_de": 0.5, "input": [-0.6924026520943009, -1.0260065049961045, -1.0342962057789955, -1.0340226397851888, -1.0354433260350235, -1.0369561954824926, -1.033027786658641, -1.053961676447536, -1.051120012680731, -1.0851169676409753, -0.6010312340971407, -0.9566085486980691, -0.9400926164930977, -0.9527352892708777, -0.9281293014496784, -0.9420852336914907, -0.9430730605609323, -0.952575353975424, -0.9730674031404681, -1.0086142918500256, -0.54627850149399, -0.8530803502061575, -0.844804460060318, -0.8551778488462407, -0.8277295111896907, -0.8454857060959049, -0.8264076189921349, -0.8633560175614663, -0.8810462197955495, -0.934235833798381, -0.46757501591322537, -0.7177319395461396, -0.700800893805702, -0.6774930290958335, -0.685280470069737, -0.6808901448280319, -0.7124003189571342, -0.7165825942301283, -0.7427584253803327, -0.8171045831460544, -0.36489490868240887, -0.516623127761741, -0.5303754709664483, -0.43029408891098353, -0.452108104192828, -0.5013661001512209, -0.47419805278737076, -0.47329542347163717, -0.5407261771036879, -0.6904584271157221, -0.24418385736551237, -0.2537693633307509, -0.19170764584109934, -0.16872608294813515, -0.13891917395713008, -0.14621455041725498, -0.22719682719151263, -0.22800298038553388, -0.27895155585475373, -0.46490713789077454, 0.0017660633461396267, 0.09042263151084233, 0.16097407594121893, 0.1641555915195415, 0.17549973099094696, 0.21108204065896302, 0.22819399860476855, 0.22695014686684306, 0.11240699669055879, -0.14536465599011303, 0.3768339558504539, 0.6591461935800856, 0.6335306386446565, 0.7169796922364106, 0.7822114065785807, 0.7420044419935485, 0.7997182369326036, 0.7048421110816132, 0.6667829135164153, 0.31512209424351934, 0.9412976545752251, 1.3334765681479872, 1.4157894485926859, 1.497013473626387, 1.466875714545878, 1.5396331476087781, 1.4793599188169608, 1.386900245630329, 1.3992164306439452, 1.0036193033174836, 1.8139551182552938, 2.0624710066615433, 2.2216188784093878, 2.104152278867334, 2.1363076143146005, 2.1182075698167373, 2.161572762766429, 2.140207778453812, 2.126063318995353, 1.8225083033221257], "bean_num": 0.5, "model_info": {"det_num_x": 10, "det_num_y": 10, "det_y": 0.03, "det_x": 0.03, "size_x": 0.5, "size_y": 0.5, "med_margin": 0.0015}}