{"source": [306.03439202403274, -560.2695434756446], "intensity": 100, "miu_detector": 0.3, "miu_medium": 1.2, "miu_air": 0.00018, "output": [0.0, 0.0, 0.0, 0.0, 0.0, 0.0, 0.0, 0.0, 0.0, 0.0, 0.0, 0.0, 0.0, 0.8172709207401893, 0.18272907925981072, 0.0, 0.0, 0.0, 0.0, 0.0, 0.0, 0.0, 0.0, 0.0, 0.0, 0.0, 0.0, 0.0, 0.0, 0.0, 0.0, 0.0, 0.0, 0.0, 0.0, 0.0, 0.0, 0.0, 0.0, 0.0], "miu_de": 0.5, "input": [1.5399026241170928, 0.7337746970349505, 0.06195352891011374, -0.3879311868185339, -0.7025517481540179, -0.9315197689512702, -1.0217916337249116, -1.120713155480006, -1.195249695013403, -1.2351069491708984, 1.8655235804034032, 1.05703421102301, 0.37392007043429676, -0.16221942778901075, -0.5447186435520979, -0.8349397842093648, -0.9783096797834926, -1.0946087693578335, -1.172463479162463, -1.242363023138681, 1.9295566498087242, 1.0956315935512877, 0.3582034684652817, -0.19701790257945773, -0.5027164527212835, -0.7612530920392302, -0.9474761986071613, -1.0736892981063686, -1.1376415502810484, -1.2061666147422527, 1.9458975979772912, 1.0547138366770081, 0.34419851001253754, -0.06627097891475499, -0.5693481391610106, -0.7732295914745865, -0.9511027567886045, -1.06695523725283, -1.1423957244118086, -1.210179999554122, 1.9172923489275773, 1.11919166116998, 0.37900317307725506, -0.048234360565866496, -0.5183226461230773, -0.7433273924692938, -0.9144938554588798, -0.9910755519969213, -1.103815199997227, -1.18805500286657, 1.9017317557616529, 1.0927931322561684, 0.43859365437272374, -0.08439202355900345, -0.5048863075159296, -0.7411814559761433, -0.8527579557023123, -0.9505012742367426, -1.0593871423420516, -1.1082699914349237, 1.9541278543330154, 1.188097033520623, 0.35686861005150816, -0.07069475172233003, -0.4124753542483815, -0.6818331052044972, -0.8072616374408061, -0.841520070053082, -0.8901540895011621, -0.983401743316273, 1.938716541434312, 1.0988223235273071, 0.37427631072773976, -0.09514333256491007, -0.31839204569588725, -0.5041360022748678, -0.5457620045575029, -0.5666464347499942, -0.6091016261176337, -0.685852463663562, 1.919168352580379, 1.0488563114321887, 0.4560980796655264, 0.18139083146530993, 0.1486400669791068, 0.1236388753058716, 0.14439939232833926, 0.13762936133717785, 0.07926206764688301, -0.08626984505853083, 1.7322999882737444, 1.350582930306146, 1.3128112691010265, 1.2856364155188829, 1.3200954935876075, 1.2321414017091623, 1.265630624387081, 1.2354060778317928, 1.142409794501521, 0.901353045822256], "bean_num": 0.5, "model_info": {"det_num_x": 10, "det_num_y": 10, "det_y": 0.03, "det_x": 0.03, "size_x": 0.5, "size_y": 0.5, "med_margin": 0.0015}}