{"source": [-198.18016300104952, -615.1269883808645], "intensity": 100, "miu_detector": 0.3, "miu_medium": 1.2, "miu_air": 0.00018, "output": [0.0, 0.0, 0.0, 0.0, 0.0, 0.0, 0.0, 0.0, 0.9841977853487358, 0.01580221465126418, 0.0, 0.0, 0.0, 0.0, 0.0, 0.0, 0.0, 0.0, 0.0, 0.0, 0.0, 0.0, 0.0, 0.0, 0.0, 0.0, 0.0, 0.0, 0.0, 0.0, 0.0, 0.0, 0.0, 0.0, 0.0, 0.0, 0.0, 0.0, 0.0, 0.0], "miu_de": 0.5, "input": [1.1065946353064327, 0.14319650383321544, -0.5128095943132417, -0.8031544293729895, -1.015441056402985, -1.1297178554810394, -1.1858989005189025, -1.2292624324134618, -1.2283668757400312, -1.2522802793445738, 1.4011566584905963, 0.3667464032625662, -0.35556672862307914, -0.7350510737807793, -0.9344397126471846, -1.0841665524242399, -1.1305621659499654, -1.1804419611571395, -1.187318890339472, -1.2275758810930375, 1.4343561943313028, 0.36502410045678435, -0.2846969708827806, -0.6590582062363158, -0.9009755808461473, -1.0629249031040744, -1.105167393016951, -1.102222810631952, -1.1270123365825724, -1.171710116270027, 1.54445104900233, 0.3834487216263766, -0.3084830436136547, -0.6502688366017817, -0.8670449188462692, -0.9486893262943293, -0.9875289710046168, -1.009698029446641, -1.0293439630435166, -1.076790501075029, 1.5061380083639813, 0.461765220552016, -0.25840148501490956, -0.5715081744456064, -0.7698902441792534, -0.8213076867963691, -0.8467331538243009, -0.8961028232246596, -0.9040433525714199, -0.9582732297061406, 1.4476513576302386, 0.4679491696646402, -0.16056583182508735, -0.5074033763353156, -0.6028950615331626, -0.6390310546113537, -0.6316346437589175, -0.6132002947668107, -0.6993162908339374, -0.8072098176320923, 1.5059441079464702, 0.5368068728465915, -0.039644514391200834, -0.260265509271269, -0.2372225172323843, -0.28487411797608336, -0.30569650788358027, -0.31749375414348424, -0.3415108026658706, -0.500111216082286, 1.6018479440231126, 0.5933674133362449, 0.18219345743461082, 0.21762507531577321, 0.2129091560083165, 0.19993639970525234, 0.2283534796477984, 0.1715744955141721, 0.10678675333497974, -0.09768952441441488, 1.5472546376282668, 1.0185756150285905, 0.9223494180517935, 0.9677727985882203, 0.9953778867236672, 0.9968653445168653, 1.028461748981654, 0.8723428976171826, 0.800866807598264, 0.5442485709884859, 1.6401255904376157, 1.7981649867838403, 1.7563091614221777, 1.9093853752878787, 1.7801197175516936, 1.7584305719365891, 1.8674380636451964, 1.8105040945794513, 1.8170968233361753, 1.5381819938813002], "bean_num": 0.5, "model_info": {"det_num_x": 10, "det_num_y": 10, "det_y": 0.03, "det_x": 0.03, "size_x": 0.5, "size_y": 0.5, "med_margin": 0.0015}}