{"source": [170.37111847744956, -634.3812773065739], "intensity": 100, "miu_detector": 0.3, "miu_medium": 1.2, "miu_air": 0.00018, "output": [0.0, 0.0, 0.0, 0.0, 0.0, 0.0, 0.0, 0.0, 0.0, 0.0, 0.0, 0.3296900976082085, 0.6703099023917914, 0.0, 0.0, 0.0, 0.0, 0.0, 0.0, 0.0, 0.0, 0.0, 0.0, 0.0, 0.0, 0.0, 0.0, 0.0, 0.0, 0.0, 0.0, 0.0, 0.0, 0.0, 0.0, 0.0, 0.0, 0.0, 0.0, 0.0], "miu_de": 0.5, "input": [1.6804042802015642, 0.8613798668721064, 0.2859877004464133, -0.2818405214784906, -0.5407542608145619, -0.7578198781562636, -0.9225046820591604, -1.0575285936084862, -1.1236031396507926, -1.1573171942308094, 2.0184139250734408, 1.2265026455472943, 0.4048704232960604, 0.012971351570799644, -0.34161554020007673, -0.7008136646401902, -0.8593295651026992, -0.9937708241715855, -1.0453974930199643, -1.1430280629587013, 2.078522579534575, 1.3437838487821365, 0.6705285802641092, 0.004045816005152057, -0.290381837350542, -0.6358185584689718, -0.8168098896717396, -0.9785545021700678, -1.0292975791966261, -1.1260067640000235, 2.114144637401396, 1.4059819279008157, 0.6060603520195893, 0.0005104304270744263, -0.2610093102973333, -0.6382706788532606, -0.8364470276002589, -0.9502080893757295, -1.0402773961999183, -1.1293241724947378, 2.0521048650811613, 1.4526941209436042, 0.6812808756792179, 0.05335671386724003, -0.36568763032932966, -0.6277028360168615, -0.8172100784020235, -0.9240791256185107, -1.0342201835106513, -1.13299845324594, 2.1195300221683113, 1.4018421259115572, 0.6576714364135342, 0.12904308767688294, -0.33049339551666257, -0.6283522229756459, -0.771552743929365, -0.9164589882721524, -1.0607666221184888, -1.1441073315603025, 2.137773982866299, 1.3029285635825707, 0.5919864005387336, 0.05810376115027301, -0.3500577323409405, -0.6097799309002561, -0.8021597098869891, -0.9230944872368884, -1.0061749981888302, -1.0795794271605383, 2.0536322219102665, 1.2743332908264573, 0.6517080803862774, 0.09108994388095658, -0.32806237321522613, -0.5034712625690917, -0.7791205519406579, -0.8258707608109411, -0.958247011443605, -1.028492418005161, 1.9742518242937166, 1.1894167152876083, 0.5091563745027774, 0.08706858834256269, -0.2601857532019056, -0.42817962981902397, -0.5394714939159644, -0.5615152084027295, -0.6565723372449545, -0.7542529862130836, 1.749953435413761, 1.2051449994997412, 0.95300911988433, 0.7167024161044638, 0.6267560039552645, 0.524204466375513, 0.5623676547666737, 0.5000214141136253, 0.48649935872324135, 0.29790668027457545], "bean_num": 0.5, "model_info": {"det_num_x": 10, "det_num_y": 10, "det_y": 0.03, "det_x": 0.03, "size_x": 0.5, "size_y": 0.5, "med_margin": 0.0015}}