{"source": [-78.15461658886682, -669.7065614490829], "intensity": 100, "miu_detector": 0.3, "miu_medium": 1.2, "miu_air": 0.00018, "output": [0.0, 0.0, 0.0, 0.0, 0.0, 0.0, 0.0, 0.0, 0.0, 0.7395886120591973, 0.2604113879408027, 0.0, 0.0, 0.0, 0.0, 0.0, 0.0, 0.0, 0.0, 0.0, 0.0, 0.0, 0.0, 0.0, 0.0, 0.0, 0.0, 0.0, 0.0, 0.0, 0.0, 0.0, 0.0, 0.0, 0.0, 0.0, 0.0, 0.0, 0.0, 0.0], "miu_de": 0.5, "input": [-1.2471331818067157, -1.2264621937311981, -1.2267739739854042, -1.1895082846414384, -1.1468283198663267, -1.0600575789723783, -0.9030195987800469, -0.5857569219771954, 0.02281249792563403, 1.0333086986529256, -1.211929563541339, -1.1941045857674892, -1.16112025003719, -1.1357334345079801, -1.1148093600705609, -1.0179768837423262, -0.8028638608903562, -0.4454579369064036, 0.22088434062053894, 1.2909450198006938, -1.1455252645366187, -1.1038699932340252, -1.0789712892525714, -1.0892873934479583, -1.05026072227526, -0.948888392031889, -0.7844490587778943, -0.403125363929876, 0.2805159517345273, 1.4090913473980122, -1.0615401365319832, -1.0063899991786494, -0.9861920227502828, -0.9417415567660724, -0.9369498949064186, -0.9071260510717302, -0.7367089369337907, -0.3362233848165627, 0.3311592031301227, 1.4268982165529855, -0.948737932451143, -0.8449414045205066, -0.8381688587090984, -0.8255437402849657, -0.7891679382731706, -0.7632897728580662, -0.6520416279160894, -0.3295989856896016, 0.33510921100266605, 1.3389179233657125, -0.7723354920585452, -0.6787762222801398, -0.5880715497994278, -0.5244167777926195, -0.5685354689513071, -0.5539541649848598, -0.4912535603336847, -0.3059916581958846, 0.36852806709586405, 1.415407468402193, -0.4977309634388745, -0.31165694967305174, -0.2549833988152848, -0.20856985489199723, -0.2171345367653488, -0.17505577657883986, -0.18969601111600892, -0.09216104876055599, 0.4098921839547582, 1.4103868740457888, 0.010486662753195269, 0.24448002483938197, 0.20212504452932945, 0.2852548264365565, 0.2824407255013764, 0.28622759900318734, 0.3490699460996093, 0.2997304952302561, 0.5269327034602677, 1.4556647503339906, 0.5945008940950202, 0.9333400577401864, 0.9757285737167255, 1.023091553300024, 1.1223598372535106, 1.0792125264867194, 1.0863003284500725, 1.0675680289885712, 1.0596073685360174, 1.4716313914403345, 1.5199959944010326, 1.7980867040757977, 1.8768783589254285, 1.8491075875169474, 1.8502861526925052, 1.8331074420966365, 1.8578779482285142, 1.8409156940610136, 1.9090775330540952, 1.623655327876296], "bean_num": 0.5, "model_info": {"det_num_x": 10, "det_num_y": 10, "det_y": 0.03, "det_x": 0.03, "size_x": 0.5, "size_y": 0.5, "med_margin": 0.0015}}