{"source": [483.8531614207844, 504.3427865105384], "intensity": 100, "miu_detector": 0.3, "miu_medium": 1.2, "miu_air": 0.00018, "output": [0.0, 0.0, 0.0, 0.0, 0.0, 0.0, 0.0, 0.0, 0.0, 0.0, 0.0, 0.0, 0.0, 0.0, 0.0, 0.0, 0.0, 0.0, 0.0, 0.0, 0.0, 0.0, 0.0, 0.0, 0.0, 0.8680197820268691, 0.1319802179731309, 0.0, 0.0, 0.0, 0.0, 0.0, 0.0, 0.0, 0.0, 0.0, 0.0, 0.0, 0.0, 0.0], "miu_de": 0.5, "input": [-1.275101941471845, -1.238948113716878, -1.215514868739802, -1.133258902905753, -1.025173283000292, -0.8765458770338161, -0.6281422052123077, -0.2985006222656507, 0.5056922180664085, 1.362528722143695, -1.2612075854044824, -1.1992631580392341, -1.1891671154517394, -1.1139457947085125, -1.0072728239023931, -0.7787827998539911, -0.5171646408691237, -0.0574177510305888, 0.6968356714971068, 1.6800430519699474, -1.2308187433589515, -1.1796268286816374, -1.1381699201059041, -1.0943219274331, -0.9784489937349861, -0.7877139225128974, -0.5150134843772718, 0.02431421472122136, 0.7022332398747212, 1.7296135937541437, -1.177892354812322, -1.120827897327011, -1.0704009195981616, -1.0203897711151868, -0.9221090625356338, -0.727870728482764, -0.4264992549795181, 0.03089999903359941, 0.7126286290596454, 1.7506615554898828, -1.0509924630508571, -1.0045542423722538, -0.9910724849264687, -0.9256682858831377, -0.8808457153170353, -0.7281613811809194, -0.4315327696774544, 0.014530009515607406, 0.7534019472512143, 1.7511349781336687, -0.9059361369457342, -0.8830076219433767, -0.8120215097092063, -0.7646027328552448, -0.68980269917828, -0.6331642611700314, -0.3744168512084164, 0.04426684017405091, 0.7511546248740112, 1.7566474539125225, -0.668061227353499, -0.5577163706132492, -0.49676679916163224, -0.475809611717394, -0.5082979847468967, -0.4054066831525558, -0.3389991908377366, 0.14975447238099918, 0.7768909546322562, 1.640478998132113, -0.26073048429651535, -0.12302823086152134, -0.080621101643354, -0.10174245683733583, -0.08183693327623749, -0.0011951962661583175, 0.04508981212538209, 0.2027569237658763, 0.7764914655957751, 1.6534427892794819, 0.42689191788313496, 0.6028081714878519, 0.6698831076489004, 0.5290781645414097, 0.7288900638192777, 0.844825198218175, 0.7377978692640874, 0.7666697679909918, 0.9221896722007662, 1.5692480616070914, 1.359221753761378, 1.5790641096372777, 1.693880479388722, 1.6036070043084458, 1.7277442647410537, 1.663029764074699, 1.7479241484581545, 1.6135868361360486, 1.4735871579415232, 1.6100830403519404], "bean_num": 0.5, "model_info": {"det_num_x": 10, "det_num_y": 10, "det_y": 0.03, "det_x": 0.03, "size_x": 0.5, "size_y": 0.5, "med_margin": 0.0015}}