{"source": [-643.3620492479623, 281.95884169544894], "intensity": 100, "miu_detector": 0.3, "miu_medium": 1.2, "miu_air": 0.00018, "output": [0.0, 0.0, 0.0, 0.0, 0.0, 0.0, 0.0, 0.0, 0.0, 0.0, 0.0, 0.0, 0.0, 0.0, 0.0, 0.0, 0.0, 0.0, 0.0, 0.0, 0.0, 0.0, 0.0, 0.0, 0.0, 0.0, 0.0, 0.0, 0.0, 0.0, 0.0, 0.0, 0.0, 0.0, 0.0, 0.0, 0.0, 0.6295379049699709, 0.3704620950300292, 0.0], "miu_de": 0.5, "input": [0.02240906060635744, -0.9710039682541736, -1.0524634286250973, -1.052870043724173, -1.0970998848394606, -1.0966805838242804, -1.0831746224319463, -1.0975312549212446, -1.1117822969821243, -1.137279919990672, 0.2199985200555661, -0.8290160127883309, -0.9192660452919178, -0.9909908813842817, -1.0026989444079741, -1.0391576634032613, -1.0101248091009782, -1.0118917423638116, -1.040603183864935, -1.0742869292873471, 0.17218333133820873, -0.7767046682357996, -0.877068625357207, -0.9026182320639892, -0.9536987720754829, -0.9368345954447557, -0.9321455050280648, -0.9036873239249611, -0.9429931153161116, -1.0439117275375025, 0.1445727948324713, -0.6853696893863921, -0.731717592872563, -0.780570379882875, -0.7906955306782906, -0.7649153256082801, -0.7368430905234964, -0.7714018320463077, -0.8490535499617694, -0.9311428713067984, 0.22294267762045772, -0.4773197655527862, -0.5731923832081031, -0.5732773227927392, -0.5590339506314278, -0.5673857263338609, -0.5335648756830972, -0.5531157775966469, -0.652328519479962, -0.722521206148225, 0.26985057326147777, -0.2701492686163774, -0.3435593679603953, -0.26949688250579645, -0.26101846442865995, -0.24123984910110124, -0.2658290841512395, -0.3427414695635575, -0.3363583122364005, -0.5201943498217879, 0.37960793708382035, 0.08564009359821681, 0.12117471163601437, 0.10879598810066753, 0.25214262448591357, 0.20660803904960956, 0.1401497165993984, 0.09641105443796172, 0.0812441812099411, -0.1885601693919616, 0.6124965751510644, 0.6079073754454246, 0.6442144223896117, 0.6350133355141155, 0.7072386588145243, 0.7601054481726999, 0.7325247193191329, 0.6185764274277652, 0.6295220072424511, 0.3008018360119565, 1.092822237004433, 1.3722558512369363, 1.3848007480843323, 1.403984381390901, 1.4359804706340338, 1.486418110164042, 1.437962909511577, 1.3580753985448333, 1.3728758808494463, 0.9391940573741364, 1.600218393674414, 2.010796048971918, 2.034019129983804, 2.163117725287484, 2.1476284087101165, 2.155381992667409, 2.0793899079017995, 2.2196910691018172, 2.0470612110734785, 1.6663753463690283], "bean_num": 0.5, "model_info": {"det_num_x": 10, "det_num_y": 10, "det_y": 0.03, "det_x": 0.03, "size_x": 0.5, "size_y": 0.5, "med_margin": 0.0015}}