{"source": [-339.48277238567726, 620.4792907695651], "intensity": 100, "miu_detector": 0.3, "miu_medium": 1.2, "miu_air": 0.00018, "output": [0.0, 0.0, 0.0, 0.0, 0.0, 0.0, 0.0, 0.0, 0.0, 0.0, 0.0, 0.0, 0.0, 0.0, 0.0, 0.0, 0.0, 0.0, 0.0, 0.0, 0.0, 0.0, 0.0, 0.0, 0.0, 0.0, 0.0, 0.0, 0.0, 0.0, 0.0, 0.0, 0.0, 0.8128458120486339, 0.18715418795136607, 0.0, 0.0, 0.0, 0.0, 0.0], "miu_de": 0.5, "input": [0.8607120950596951, 1.1845290953596963, 1.2000447796806826, 1.2506602121747004, 1.3335335912383839, 1.2962514289321498, 1.2780810601038257, 1.3375901094593885, 1.4738516812591975, 1.6592325950042133, -0.12471733764401262, 0.08436560293363628, 0.1286900454066938, 0.05603139213312679, 0.12911760610314413, 0.18217254067005753, 0.16974721188788652, 0.4753703418781522, 1.1200253162183398, 1.838611221329269, -0.6944406475630263, -0.568444737569933, -0.5606235209638459, -0.5478789989424975, -0.47227720297760184, -0.34376416065573806, -0.07529661920305891, 0.3445511612359118, 1.0825729619319473, 1.8269453049925763, -0.9532963326655968, -0.8953144313135342, -0.7568336657743692, -0.8337674357468189, -0.6870481836397686, -0.42348826993356736, -0.058242959269183894, 0.3834864885942584, 1.0983009554971959, 1.9926614373270473, -1.126005901259557, -1.0307159355453273, -0.9639755716206777, -0.9065357057144928, -0.7183741406784092, -0.534732618006511, -0.15607395928192136, 0.38801630805281473, 1.1434911700736714, 1.8749159601356569, -1.180721070256853, -1.0907868155228768, -1.0079320102287628, -0.9408433891527047, -0.7339094621332387, -0.489578964870046, -0.08088381344936194, 0.48130529581272824, 1.1859253996359345, 1.9297640784995533, -1.2207841956712533, -1.167869633712943, -1.0713177481491238, -0.9519354196384181, -0.7908155520720392, -0.533629355068387, -0.14934714302340155, 0.4120271682304178, 1.185420797758635, 1.9159557403417322, -1.2139707900745986, -1.1101316461213582, -1.0475911702306502, -0.9580047699599563, -0.7852586104997664, -0.5480749950114364, -0.10618376904764007, 0.32557993180862943, 1.0895829483222037, 1.8462115102377932, -1.2359162810643884, -1.1772269575657446, -1.0805019192321104, -0.9196972496290339, -0.7885116403298856, -0.5454229453361762, -0.20328930306575635, 0.2722383545530236, 1.0042054750135532, 1.8862929616284323, -1.2471685005043702, -1.1967062806085977, -1.1475191224285, -1.0281120320781145, -0.9013031554269569, -0.6707053786314384, -0.45963974292957704, 0.03097166610096052, 0.7881580456068167, 1.6659401204712059], "bean_num": 0.5, "model_info": {"det_num_x": 10, "det_num_y": 10, "det_y": 0.03, "det_x": 0.03, "size_x": 0.5, "size_y": 0.5, "med_margin": 0.0015}}