{"source": [-3.3665209051653444, -713.1713590980271], "intensity": 100, "miu_detector": 0.3, "miu_medium": 1.2, "miu_air": 0.00018, "output": [0.0, 0.0, 0.0, 0.0, 0.0, 0.0, 0.0, 0.0, 0.0, 0.030051373014588406, 0.9699486269854116, 0.0, 0.0, 0.0, 0.0, 0.0, 0.0, 0.0, 0.0, 0.0, 0.0, 0.0, 0.0, 0.0, 0.0, 0.0, 0.0, 0.0, 0.0, 0.0, 0.0, 0.0, 0.0, 0.0, 0.0, 0.0, 0.0, 0.0, 0.0, 0.0], "miu_de": 0.5, "input": [1.642815787986479, 2.018661403211329, 2.0993524140683983, 2.139626234371304, 2.0459920740468345, 2.2085369779170736, 2.1667647163894044, 2.1480818834556956, 2.180744550538364, 1.6383111120441456, 1.1120048677157843, 1.2676421531966795, 1.345704853133892, 1.4866198744265167, 1.3790645491378446, 1.4406641833781209, 1.4295162178913794, 1.468343769025991, 1.3310370128015028, 0.8679588611428085, 0.6578518511874626, 0.6071659445232003, 0.6153423333458632, 0.6568478503059636, 0.7098424826257568, 0.6332435070653831, 0.6919242622828176, 0.7433060820682409, 0.5765092160949383, 0.20451510731790465, 0.5019397652210328, 0.08369970080074723, 0.09372409271409006, 0.12073971424689103, 0.1284975789574641, 0.10354248917326464, 0.14152798145540404, 0.11113331760848388, 0.04474581045591564, -0.18606461340326047, 0.30966320262017694, -0.3472447350359809, -0.27927110928460885, -0.23768443707124567, -0.2782261539089833, -0.29167248918122896, -0.30812493996337426, -0.35167683588790144, -0.3766717973550744, -0.5409729719532177, 0.31204038686553803, -0.5159772547346447, -0.5759978833138204, -0.5990006287148234, -0.5740814564929847, -0.5693616722932612, -0.53198955009859, -0.5654190389420493, -0.6070521876612706, -0.7938216825778166, 0.26671969489147296, -0.6492904431645231, -0.7689603152204822, -0.7586726383452218, -0.7533697942182621, -0.7710892488868446, -0.793559758680151, -0.7833074101655338, -0.7934709311316808, -0.8835668328867592, 0.19645281849196083, -0.7629644398182536, -0.8864207691547535, -0.902800989921549, -0.88711251470265, -0.9057894437248711, -0.9275406085495311, -0.9240480793511493, -0.951288817472806, -1.005296225395049, 0.13482588457698105, -0.7968744316604709, -0.9596633273138608, -0.9810498604650782, -0.9956732483646241, -1.0040820633883927, -1.0124512668449293, -1.0075900017636692, -1.020079566108832, -1.0955026340448342, 0.07260829977895016, -0.8933360528034421, -1.064257268208058, -1.068419531324833, -1.0833106998836408, -1.0860941584357955, -1.094916277242787, -1.1009693572062327, -1.1018777327963836, -1.130844694035372], "bean_num": 0.5, "model_info": {"det_num_x": 10, "det_num_y": 10, "det_y": 0.03, "det_x": 0.03, "size_x": 0.5, "size_y": 0.5, "med_margin": 0.0015}}