{"source": [-357.232850148562, -629.3877059504781], "intensity": 100, "miu_detector": 0.3, "miu_medium": 1.2, "miu_air": 0.00018, "output": [0.0, 0.0, 0.0, 0.0, 0.0, 0.0, 0.28652445130496246, 0.7134755486950375, 0.0, 0.0, 0.0, 0.0, 0.0, 0.0, 0.0, 0.0, 0.0, 0.0, 0.0, 0.0, 0.0, 0.0, 0.0, 0.0, 0.0, 0.0, 0.0, 0.0, 0.0, 0.0, 0.0, 0.0, 0.0, 0.0, 0.0, 0.0, 0.0, 0.0, 0.0, 0.0], "miu_de": 0.5, "input": [1.736420734280014, 1.859123180295886, 1.8309678963029952, 1.843841959470377, 1.7844882304294305, 1.831332224038626, 1.8117725435764498, 1.853703589432941, 1.7792601919787643, 1.58573176307653, 1.491321361001604, 1.142484606258666, 1.002717936081258, 1.0740884867202598, 0.9864890741890665, 1.0847911895962237, 1.0141609334329587, 0.9832206110116863, 0.988880311407845, 0.5180128706320477, 1.411605785430727, 0.5027279809688463, 0.3184897683177053, 0.38164703028660735, 0.17600454380177102, 0.23640491094359814, 0.2389682673154274, 0.24583249839895283, 0.17576532341718787, -0.005277247000967635, 1.512778767783203, 0.4365650118815269, -0.09472639079601292, -0.1703824022589937, -0.2549121291459468, -0.25892746882518786, -0.2750821679649794, -0.2668757637861307, -0.31670191444364293, -0.42813112608153603, 1.4421852735424745, 0.3918499224145404, -0.26634110571068215, -0.48169674780612626, -0.5389664743894871, -0.5768542125144183, -0.5932488522554266, -0.6038039397206107, -0.6264422537388634, -0.729472227226143, 1.391738386675101, 0.33228234160887077, -0.3379198027477648, -0.6723196001561245, -0.74754926198016, -0.8207311880736224, -0.8104088336114966, -0.8260190907214088, -0.8800053044312098, -0.942651519493551, 1.368310528220012, 0.30299133317608357, -0.3357266389631301, -0.7458960293140853, -0.8750005629880696, -0.9687982764113473, -0.9684048861318899, -0.9956608581635704, -0.9964949264769375, -1.0677224206480571, 1.4366259211259118, 0.27854190464032663, -0.3298651152058907, -0.7419484198685524, -0.9552279778672803, -1.0449063469171957, -1.0698606500099008, -1.1138788718104577, -1.1083040078450352, -1.1411414289530475, 1.370549375064834, 0.2725874500115653, -0.446759060259693, -0.8185005486948825, -0.9857716962381147, -1.0958401493779972, -1.11358224321084, -1.1484171180018685, -1.1766511786793088, -1.20104099389881, 1.078506188342604, 0.06690403130308299, -0.5581820346410608, -0.9257539762045919, -1.0704149776666843, -1.1496499568083063, -1.198812505745384, -1.2296814925882402, -1.2302955730136542, -1.2390342904002223], "bean_num": 0.5, "model_info": {"det_num_x": 10, "det_num_y": 10, "det_y": 0.03, "det_x": 0.03, "size_x": 0.5, "size_y": 0.5, "med_margin": 0.0015}}