{"source": [-685.7549237006858, -238.16749028131684], "intensity": 100, "miu_detector": 0.3, "miu_medium": 1.2, "miu_air": 0.00018, "output": [0.0, 0.0, 0.8719474990372873, 0.12805250096271265, 0.0, 0.0, 0.0, 0.0, 0.0, 0.0, 0.0, 0.0, 0.0, 0.0, 0.0, 0.0, 0.0, 0.0, 0.0, 0.0, 0.0, 0.0, 0.0, 0.0, 0.0, 0.0, 0.0, 0.0, 0.0, 0.0, 0.0, 0.0, 0.0, 0.0, 0.0, 0.0, 0.0, 0.0, 0.0, 0.0], "miu_de": 0.5, "input": [1.7403344233082083, 2.0019998710123468, 2.0467945404246572, 2.1502932781284474, 2.179118741910692, 2.151259012976712, 2.111196492499749, 2.0757253222337804, 2.084113130265551, 1.7327899894850944, 1.1450278143748827, 1.2422238990768142, 1.3619551655104303, 1.3884743052655557, 1.405330606749504, 1.396100353404895, 1.3739734298353228, 1.3729171509089786, 1.2349456672196242, 0.9444831757714687, 0.8279554389336441, 0.5722120717154144, 0.5936914132307544, 0.6795942843831078, 0.6597978843172573, 0.6720026783300178, 0.6197535530286356, 0.603703811955776, 0.505572490673277, 0.24173890199581868, 0.609130205447277, 0.02913897787384267, 0.08437067033011277, 0.06815641511492476, 0.1082613914011025, 0.06776750075792559, 0.09395228816265101, 0.018497735956935785, -0.043575305759701075, -0.23555116857254682, 0.5500243720840028, -0.2979414665060266, -0.31020712490828045, -0.29793604723266714, -0.31654510358868176, -0.3172829005468627, -0.31041343347310957, -0.37970572746402026, -0.40769717359861984, -0.5767476589799418, 0.492818033636106, -0.4716324365799847, -0.5668654348954016, -0.5872351692974748, -0.5705531923087025, -0.5810771280053079, -0.6030239123334624, -0.6087617554357658, -0.6541949916485726, -0.7616100955730398, 0.4382857609471863, -0.5962476483008943, -0.7281033337819437, -0.7576133738724682, -0.7746676460415551, -0.7816665237797721, -0.7948609792200559, -0.8286561899031267, -0.8298569632044327, -0.9102660086094648, 0.3937321949016175, -0.6482175893602111, -0.863124981867682, -0.8989155605502414, -0.9297362630347445, -0.9246307578574976, -0.9479848704973962, -0.942523327744465, -0.9628134100936646, -1.032908381642067, 0.3034220694264929, -0.70985168476518, -0.9498305276266922, -0.9839132520879087, -1.0081897176968422, -1.0208588333189146, -1.028524522548683, -1.0335910946330151, -1.048918858241656, -1.0839394620215643, 0.153773735743345, -0.8095301110237262, -1.054045901617093, -1.0660690044251016, -1.0824078175792395, -1.111488826896291, -1.109579957218169, -1.106971316942568, -1.1198484594791465, -1.1474998665182954], "bean_num": 0.5, "model_info": {"det_num_x": 10, "det_num_y": 10, "det_y": 0.03, "det_x": 0.03, "size_x": 0.5, "size_y": 0.5, "med_margin": 0.0015}}