{"source": [-726.0468995377129, -4.107353410259754], "intensity": 100, "miu_detector": 0.3, "miu_medium": 1.2, "miu_air": 0.00018, "output": [0.9639858733512133, 0.03601412664878665, 0.0, 0.0, 0.0, 0.0, 0.0, 0.0, 0.0, 0.0, 0.0, 0.0, 0.0, 0.0, 0.0, 0.0, 0.0, 0.0, 0.0, 0.0, 0.0, 0.0, 0.0, 0.0, 0.0, 0.0, 0.0, 0.0, 0.0, 0.0, 0.0, 0.0, 0.0, 0.0, 0.0, 0.0, 0.0, 0.0, 0.0, 0.0], "miu_de": 0.5, "input": [-1.2622328752548462, -1.2337619426173485, -1.1428415861712227, -1.1015027895344525, -0.9715709405151002, -0.8037088902496332, -0.5103626139926657, -0.1085617865396821, 0.4717638034559208, 1.4981180667195704, -1.2449001644356974, -1.199090837939119, -1.1284542708326624, -1.0630006478668959, -0.9452470357608076, -0.7213059106113037, -0.42303243663264406, 0.1469660917379611, 0.8006917267482986, 1.874026399601827, -1.2189396256218854, -1.1709072170141446, -1.1252457458658671, -1.0306899110650924, -0.8955830203218854, -0.6923761416571428, -0.3019576214959565, 0.14346966625293997, 0.9046197158423722, 1.815954444149457, -1.195283562973101, -1.1250412384796797, -1.0802778420360797, -0.9933152083405323, -0.858468792943408, -0.6305797074454251, -0.34407682548790475, 0.19039572371960845, 0.9588725641921827, 1.8028713487977244, -1.0840074407140226, -1.0649433923595877, -1.0276329137893474, -0.9539399271669544, -0.8161236205251009, -0.6420161354305184, -0.27069379881531214, 0.23176466107076726, 0.8331533105143514, 1.688386777839498, -0.9700189306226211, -0.9512759946796298, -0.8817163212924771, -0.8514766578694436, -0.7626889603729352, -0.6186169476520333, -0.3280495601265621, 0.2000013023384283, 0.9591292556283546, 1.817277733807105, -0.8627758372811746, -0.7560929154938991, -0.6982623380833904, -0.6743661835260027, -0.5769389190523266, -0.46653935632947313, -0.2278455715308422, 0.14186393237309652, 0.8935665854662236, 1.8502378684663996, -0.43610449972540005, -0.2930361743030637, -0.25458907468106395, -0.19975081521855154, -0.14059981322318552, -0.17770355167414847, -0.089246176316123, 0.28561801970367356, 0.9298453331802063, 1.7787965778923547, 0.16542590758628903, 0.4237959893738987, 0.463101043878787, 0.4808102264926412, 0.555090042065839, 0.46599380962415654, 0.49382702948624285, 0.615800658982308, 0.9201600653207804, 1.8019476607485465, 1.1819614828266336, 1.5230073511083868, 1.4592318997636191, 1.4819555837687397, 1.530653998716871, 1.5900136702659113, 1.5167529510807096, 1.5206275137105214, 1.5828340660435278, 1.6089871572146268], "bean_num": 0.5, "model_info": {"det_num_x": 10, "det_num_y": 10, "det_y": 0.03, "det_x": 0.03, "size_x": 0.5, "size_y": 0.5, "med_margin": 0.0015}}