{"source": [667.3086917448117, 318.4741994090005], "intensity": 100, "miu_detector": 0.3, "miu_medium": 1.2, "miu_air": 0.00018, "output": [0.0, 0.0, 0.0, 0.0, 0.0, 0.0, 0.0, 0.0, 0.0, 0.0, 0.0, 0.0, 0.0, 0.0, 0.0, 0.0, 0.0, 0.0, 0.0, 0.0, 0.0, 0.0, 0.16523460057870215, 0.8347653994212979, 0.0, 0.0, 0.0, 0.0, 0.0, 0.0, 0.0, 0.0, 0.0, 0.0, 0.0, 0.0, 0.0, 0.0, 0.0, 0.0], "miu_de": 0.5, "input": [-1.037784367906787, -1.0213921868570832, -0.9930356442900677, -0.9848717348910754, -0.9960034088442369, -0.982798710374055, -0.9847110904862351, -0.9794271642562999, -0.9773461853428546, -1.0030260974711034, -0.9837218477247863, -0.9324357409823605, -0.9328624535360739, -0.8637556196609132, -0.8817975503439215, -0.8938397438221626, -0.908245182726246, -0.8865076840960602, -0.9309127699412433, -0.930997497459097, -0.9162343526539645, -0.8135401973923602, -0.8169799508443448, -0.7868708434778232, -0.7646318141069061, -0.7801649150613681, -0.7749754644055594, -0.7904109140096877, -0.8420990408700457, -0.8645578061421861, -0.8241131325348217, -0.7138361825587588, -0.6804472388053043, -0.6385413677193742, -0.6469139485737146, -0.6331371880939256, -0.6772368029816659, -0.6677574605072211, -0.6936802203092619, -0.7572173441673407, -0.6378735927010599, -0.5110865937761082, -0.486461624335646, -0.45033039262133, -0.4270763409087299, -0.4600852661583475, -0.4638076770416063, -0.5020330906762114, -0.5315625518564124, -0.6352590590333665, -0.4122164970607241, -0.26223178166237887, -0.16197527076345192, -0.1633185573752169, -0.18905070866010404, -0.16703251181003984, -0.23054089015754092, -0.22170769706563842, -0.2699125517474094, -0.4339230659210173, -0.14916028769319417, 0.12204892765135184, 0.171283249568935, 0.2177568174881653, 0.20286145833368124, 0.15740866462886527, 0.22771081168227097, 0.17524791609794305, 0.07962603596947106, -0.12479743086406696, 0.31313301423086465, 0.6421360432434268, 0.7534647321930346, 0.7697424472253238, 0.7576607060178071, 0.762605320097463, 0.7770401377214888, 0.7211980674746987, 0.6138000296269565, 0.36438651618852763, 1.016705717266316, 1.4043630074289646, 1.420569071540829, 1.4702192940962395, 1.5061584149405165, 1.4317255354636502, 1.4271467469133323, 1.3939725348801937, 1.3370981967773798, 0.9617400335981542, 1.7870644405909848, 2.13918672382266, 2.1139955685715743, 2.1594448182492414, 2.2570419883331883, 2.1684323575135176, 2.1370214363578732, 2.2190473028432005, 2.1635366010903376, 1.7366816203994657], "bean_num": 0.5, "model_info": {"det_num_x": 10, "det_num_y": 10, "det_y": 0.03, "det_x": 0.03, "size_x": 0.5, "size_y": 0.5, "med_margin": 0.0015}}