{"source": [-726.3423447718458, -157.16788758806229], "intensity": 100, "miu_detector": 0.3, "miu_medium": 1.2, "miu_air": 0.00018, "output": [0.0, 0.6433801171455034, 0.35661988285449664, 0.0, 0.0, 0.0, 0.0, 0.0, 0.0, 0.0, 0.0, 0.0, 0.0, 0.0, 0.0, 0.0, 0.0, 0.0, 0.0, 0.0, 0.0, 0.0, 0.0, 0.0, 0.0, 0.0, 0.0, 0.0, 0.0, 0.0, 0.0, 0.0, 0.0, 0.0, 0.0, 0.0, 0.0, 0.0, 0.0, 0.0], "miu_de": 0.5, "input": [1.7450524691666998, 2.108655913199356, 2.1707297834261206, 2.144392922904563, 2.205666345256024, 2.1376345525992253, 2.058922870021674, 2.0715778526632604, 2.102820044465008, 1.7752625506486104, 1.0866503871576647, 1.2785749190793896, 1.3590288217215927, 1.3013537359022245, 1.3865485579480878, 1.331114627224836, 1.3849660505226316, 1.3218328421986898, 1.3193368977048812, 1.0186716933110345, 0.7084191606111703, 0.5052473898546809, 0.6586171702032144, 0.633490231956693, 0.6864321466991377, 0.6751129594802461, 0.6228895664531976, 0.6372568448222768, 0.5313138228639122, 0.2941115718322108, 0.47960052226272776, 0.031713449725088015, 0.1317713703066091, 0.11640458348824236, 0.12702676576826538, 0.13371058373590253, 0.12379318806825242, 0.1051508389016544, 0.05886427678717269, -0.1484703846826081, 0.44481598710661746, -0.2758605747306721, -0.34308356031353215, -0.3307208196006398, -0.3239822141344796, -0.2778759241141954, -0.2765270278567179, -0.2793447258350656, -0.3645858067836463, -0.5986418496457965, 0.35707436877934146, -0.4938338921549269, -0.5559846546826939, -0.5452050812896576, -0.5137701068594641, -0.49551441932436097, -0.5807097265106461, -0.568408084870301, -0.6505978955661142, -0.8118215057742175, 0.2820128844582584, -0.6188369870269971, -0.7267197083505019, -0.7907825013533315, -0.7756587246084067, -0.7187368469974846, -0.7523753042094147, -0.8047337733941523, -0.7846837850196428, -0.9270529020653517, 0.24693619733049113, -0.7607257755314751, -0.860117019675536, -0.9123855279148786, -0.9430089425523448, -0.9343419849557877, -0.9387491015029433, -0.931926735161357, -0.9535304040415649, -1.0052408936348058, 0.21667459208380876, -0.7529860042729795, -0.9810262102268137, -0.980279314116093, -1.018098823979348, -0.9935793312413758, -1.0248816626376, -1.0519204019261763, -1.0462143526314511, -1.0860354121726865, 0.09084312603538543, -0.8572166777381736, -1.0690511431327219, -1.0842130355314146, -1.1012652150566347, -1.0998759455624276, -1.1069504235547538, -1.1152715405723723, -1.1193456754411406, -1.1453210942162446], "bean_num": 0.5, "model_info": {"det_num_x": 10, "det_num_y": 10, "det_y": 0.03, "det_x": 0.03, "size_x": 0.5, "size_y": 0.5, "med_margin": 0.0015}}