{"source": [340.0418579221847, 665.3775901707655], "intensity": 100, "miu_detector": 0.3, "miu_medium": 1.2, "miu_air": 0.00018, "output": [0.0, 0.0, 0.0, 0.0, 0.0, 0.0, 0.0, 0.0, 0.0, 0.0, 0.0, 0.0, 0.0, 0.0, 0.0, 0.0, 0.0, 0.0, 0.0, 0.0, 0.0, 0.0, 0.0, 0.0, 0.0, 0.0, 0.007705302573524654, 0.9922946974264754, 0.0, 0.0, 0.0, 0.0, 0.0, 0.0, 0.0, 0.0, 0.0, 0.0, 0.0, 0.0], "miu_de": 0.5, "input": [-1.2003520560390288, -1.1682462441987898, -1.1308605218565324, -1.0385990197660955, -0.8859106749808808, -0.6446705042533807, -0.32524120257639294, 0.12434570346611991, 0.770496961834689, 1.5069808128126199, -1.2217586302566936, -1.164279519493749, -1.0541853928884979, -0.9857286689108958, -0.7982122543208084, -0.5541492181062789, -0.20609504869695633, 0.27250624037202115, 1.025327923496363, 1.9133057675797398, -1.1977158198570188, -1.14007697323989, -1.060360562412281, -0.8982621212127423, -0.7631498112543036, -0.5246839439862365, -0.11911536257957403, 0.37336384896314734, 1.1499041212188046, 1.9926342583819772, -1.1710650083198182, -1.1232552783772314, -1.0241021581536864, -0.9341929960210295, -0.7035967012674631, -0.45703119137090736, -0.13591313547229816, 0.3608716147343986, 1.1456366410631025, 2.0192937983719847, -1.149324488775996, -1.085630508637485, -1.0273910477738804, -0.8777553250589616, -0.7697568513083431, -0.5012805403891217, -0.07769883519958032, 0.3288343116250965, 1.2068536572189932, 1.9623369916250517, -1.0984661023348803, -1.0350803471413783, -1.0221274272106562, -0.9030956693550495, -0.7330404209465848, -0.48413212383702536, -0.08150436418618347, 0.42305024551403203, 1.114435350735641, 1.883240070595633, -0.9895028119231242, -0.870673768315392, -0.8845270318650432, -0.8221440392218442, -0.7056642956116443, -0.43764440132548643, -0.1002686273111923, 0.40354402266979544, 1.2022345544956663, 2.0210745904641674, -0.7305859676461587, -0.6155291149462557, -0.5980650622633309, -0.5508179383805162, -0.5030391412607235, -0.3671276807827122, -0.11130352067026424, 0.3850100766770705, 1.0959117800791998, 1.960369930415892, -0.16498917285733528, -0.06380309392727074, 0.00554951235662202, 0.1123554381222711, 0.059568052965068966, 0.10427233675059909, 0.15804840899611552, 0.41618938759729024, 1.009205705370114, 1.8486993346249114, 0.9644110223684, 1.1394490473783383, 1.1793369908290026, 1.319873732188869, 1.192083621085832, 1.3050368762962217, 1.286318951834602, 1.2308625492890914, 1.3648836889981546, 1.6550718088701728], "bean_num": 0.5, "model_info": {"det_num_x": 10, "det_num_y": 10, "det_y": 0.03, "det_x": 0.03, "size_x": 0.5, "size_y": 0.5, "med_margin": 0.0015}}