{"source": [645.8170665626253, 378.6940138943329], "intensity": 100, "miu_detector": 0.3, "miu_medium": 1.2, "miu_air": 0.00018, "output": [0.0, 0.0, 0.0, 0.0, 0.0, 0.0, 0.0, 0.0, 0.0, 0.0, 0.0, 0.0, 0.0, 0.0, 0.0, 0.0, 0.0, 0.0, 0.0, 0.0, 0.0, 0.0, 0.0, 0.6237228965960192, 0.3762771034039808, 0.0, 0.0, 0.0, 0.0, 0.0, 0.0, 0.0, 0.0, 0.0, 0.0, 0.0, 0.0, 0.0, 0.0, 0.0], "miu_de": 0.5, "input": [-1.2306311707635103, -1.2371232691396512, -1.2081284126193583, -1.1951228361891053, -1.1492168510330476, -1.0690832929714515, -0.915843540161569, -0.6610828411945742, -0.07806887559006617, 0.9532828248194802, -1.186503486470218, -1.1613390585094878, -1.1386037691980806, -1.127947309735033, -1.090928145238688, -1.0270164283091192, -0.8546632565774981, -0.539291161513064, 0.11033930730126633, 1.2170664395217525, -1.1266982064824211, -1.100085026636021, -1.1067049566639051, -1.0790214158292688, -1.069413903256224, -0.964797880787115, -0.8482453182885079, -0.4412006039055324, 0.14883336003035122, 1.353959217020659, -1.0411933245597857, -0.9840976881823977, -0.9792197741569083, -0.9774580157248273, -0.9200491807935034, -0.8689746124042083, -0.8130107646783106, -0.4513896474606296, 0.17425300485370016, 1.298548856657984, -0.8925839440157511, -0.7814337835413138, -0.7936672445012884, -0.7707322468148319, -0.7586606002789413, -0.7133250267619251, -0.6660906974137831, -0.40137763999915066, 0.23381811469569305, 1.2786605942632514, -0.7404569928378884, -0.5522994561918904, -0.602740601739321, -0.5433648652638233, -0.4947729869970833, -0.5844323049111734, -0.4833230378783641, -0.2998798174835827, 0.27687448173083173, 1.276420419728583, -0.4337843749527026, -0.18591237150793458, -0.18071645669106573, -0.21980565207732958, -0.1765715032398054, -0.17027139808547742, -0.1854740986704166, -0.14715743551397176, 0.3264838483366076, 1.4634987694022583, -0.030915141528136788, 0.3490777546270286, 0.3343509559088165, 0.2953139467917605, 0.3287758779548621, 0.36111036204461855, 0.4423619627152514, 0.394293492850947, 0.4749219661658867, 1.3718950824850054, 0.6527977679838751, 0.9916237627578834, 1.0760326445752333, 1.1448815059242883, 1.1268866913061886, 1.0995564673836578, 0.9297966091644685, 1.1176765075976707, 1.0050559268085901, 1.4229449923247777, 1.545582615820483, 1.8605318044032197, 1.8288224756261646, 1.8451099591450504, 1.9495210579164641, 1.913532621481688, 1.9219512270822672, 1.9635610486085158, 1.9867556828420494, 1.6051416952608963], "bean_num": 0.5, "model_info": {"det_num_x": 10, "det_num_y": 10, "det_y": 0.03, "det_x": 0.03, "size_x": 0.5, "size_y": 0.5, "med_margin": 0.0015}}