{"source": [476.9660967934138, 585.6601527869207], "intensity": 100, "miu_detector": 0.3, "miu_medium": 1.2, "miu_air": 0.00018, "output": [0.0, 0.0, 0.0, 0.0, 0.0, 0.0, 0.0, 0.0, 0.0, 0.0, 0.0, 0.0, 0.0, 0.0, 0.0, 0.0, 0.0, 0.0, 0.0, 0.0, 0.0, 0.0, 0.0, 0.0, 0.0, 0.35107045539190984, 0.6489295446080902, 0.0, 0.0, 0.0, 0.0, 0.0, 0.0, 0.0, 0.0, 0.0, 0.0, 0.0, 0.0, 0.0], "miu_de": 0.5, "input": [0.7929835021531356, 1.038973428358793, 0.9984849030366245, 0.9247162914493754, 1.0459468647142582, 0.9713535240470896, 1.067601522991163, 1.0534147621360723, 1.2956482642002582, 1.63675466215688, -0.3672205999285782, -0.2590636010525752, -0.23751400769348732, -0.16619514273557945, -0.11419775311275422, -0.0013089876186328543, 0.12703703610855085, 0.41841657896395534, 1.075405758496222, 1.9359452413756588, -0.848476911219271, -0.7733638199608563, -0.7329193953022375, -0.6668298320588179, -0.6037101674272711, -0.324934497891335, -0.06619576205415678, 0.4806369921173734, 1.207510976252034, 1.975381111525952, -1.0571764841416398, -0.9898994855950086, -0.9587054737766262, -0.8145529641004139, -0.6401616534498462, -0.4423092995371194, -0.02416751342671044, 0.5106917471511749, 1.188424294896169, 2.128080780233071, -1.1433997650746335, -1.0658406980617692, -0.949778592302926, -0.8400945003153762, -0.6572263235366382, -0.4466678173485802, -0.05383349255797885, 0.5028240499605336, 1.2103555410089655, 1.9864689045899653, -1.1772034192307248, -1.0873223263111906, -0.995180009655694, -0.8253160502333943, -0.7038671619672249, -0.46152207905911985, -0.008024953345725668, 0.4847612525152463, 1.3031620575911969, 2.0692611842034654, -1.1827753637004845, -1.1142120570902485, -1.018741830985886, -0.8999217029066734, -0.7064340321912714, -0.4378894946306446, 0.006472479312739387, 0.449412659476287, 1.333416090874949, 1.9988270069155847, -1.1622039103738784, -1.128438793006877, -1.0355093767910812, -0.8897499362139494, -0.6989552522828169, -0.43021192249428264, -0.14160402740035755, 0.5389860691227604, 1.1603651267976216, 1.9158605125625543, -1.2031045241313194, -1.1150492056977575, -1.0183767994484274, -0.8852768541489547, -0.7181330527317434, -0.5251568587570721, -0.08451364908375267, 0.455540209895066, 1.271609223857828, 2.0169997286047225, -1.2239635341853936, -1.1588126821447227, -1.0800909814965602, -0.9825024945382599, -0.8751001607161945, -0.5962913002416282, -0.24012419394844736, 0.13489550948299606, 0.8056854295935185, 1.539013253692762], "bean_num": 0.5, "model_info": {"det_num_x": 10, "det_num_y": 10, "det_y": 0.03, "det_x": 0.03, "size_x": 0.5, "size_y": 0.5, "med_margin": 0.0015}}