{"source": [478.61464041099896, 588.338746000823], "intensity": 100, "miu_detector": 0.3, "miu_medium": 1.2, "miu_air": 0.00018, "output": [0.0, 0.0, 0.0, 0.0, 0.0, 0.0, 0.0, 0.0, 0.0, 0.0, 0.0, 0.0, 0.0, 0.0, 0.0, 0.0, 0.0, 0.0, 0.0, 0.0, 0.0, 0.0, 0.0, 0.0, 0.0, 0.3476018908722824, 0.6523981091277177, 0.0, 0.0, 0.0, 0.0, 0.0, 0.0, 0.0, 0.0, 0.0, 0.0, 0.0, 0.0, 0.0], "miu_de": 0.5, "input": [1.716650748681779, 1.4030525006168146, 1.2259599861534634, 1.246440767279791, 1.2216089922149262, 1.2554279558745702, 1.205974118486035, 1.2688961159989431, 1.2109914835159818, 0.8970095455351991, 1.829737743034168, 1.0155038525014517, 0.5015420467361918, 0.2646134679459186, 0.1383238224719797, 0.11141203674286577, 0.0747107404074879, 0.0802634328005812, 0.07373415984310547, -0.16473569721387268, 1.920270799358381, 1.117203446037988, 0.3790984106289349, -0.09812477516612003, -0.35310356037195595, -0.4745391743502857, -0.5530738336479358, -0.5336238824621504, -0.5714659666612816, -0.6695944797663731, 1.9772388695996814, 1.0652628898694272, 0.37897400505273166, -0.06872751814595757, -0.45968085365499073, -0.6860471978417682, -0.8382560641203057, -0.8622134456746054, -0.9252764832448128, -0.9719744402031583, 1.924295504093812, 1.140139740911932, 0.4259113913764569, -0.023228065264306312, -0.5134966830759856, -0.7581224687424086, -0.8700091222081341, -0.9786545066703338, -1.0534503345717146, -1.0965421682723913, 1.9436737535250208, 1.1474976146565483, 0.3914051829548695, -0.17017175945318988, -0.5360860459672058, -0.7476481364610745, -0.8673140916899089, -1.0339084950039483, -1.108475164388431, -1.1825344828757574, 1.9530311373349458, 1.1546638437022285, 0.38819775702212145, -0.14067790806075703, -0.5249580367988024, -0.7586782788068541, -0.9296574170794668, -1.0602884242963362, -1.1239524911116365, -1.1807047300495497, 2.0279254423711373, 1.0847547020651847, 0.3989202254796586, -0.19046976019385714, -0.5002140769219091, -0.754430300397729, -0.9242969985920175, -1.065463243909115, -1.1422888723599176, -1.2135976491433076, 1.9416148877930997, 1.0807534799440215, 0.28151584741243457, -0.23661076869266123, -0.5566310692135793, -0.7751773933379754, -0.9681485838717039, -1.0739901635087912, -1.1500901274905504, -1.2065246569944188, 1.5547601132896174, 0.7336813706277546, 0.0439525900929173, -0.4458879415028711, -0.7103219652767331, -0.8601664673417309, -1.0232814336678795, -1.1168407221738812, -1.1684564847935117, -1.2247116592842304], "bean_num": 0.5, "model_info": {"det_num_x": 10, "det_num_y": 10, "det_y": 0.03, "det_x": 0.03, "size_x": 0.5, "size_y": 0.5, "med_margin": 0.0015}}