{"source": [739.145228111114, 199.9991242589362], "intensity": 100, "miu_detector": 0.3, "miu_medium": 1.2, "miu_air": 0.00018, "output": [0.0, 0.0, 0.0, 0.0, 0.0, 0.0, 0.0, 0.0, 0.0, 0.0, 0.0, 0.0, 0.0, 0.0, 0.0, 0.0, 0.0, 0.0, 0.0, 0.0, 0.0, 0.31770761549911636, 0.6822923845008836, 0.0, 0.0, 0.0, 0.0, 0.0, 0.0, 0.0, 0.0, 0.0, 0.0, 0.0, 0.0, 0.0, 0.0, 0.0, 0.0, 0.0], "miu_de": 0.5, "input": [1.4635749540014131, 1.9023344377247682, 1.9141060695505625, 1.9488120464340728, 1.9375572827732257, 1.8778376457212695, 1.9105104049064636, 1.8580319053649583, 1.7525102371077284, 1.6414278976415755, 0.6890568992527168, 1.0514992683776925, 1.0265774600559132, 1.0971588611354293, 1.1670395659239206, 1.1041209901097955, 1.075535816319091, 1.0825968954855703, 0.9851498862071714, 1.3903466824643658, 0.03761500123099835, 0.2197005481412054, 0.34221671638806295, 0.3173092440224715, 0.3893385589872797, 0.352918010060144, 0.3147311102954362, 0.3329756559934851, 0.4128088726489678, 1.2955387047761155, -0.5077378685651591, -0.21817630291329781, -0.19400867916069184, -0.24227885428601253, -0.2199620667791987, -0.13949788588979736, -0.14434235612556068, -0.09961495373643554, 0.3643735518033127, 1.3654701473057587, -0.7426380336800693, -0.6090035820439862, -0.5570294419222765, -0.6078866534278462, -0.5156718931576421, -0.5058847464011061, -0.4723404906404296, -0.34047374684981413, 0.3797094685852777, 1.333300866414218, -0.9232246078831184, -0.8583284981186269, -0.8550655022616852, -0.796737685704837, -0.7680092362983585, -0.7420571377295377, -0.6578701777806633, -0.3684629022934326, 0.2186663683989559, 1.3307924399953603, -1.0449311435826258, -1.0023877438898914, -0.9767026417105978, -0.9324353251845764, -0.940528346223538, -0.8825314114850116, -0.7752262356665927, -0.44892534354857, 0.1685651200158809, 1.3512761344013877, -1.158556868088581, -1.100195708127785, -1.0575266383574797, -1.0186098485246056, -1.0420884309986431, -0.9725771351268275, -0.8720638982268556, -0.49785030100600264, 0.16564848245591213, 1.404658385445091, -1.2005256087159044, -1.1789821360534076, -1.1484403820551177, -1.135122385073408, -1.071781757281571, -1.0092020954382008, -0.8360896738183318, -0.5024388046710989, 0.17908403707145965, 1.3199626216667166, -1.2398268795110867, -1.237199497662004, -1.2104325977614117, -1.2063715165634836, -1.1633841633923212, -1.090395105693448, -0.8901115816011909, -0.5932701137352943, 0.044928514048911676, 1.0056408557149232], "bean_num": 0.5, "model_info": {"det_num_x": 10, "det_num_y": 10, "det_y": 0.03, "det_x": 0.03, "size_x": 0.5, "size_y": 0.5, "med_margin": 0.0015}}