{"source": [688.7548348811985, -345.0989717564967], "intensity": 100, "miu_detector": 0.3, "miu_medium": 1.2, "miu_air": 0.00018, "output": [0.0, 0.0, 0.0, 0.0, 0.0, 0.0, 0.0, 0.0, 0.0, 0.0, 0.0, 0.0, 0.0, 0.0, 0.0, 0.0, 0.0, 0.9570056089299998, 0.04299439107000022, 0.0, 0.0, 0.0, 0.0, 0.0, 0.0, 0.0, 0.0, 0.0, 0.0, 0.0, 0.0, 0.0, 0.0, 0.0, 0.0, 0.0, 0.0, 0.0, 0.0, 0.0], "miu_de": 0.5, "input": [1.720143210456474, 0.8873163909591347, 0.18606261802358512, -0.2852624513508384, -0.6116630377472602, -0.8574455104492748, -0.9737005582705777, -1.0532645128414906, -1.1330399054804798, -1.1938259436996626, 2.0042222456183447, 1.1938397202443511, 0.48317954233671423, -0.04592641343112124, -0.4085763465058731, -0.6943009669835868, -0.921401384440875, -1.009008070679575, -1.0903758207357412, -1.1633263836158305, 2.0283831289399123, 1.3227709959908196, 0.5350201245832995, 0.01250864093526177, -0.390553767579121, -0.6612683031631615, -0.8518321735107957, -0.997307243648563, -1.0708377500212491, -1.1408306344662165, 1.9444885932211626, 1.2845077656027248, 0.5797707562327767, 0.0625425911226637, -0.38642368456022386, -0.6542322268697388, -0.8252422019710752, -0.9803143797780559, -1.0552062942020954, -1.1516334566275992, 2.0866106803618445, 1.3089139946279507, 0.5663840006912615, -0.009357943990575239, -0.3783728900932387, -0.5979938761915674, -0.8048890335266389, -0.9525360361700342, -1.0375823178903325, -1.1349685773270535, 2.0731492908961373, 1.3737368251510311, 0.5997927342556922, 0.011873318363604933, -0.3506179288968899, -0.6092462901460147, -0.8139738703585271, -0.9444396677926129, -1.0327732090479795, -1.124399799809824, 2.1237133098377403, 1.3369361628095715, 0.6316024960986049, 0.030696060174980395, -0.39705821221316384, -0.6236685503168207, -0.7590208648926573, -0.9325977871958628, -0.9959214246812339, -1.1182542056471083, 2.059891105576362, 1.2794770955597936, 0.5303922752218326, 0.060625052899047634, -0.3581830066859375, -0.6139307654856365, -0.7145854385327048, -0.7980573931299302, -0.8879653795816637, -0.9828848699343886, 2.0419351312543266, 1.1878131327847634, 0.5961081573958459, 0.08104352463362312, -0.20026367841761328, -0.34729744375925986, -0.41906225640391853, -0.4496973074947939, -0.46752813994267917, -0.5867087696246892, 1.6863944607324013, 1.2468283370460922, 0.9653906255625506, 0.8683749753149821, 0.7733413808799776, 0.7398544968360381, 0.7265649781260193, 0.7085404190637105, 0.6765013203168158, 0.43339469107161027], "bean_num": 0.5, "model_info": {"det_num_x": 10, "det_num_y": 10, "det_y": 0.03, "det_x": 0.03, "size_x": 0.5, "size_y": 0.5, "med_margin": 0.0015}}