{"source": [178.14274483423412, -753.3013858889764], "intensity": 100, "miu_detector": 0.3, "miu_medium": 1.2, "miu_air": 0.00018, "output": [0.0, 0.0, 0.0, 0.0, 0.0, 0.0, 0.0, 0.0, 0.0, 0.0, 0.0, 0.5216632235518982, 0.4783367764481018, 0.0, 0.0, 0.0, 0.0, 0.0, 0.0, 0.0, 0.0, 0.0, 0.0, 0.0, 0.0, 0.0, 0.0, 0.0, 0.0, 0.0, 0.0, 0.0, 0.0, 0.0, 0.0, 0.0, 0.0, 0.0, 0.0, 0.0], "miu_de": 0.5, "input": [-1.2320994350456447, -1.2014367385012092, -1.1263955504242817, -1.0604319718081168, -0.9472059690989298, -0.7727430080386097, -0.4333515971957596, 0.009254270818322629, 0.6242361968871292, 1.5113232040508378, -1.2195050062558892, -1.1587753194963506, -1.109626005094389, -0.986409552553589, -0.8458078626187112, -0.6284481716435548, -0.27248999890822795, 0.20795585665572178, 0.9537010436761604, 1.7947797832008294, -1.2001861120222075, -1.1423501667100937, -1.0800385658122018, -0.9718325418897228, -0.8223201349533987, -0.5537482408124396, -0.22976417665908067, 0.25852307892419746, 1.0711046532044393, 1.8923582711632754, -1.1845956659356023, -1.1315090204283207, -1.0568794401657766, -0.9643779585426929, -0.8027901241081519, -0.5497476274408281, -0.21326596465560785, 0.26129446291215225, 0.9983998475393141, 1.921190634940315, -1.1461418602268503, -1.0681778671593367, -1.0257524622998524, -0.938594266276024, -0.8084193583787137, -0.5502888634179116, -0.20755300772009225, 0.3030760956808793, 1.0717865085581288, 1.8869270068780861, -1.070147896065362, -0.9888750684222394, -0.9780902906806205, -0.8808986067665641, -0.762039561152532, -0.53125620719799, -0.20393679590455357, 0.31652813041246486, 1.0526068764817884, 1.9189328616412304, -0.9191237211892098, -0.8087622499846594, -0.80275668602697, -0.7668348275399278, -0.6883167077090944, -0.47250270193021454, -0.15829965788582076, 0.3254470119066543, 1.0621745022842723, 1.919420820067965, -0.6100493205386075, -0.5022615351555989, -0.47356440478119366, -0.4081014362048641, -0.3732739874812042, -0.29073549314899627, -0.07051907551590855, 0.36119422412132796, 1.1106606734707327, 1.9511755690224077, 0.01152430432679409, 0.15712691390012623, 0.18453084782823964, 0.2612170369006023, 0.2618150582509058, 0.3358412038980317, 0.3932694327397038, 0.512615779121785, 1.0301493812001015, 1.9019567978145442, 1.00637039232493, 1.2310838246231057, 1.2616226750057307, 1.2777582332395057, 1.345683955548484, 1.3892026906310633, 1.448989579710923, 1.4621540898385739, 1.475765696577084, 1.6706763656014358], "bean_num": 0.5, "model_info": {"det_num_x": 10, "det_num_y": 10, "det_y": 0.03, "det_x": 0.03, "size_x": 0.5, "size_y": 0.5, "med_margin": 0.0015}}