{"source": [787.4502899918352, 138.13999457507526], "intensity": 100, "miu_detector": 0.3, "miu_medium": 1.2, "miu_air": 0.00018, "output": [0.0, 0.0, 0.0, 0.0, 0.0, 0.0, 0.0, 0.0, 0.0, 0.0, 0.0, 0.0, 0.0, 0.0, 0.0, 0.0, 0.0, 0.0, 0.0, 0.0, 0.0, 0.894446805880077, 0.10555319411992309, 0.0, 0.0, 0.0, 0.0, 0.0, 0.0, 0.0, 0.0, 0.0, 0.0, 0.0, 0.0, 0.0, 0.0, 0.0, 0.0, 0.0], "miu_de": 0.5, "input": [-1.1419375356835222, -1.0982437393076392, -1.073271951411058, -1.0921643756193433, -1.068259634851624, -1.077265719395787, -1.059986538696603, -1.030394084162586, -0.9383990889066787, -0.06739391594062333, -1.0791332205681368, -1.010071639123862, -1.011899950571212, -1.0003833398707687, -0.9787616485192075, -0.9623413928094104, -0.9997165963219433, -0.9724196688099372, -0.8237417571922245, 0.058363873572502174, -0.9805610994369726, -0.9293895375750679, -0.9194290295559421, -0.9069592901517521, -0.9022036266869464, -0.8677745236590131, -0.9108194095529366, -0.8684688805417689, -0.7805029285744601, 0.058626557389660355, -0.9012768233808948, -0.8099593370222625, -0.8042860714315893, -0.7322021459266362, -0.7688640284574735, -0.7516331699835859, -0.7746973033115708, -0.7366182977715819, -0.7138520238366534, 0.10624975068496267, -0.7727486873968487, -0.6511251481457218, -0.5903459638804895, -0.5222835255654372, -0.5181008736119721, -0.5619945989615179, -0.5175319793957348, -0.5749889887101712, -0.5162020634086477, 0.2277912691917576, -0.525990686347401, -0.3269666593451229, -0.23494442325912485, -0.24274610404052638, -0.3041096641427925, -0.2870316169989068, -0.1738418241102681, -0.27331606134410613, -0.27311832787616586, 0.209550933953549, -0.15830260260513257, 0.014061041850769979, 0.16261844034968898, 0.07722063249934127, 0.09804140085529692, 0.08430434819785486, 0.1359408316423225, 0.02027991099405658, 0.06543744626041254, 0.3943259915892353, 0.28710502161691204, 0.5620600278782626, 0.6240852494053559, 0.6858773261629424, 0.698731313632002, 0.6351981218089987, 0.6965184653460608, 0.6628154483636561, 0.6342888595524209, 0.5921899516813536, 0.9248548291966093, 1.3737087710261044, 1.421496231835112, 1.418115718040324, 1.4260452904606717, 1.4130771284917416, 1.5242406658174759, 1.3690335566567693, 1.3780254379307137, 1.0350364545942454, 1.7478285354873937, 2.168739487918548, 2.113929439325231, 2.008398958264274, 2.1088132595339095, 2.1075988140734894, 2.199420774215585, 2.1514844910652404, 2.106697590465758, 1.7827454748867908], "bean_num": 0.5, "model_info": {"det_num_x": 10, "det_num_y": 10, "det_y": 0.03, "det_x": 0.03, "size_x": 0.5, "size_y": 0.5, "med_margin": 0.0015}}