{"source": [733.4840626144091, 318.9515846269345], "intensity": 100, "miu_detector": 0.3, "miu_medium": 1.2, "miu_air": 0.00018, "output": [0.0, 0.0, 0.0, 0.0, 0.0, 0.0, 0.0, 0.0, 0.0, 0.0, 0.0, 0.0, 0.0, 0.0, 0.0, 0.0, 0.0, 0.0, 0.0, 0.0, 0.0, 0.0, 0.3887163531899468, 0.6112836468100532, 0.0, 0.0, 0.0, 0.0, 0.0, 0.0, 0.0, 0.0, 0.0, 0.0, 0.0, 0.0, 0.0, 0.0, 0.0, 0.0], "miu_de": 0.5, "input": [-1.1774318487723245, -1.1864844827056904, -1.180412453366601, -1.169479465351006, -1.144382285502054, -1.1216731350336338, -1.0422714176877252, -0.8935822410570377, -0.33945864525251346, 0.7257569449055343, -1.1578583522758052, -1.1309907001535802, -1.1215012552504324, -1.0758307772045592, -1.0806472552733637, -1.0581876794524545, -0.9781619167551162, -0.7546640800584292, -0.11180937209562222, 0.8946871362383142, -1.1146043738355704, -1.0490761495356355, -0.9947193582297954, -1.0316446291110883, -0.9587778557870534, -0.9421943427653054, -0.9287786412510214, -0.7049135902566048, -0.08825422027397604, 1.1156622020468747, -0.9524904053265305, -0.9547119987139998, -0.9024558854860121, -0.8750707397328082, -0.8722130949272423, -0.846187368388021, -0.8106026807611302, -0.6020447960600961, -0.10044669934134554, 1.0460106176359945, -0.8492690899211749, -0.7373905144393742, -0.7330122201633321, -0.7218087231799392, -0.7235837417246953, -0.6956079961986532, -0.6648354248543297, -0.5860420990148839, -0.07610895632297726, 1.0507157410729413, -0.6401225651170198, -0.4581008568848821, -0.42537560911604866, -0.4419662762995513, -0.41251966908394755, -0.47825721248690756, -0.44897433822844424, -0.409212185596533, -0.013676918700150267, 1.1061911690034998, -0.25272679243519514, -0.19110286965930914, -0.08616224746094953, -0.04088386264076519, -0.10011508806409727, -0.04613048870781573, -0.013907815803458444, -0.04664092369391854, 0.04814658025645298, 1.056164437895603, 0.10266235191498188, 0.4056288278692992, 0.4028749755049013, 0.5333865172751704, 0.4728770453118442, 0.41114401604512624, 0.4774691122531089, 0.4977715832199333, 0.3508746577874568, 1.1237560837096858, 0.7881494071412763, 1.2241578835994444, 1.3757486987644294, 1.1554018788463896, 1.1764098224294879, 1.2398627198236571, 1.1917132462356663, 1.1006902894128574, 1.0083007121145038, 1.2731739649352654, 1.4755715126784297, 2.0131851401515015, 1.9936059796801722, 2.070564562552842, 2.0867089673437325, 2.174868529591763, 1.9869624997452742, 1.9420646856864054, 1.984867293862015, 1.663760884287704], "bean_num": 0.5, "model_info": {"det_num_x": 10, "det_num_y": 10, "det_y": 0.03, "det_x": 0.03, "size_x": 0.5, "size_y": 0.5, "med_margin": 0.0015}}