{"source": [-19.07974262011556, -800.1900900224277], "intensity": 100, "miu_detector": 0.3, "miu_medium": 1.2, "miu_air": 0.00018, "output": [0.0, 0.0, 0.0, 0.0, 0.0, 0.0, 0.0, 0.0, 0.0, 0.1517669416409704, 0.8482330583590296, 0.0, 0.0, 0.0, 0.0, 0.0, 0.0, 0.0, 0.0, 0.0, 0.0, 0.0, 0.0, 0.0, 0.0, 0.0, 0.0, 0.0, 0.0, 0.0, 0.0, 0.0, 0.0, 0.0, 0.0, 0.0, 0.0, 0.0, 0.0, 0.0], "miu_de": 0.5, "input": [0.485592511528554, -0.6292890022733948, -0.9900693612687248, -1.081223542881048, -1.1125852017928008, -1.1315945488016783, -1.1389021621112028, -1.1402028377758675, -1.1601085554960495, -1.1813682658655917, 0.6490747042218786, -0.48756399860870087, -0.8974824443249236, -1.0245186425982507, -1.0304257873914526, -1.054946053829054, -1.0753065092871277, -1.0812590512802989, -1.0789383200086018, -1.1189297491834238, 0.6933339772767112, -0.4432580345947723, -0.8465508849622218, -0.9159425474622312, -0.9585193924707043, -0.9615196860822687, -0.9599903544822417, -0.97885015301666, -1.002704826243465, -1.0579313900584906, 0.788779150355421, -0.4108558968846596, -0.7444383079157225, -0.7962000862236588, -0.8354890375143722, -0.8296025522294912, -0.8359018471748481, -0.8454967713025452, -0.8770184097790494, -0.949625045804639, 0.7380304510644522, -0.32471656204929045, -0.59140634576445, -0.6114625585722019, -0.6252244525864976, -0.6119489646900452, -0.6648980392968917, -0.6747743202607386, -0.7147985583377078, -0.8166867851386415, 0.8343225930418272, -0.2063262393163377, -0.35118371340374516, -0.34109072115972405, -0.3573401750931858, -0.337311495810245, -0.3713514182653287, -0.3874579450008105, -0.4218594085454397, -0.5939336803740011, 0.8988132128497976, 0.05153344742504678, 0.04239353758318573, 0.004957518230821916, -0.008455697034466792, 0.02622896099303405, 0.03010618770380197, -0.04049756125987879, -0.04700051646899949, -0.2654765387964693, 0.9871070973533701, 0.5486405722603857, 0.5934613037582954, 0.5736035710116163, 0.5513262495075771, 0.6220573137553792, 0.5856337413783755, 0.5181789107821229, 0.4745588695773238, 0.20065254059493332, 1.2471684848337166, 1.224283995289084, 1.3334906636524468, 1.3459854974748122, 1.3181877253663299, 1.3695684868778268, 1.3150941490924626, 1.2165126787124432, 1.210456070576159, 0.8300378026018328, 1.7163658574225156, 1.9899282532329796, 2.0823056290598108, 2.0724835309531637, 2.091090349710418, 2.071695572632205, 2.0445704937426434, 2.0102911283430527, 1.993502039396858, 1.6484061249806776], "bean_num": 0.5, "model_info": {"det_num_x": 10, "det_num_y": 10, "det_y": 0.03, "det_x": 0.03, "size_x": 0.5, "size_y": 0.5, "med_margin": 0.0015}}