{"source": [-542.1533009377349, 594.8604790154913], "intensity": 100, "miu_detector": 0.3, "miu_medium": 1.2, "miu_air": 0.00018, "output": [0.0, 0.0, 0.0, 0.0, 0.0, 0.0, 0.0, 0.0, 0.0, 0.0, 0.0, 0.0, 0.0, 0.0, 0.0, 0.0, 0.0, 0.0, 0.0, 0.0, 0.0, 0.0, 0.0, 0.0, 0.0, 0.0, 0.0, 0.0, 0.0, 0.0, 0.0, 0.0, 0.0, 0.0, 0.29489904742139533, 0.7051009525786047, 0.0, 0.0, 0.0, 0.0], "miu_de": 0.5, "input": [-1.1575148804370923, -1.1153756025490862, -1.0446024755372203, -0.9786327782395089, -0.7672468835752926, -0.5368576357449948, -0.25806431995300383, 0.227943905443855, 0.9254439678018069, 1.6573899631588238, -1.153464991416621, -1.0634797935431146, -1.022440730775607, -0.8334454734295327, -0.7068572204973715, -0.39475084715478176, 0.003828451782506371, 0.5287758264871047, 1.1053434448890556, 1.9219688263383268, -1.1447712753821355, -1.0413187949987315, -0.9303928091591951, -0.8896649731308454, -0.6225341319170687, -0.3716416588992598, 0.09661941311028911, 0.5464015548141838, 1.2787584416399778, 2.0806030450425026, -1.1236082473383504, -1.0621843437377891, -0.9698842469998218, -0.7941082317830586, -0.6387197386852621, -0.36042289236714253, 0.07675929106412614, 0.5615737354391583, 1.3693191426791476, 2.15381965049265, -1.134004727335318, -1.066269621334306, -0.9331838262946448, -0.8131406748465116, -0.6364360232720384, -0.3845325663647029, 0.006472591897771575, 0.6356006806231241, 1.358338624045133, 2.081699510022237, -1.11252551567825, -1.0243123942911994, -0.9185882784869321, -0.8225520481329869, -0.6358879408856193, -0.4299239777242568, 0.07810742766488088, 0.5647900337253806, 1.389231620239864, 2.1175002021951035, -1.0975212731478112, -1.0202571817000352, -0.8954551136428834, -0.8027295227878485, -0.6497743135579003, -0.38794381723768834, 0.03766815488853393, 0.6140004343410561, 1.3679795841549913, 2.131271706750158, -1.0101755986670788, -0.8980725858608359, -0.8847772082490278, -0.7766912057442732, -0.5559221923047875, -0.3408648214268891, 0.049292131628057206, 0.512766949481145, 1.2965457298754965, 1.9914124848885646, -0.6326107148026074, -0.6002758883751015, -0.48498304421978466, -0.4623607004511589, -0.41342151107067676, -0.22683005342598705, 0.08277717309947043, 0.4797774845636061, 1.2236308953559245, 1.9623397748458817, 0.381324810279304, 0.6179063834803413, 0.6690761665470797, 0.6782565811091591, 0.7121770391788859, 0.7104280931681943, 0.8067630994585125, 0.897083762972412, 1.2558317194364086, 1.7894098084708432], "bean_num": 0.5, "model_info": {"det_num_x": 10, "det_num_y": 10, "det_y": 0.03, "det_x": 0.03, "size_x": 0.5, "size_y": 0.5, "med_margin": 0.0015}}