{"source": [406.989852250523, -769.9004076432157], "intensity": 100, "miu_detector": 0.3, "miu_medium": 1.2, "miu_air": 0.00018, "output": [0.0, 0.0, 0.0, 0.0, 0.0, 0.0, 0.0, 0.0, 0.0, 0.0, 0.0, 0.0, 0.0, 0.9042086182753919, 0.09579138172460813, 0.0, 0.0, 0.0, 0.0, 0.0, 0.0, 0.0, 0.0, 0.0, 0.0, 0.0, 0.0, 0.0, 0.0, 0.0, 0.0, 0.0, 0.0, 0.0, 0.0, 0.0, 0.0, 0.0, 0.0, 0.0], "miu_de": 0.5, "input": [1.729301063722443, 1.1335148765526728, 0.7986383006173111, 0.6399883611591451, 0.551209850275637, 0.5089347473782039, 0.4437419892636598, 0.40834051406391997, 0.33687931922328596, 0.24513005465184662, 2.090552932273158, 1.265856273577198, 0.546019152227146, 0.0824422829756737, -0.3195992852519554, -0.4518706557459064, -0.5704005724917864, -0.6350261383095467, -0.701760160477129, -0.7911873687651974, 2.0742126406033154, 1.3575868821040564, 0.6206264381491923, 0.09522003202560142, -0.3145424576930848, -0.5521941645698273, -0.7507547977553602, -0.8230029628982857, -0.9448329085523608, -1.0280971373019454, 2.050173387242106, 1.4117132482801433, 0.613907498357429, 0.04642189386386942, -0.3198624245258122, -0.5766913789097912, -0.791433697898636, -0.9255009268096022, -0.9843188202949059, -1.0857560266734785, 2.176549025191783, 1.4084080174278453, 0.6054904882667783, 0.06274978625903212, -0.3460140130922674, -0.5843394662980814, -0.7672462794053966, -0.9303955646770815, -1.0325083771584946, -1.1017723440940737, 2.150117420782275, 1.3971245949485387, 0.6634497465514078, 0.09704282151441802, -0.31132068813295016, -0.6116606553030699, -0.7843962019735975, -0.9541828238386013, -1.0350472604523049, -1.1169271815158375, 2.0550979711954405, 1.3480823461540643, 0.6743454745669806, 0.0851232536751619, -0.29020092989183977, -0.5688787341646484, -0.8001484523355398, -0.9360078381417676, -1.0432666742584304, -1.0983340531607062, 2.0518625016528755, 1.3686544058989885, 0.5835449921190371, 0.05845064660079601, -0.3528348764567842, -0.6233115713303987, -0.8198917712882212, -0.9606553655084832, -1.0451949792158441, -1.1188619773357977, 2.0808253858737453, 1.2544588864161286, 0.49912056892856116, -0.0072545883435252995, -0.4026701657674209, -0.6441943437963008, -0.8258506371617331, -0.9656234506106695, -1.0570788100051216, -1.1377123155134155, 1.7648110983870096, 0.8910771271459007, 0.26406574113399, -0.210106913016717, -0.558687145665209, -0.7682792575878084, -0.9361261809751348, -1.0371035287354475, -1.0961491392850824, -1.1437975988593194], "bean_num": 0.5, "model_info": {"det_num_x": 10, "det_num_y": 10, "det_y": 0.03, "det_x": 0.03, "size_x": 0.5, "size_y": 0.5, "med_margin": 0.0015}}