{"source": [857.8858173683939, 215.3535249082018], "intensity": 100, "miu_detector": 0.3, "miu_medium": 1.2, "miu_air": 0.00018, "output": [0.0, 0.0, 0.0, 0.0, 0.0, 0.0, 0.0, 0.0, 0.0, 0.0, 0.0, 0.0, 0.0, 0.0, 0.0, 0.0, 0.0, 0.0, 0.0, 0.0, 0.0, 0.43425825585552763, 0.5657417441444724, 0.0, 0.0, 0.0, 0.0, 0.0, 0.0, 0.0, 0.0, 0.0, 0.0, 0.0, 0.0, 0.0, 0.0, 0.0, 0.0, 0.0], "miu_de": 0.5, "input": [-1.186150171672136, -1.1855826782373629, -1.1681535449643352, -1.165161210659997, -1.136751212025647, -1.1268208372669863, -1.0790054213948936, -0.8849769220250665, -0.42862218292740994, 0.7041751320071787, -1.1383667022225845, -1.1011642310254504, -1.0877148190750572, -1.0908977360421457, -1.0779128960768158, -1.0542782759316836, -0.9932917284663906, -0.7866421681516723, -0.31308843962748617, 0.9015848376321152, -1.0847358106873404, -1.025160007565612, -1.018670608848748, -1.001286312757193, -0.9752501477177731, -0.9784435503287038, -0.9237094050318992, -0.7611918664991334, -0.24973999296143154, 0.9140301274412933, -0.9980936791080978, -0.9098019992778296, -0.860053777302777, -0.846215338180511, -0.8440482377586304, -0.8665024902325725, -0.8355193479735414, -0.6876476908877778, -0.22345378836322763, 0.9383814411202943, -0.8075470247079286, -0.7365055061485425, -0.6820663639921014, -0.6902551239718264, -0.7054959718980242, -0.6358874483844045, -0.6356045657565497, -0.5625902725923301, -0.1591620537061748, 0.9562256949395427, -0.64118700493275, -0.5195545010565183, -0.4856956462489718, -0.4230235017337519, -0.4032160223871389, -0.41426051957206306, -0.36946326829945925, -0.40097618286631775, -0.10810513316088453, 1.0094720884948667, -0.3369866767669963, -0.07685155811837802, -0.07537309314758421, -0.034031474023050685, -0.0204977746331787, 0.014682490862752374, -0.050197745006916636, 0.02605528649933916, 0.05421155439747147, 1.0206585006292583, 0.14202192717816198, 0.4656878027399499, 0.47129238688703695, 0.4801838589348108, 0.5017185154682913, 0.48433705171842695, 0.5122561089631262, 0.5350912403453671, 0.4689552596161262, 1.181631300878901, 0.7696658371651607, 1.1843428097074815, 1.2479443448744705, 1.291990387496642, 1.2727617391707537, 1.1951913326165673, 1.2484448594854334, 1.1938435899200592, 1.188317250957938, 1.2233543367337218, 1.619768037365659, 1.979583029523119, 1.9630965384930783, 2.002516827223297, 2.0077287052876542, 2.094422804570434, 2.0510601206454564, 2.030399368612711, 2.003273495122118, 1.7182816406616952], "bean_num": 0.5, "model_info": {"det_num_x": 10, "det_num_y": 10, "det_y": 0.03, "det_x": 0.03, "size_x": 0.5, "size_y": 0.5, "med_margin": 0.0015}}