{"source": [363.8747956076727, 807.6900085516381], "intensity": 100, "miu_detector": 0.3, "miu_medium": 1.2, "miu_air": 0.00018, "output": [0.0, 0.0, 0.0, 0.0, 0.0, 0.0, 0.0, 0.0, 0.0, 0.0, 0.0, 0.0, 0.0, 0.0, 0.0, 0.0, 0.0, 0.0, 0.0, 0.0, 0.0, 0.0, 0.0, 0.0, 0.0, 0.0, 0.0, 0.694686723294564, 0.3053132767054359, 0.0, 0.0, 0.0, 0.0, 0.0, 0.0, 0.0, 0.0, 0.0, 0.0, 0.0], "miu_de": 0.5, "input": [-1.2198513032578904, -1.1717982981247748, -1.094468107950353, -0.9648669917912595, -0.8859790051780171, -0.6314296665671189, -0.3717517493797083, 0.07104232078500185, 0.7228652578731269, 1.5776238060601937, -1.1709948842923683, -1.1241353853050462, -1.0449799732935023, -0.9429495365979069, -0.711750166679486, -0.5293174382554651, -0.19533323466368074, 0.36095311840847527, 1.159558386139234, 1.8305370674952484, -1.1862004552637069, -1.0952719088471377, -1.0111840566108619, -0.9149554692026678, -0.7009026796996628, -0.5333951824725032, -0.0997907834406799, 0.4657435351447663, 1.2551679242618679, 2.021150971000902, -1.1807879939065973, -1.0975043545653458, -1.0461370866557165, -0.9408300386047421, -0.6926740650495665, -0.4157202730282975, -0.09277256991767441, 0.4043067460037821, 1.2575810978441924, 2.0750723706867795, -1.1663666109243191, -1.0990242555700567, -1.0051543642246024, -0.8566263046310875, -0.6865998668198425, -0.4940775687305537, -0.061614577261298195, 0.43290686728470096, 1.3340474963055755, 2.048411881519315, -1.0842596766910457, -1.0283886453553504, -0.9650555310088628, -0.870702047971456, -0.6743121152990592, -0.4789253167045662, -0.03271262436279474, 0.46452376523778166, 1.165815992316416, 1.9434996949891818, -1.0851782342493268, -0.9726828509240578, -0.8741100408566441, -0.8033030448754642, -0.6771676962512632, -0.41715347691413307, -0.04587626534075094, 0.4481210058683449, 1.221046670249358, 1.8867298248096271, -0.8329811587084232, -0.7116997503687303, -0.6549506978497741, -0.5836487976180569, -0.5355098931177155, -0.41367753100166, -0.013808435435947293, 0.5061352929007709, 1.0301079729659537, 1.9818486224694858, -0.36131234590791594, -0.19547469860033911, -0.1432151704712787, 0.008847169476159905, -0.048948203694142454, -0.008813869848088057, 0.05996557891853311, 0.4303148690923277, 1.0865922344567243, 1.9303813487529868, 0.7982718269783776, 0.9752359681774427, 1.0851601949936753, 1.0741922736648655, 1.281322453640185, 1.1277705369630828, 1.1807816295214013, 1.14352176459836, 1.3307461144097323, 1.7731626739263981], "bean_num": 0.5, "model_info": {"det_num_x": 10, "det_num_y": 10, "det_y": 0.03, "det_x": 0.03, "size_x": 0.5, "size_y": 0.5, "med_margin": 0.0015}}