{"source": [-666.68132486822, -608.8276207839291], "intensity": 100, "miu_detector": 0.3, "miu_medium": 1.2, "miu_air": 0.00018, "output": [0.0, 0.0, 0.0, 0.0, 0.288556077730215, 0.711443922269785, 0.0, 0.0, 0.0, 0.0, 0.0, 0.0, 0.0, 0.0, 0.0, 0.0, 0.0, 0.0, 0.0, 0.0, 0.0, 0.0, 0.0, 0.0, 0.0, 0.0, 0.0, 0.0, 0.0, 0.0, 0.0, 0.0, 0.0, 0.0, 0.0, 0.0, 0.0, 0.0, 0.0, 0.0], "miu_de": 0.5, "input": [-0.030349288134063197, -0.937045867596174, -1.0624330439969443, -1.0716842283744326, -1.0976621934067456, -1.088567684834511, -1.100051155301016, -1.0827652845285014, -1.1278968270177485, -1.1436823111954375, 0.10807328650228946, -0.8431514741230561, -0.9809362287753423, -0.9931359858954931, -1.0043815832177798, -1.0210397107020925, -1.0217676385668877, -1.0362861768576574, -1.0281014945846572, -1.0472690249340837, 0.14551058263455904, -0.7778807613224891, -0.9163310030506876, -0.9320852071037078, -0.8775052339617192, -0.9048434530800806, -0.8853816577380307, -0.9299461654272697, -0.9310965043666484, -0.9992187584829186, 0.14782904724776877, -0.7057024710061968, -0.7439600414589231, -0.7563633314575232, -0.754215113297505, -0.7558280584696372, -0.7341714661922175, -0.8004073415958637, -0.8299638525382237, -0.9062543946050252, 0.20112761033783796, -0.5244082058652345, -0.5330876344038346, -0.5636829197211571, -0.5498959568780455, -0.6006147463184076, -0.5418224402746273, -0.5772803001363775, -0.5449586375424607, -0.7285216561256709, 0.3609530332872818, -0.29996778328805246, -0.2992441720576118, -0.2444327922654313, -0.23503809833376757, -0.20154682119760395, -0.27904881784753033, -0.26074702925874105, -0.3817491161777211, -0.5368275324438253, 0.3961088876756513, 0.028036298987110537, 0.1009037209345868, 0.11309425188128859, 0.15139835651484765, 0.13267164775438156, 0.05578202302071465, 0.08607950817231208, 0.08545504845974587, -0.17268193924392336, 0.7099965002684444, 0.517266481390232, 0.6566682427251924, 0.7161825575790768, 0.8110284585459856, 0.7416076736861504, 0.7255691523872713, 0.6551961116598276, 0.6032532742029735, 0.21810287401761028, 1.1072251748191557, 1.3251307588491306, 1.421734183304886, 1.4432403515013315, 1.4612742903485583, 1.4637740671406005, 1.4835236176067934, 1.3317825823954186, 1.4389085566430064, 0.8826320042224746, 1.705736123825919, 1.9827525402183954, 2.094522370273051, 2.108373164511458, 2.045867713485618, 2.2542906924627744, 2.1100607031193843, 2.0627733111215982, 2.0973121277190607, 1.646109653135543], "bean_num": 0.5, "model_info": {"det_num_x": 10, "det_num_y": 10, "det_y": 0.03, "det_x": 0.03, "size_x": 0.5, "size_y": 0.5, "med_margin": 0.0015}}