{"source": [817.4486469975717, 420.28793031252167], "intensity": 100, "miu_detector": 0.3, "miu_medium": 1.2, "miu_air": 0.00018, "output": [0.0, 0.0, 0.0, 0.0, 0.0, 0.0, 0.0, 0.0, 0.0, 0.0, 0.0, 0.0, 0.0, 0.0, 0.0, 0.0, 0.0, 0.0, 0.0, 0.0, 0.0, 0.0, 0.0, 0.976691183919699, 0.023308816080300943, 0.0, 0.0, 0.0, 0.0, 0.0, 0.0, 0.0, 0.0, 0.0, 0.0, 0.0, 0.0, 0.0, 0.0, 0.0], "miu_de": 0.5, "input": [-0.4097703221877839, -1.0075004349075471, -1.0369866371150607, -1.065450006154164, -1.0480774082100175, -1.081214174127271, -1.0482690383596835, -1.0668489000672452, -1.0647995174665545, -1.1190784161326992, -0.3424418706185351, -0.9548690778695539, -0.9769840275235944, -0.9777745719955875, -0.9817665290299219, -0.9922254832323507, -0.9278315271709107, -0.9865165559410936, -0.9797918077842551, -1.0721513527646405, -0.2811230457337593, -0.8565463480935026, -0.8195274767402296, -0.8621504912836142, -0.8602982418606001, -0.8283358086520729, -0.8408318643997067, -0.8918357798154164, -0.9357153453987082, -0.9648366539820399, -0.1512706181129658, -0.7113527952570812, -0.7740118229893739, -0.7113805686363142, -0.7339467840235748, -0.7352511769054706, -0.7071765284483011, -0.7110667295800873, -0.7569120362476118, -0.8635240077410631, -0.15799712680463968, -0.5593771618713633, -0.5141169306459878, -0.4928838040187651, -0.5380095057755958, -0.47529446883911824, -0.4872746966476525, -0.53250850611936, -0.590273602128874, -0.731028330989716, 0.01578703147902191, -0.25103631828875916, -0.19866083059436956, -0.18760737548277842, -0.20253653683025064, -0.1941324791910895, -0.24909270180539356, -0.2707943089363064, -0.33102279135886453, -0.4626875719862076, 0.12324662367351655, 0.08381211407886037, 0.1595246333703586, 0.0941678486559053, 0.2134844207102909, 0.21665697639981626, 0.16955759436382106, 0.10941404170599614, 0.13144694830586123, -0.18740791919377037, 0.5641617892446936, 0.6304460282417139, 0.6963052108666967, 0.79631186603821, 0.7188458529457903, 0.7397018258676754, 0.726522819640456, 0.7391323451061718, 0.5709641770259389, 0.2319875985496854, 1.0548631620226594, 1.2705641174689142, 1.4243138289782855, 1.4569452390604685, 1.5228491365034948, 1.5346966140378424, 1.450038865650574, 1.4616638178603956, 1.3118379692830175, 1.0884138036082665, 1.7623830293202538, 2.105807517370299, 2.0587219696979946, 2.2097995740958485, 2.1363554967585277, 2.287742200960301, 2.1604481543072303, 2.1425118990353527, 1.9057473473627498, 1.6740032604158857], "bean_num": 0.5, "model_info": {"det_num_x": 10, "det_num_y": 10, "det_y": 0.03, "det_x": 0.03, "size_x": 0.5, "size_y": 0.5, "med_margin": 0.0015}}