{"source": [-796.7836788885842, -463.15540345910824], "intensity": 100, "miu_detector": 0.3, "miu_medium": 1.2, "miu_air": 0.00018, "output": [0.0, 0.0, 0.0, 0.6479296197275352, 0.3520703802724649, 0.0, 0.0, 0.0, 0.0, 0.0, 0.0, 0.0, 0.0, 0.0, 0.0, 0.0, 0.0, 0.0, 0.0, 0.0, 0.0, 0.0, 0.0, 0.0, 0.0, 0.0, 0.0, 0.0, 0.0, 0.0, 0.0, 0.0, 0.0, 0.0, 0.0, 0.0, 0.0, 0.0, 0.0, 0.0], "miu_de": 0.5, "input": [1.758742333920146, 1.2334851573599808, 0.9424387001007515, 0.8390849875621368, 0.7600567509219981, 0.7335714116463017, 0.6906032310651328, 0.5893759895145994, 0.5875050653440208, 0.3617152697904095, 2.0496750567796704, 1.2375317504854835, 0.5219916568073477, 0.05700093687216434, -0.23569177529314597, -0.3497201765509667, -0.4383533361385177, -0.47606295694146017, -0.5321333888241045, -0.6645776940208956, 2.1035686927977664, 1.283364100529334, 0.6087716536513492, 0.0550237206244913, -0.3464997824509109, -0.5771153246018885, -0.7472072937420146, -0.8435115787403477, -0.9089416259554584, -0.9746391710131882, 2.1067134385287454, 1.3550753884024556, 0.598171024925494, 0.08529314903453436, -0.33802660338389584, -0.6064168525256358, -0.795746476247994, -0.9090156694127396, -0.9995787858441366, -1.0824483224490755, 2.090048728145364, 1.3604949715085721, 0.6328222769448727, 0.008803899276417788, -0.3500840495708289, -0.6198149309666187, -0.7921778700486458, -0.930689516075007, -1.0260416353211976, -1.104223628196776, 2.076410439022287, 1.325669893188771, 0.6088948385803529, 0.007838121148602304, -0.364340569796857, -0.6425056850641698, -0.8298072735891748, -0.9580265303383262, -1.05925313244644, -1.116912539909813, 2.0812045636751852, 1.3067118204399641, 0.5722913735464842, 0.03924699700616701, -0.3632321646885334, -0.6493150513852193, -0.8519596734012593, -0.9706405395689389, -1.0535987725085496, -1.1282724287924084, 2.0762362672315997, 1.2818947649907964, 0.5303387214022139, -0.012000191299948643, -0.3873280430974412, -0.6762815761808812, -0.8526465081264799, -0.979226637267344, -1.060159894143295, -1.1258488774386848, 1.9713540446958453, 1.2162103175322132, 0.4830402728174045, -0.061067902850764674, -0.43373867527194304, -0.6772114932908302, -0.8783325869442865, -0.9984876360097666, -1.0731177804630345, -1.1443434858243782, 1.6470436645513533, 0.8351692355060142, 0.2147600352640984, -0.24283013876058632, -0.6066051431225414, -0.8080001033164094, -0.9439362341434615, -1.044662076495687, -1.1155301077516666, -1.1673068155343078], "bean_num": 0.5, "model_info": {"det_num_x": 10, "det_num_y": 10, "det_y": 0.03, "det_x": 0.03, "size_x": 0.5, "size_y": 0.5, "med_margin": 0.0015}}