{"source": [466.3628128450738, 817.64384850367], "intensity": 100, "miu_detector": 0.3, "miu_medium": 1.2, "miu_air": 0.00018, "output": [0.0, 0.0, 0.0, 0.0, 0.0, 0.0, 0.0, 0.0, 0.0, 0.0, 0.0, 0.0, 0.0, 0.0, 0.0, 0.0, 0.0, 0.0, 0.0, 0.0, 0.0, 0.0, 0.0, 0.0, 0.0, 0.0, 0.29992360227441506, 0.7000763977255849, 0.0, 0.0, 0.0, 0.0, 0.0, 0.0, 0.0, 0.0, 0.0, 0.0, 0.0, 0.0], "miu_de": 0.5, "input": [1.7258965756813358, 1.0970097086212591, 0.5623198800687901, 0.31049726685964496, 0.20172307032142317, 0.054187328683944457, 0.03929348478586662, -0.004205848714432949, -0.024673543045680056, -0.11418007115677548, 2.120241432451734, 1.2896945196660037, 0.6820856478252412, 0.030996240556801953, -0.2429157042592764, -0.5508803416716915, -0.6818065428337822, -0.8042261635537301, -0.8726323577880807, -0.9545951302213771, 2.103755266217429, 1.3621108268499513, 0.6327302422295245, 0.10633139306319912, -0.24718072565240323, -0.5279094221212963, -0.7394691375877196, -0.8757466571633155, -0.9484894890719316, -1.0395167654304716, 2.1839071941475714, 1.4443429151086438, 0.6841414700900791, 0.16121085283985384, -0.2534210921852429, -0.5306159433016082, -0.7354586608576733, -0.9092123656539296, -0.9866110542534428, -1.0576072729352504, 2.1099796060917777, 1.4348414201378021, 0.7440972867210806, 0.136693108314114, -0.2716936681275228, -0.5602774595026258, -0.7362452868885503, -0.9133890319599574, -0.9725851100104971, -1.0655484319140773, 2.080174589581968, 1.4392419559116283, 0.7415942101570547, 0.15906456536550376, -0.2176158304428567, -0.5537537169433929, -0.7392750931177297, -0.8970260021786401, -1.005799576179124, -1.0780510428159678, 2.1413060705220928, 1.4307587642500597, 0.7836580671874762, 0.15195730382948475, -0.23002789396624507, -0.5399452770406779, -0.7690485157967912, -0.886370476103146, -0.9965729236433135, -1.076316782585993, 2.19035250467602, 1.4017338940961843, 0.6494746520878144, 0.12175869792980669, -0.28042200200430994, -0.5758651172492412, -0.7818131969998817, -0.8959942877687629, -0.9966240868930328, -1.0866389732381894, 2.0832571558533086, 1.2807276570093578, 0.650357276767621, 0.0006985757366056065, -0.31614142336644624, -0.5924803364808402, -0.8324131036286154, -0.9391720584909803, -1.012406704609454, -1.1121981541988357, 1.7886244805913833, 0.9734900431078132, 0.2836701779698718, -0.19087570685862196, -0.5152110181034113, -0.7410629033442578, -0.925830243214519, -0.9924039456497623, -1.0508433116620364, -1.12069439752673], "bean_num": 0.5, "model_info": {"det_num_x": 10, "det_num_y": 10, "det_y": 0.03, "det_x": 0.03, "size_x": 0.5, "size_y": 0.5, "med_margin": 0.0015}}