{"source": [460.8741623133175, -822.4263660852961], "intensity": 100, "miu_detector": 0.3, "miu_medium": 1.2, "miu_air": 0.00018, "output": [0.0, 0.0, 0.0, 0.0, 0.0, 0.0, 0.0, 0.0, 0.0, 0.0, 0.0, 0.0, 0.0, 0.7482721451244899, 0.2517278548755101, 0.0, 0.0, 0.0, 0.0, 0.0, 0.0, 0.0, 0.0, 0.0, 0.0, 0.0, 0.0, 0.0, 0.0, 0.0, 0.0, 0.0, 0.0, 0.0, 0.0, 0.0, 0.0, 0.0, 0.0, 0.0], "miu_de": 0.5, "input": [1.5623590112144583, 0.6251822010343953, 0.07403137473166888, -0.4445846451173962, -0.6791722220539359, -0.9027785481792299, -1.0265607758174324, -1.0969844827301944, -1.1967544437519706, -1.2572679398613331, 1.969019479231429, 1.0156012609336789, 0.38576178995393734, -0.2694963159219879, -0.5840805107582582, -0.823285365554361, -1.0279492900766931, -1.092538581922344, -1.175521303496891, -1.2402391673640738, 1.9120358898477168, 1.076728327131469, 0.32142592847484575, -0.1601252897408799, -0.53166380608827, -0.7639256328392973, -0.9786751402060436, -1.0863302854008243, -1.1239694575698893, -1.2187239435938622, 2.0194294130629915, 1.0879130726517092, 0.448698081384939, -0.1590660329708095, -0.48297974171205044, -0.7342765130039558, -0.9164657482907749, -1.0307681729910911, -1.147051457378473, -1.1952818770468996, 1.817566298101926, 1.0714219655543593, 0.3769750154227408, -0.1322533390268418, -0.5006084880509337, -0.7826051196690368, -0.9047033915685236, -1.0032973647246737, -1.1262142979793768, -1.1722023008053155, 1.9419756835768132, 1.1115640169990466, 0.3344173398053671, -0.19705346584155498, -0.4585031369265305, -0.7215416943909005, -0.8507161616143465, -0.9727735217198715, -0.989591371674847, -1.1217720579268506, 1.8960490045212746, 1.0708209660962287, 0.3745018083369501, -0.14854840964886296, -0.45456326068820546, -0.6976244055763939, -0.7384541260974262, -0.8371696875017267, -0.857248860425354, -0.9269759268844887, 1.9495714419099073, 1.1043731750105052, 0.3821457402182985, -0.080462224990733, -0.3547039261079476, -0.46225187336222634, -0.38285137783699524, -0.536682220213809, -0.5831541489748459, -0.6987663531305808, 1.8993413625627935, 1.0106044661401161, 0.46254985291488926, 0.18396604964527327, 0.22792692880275126, 0.07484502834309673, 0.07991154206797627, 0.11541827651817446, 0.05379458493774413, -0.17888890800070328, 1.571729523242981, 1.4669274987282788, 1.3877772738354412, 1.260589995365441, 1.3637122150186556, 1.210336149127847, 1.3015344822201085, 1.2820213693194868, 1.2846791244330582, 1.0514641043683832], "bean_num": 0.5, "model_info": {"det_num_x": 10, "det_num_y": 10, "det_y": 0.03, "det_x": 0.03, "size_x": 0.5, "size_y": 0.5, "med_margin": 0.0015}}