{"source": [-926.8326484502397, -198.05514690708802], "intensity": 100, "miu_detector": 0.3, "miu_medium": 1.2, "miu_air": 0.00018, "output": [0.0, 0.6597626547075734, 0.3402373452924266, 0.0, 0.0, 0.0, 0.0, 0.0, 0.0, 0.0, 0.0, 0.0, 0.0, 0.0, 0.0, 0.0, 0.0, 0.0, 0.0, 0.0, 0.0, 0.0, 0.0, 0.0, 0.0, 0.0, 0.0, 0.0, 0.0, 0.0, 0.0, 0.0, 0.0, 0.0, 0.0, 0.0, 0.0, 0.0, 0.0, 0.0], "miu_de": 0.5, "input": [1.7358484739396542, 0.9403294428420993, 0.36087138270834007, -0.2068475613740892, -0.4618284328502801, -0.751647193353109, -0.9060976360353772, -1.0012286571935396, -1.0746229431889716, -1.1364287687080246, 2.03037517217543, 1.3478147647222614, 0.6668707582799503, 0.023728303173240182, -0.3139633850948307, -0.6134467945042437, -0.8385994893287406, -0.9415448879263069, -1.0409575404677553, -1.0937628212420638, 2.1197413958870706, 1.3607732449099212, 0.708231565755459, 0.1371037438236956, -0.3010234842541691, -0.5702545899364191, -0.7634443536555517, -0.9073572479138889, -0.9956951089683217, -1.07942250204255, 2.194379997642068, 1.3915499820542432, 0.6979688921095972, 0.15869720009356142, -0.26229151851154875, -0.5349165399281518, -0.791080554254189, -0.9221907483960566, -0.9918603807576679, -1.0716789577380443, 2.1658462910847773, 1.4500285135473592, 0.6660126597673964, 0.0546666369133587, -0.23773871147368902, -0.546421011257123, -0.7447048682255991, -0.8970879260707225, -1.0273270205088525, -1.085045740303039, 2.1428703949294245, 1.4942885543182138, 0.7283932722913922, 0.14936298117549085, -0.274236375267315, -0.509168638242582, -0.7558678853499566, -0.9178152531801252, -0.9953752121050152, -1.081806210308973, 2.142381904292554, 1.4754588557007464, 0.6439236194896124, 0.21920517144324753, -0.27551708590520535, -0.584426722013531, -0.762323573009921, -0.8741658885589918, -0.9840920473478701, -1.0870325594535664, 2.1213133715147383, 1.365954059376797, 0.7424618820005746, 0.11865913745105901, -0.2797046971074586, -0.5545315893287659, -0.7208977307783588, -0.8822089636743802, -0.9611873787554068, -1.0565856094981894, 2.0067746192437728, 1.3020991389001908, 0.5289350768797074, 0.10804191648774701, -0.33653185013162235, -0.5224612351099231, -0.6900223591383866, -0.7790134400235031, -0.8332698425881225, -0.9789791612941553, 1.6744490942868173, 1.0820338713696056, 0.6437724285339345, 0.38622538378926974, 0.28994591063573905, 0.12816121378895345, 0.13229701303020447, 0.078442573015635, -0.0017807984782211928, -0.10677038326245063], "bean_num": 0.5, "model_info": {"det_num_x": 10, "det_num_y": 10, "det_y": 0.03, "det_x": 0.03, "size_x": 0.5, "size_y": 0.5, "med_margin": 0.0015}}