{"source": [959.8495724080743, 122.92841041460743], "intensity": 100, "miu_detector": 0.3, "miu_medium": 1.2, "miu_air": 0.00018, "output": [0.0, 0.0, 0.0, 0.0, 0.0, 0.0, 0.0, 0.0, 0.0, 0.0, 0.0, 0.0, 0.0, 0.0, 0.0, 0.0, 0.0, 0.0, 0.0, 0.0, 0.18909219308098163, 0.8109078069190183, 0.0, 0.0, 0.0, 0.0, 0.0, 0.0, 0.0, 0.0, 0.0, 0.0, 0.0, 0.0, 0.0, 0.0, 0.0, 0.0, 0.0, 0.0], "miu_de": 0.5, "input": [-1.1164088777363748, -1.0742468121477415, -1.0691402372707408, -1.070718181462209, -1.068361678828719, -1.0864247819694937, -1.054907872616917, -1.0540860465475637, -1.0074694609269594, -0.2962616013637644, -1.0565015284373251, -0.9930820709630896, -0.9890461838547789, -0.9583629883350157, -0.9789076370607462, -0.948911060045778, -1.0190310344347142, -0.9487726568202206, -0.8672359610064904, -0.23329991686526844, -1.0093630698374216, -0.9526108339577957, -0.9380813157150936, -0.9067565953782305, -0.8429692327985117, -0.8814238552189704, -0.8938042112303753, -0.8617358453832749, -0.7955304447115811, -0.23457580767917682, -0.8614487139189575, -0.7535551110496045, -0.7356990413562587, -0.7572716665940245, -0.7496569676365968, -0.7083502179026414, -0.7245832100299281, -0.7273516240076318, -0.7071550669819894, -0.04414676683247591, -0.7543160116104942, -0.5780089420968008, -0.537745654102382, -0.5589831126887682, -0.4966955449704056, -0.5523867665668784, -0.5249537493586568, -0.5250992477919523, -0.5133953535015863, 0.03555347452139211, -0.5072646600087591, -0.29613453555448577, -0.2363994800185351, -0.21950668680750127, -0.1782632828947639, -0.2542108747847367, -0.27309288292581557, -0.24778817985005608, -0.29821053168842837, 0.04194523180028989, -0.194394651954002, 0.08364613783840719, 0.08882830630482975, 0.20839291640740817, 0.18798190081459967, 0.16493074582378933, 0.24620742222637734, 0.1834079300074047, 0.15949298309387844, 0.1937181408810966, 0.20281144440411475, 0.5507457296821039, 0.7875870261798193, 0.6840206784718165, 0.6633034581757207, 0.7467943285158626, 0.6918567126438485, 0.6944968788599666, 0.6130083076143111, 0.6111771177949232, 0.9997485537870018, 1.4033304203469315, 1.406783822893546, 1.3284693866010129, 1.4509084403314794, 1.4782219339836917, 1.4363047885936415, 1.3926219107400946, 1.4181368049106415, 1.036677502287755, 1.817173236143571, 2.0935492026397795, 2.0805338202551438, 2.2686992496144347, 2.2051375803460305, 2.087601031244896, 2.2169811470536374, 2.0949925015693465, 2.0113997658555056, 1.6569183648293326], "bean_num": 0.5, "model_info": {"det_num_x": 10, "det_num_y": 10, "det_y": 0.03, "det_x": 0.03, "size_x": 0.5, "size_y": 0.5, "med_margin": 0.0015}}