{"source": [769.5744426171789, 592.1681277046378], "intensity": 100, "miu_detector": 0.3, "miu_medium": 1.2, "miu_air": 0.00018, "output": [0.0, 0.0, 0.0, 0.0, 0.0, 0.0, 0.0, 0.0, 0.0, 0.0, 0.0, 0.0, 0.0, 0.0, 0.0, 0.0, 0.0, 0.0, 0.0, 0.0, 0.0, 0.0, 0.0, 0.0, 0.8247361564912619, 0.17526384350873814, 0.0, 0.0, 0.0, 0.0, 0.0, 0.0, 0.0, 0.0, 0.0, 0.0, 0.0, 0.0, 0.0, 0.0], "miu_de": 0.5, "input": [1.3204688332213883, 1.6680868307109278, 1.6794573247879496, 1.7535517086426673, 1.7515213917346442, 1.6872333891107487, 1.7682259441753718, 1.8680848508330181, 1.6830196621510816, 1.6166356487038709, 0.4679773927488175, 0.7945886508083185, 0.844832939557486, 0.8462931829430355, 0.8205135003073888, 0.8645537922204622, 0.8271643152914798, 0.8398212269559551, 0.9181062418243535, 1.625634581705566, -0.143479224714654, -0.04033234378632829, 0.06777324193411974, 0.024490301165594367, 0.10612895373858151, 0.07386234146364813, 0.10238160431349037, 0.24309958549148683, 0.7185575385758565, 1.6115433556122771, -0.5960150939203899, -0.4402464533120299, -0.40119502488420883, -0.4154890624572193, -0.3580339130529429, -0.37598639405452283, -0.29680187964231963, -0.09043336288153632, 0.6052819226656144, 1.578717198688008, -0.8773703487852076, -0.7829240932706489, -0.7590291372467498, -0.7207001176408798, -0.723240752006427, -0.6560829628677127, -0.42245904953048974, -0.023040284316478556, 0.6573843509249664, 1.7016639970016876, -1.0374974556215448, -0.9704671593398596, -0.9088183790701865, -0.8711261945096104, -0.88344000439232, -0.7597648932414962, -0.5164332890502789, -0.1373036113079598, 0.5673226758275481, 1.6545151722070879, -1.1408286351776635, -1.0726204078102712, -1.0473700518488651, -0.9809614929151736, -0.9373920974717924, -0.8024134560577026, -0.5973110841061191, -0.141069534086568, 0.5933634870498616, 1.625225335384382, -1.1759977129216013, -1.144453709538199, -1.1338487138491826, -1.096306818210115, -0.9914158129428563, -0.8577902319870999, -0.5455750178078552, -0.10676593455541021, 0.5775632157657614, 1.6044021515229896, -1.2297153804461927, -1.2017681491708965, -1.1755404578612896, -1.1383492475089458, -1.0482075426255844, -0.8652851160875505, -0.6044400859783626, -0.18590622418655262, 0.5867594171938131, 1.50292370446841, -1.2723544231517858, -1.2493162760598542, -1.2003973310034157, -1.1764021542214853, -1.0585170246863183, -0.9520400437080734, -0.7313820964473104, -0.3330855879603018, 0.24868173509642041, 1.3051256427682572], "bean_num": 0.5, "model_info": {"det_num_x": 10, "det_num_y": 10, "det_y": 0.03, "det_x": 0.03, "size_x": 0.5, "size_y": 0.5, "med_margin": 0.0015}}