{"source": [-61.12040431883901, -970.6065150966851], "intensity": 100, "miu_detector": 0.3, "miu_medium": 1.2, "miu_air": 0.00018, "output": [0.0, 0.0, 0.0, 0.0, 0.0, 0.0, 0.0, 0.0, 0.0, 0.40035944097092085, 0.5996405590290792, 0.0, 0.0, 0.0, 0.0, 0.0, 0.0, 0.0, 0.0, 0.0, 0.0, 0.0, 0.0, 0.0, 0.0, 0.0, 0.0, 0.0, 0.0, 0.0, 0.0, 0.0, 0.0, 0.0, 0.0, 0.0, 0.0, 0.0, 0.0, 0.0], "miu_de": 0.5, "input": [-1.1292234582809966, -1.1025131021122598, -1.123889894332324, -1.0945136003674913, -1.0752635254561431, -1.0861541383967277, -1.0735306895206673, -1.006793183597832, -0.9548088490034273, -0.0750100316265997, -1.082709109545171, -1.0307840418519796, -1.0259125185473832, -1.023422823006177, -0.9912026141013222, -1.0026962786075069, -1.0184640038497412, -0.9705872526515784, -0.877061033216401, 0.07441103608263966, -0.9839578792942227, -0.9037890392015344, -0.934130823982804, -0.9007764762660389, -0.9145201187811726, -0.9192862309524159, -0.8640564590862543, -0.8684148564472097, -0.8175701440664798, 0.03875279937975411, -0.9074893102509873, -0.7655028393389975, -0.7697091240322846, -0.7898905603423602, -0.7374223568690893, -0.7566242158445169, -0.7161530907442772, -0.6892931939414028, -0.7077067797901113, 0.1048477772381393, -0.7431740836445602, -0.6018102382891652, -0.5780893897105116, -0.539640388437341, -0.4366760642048251, -0.5677720365913751, -0.5139689593714836, -0.5538658976752618, -0.5024275089787077, 0.15494254060306323, -0.4369861798992909, -0.31890445305654597, -0.3565442912578127, -0.2764868127946067, -0.20915042785730997, -0.21675203971989473, -0.2457295172194337, -0.35405707759074606, -0.2973382111075603, 0.17730388367991048, -0.18971479527423454, 0.02143333033921872, 0.15976362759621637, 0.08479376409806584, 0.10073051790212516, 0.1320978797543505, 0.14039505366649693, 0.0919119877634588, 0.10592412568636861, 0.4067571050984326, 0.34142942858201986, 0.5298538329031132, 0.7176085722514927, 0.6259426960009014, 0.6337313326045569, 0.6928157161884617, 0.7458505633792522, 0.6294590571275441, 0.6214590681871893, 0.618348099305145, 0.9030758706882966, 1.4167890501071323, 1.416562323251581, 1.410108492522583, 1.3800359423730677, 1.4776867091732884, 1.4412336498252007, 1.5804228654567227, 1.3159382536347697, 0.9446800855826712, 1.7407568522169798, 2.023728876493269, 2.173651862187373, 2.1822080901208625, 2.203229974157912, 2.1788592314677975, 2.0662897120479387, 2.0705869704753708, 2.060512417572915, 1.693000995210914], "bean_num": 0.5, "model_info": {"det_num_x": 10, "det_num_y": 10, "det_y": 0.03, "det_x": 0.03, "size_x": 0.5, "size_y": 0.5, "med_margin": 0.0015}}