{"source": [701.603404238711, 685.70334073604], "intensity": 100, "miu_detector": 0.3, "miu_medium": 1.2, "miu_air": 0.00018, "output": [0.0, 0.0, 0.0, 0.0, 0.0, 0.0, 0.0, 0.0, 0.0, 0.0, 0.0, 0.0, 0.0, 0.0, 0.0, 0.0, 0.0, 0.0, 0.0, 0.0, 0.0, 0.0, 0.0, 0.0, 0.07296044417268194, 0.927039555827318, 0.0, 0.0, 0.0, 0.0, 0.0, 0.0, 0.0, 0.0, 0.0, 0.0, 0.0, 0.0, 0.0, 0.0], "miu_de": 0.5, "input": [-1.1049204119891454, -1.0701606952495506, -1.0842809249684116, -1.0788951357749272, -1.062273279321252, -1.0713503184049242, -1.0695923944411934, -1.0491181480034775, -1.0058729437024003, -0.350391881353224, -1.0671259651733844, -1.015896177570187, -0.9982017136851645, -0.9815769155964577, -0.9760921674676096, -0.9743440832740837, -0.9671289213520556, -0.9613631681791703, -0.8958546274751124, -0.24613930868839323, -0.9673379262405515, -0.9214867423451664, -0.8942225137185174, -0.8893965457906264, -0.8720885726782585, -0.90213434608244, -0.8603060892034701, -0.8597777831341055, -0.8384384911867496, -0.21221647099132504, -0.8527889813485012, -0.7722799419717045, -0.7254877388352078, -0.731747553418008, -0.6843104445872173, -0.7141608496250273, -0.6893146931408649, -0.6938849555409711, -0.6939249715430534, -0.1735768605825614, -0.6964229018333381, -0.5758518067239126, -0.5542386936568191, -0.5264182373429079, -0.5039754173325363, -0.4968211135279248, -0.5506556515395268, -0.5136944472427678, -0.5092055438738828, -0.052652383580254876, -0.4940520957175243, -0.2790470791113878, -0.232848178260841, -0.19583685940110934, -0.17174015957160987, -0.2553300362822094, -0.23626044577642, -0.24733853243652854, -0.28949023689095016, 0.01622596655508683, -0.2200973005720742, 0.053481487747403335, 0.17819794710146916, 0.1325874429057232, 0.15698248662052927, 0.1889257375538727, 0.15564725209225838, 0.1289272234841448, 0.12783504613755103, 0.1831413886036228, 0.33564578799078365, 0.5525124596708207, 0.6365197089752708, 0.6372786039728249, 0.7462186047910349, 0.7064184431653057, 0.7502941516043367, 0.7441881504659887, 0.6353268873273585, 0.47031152114997204, 1.0163514829367761, 1.3117470683892358, 1.3734181185717942, 1.4337749716586126, 1.3935066466998616, 1.4921946852995391, 1.4863436932481457, 1.5271749387430877, 1.2993867528148566, 1.0354313368169097, 1.7179805535426163, 2.1692041435911884, 2.171492646234245, 2.172060735831544, 2.126857445255014, 2.1783643623749573, 2.1676247445997965, 2.069961440815081, 2.0805330993929947, 1.8213636095773806], "bean_num": 0.5, "model_info": {"det_num_x": 10, "det_num_y": 10, "det_y": 0.03, "det_x": 0.03, "size_x": 0.5, "size_y": 0.5, "med_margin": 0.0015}}