{"source": [-930.755999732572, 337.9157687651076], "intensity": 100, "miu_detector": 0.3, "miu_medium": 1.2, "miu_air": 0.00018, "output": [0.0, 0.0, 0.0, 0.0, 0.0, 0.0, 0.0, 0.0, 0.0, 0.0, 0.0, 0.0, 0.0, 0.0, 0.0, 0.0, 0.0, 0.0, 0.0, 0.0, 0.0, 0.0, 0.0, 0.0, 0.0, 0.0, 0.0, 0.0, 0.0, 0.0, 0.0, 0.0, 0.0, 0.0, 0.0, 0.0, 0.0, 0.21707662766056923, 0.7829233723394308, 0.0], "miu_de": 0.5, "input": [1.2930498116685851, 1.6428935777892337, 1.5706730429776579, 1.6537330425058607, 1.6387591498978835, 1.6409351849375886, 1.6982493085787145, 1.7106516066031854, 1.6121251957337095, 1.6011998897607078, 0.31206815123264076, 0.6276143563152924, 0.6818770987289993, 0.647340010585997, 0.6795046213429232, 0.6695336479388858, 0.6830864898829413, 0.6894799831167864, 0.8581301094694426, 1.7206052304717538, -0.31884021483320124, -0.12389739963568243, -0.08190303581668738, -0.0409753934023659, -0.06058124674699932, -0.048497032073064425, 0.06012071574769389, 0.23552607267009695, 0.8185466490263328, 1.7715357214531497, -0.6651526336583283, -0.5773258691682938, -0.5438275417146289, -0.4917986046227426, -0.5208505423957249, -0.46034363274406326, -0.3082228085105983, 0.09883860817699747, 0.8012195272519876, 1.7763389956457014, -0.9319858276839836, -0.8480405783085253, -0.8161922216169306, -0.7662037287883177, -0.7608894795154473, -0.6523059920739915, -0.3807317082501516, 0.04314485648272746, 0.794362476973747, 1.778253332809691, -1.0710359837970627, -0.9992007140073171, -0.9630598530107055, -0.9447381121774058, -0.8871663228112273, -0.6952036893936739, -0.36474228463051, 0.03776590376328266, 0.7570964117470644, 1.6759993833527693, -1.1645334234218006, -1.1116704602182297, -1.0919386362371566, -1.03351894741209, -0.9211263402913831, -0.7325968626010473, -0.4313836447141404, 0.02334101962311111, 0.7880106517245421, 1.7098295417823801, -1.1905709481102615, -1.176262095616447, -1.1413305866402668, -1.0803162608809742, -0.9597279853073434, -0.7549516623279298, -0.44910793271230365, 0.02150850324440212, 0.7374292569393508, 1.629761149786977, -1.2309101788276076, -1.2049137226749065, -1.1679834863159797, -1.0984511290975072, -0.9904627409537498, -0.804713422869314, -0.48047936189968055, -0.02107899489938057, 0.671446246781958, 1.6058109850849085, -1.263259424364663, -1.2305520435325543, -1.1963744739120803, -1.152772791741599, -1.0372914932625763, -0.9004715652344087, -0.6621530048512981, -0.2549226187502577, 0.40114938750182316, 1.3909937839570856], "bean_num": 0.5, "model_info": {"det_num_x": 10, "det_num_y": 10, "det_y": 0.03, "det_x": 0.03, "size_x": 0.5, "size_y": 0.5, "med_margin": 0.0015}}