{"source": [-101.55011487092979, 25.319287329264508], "intensity": 100, "miu_detector": 0.3, "miu_medium": 1.2, "miu_air": 0.00018, "output": [0.0, 0.0, 0.0, 0.0, 0.0, 0.0, 0.0, 0.0, 0.0, 0.0, 0.0, 0.0, 0.0, 0.0, 0.0, 0.0, 0.0, 0.0, 0.0, 0.0, 0.0, 0.0, 0.0, 0.0, 0.0, 0.0, 0.0, 0.0, 0.0, 0.0, 0.0, 0.0, 0.0, 0.0, 0.0, 0.0, 0.0, 0.0, 0.5555555555555549, 0.4444444444444451], "miu_de": 0.5, "input": [1.4277208657370732, 1.7292891374675945, 1.8299913431233827, 1.8863416521035037, 1.8225497036232403, 1.9913112511295055, 1.8920230216390168, 2.127377886367391, 1.8722839543813838, 1.4681432956010985, 0.965433486169186, 1.2318324142413006, 1.5787301874769066, 1.5307620967884674, 1.3912004236391187, 1.4295168327740848, 1.4099229761518473, 1.455473749718047, 1.3396108016403314, 1.0360535703909621, 0.2690026038503636, 0.6958626493855475, 0.8206468363192072, 0.8861778020844756, 0.790089984880973, 0.9305430990647179, 0.9130743104504866, 0.9094928443847919, 0.7818891309854168, 0.7442727899041859, -0.24918566129820338, 0.20077932624708675, 0.25209350029724886, 0.21782107409287257, 0.37051318515250936, 0.33755297736597745, 0.39125288614205783, 0.2554302364528068, 0.27460495228118553, 0.6165181925721236, -0.5139047404287628, -0.24446085404442347, -0.15872486916410353, -0.15609281223015614, -0.14284408182692127, -0.1951755779258774, -0.0690444535137111, -0.1673462307137174, -0.17774101793952474, 0.444264843278233, -0.8202612351389296, -0.5899457956419653, -0.5111898039884485, -0.5595389589115606, -0.4646323522154061, -0.47769324759956533, -0.45624481693404034, -0.4604727891203747, -0.4813596348789847, 0.3402973554670438, -1.062005655995348, -0.8367642500433232, -0.7773058029803367, -0.7653837792202163, -0.7189335342585218, -0.7352641513344949, -0.7312252137805202, -0.6224955933657321, -0.6495480820966884, 0.1553313302136518, -1.1487176790714688, -1.017479330745229, -0.9610986450166257, -0.8985493311371641, -0.8800748047688063, -0.9429534248821568, -0.9331667730782691, -0.8534009366969622, -0.6566667376041683, 0.13961268535672225, -1.2371283425382067, -1.1329544077637925, -1.1521066739365264, -1.110714145374657, -1.123708873055635, -1.0744408203496028, -1.1038772770996779, -1.0124081670197131, -0.8427199708891644, 0.039890140747646, -1.365999953487568, -1.2967021096348272, -1.2874033894822519, -1.2498395376486904, -1.227513423963858, -1.2269460402604009, -1.2263358733215364, -1.1788589022614018, -1.0459261153525585, -0.2101067041100195], "bean_num": 0.5, "model_info": {"det_num_x": 10, "det_num_y": 10, "det_y": 0.03, "det_x": 0.03, "size_x": 0.5, "size_y": 0.5, "med_margin": 0.0015}}