{"source": [68.99208157456576, 88.30583749894774], "intensity": 100, "miu_detector": 0.3, "miu_medium": 1.2, "miu_air": 0.00018, "output": [0.0, 0.0, 0.0, 0.0, 0.0, 0.0, 0.0, 0.0, 0.0, 0.0, 0.0, 0.0, 0.0, 0.0, 0.0, 0.0, 0.0, 0.0, 0.0, 0.0, 0.0, 0.0, 0.0, 0.0, 0.0, 0.22222222222222182, 0.7777777777777781, 0.0, 0.0, 0.0, 0.0, 0.0, 0.0, 0.0, 0.0, 0.0, 0.0, 0.0, 0.0, 0.0], "miu_de": 0.5, "input": [-1.3852826171175772, -1.363779667908995, -1.350343323175198, -1.186654826490499, -1.331536564040686, -1.3112170980521285, -1.2327942434029155, -0.8189555102836938, -0.4921810347773883, 0.887634770863917, -1.2720668334967469, -1.153729833643531, -1.158817619182152, -0.9433154694664535, -1.0757769292791433, -1.1079793315340682, -1.0449506515121054, -0.846906793651357, -0.16821715848836977, 0.8838821928638585, -1.2388238529726294, -1.201070740396423, -1.0955185242852363, -1.1023202794917608, -1.0758044347344193, -1.0388974951543015, -1.028173535177157, -0.6903145896212111, 0.033282000152088716, 0.6123420447076703, -1.149756677393028, -1.0051770007446201, -0.9184440746354169, -0.9340429788638943, -0.9004638125124338, -0.9135246930454202, -0.7911412878273303, -0.8093997719517164, -0.1588237720242685, 0.8912943555688441, -0.961747990938447, -0.6644181586575517, -0.7218745726015396, -0.43069070915683355, -0.6329309899037703, -0.6292936721674065, -0.6255330111917605, -0.4143146483967628, -0.269869370518097, 0.9227304129461865, -0.5531039469121258, -0.16076301863546621, -0.31737545631756214, -0.17883822870249474, -0.18331454538818653, -0.3733805943851366, -0.42718056127316717, -0.3538714625410874, 0.038251381104306724, 1.085990921106656, -0.2774142107046699, -0.16933624995050564, 0.23411960238492316, 0.1729723634842646, 0.3036812093646251, 0.1887243451924281, 0.1198990966648887, 0.05428295129659884, 0.15403310624013627, 0.8362511371770316, 0.16084368341223199, 0.5098888953465863, 0.7076672309076989, 1.3456897227878217, 0.9099637122982475, 0.843005345788784, 0.663409833033706, 0.6713265296937777, 0.2522725562789017, 0.5933880391385273, 0.8090983386694482, 0.9766586950983502, 1.4949816102989348, 1.580940611752755, 1.3456183772875736, 1.41958859971319, 1.3056988242213456, 1.1029312202310706, 1.1980016363107968, 1.254217330124468, 1.43041770911114, 1.470328146836027, 1.68754810955762, 1.9310531883699726, 1.762818117022311, 1.8692238211065832, 2.0831109727891985, 1.8554743480350255, 1.3417997336113834, 1.6451175947249614], "bean_num": 0.5, "model_info": {"det_num_x": 10, "det_num_y": 10, "det_y": 0.03, "det_x": 0.03, "size_x": 0.5, "size_y": 0.5, "med_margin": 0.0015}}