{"source": [84.56753948939115, -78.86050637139965], "intensity": 100, "miu_detector": 0.3, "miu_medium": 1.2, "miu_air": 0.00018, "output": [0.0, 0.0, 0.0, 0.0, 0.0, 0.0, 0.0, 0.0, 0.0, 0.0, 0.0, 0.0, 0.0, 0.0, 0.0, 0.777777777777776, 0.22222222222222396, 0.0, 0.0, 0.0, 0.0, 0.0, 0.0, 0.0, 0.0, 0.0, 0.0, 0.0, 0.0, 0.0, 0.0, 0.0, 0.0, 0.0, 0.0, 0.0, 0.0, 0.0, 0.0, 0.0], "miu_de": 0.5, "input": [1.026233362709667, 0.29634497914672964, -0.45017320067500427, -0.7741627040513874, -1.0325656108313739, -1.225068233896192, -1.3147079655705813, -1.4179065771657149, -1.462156440175556, -1.5890811051532534, 1.2313525192375232, 0.6128194671698242, -0.06988598550188847, -0.5192835817207022, -0.8464513766565726, -1.065610979258318, -1.2453346326470602, -1.3676235072595013, -1.4091504454154467, -1.4794302171285805, 1.4677962249586618, 0.7323892691304225, -0.034855081664691465, -0.37321269616709574, -0.79245259153111, -1.0211567071427585, -1.1357445564047504, -1.3123535140933862, -1.2653849111200495, -1.392301817121033, 1.465920343958134, 0.7398047469087768, 0.1412335276125389, -0.46179021063080117, -0.7308557283019782, -0.9824647699803084, -1.0121202427654368, -1.0846372047333837, -1.1239680150884208, -1.3160496978752168, 1.3359956668165212, 0.8005730626522702, 0.12405789144892342, -0.36116968254744153, -0.6991784403191719, -0.7767945719298113, -0.9889352518593529, -0.9641145416097716, -0.9772334304795004, -1.1866138684146763, 1.5885901641579894, 0.8155879482275655, 0.1080431834821103, -0.30257134814620146, -0.47082436136353834, -0.6085412990580183, -0.6339497753483941, -0.6622001658893317, -0.8283330831954187, -0.9461749651472476, 1.5082711374881146, 0.7624715363638755, 0.3031254067874059, -0.014381301940532384, -0.1853815869535827, -0.3321166895117574, -0.1545976191322281, -0.3128513200490563, -0.42795724028893234, -0.6548351938136073, 1.673538884132847, 0.8288153947157229, 0.598655270565129, 0.3431365896114671, 0.26966977393454716, 0.31778909339673767, 0.2183928462926578, 0.17165801016455404, 0.193917236985514, -0.23917011839745125, 1.6796813801516393, 1.0857510956227376, 1.0359174022232946, 1.115752361045219, 0.998627029000368, 0.9659961148380608, 0.9293755916988536, 0.77282747593562, 0.646335344791292, 0.30016813480791976, 1.3312847417393676, 1.578445823086605, 1.5970935196784124, 1.4629991739773835, 1.6738244994828975, 1.5914723864600653, 1.5187145585022646, 1.4975288869660972, 1.4304484552728305, 1.1474386497854387], "bean_num": 0.5, "model_info": {"det_num_x": 10, "det_num_y": 10, "det_y": 0.03, "det_x": 0.03, "size_x": 0.5, "size_y": 0.5, "med_margin": 0.0015}}