{"source": [76.3892933707553, -94.33292117326755], "intensity": 100, "miu_detector": 0.3, "miu_medium": 1.2, "miu_air": 0.00018, "output": [0.0, 0.0, 0.0, 0.0, 0.0, 0.0, 0.0, 0.0, 0.0, 0.0, 0.0, 0.0, 0.0, 0.0, 0.6666666666666662, 0.3333333333333338, 0.0, 0.0, 0.0, 0.0, 0.0, 0.0, 0.0, 0.0, 0.0, 0.0, 0.0, 0.0, 0.0, 0.0, 0.0, 0.0, 0.0, 0.0, 0.0, 0.0, 0.0, 0.0, 0.0, 0.0], "miu_de": 0.5, "input": [-1.1079338052491698, -1.0498854941674614, -0.8848913966572137, -0.717197381598649, -0.6139597922692348, -0.3548571972618273, -0.10643236285557053, 0.14077289787194625, 0.8633385257205273, 1.442889802796299, -1.2167579163277167, -1.0655665048541996, -0.915404835685066, -0.6044483663354469, -0.3793941031883118, -0.14631420985982357, 0.19972891377796817, 0.772249669784554, 1.3326827180673, 1.7184244429071356, -1.2594956225041103, -0.9511860125800418, -0.7875738388340603, -0.6907070413776423, -0.33103107643015567, -0.04702746399938107, 0.4292161905785127, 1.0374977720023044, 1.4233024919278117, 1.9656089829339554, -1.1484531463632957, -1.0437127523101022, -0.8227881759143567, -0.6504680729037038, -0.3141412334463954, 0.07803245623230752, 0.5499810234783581, 1.0396282721105066, 1.4764909430575057, 1.8553214204811241, -1.0728224359653349, -0.996425608908229, -0.7786973971885675, -0.5728761262120776, -0.3548275093400984, 0.04173527031277208, 0.5458965784221408, 0.9495301268798008, 1.5718658171230138, 2.137022213778552, -1.0983221822211484, -0.957540931280385, -0.8093859046586322, -0.6339314896136774, -0.2565345463702756, -0.017251747510218324, 0.6710933761689215, 1.0700628707968758, 1.5206170799899026, 1.9963394729599642, -1.2116883321201577, -0.9769544138997833, -0.811985006434605, -0.5561083116530979, -0.46237179754589147, -0.023015615996751334, 0.45377075441212594, 0.9637767893220018, 1.613791035718965, 1.8830696603478798, -1.1629656256888232, -0.9531904606568801, -0.8985505650337411, -0.571084911534708, -0.31309882434667086, 0.060627473476427066, 0.2934407392461231, 0.6712104104821989, 1.3358665941265309, 1.9871120024634892, -1.2517802708426642, -1.0857605207470324, -0.9338971219462384, -0.7293795645534186, -0.49210608501482084, -0.08397702323285966, 0.32300564899556083, 0.6301120469183539, 1.4561682711201724, 1.7362952159100082, -1.3269047389696387, -1.190995258007209, -1.116979250069002, -0.9273928188738895, -0.6826206812817439, -0.3745397470835282, 0.022095934762351995, 0.30011615952867476, 0.8469084494405027, 1.4888941113432725], "bean_num": 0.5, "model_info": {"det_num_x": 10, "det_num_y": 10, "det_y": 0.03, "det_x": 0.03, "size_x": 0.5, "size_y": 0.5, "med_margin": 0.0015}}