{"source": [-114.60073386605144, 103.1869642524932], "intensity": 100, "miu_detector": 0.3, "miu_medium": 1.2, "miu_air": 0.00018, "output": [0.0, 0.0, 0.0, 0.0, 0.0, 0.0, 0.0, 0.0, 0.0, 0.0, 0.0, 0.0, 0.0, 0.0, 0.0, 0.0, 0.0, 0.0, 0.0, 0.0, 0.0, 0.0, 0.0, 0.0, 0.0, 0.0, 0.0, 0.0, 0.0, 0.0, 0.0, 0.0, 0.0, 0.0, 0.0, 0.6666666666666676, 0.33333333333333237, 0.0, 0.0, 0.0], "miu_de": 0.5, "input": [1.5311493403588712, 1.4505884135974454, 1.6731394576288932, 1.5734922653380838, 1.513176355424559, 1.7785592259774532, 1.457930464870539, 1.6831412389966829, 1.4007959672097106, 1.1855720447061369, 1.2263313535595175, 0.8906237681469802, 0.9737725057780702, 0.9734239647885091, 1.2336589650987333, 1.3137699543520938, 0.9711006658978377, 0.9430391657548318, 1.0652453979599725, 0.3699646473930368, 1.5930062051726201, 0.8071979905111423, 0.5159874499566215, 0.56160878177156, 0.34458133512765443, 0.15600507648146933, 0.23431484117870008, 0.1315561274963417, 0.09615887350220817, -0.09798781762747774, 1.408505888418282, 0.8389083932333713, 0.12556470971130565, -0.12599915349620625, -0.16693220931739156, -0.2553545476484649, -0.22385294525820298, -0.27124333633741, -0.30714819547693023, -0.6889412660997487, 1.5281545447445057, 0.7892059598068782, 0.07457063510104027, -0.28949422627687205, -0.5098151605953736, -0.4936837148001595, -0.5348458142138753, -0.5890122531979229, -0.6378671598165562, -0.9593857540662786, 1.3391320503904007, 0.6943262567843157, 0.004432566704105993, -0.26941075407420184, -0.6027517921646293, -0.7840532602109057, -0.8924684700274378, -0.862456649198836, -1.0050956372413304, -1.076417637011684, 1.436241496073604, 0.7305882224519485, 0.0430310806188605, -0.49995344551297977, -0.7305302782475809, -0.9232619465287812, -1.0439028313570973, -1.190048029733265, -1.2434739313738907, -1.2797323352540235, 1.283765796130561, 0.7724311101702808, 0.05108487096481322, -0.5895070496500319, -0.7743913585296499, -1.0085997602013759, -1.2119866157665775, -1.2312466817316619, -1.269289214421433, -1.4132011063271854, 1.3370515581873965, 0.5490297167443993, -0.22845619792386596, -0.651169715569802, -0.8854058124832599, -1.0318607959932087, -1.245614241998279, -1.3452265385837694, -1.362683517375567, -1.5023026956579693, 0.9841596015585498, 0.1379165612359321, -0.4808930567175196, -0.7562749337155534, -1.0567410101059667, -1.239597748860659, -1.3803828282655894, -1.4604653877464508, -1.539833825967031, -1.5567422173089227], "bean_num": 0.5, "model_info": {"det_num_x": 10, "det_num_y": 10, "det_y": 0.03, "det_x": 0.03, "size_x": 0.5, "size_y": 0.5, "med_margin": 0.0015}}