{"source": [-95.06145069998195, -140.9343964179912], "intensity": 100, "miu_detector": 0.3, "miu_medium": 1.2, "miu_air": 0.00018, "output": [0.0, 0.0, 0.0, 0.0, 0.0, 0.0, 0.7777777777777803, 0.2222222222222197, 0.0, 0.0, 0.0, 0.0, 0.0, 0.0, 0.0, 0.0, 0.0, 0.0, 0.0, 0.0, 0.0, 0.0, 0.0, 0.0, 0.0, 0.0, 0.0, 0.0, 0.0, 0.0, 0.0, 0.0, 0.0, 0.0, 0.0, 0.0, 0.0, 0.0, 0.0, 0.0], "miu_de": 0.5, "input": [1.4250508330751808, 0.7459545319675734, 0.36026194522060334, 0.18351448629843597, 0.0033956620382482516, -0.14639475957731918, -0.3183974740125529, -0.4312206338845548, -0.5516309012835576, -0.7725177248425303, 1.9114971618593621, 1.215662974659028, 0.6113431664055179, 0.19672509885603978, -0.15139080254557621, -0.3698913838775352, -0.5776411700728635, -0.9399782199466015, -1.0583553978629243, -1.2429923040756385, 1.982351148585017, 1.5109886521968454, 0.6342179170057661, 0.28914609915788897, -0.11817811345274175, -0.3921239967254772, -0.6920919402199028, -0.9508404316554072, -1.0567211027785746, -1.1906216179265436, 2.096588701859262, 1.6156210189156592, 0.9690799770060727, 0.4402543541275739, -0.059110066351379345, -0.40895772226701294, -0.6768814221404045, -0.9144356699855768, -0.9625561809605621, -1.1408459510897457, 1.8373570016103296, 1.4422791687657346, 1.0027055359465111, 0.5511771374029523, -0.042943501760586866, -0.38058134145676276, -0.6030837427975168, -0.8356211793502586, -0.9408963908092103, -1.2075287853385022, 1.758808976481236, 1.6417632163738567, 1.1855604993039948, 0.49124392129078726, 0.0039868744123659665, -0.3975448247315863, -0.6238703315559971, -0.8338351785469597, -1.057393743419681, -1.1445196833173013, 1.8561012625549858, 1.5678175715444058, 0.9560273090711549, 0.4361488239111637, -0.02296275369990766, -0.344321844330446, -0.7023345884577613, -0.8850608099715359, -1.0898732952969756, -1.1757899939922793, 1.8903001765278038, 1.4750583002492543, 0.7571378198497509, 0.44382988039095317, 0.025732014453396793, -0.39916761401277523, -0.5748886352462154, -0.9193179677357317, -1.1017788924286087, -1.28402101454056, 1.9967672191981904, 1.452990117377393, 0.6319218190323085, 0.18425623021970217, -0.07542205686485769, -0.3700613650871954, -0.7866546004259992, -0.9904242656248501, -1.1378424883310467, -1.3160657131375324, 1.4630690989962656, 0.8893327069761832, 0.30172835603771425, -0.14297328715160507, -0.4777879080096117, -0.7464093648322147, -1.0116079609904327, -1.1218645137389198, -1.1868731884194972, -1.3796569542665627], "bean_num": 0.5, "model_info": {"det_num_x": 10, "det_num_y": 10, "det_y": 0.03, "det_x": 0.03, "size_x": 0.5, "size_y": 0.5, "med_margin": 0.0015}}