{"source": [119.27040099346368, -142.1409288741124], "intensity": 100, "miu_detector": 0.3, "miu_medium": 1.2, "miu_air": 0.00018, "output": [0.0, 0.0, 0.0, 0.0, 0.0, 0.0, 0.0, 0.0, 0.0, 0.0, 0.0, 0.0, 0.0, 0.0, 0.5555555555555564, 0.44444444444444364, 0.0, 0.0, 0.0, 0.0, 0.0, 0.0, 0.0, 0.0, 0.0, 0.0, 0.0, 0.0, 0.0, 0.0, 0.0, 0.0, 0.0, 0.0, 0.0, 0.0, 0.0, 0.0, 0.0, 0.0], "miu_de": 0.5, "input": [-0.3496560267701733, -1.1188397785402913, -1.2111931583325335, -1.2289192534285378, -1.2432905953165028, -1.234053531960367, -1.2762299021255046, -1.3055454778176634, -1.3689930207770873, -1.3794835132475518, -0.03029533169037593, -0.8536662548901007, -1.1081139020692488, -1.034327454384009, -1.042545837769718, -1.0412407460174107, -1.095860179755796, -1.1044494771238396, -1.1666932206108884, -1.2890831011034396, 0.04807734395844168, -0.8436831310201504, -0.8891922877526276, -0.9614152824432021, -0.9060253816493844, -0.8131881102865908, -0.8598727478953047, -0.9549051553714935, -0.9383152434907017, -1.0897005169677487, 0.039295638219478124, -0.6290763623629209, -0.5935398522226671, -0.650523757186302, -0.692782485522273, -0.6935847077530002, -0.7355948031843964, -0.7540984750108577, -0.78076081582513, -0.9768803700041647, 0.10774146648819638, -0.41854618385636766, -0.46660448888148415, -0.4975264661096088, -0.49932194810105335, -0.38469190986350676, -0.44206663757847375, -0.5923372194340442, -0.539814222535449, -0.7823730945279895, 0.32075334142146233, -0.1389206270767122, -0.16576023074404103, -0.021150792760086874, -0.10866627806436076, -0.016601848692955938, -0.1009251597299196, -0.16554004260138983, -0.3098702767872379, -0.5066239307024664, 0.44532651072581775, 0.2595888721802316, 0.23758316588497594, 0.2475595050474291, 0.45057380904199684, 0.47008411639452163, 0.4194247660790819, 0.26191951376993183, 0.021050206179294307, -0.13128264696611663, 0.6791231191327601, 0.7381719528969933, 0.7760148709559971, 0.9483563443865937, 0.8896242756662968, 0.8144652556939563, 0.9403785577702874, 0.7922362659889712, 0.7229441313094314, 0.18220818686336465, 0.9415320427550746, 1.2598923436194776, 1.426893296289506, 1.6303666646866177, 1.4021484018777632, 1.7434404366627807, 1.5402992242918183, 1.5232912472264684, 1.5130192017795812, 0.8295932942445765, 1.3741880076077533, 1.872554845472204, 1.7682929105179483, 1.7802349088967175, 1.8987939845903983, 1.955749599833369, 2.0185787152801162, 1.9010945050690542, 1.6868503044820429, 1.6549281034544376], "bean_num": 0.5, "model_info": {"det_num_x": 10, "det_num_y": 10, "det_y": 0.03, "det_x": 0.03, "size_x": 0.5, "size_y": 0.5, "med_margin": 0.0015}}