{"source": [-221.10564330394615, -27.148359326229333], "intensity": 100, "miu_detector": 0.3, "miu_medium": 1.2, "miu_air": 0.00018, "output": [0.22222222222222254, 0.7777777777777775, 0.0, 0.0, 0.0, 0.0, 0.0, 0.0, 0.0, 0.0, 0.0, 0.0, 0.0, 0.0, 0.0, 0.0, 0.0, 0.0, 0.0, 0.0, 0.0, 0.0, 0.0, 0.0, 0.0, 0.0, 0.0, 0.0, 0.0, 0.0, 0.0, 0.0, 0.0, 0.0, 0.0, 0.0, 0.0, 0.0, 0.0, 0.0], "miu_de": 0.5, "input": [1.3926839612433124, 1.6313367144008701, 1.9843074194459596, 1.8213460898389147, 1.9388435063258973, 2.0694052375094496, 1.9358523303557118, 2.000701085115068, 1.723759762335961, 1.4873843098092197, 1.0835171872425502, 1.4827699333963258, 1.3994963829386586, 1.8007685738106745, 1.4592331836046097, 1.4139294517360566, 1.39821747919421, 1.5220664944085518, 1.364137540973726, 0.799134661712052, 0.46775429714258326, 0.6587294663261858, 0.9737447661347824, 1.0756283339199295, 1.0302440332798244, 0.8263274476105433, 0.8609012556269273, 0.7700477871321719, 0.7239470043366945, 0.3377779833137782, 0.2914434946701974, 0.3204790738967615, 0.3590950309828637, 0.3213307995540863, 0.5490883111268853, 0.33209700602601866, 0.3484805806082325, 0.5090002116384174, 0.24197191335800847, -0.1430931700635218, -0.06581325098460353, -0.15840411204490226, -0.16867619730139188, 0.030315101986575874, 0.18416365631124226, 0.06269306379086487, -0.054385748647460416, -0.13470561619344004, -0.21297126574560707, -0.5882139235872247, -0.1290866472461299, -0.36829630358547333, -0.3834612152275419, -0.40175246730290975, -0.31135461103483664, -0.4277669746825993, -0.38293031472610134, -0.5119162148273972, -0.5672179775507726, -0.7960015207413591, -0.38156596650439967, -0.6404919438839841, -0.6332217673372847, -0.5940830013778982, -0.7290045646415222, -0.6528590773966328, -0.6704261410852036, -0.8188771008857229, -0.7192425215708118, -1.0221844936156539, -0.2898886710773349, -0.9056051860022291, -0.8981717336763099, -0.7557935912315467, -0.8707892308604871, -0.9007335259528555, -0.7834898915197733, -0.9272291359731035, -1.0156240706525326, -1.141430102318247, -0.4205223486131543, -1.084187423190333, -1.0808145222141374, -0.9228893370888132, -1.0635834551765735, -1.079190608124639, -1.0960673051752787, -1.125181358437675, -1.1740824193622252, -1.2444480479702849, -0.627137035080878, -1.1048027859775102, -1.1651209000688827, -1.1791864155111829, -1.2035412035845952, -1.254010774500422, -1.2489969899447333, -1.2518493900782048, -1.2040144884886206, -1.2977658665264142], "bean_num": 0.5, "model_info": {"det_num_x": 10, "det_num_y": 10, "det_y": 0.03, "det_x": 0.03, "size_x": 0.5, "size_y": 0.5, "med_margin": 0.0015}}