{"source": [218.8848891738005, -75.36811147438783], "intensity": 100, "miu_detector": 0.3, "miu_medium": 1.2, "miu_air": 0.00018, "output": [0.0, 0.0, 0.0, 0.0, 0.0, 0.0, 0.0, 0.0, 0.0, 0.0, 0.0, 0.0, 0.0, 0.0, 0.0, 0.0, 0.0, 0.11111111111111692, 0.8888888888888831, 0.0, 0.0, 0.0, 0.0, 0.0, 0.0, 0.0, 0.0, 0.0, 0.0, 0.0, 0.0, 0.0, 0.0, 0.0, 0.0, 0.0, 0.0, 0.0, 0.0, 0.0], "miu_de": 0.5, "input": [1.1729903078199055, 1.631632810370304, 2.0230593911169046, 1.8054216135755448, 1.939121858303405, 1.8052791405482806, 1.587297054510847, 1.8852037139953892, 1.7767255859368003, 1.2534358622722468, 0.8369062652520398, 1.2893493393889772, 1.488238261964139, 1.819007743330167, 1.5644550868514646, 1.3040212006408864, 1.3440288886850675, 1.3838052915597208, 1.1658715673416342, 1.2160588633637348, 0.09191635583552325, 0.6507202392959988, 0.9171578442090805, 0.9510327650844922, 0.6896350028237438, 0.7553730224390602, 0.9502694572597838, 0.8706075487774492, 0.9448448430827763, 0.9508261642438027, -0.3119811365787109, 0.027986001852685925, 0.3018720433888246, -0.0012246712652166476, 0.313931946526054, 0.3557914359083801, 0.16766411615222543, 0.1927803469638775, 0.3964839320053239, 0.8465935785605889, -0.5994310104555328, -0.3359809187448704, -0.27079061387833864, -0.2760964214393253, -0.16609238754773153, -0.0884741155168049, -0.2837405047510866, -0.41899052193258024, -0.21690388718766432, 0.8501091607766305, -0.9280573233282506, -0.5600294645527446, -0.4991257532925478, -0.5605864889141136, -0.66893686989542, -0.4019771921938843, -0.37821131354198706, -0.4186373225743323, -0.241451497419643, 0.6942958922935298, -1.0247352441145936, -0.821077534942203, -0.8430077884250818, -0.7731516616521289, -0.7110794085160261, -0.9203093041057193, -0.7004549985246576, -0.774675724990466, -0.314661111458043, 0.39276572762001855, -1.1413857635688742, -0.9112645243554263, -1.0223976635024865, -1.0253506375891153, -1.0723025608216525, -1.001500394692066, -0.8621006548651787, -0.8803540482186414, -0.44197451287718087, 0.4746326859147144, -1.2934730795232603, -1.223120504448565, -1.1676067946680682, -1.1788034757630474, -1.1580562676770265, -1.1069941421943648, -0.9841502994857741, -1.0129869888066454, -0.4941152629294994, 0.3228040452601387, -1.4773911667651165, -1.3372448125904994, -1.3586113438062304, -1.344609650134966, -1.3719029425456701, -1.2639022198771948, -1.2427743127406898, -1.1326560238370962, -0.6300830809378547, 0.2449813178597414], "bean_num": 0.5, "model_info": {"det_num_x": 10, "det_num_y": 10, "det_y": 0.03, "det_x": 0.03, "size_x": 0.5, "size_y": 0.5, "med_margin": 0.0015}}