{"source": [-249.33605755736843, -143.95423994942672], "intensity": 100, "miu_detector": 0.3, "miu_medium": 1.2, "miu_air": 0.00018, "output": [0.0, 0.0, 0.0, 0.6666666666666676, 0.33333333333333237, 0.0, 0.0, 0.0, 0.0, 0.0, 0.0, 0.0, 0.0, 0.0, 0.0, 0.0, 0.0, 0.0, 0.0, 0.0, 0.0, 0.0, 0.0, 0.0, 0.0, 0.0, 0.0, 0.0, 0.0, 0.0, 0.0, 0.0, 0.0, 0.0, 0.0, 0.0, 0.0, 0.0, 0.0, 0.0], "miu_de": 0.5, "input": [-1.4781004762556664, -1.4200851965607684, -1.4469485951332406, -1.3134156787873006, -1.4011376037401773, -1.2957431486228554, -1.2235260803699308, -0.9336466168444046, -0.11809933437756208, 0.7090528783165554, -1.4103503148999033, -1.3247422989029876, -1.2359853988209777, -1.2531203526003378, -1.1732612394759854, -1.1728962775114486, -0.9211804006743084, -0.4688421497150565, -0.11065204934115408, 1.1238033669313, -1.3037900874549704, -1.2067356481758993, -1.1006162642543713, -0.991458119343371, -1.017257155924144, -0.9281528771644747, -0.8344318438132196, -0.44200034026048224, -0.021090129829021725, 0.9482515927298959, -1.0870457845044574, -0.915739978698871, -0.9116470869813681, -0.9488264384572965, -0.9052396199347801, -0.816892112445855, -0.7412556500779314, -0.5630022894532388, 0.06686557929363192, 0.985147419264954, -0.9634848262222264, -0.7727999473162226, -0.7234680373021918, -0.5808427429280891, -0.7355325600488956, -0.6126834604723923, -0.46239538814087333, -0.34999247661065574, 0.11983356878766332, 0.8152256730138246, -0.6192401472163568, -0.5246664097122868, -0.5604959625645819, -0.42092583641677056, -0.1471571422057342, -0.5162037162025338, -0.3280462934741964, -0.4036419689358147, 0.06190025204388917, 1.1649598876838425, -0.3357141810266144, 0.11764688920292105, 0.014343383422339236, -0.018503015810632593, 0.08403966960845252, 0.3821834976789622, -0.009939899748625249, 0.06964252305686444, 0.13863529129604887, 1.0881076331459514, 0.24732760836200973, 0.46007326814947463, 0.49051162157371786, 0.563648604652424, 0.6147797622461679, 0.8763730815389817, 0.8361153692002758, 0.7681136397542919, 0.651448050323199, 1.2399979636139755, 0.6297728246570103, 1.2963297701394596, 1.4110857352041906, 1.4859205396708353, 1.4218751902182198, 1.220658719736196, 1.033249094429676, 1.646496942886922, 1.3382175456193324, 1.1914194605358637, 1.4072390929516696, 1.4579910979079351, 1.7898777916560538, 1.740904312143889, 1.7779740881690305, 1.7955245903488737, 1.6800198173140843, 1.4549165746905226, 1.4302430738190235, 1.674904314773136], "bean_num": 0.5, "model_info": {"det_num_x": 10, "det_num_y": 10, "det_y": 0.03, "det_x": 0.03, "size_x": 0.5, "size_y": 0.5, "med_margin": 0.0015}}