{"source": [-254.16348163531035, -165.05569488748657], "intensity": 100, "miu_detector": 0.3, "miu_medium": 1.2, "miu_air": 0.00018, "output": [0.0, 0.0, 0.0, 0.3333333333333352, 0.6666666666666647, 0.0, 0.0, 0.0, 0.0, 0.0, 0.0, 0.0, 0.0, 0.0, 0.0, 0.0, 0.0, 0.0, 0.0, 0.0, 0.0, 0.0, 0.0, 0.0, 0.0, 0.0, 0.0, 0.0, 0.0, 0.0, 0.0, 0.0, 0.0, 0.0, 0.0, 0.0, 0.0, 0.0, 0.0, 0.0], "miu_de": 0.5, "input": [1.3817218241838014, 1.461206706777907, 1.7783612271722644, 1.647025497147388, 1.7449558346834597, 1.6789931523289525, 1.499908279430752, 1.5403931043057384, 1.4931672638745648, 1.1367318145779115, 1.3448541498272109, 0.8155611551464137, 1.2052051462365712, 1.237576858257081, 1.2067773156807615, 1.0857352350550937, 1.0378770397086663, 1.4186835185674678, 0.8681779935105214, 0.8489263395137489, 1.2498451818742324, 0.6811599943360016, 0.6231478272466845, 0.5754198664230709, 0.4543471316088971, 0.5509923829814023, 0.4558144885307739, 0.5354904977210903, 0.4086388258743401, 0.18111278895298752, 1.3834889043117, 0.7247899761945855, 0.007444614183178466, -0.048107191900309085, 0.15462143592618222, 0.002679907704232732, 0.05258552986602662, -0.03802289979161585, -0.06036116384840386, -0.31274543493848744, 1.3017264803313109, 0.5920873650115303, -0.012236392965128053, -0.33475976223737997, -0.2837955788353103, -0.4657881965852781, -0.4360382530079983, -0.46046012082211135, -0.7775586832154864, -0.7876714409436212, 1.2336417133955204, 0.4818731047307767, -0.3528086134232358, -0.43377283831235, -0.59909159177286, -0.7798003268331143, -0.6403870074305242, -0.8528149024637225, -0.877920007080633, -0.8748093701782097, 1.624647841624343, 0.42911175753419867, -0.09175137389929028, -0.5355317550567409, -0.8947743323790239, -0.9949520505064584, -1.0544991599263533, -1.0054917102291385, -1.0109584977967334, -1.1939234514369828, 1.151156532165819, 0.22031035077963404, -0.46026246690761596, -0.8031963385159564, -1.0561310712850123, -1.1450962545704497, -1.201173558334192, -1.2818602903866405, -1.230525262938732, -1.3220611519369772, 1.0562312046727205, 0.40571764027913343, -0.4081072775794024, -0.8306800560807327, -1.0261231017770946, -1.277739299581329, -1.2597125996836969, -1.2857929847714964, -1.4579601800697903, -1.5096049820120256, 0.8418578647286808, -0.06926420554332137, -0.5328645094602411, -0.8116372130976075, -1.198456570210363, -1.4559639758577054, -1.4344292662775182, -1.4628913402786652, -1.5154455190455292, -1.563969080956743], "bean_num": 0.5, "model_info": {"det_num_x": 10, "det_num_y": 10, "det_y": 0.03, "det_x": 0.03, "size_x": 0.5, "size_y": 0.5, "med_margin": 0.0015}}