{"source": [58.26276621443908, -299.7359479100328], "intensity": 100, "miu_detector": 0.3, "miu_medium": 1.2, "miu_air": 0.00018, "output": [0.0, 0.0, 0.0, 0.0, 0.0, 0.0, 0.0, 0.0, 0.0, 0.0, 0.0, 0.7777777777777817, 0.2222222222222183, 0.0, 0.0, 0.0, 0.0, 0.0, 0.0, 0.0, 0.0, 0.0, 0.0, 0.0, 0.0, 0.0, 0.0, 0.0, 0.0, 0.0, 0.0, 0.0, 0.0, 0.0, 0.0, 0.0, 0.0, 0.0, 0.0, 0.0], "miu_de": 0.5, "input": [1.3059346372421687, 0.7265853649892945, 0.1572286429362633, -0.1999510434886165, -0.5327788760378807, -0.7327064623971034, -1.045721769658873, -1.0613826515334897, -1.2510664044931805, -1.42442684661786, 1.7039595948322912, 1.0295393132377948, 0.628715148447432, 0.4578788729795764, -0.23471240249431544, -0.5049251011037041, -0.7945575893176079, -0.991468579497137, -1.2101000065471201, -1.3070666701673739, 1.8753775933518069, 1.4597340144084503, 0.9186719633448525, 0.44862184159232676, -0.12063416680311821, -0.5068912892919911, -0.8215293006912848, -1.0234058745392638, -1.1689025436327436, -1.2944837473051358, 1.8412321118741866, 1.3879887156454191, 0.8597334353738246, 0.0828847285314747, -0.13544435543361238, -0.3606035631665701, -0.710376071520722, -0.9608455743442965, -1.143874020798492, -1.3082091942455534, 2.195107932994761, 1.5635625138450646, 0.97281540024305, 0.5281182075905224, -0.18767177392020362, -0.5241079211225403, -0.806140885360498, -0.7958669936730781, -1.1530885338115826, -1.3407333032122661, 2.126392482960904, 1.5029393367870538, 0.8721309649016484, 0.42365535295498036, -0.017647340856010683, -0.270449276052146, -0.703066868455357, -0.767663035284631, -1.1011536637113017, -1.2317661821709383, 2.1053389431962057, 1.467617666426415, 0.9749267002307463, 0.5551439269761225, 0.07496181294546203, -0.3522115730089936, -0.652735415015231, -0.9734455199710647, -1.0879835951118566, -1.2261194810709781, 1.861040662190661, 1.2158492733709438, 0.7504400101136781, 0.3795654154496223, -0.3239404660263024, -0.4723260113467436, -0.6201387901258613, -0.9377227784485636, -1.0331498434479935, -1.2375964019589552, 1.842912942875774, 1.4138491643253408, 0.7042287262347732, 0.18757458264310833, -0.16592923778278892, -0.34397003235052104, -0.673219902218834, -0.7190347809596377, -0.867891692724674, -1.0621195920638073, 1.299341257034172, 1.0339028177944252, 0.6260556727682318, 0.34824569970857033, 0.1336975452192528, 0.26745944431646423, 0.17929536202431648, -0.009299692243555542, 0.06281074450102285, -0.04881185277650155], "bean_num": 0.5, "model_info": {"det_num_x": 10, "det_num_y": 10, "det_y": 0.03, "det_x": 0.03, "size_x": 0.5, "size_y": 0.5, "med_margin": 0.0015}}