{"source": [-120.70911306986797, -284.37284960213526], "intensity": 100, "miu_detector": 0.3, "miu_medium": 1.2, "miu_air": 0.00018, "output": [0.0, 0.0, 0.0, 0.0, 0.0, 0.0, 0.0, 0.5555555555555564, 0.44444444444444364, 0.0, 0.0, 0.0, 0.0, 0.0, 0.0, 0.0, 0.0, 0.0, 0.0, 0.0, 0.0, 0.0, 0.0, 0.0, 0.0, 0.0, 0.0, 0.0, 0.0, 0.0, 0.0, 0.0, 0.0, 0.0, 0.0, 0.0, 0.0, 0.0, 0.0, 0.0], "miu_de": 0.5, "input": [1.3814096586623141, 1.397084928390016, 0.9667864549860775, 1.2648207816125232, 0.8280583629475488, 0.7805243767083794, 0.8739053766766048, 0.8755906217540935, 0.9520277452867624, 0.44715903693098846, 1.706749378608946, 1.0433804638404311, 0.7871900243897725, 0.1918724702160567, -0.05040386951238273, -0.12043491176017342, -0.1679613626398828, -0.0777751603427905, -0.27945851730750976, -0.4920049674282699, 1.9243808315636934, 1.451694884909926, 0.9303936232387973, 0.20019888038903133, -0.1715230405514212, -0.38410860792100865, -0.5299593798388283, -0.6889862057292911, -0.8210895913966954, -0.9337176520906667, 1.762150206938215, 1.545327124346019, 0.7094813966392827, 0.10228540534266242, -0.2894705507493882, -0.6003552098057002, -0.7254549450682937, -0.8929957430890486, -1.0664983257282359, -1.2997326166622716, 1.7893682589646422, 1.4744142731053567, 0.7792417764349843, 0.2185558966122187, -0.16419306008613072, -0.5459135174120239, -0.8515790154659377, -0.9144193088431284, -1.1123814587745797, -1.3121689501562523, 1.711778986883149, 1.287136501360121, 0.5312157258018771, 0.39984099695994374, -0.07305110850984471, -0.489910125911202, -0.8710004545497569, -1.1283695065303878, -1.302214072325477, -1.373400700386987, 1.7855876141079579, 1.3046667021142202, 0.5443411194950046, 0.0512023778193489, -0.256086871618053, -0.635664666029946, -0.8090038018160806, -0.9098639996317264, -1.290927033311346, -1.3505252812518787, 1.470624353298228, 1.1146387641285287, 0.6644202038799115, 0.15139715512196816, -0.2524076924921611, -0.8455213800065878, -0.9348743032700295, -1.0406925160788507, -1.2487079907318246, -1.3221018921330583, 1.5450384049953059, 1.1865418886046217, 0.7399805005234269, 0.10362931913920687, -0.565304740513446, -0.6379651623187257, -0.9105882047569874, -1.1164757326265498, -1.313880706170802, -1.4719700887283655, 1.647700246243511, 0.7499060496532756, 0.2855628705334875, -0.29979156936749257, -0.6906791668695059, -0.7834621520997621, -1.0753959685798924, -1.3323432896299492, -1.384798796541208, -1.4496970770106175], "bean_num": 0.5, "model_info": {"det_num_x": 10, "det_num_y": 10, "det_y": 0.03, "det_x": 0.03, "size_x": 0.5, "size_y": 0.5, "med_margin": 0.0015}}