{"source": [-311.2046705643318, -21.761550474493994], "intensity": 100, "miu_detector": 0.3, "miu_medium": 1.2, "miu_air": 0.00018, "output": [0.5555555555555606, 0.4444444444444394, 0.0, 0.0, 0.0, 0.0, 0.0, 0.0, 0.0, 0.0, 0.0, 0.0, 0.0, 0.0, 0.0, 0.0, 0.0, 0.0, 0.0, 0.0, 0.0, 0.0, 0.0, 0.0, 0.0, 0.0, 0.0, 0.0, 0.0, 0.0, 0.0, 0.0, 0.0, 0.0, 0.0, 0.0, 0.0, 0.0, 0.0, 0.0], "miu_de": 0.5, "input": [-1.5018992027450593, -1.4547808785186829, -1.4064023260981378, -1.4669651329169662, -1.377836830963922, -1.2591852317075836, -0.8349679004643168, -0.41927123376299114, -0.22584834714668406, 0.5805133212812483, -1.2389448190268768, -1.2982864249746056, -1.2164734959337635, -1.4648085946253557, -1.316909211006541, -0.8446018015152447, -0.8940615330046441, -0.22631118799179342, 0.40375585596165425, 1.297866607316952, -1.4524534568733627, -1.285853116242164, -1.2656028960024999, -1.1777248781759941, -1.0650873958978013, -0.9990830456221863, -0.6391256991427772, -0.20240427708457376, 0.23327219034467953, 0.9143034753670017, -1.1553892957884984, -1.2059867857604585, -1.116856325910763, -1.018994427538172, -0.9830283360184867, -0.6100400104307819, -0.6301997332621814, -0.3603342365000892, 0.3663977168836739, 1.434235956504621, -1.0567556293039335, -0.9075358333188346, -0.8715599297789384, -0.8577484967479166, -0.5377267842533988, -0.6184187495083492, -0.728840936233075, 0.0665558171089094, 0.9796026508871162, 1.7682459567498223, -0.9044250076123225, -0.33706116662404223, -0.6207486230357495, -0.48495818394053986, -0.16796744091859056, -0.5467905688429094, -0.440590134874302, 0.10395282884947438, 0.546060481902433, 1.6901485644707568, -0.5622840993885876, -0.17307098639317975, -0.08090586830405426, 0.21252341527784316, 0.04618786799866417, -0.05415221683501291, -0.15639013104529023, 0.07552393596769262, 0.7587374748528987, 1.1562053993904633, 0.24301178199362683, 0.565065516147717, 0.31465599263548755, 0.5549835083813428, 0.6468684875444196, 0.6405507009401816, 0.3598628953630417, 0.39496725117585707, 0.643701860235154, 0.9464808164296798, 0.45390170067600477, 1.2829283449906104, 0.8758159780523018, 1.3509461329104595, 1.156400856760818, 1.2187236543082909, 1.4847675672703404, 1.1855376736599155, 0.8774776440075216, 1.0709506408642377, 0.716235906242921, 1.5957963446403458, 2.1136936670393527, 1.6434581863384217, 1.2547871864258502, 1.6786125077218232, 1.43112339322093, 1.4658628302084384, 1.4800235014804546, 1.4423668108315406], "bean_num": 0.5, "model_info": {"det_num_x": 10, "det_num_y": 10, "det_y": 0.03, "det_x": 0.03, "size_x": 0.5, "size_y": 0.5, "med_margin": 0.0015}}