{"source": [-54.226007567539625, -307.5309708682398], "intensity": 100, "miu_detector": 0.3, "miu_medium": 1.2, "miu_air": 0.00018, "output": [0.0, 0.0, 0.0, 0.0, 0.0, 0.0, 0.0, 0.0, 0.11111111111111127, 0.8888888888888887, 0.0, 0.0, 0.0, 0.0, 0.0, 0.0, 0.0, 0.0, 0.0, 0.0, 0.0, 0.0, 0.0, 0.0, 0.0, 0.0, 0.0, 0.0, 0.0, 0.0, 0.0, 0.0, 0.0, 0.0, 0.0, 0.0, 0.0, 0.0, 0.0, 0.0], "miu_de": 0.5, "input": [1.2609394267520166, 1.586412883458126, 1.5823253588803248, 1.8142463818926695, 1.5179117983077308, 1.5525999441359764, 1.4344091105143992, 1.1015205989123265, 1.3520558537886527, 0.903895498105561, 1.3018617611443906, 0.738933218467654, 0.7109468056934299, 1.2140013268095675, 1.1215550430864267, 0.9205073966343379, 0.6811541087465038, 0.4914531219537898, 0.6105928327743446, 0.21192389832548886, 1.435721253401228, 0.6911231323512335, 0.33097853156011436, 0.15839164539930353, 0.18832873411903775, -0.0451375836954307, 0.3209522137352491, -0.19733699495530446, -0.1647136661081786, -0.5537472701395513, 1.509120986504087, 0.9042772784909556, 0.5849828513436597, -0.017377321130196324, -0.47319719883558325, -0.2605170143939858, -0.4762973961493425, -0.4943575768349832, -0.5201250677549559, -0.7896840444082671, 1.8453833093247338, 0.7485423211660046, 0.28598675381802247, -0.2131032359907823, -0.6417848144448218, -0.7345696802126547, -0.7010761934231567, -0.8354314032746267, -0.9596190250329245, -1.1173800058675039, 1.714835855876122, 1.24334151929658, 0.28769707148052526, -0.18643458583741368, -0.6191307953855031, -0.7484070523805876, -0.9769761534361832, -1.084156451290678, -1.0272588382695027, -1.2297152140325618, 1.7170074714565868, 0.8381401351252832, 0.4815729749679043, -0.19186824409510764, -0.5125751215137292, -0.8759563784304478, -1.0397719353149357, -1.0846768560980737, -1.124850578926822, -1.394233887657237, 1.6812070126486418, 0.8105303011117565, 0.2003504208973046, -0.147029364218923, -0.6120272807459749, -0.9287904868970412, -1.136360623485868, -1.0920202732097568, -1.3426051693639143, -1.4404105143833232, 1.3633397226320447, 0.68720601627217, 0.14439264400574042, -0.48372398608490474, -0.6732367245656882, -0.9428017813293544, -1.184452851106176, -1.3168436320087733, -1.4558667565651469, -1.5005014178757794, 1.1335911166982005, 0.5310289751667588, -0.18110261996065644, -0.48722525156264396, -0.8495803083321825, -1.210135393157294, -1.3303708073045628, -1.374518408936673, -1.406948614408453, -1.559256766408838], "bean_num": 0.5, "model_info": {"det_num_x": 10, "det_num_y": 10, "det_y": 0.03, "det_x": 0.03, "size_x": 0.5, "size_y": 0.5, "med_margin": 0.0015}}