{"source": [-243.45034554757748, 204.27909515895374], "intensity": 100, "miu_detector": 0.3, "miu_medium": 1.2, "miu_air": 0.00018, "output": [0.0, 0.0, 0.0, 0.0, 0.0, 0.0, 0.0, 0.0, 0.0, 0.0, 0.0, 0.0, 0.0, 0.0, 0.0, 0.0, 0.0, 0.0, 0.0, 0.0, 0.0, 0.0, 0.0, 0.0, 0.0, 0.0, 0.0, 0.0, 0.0, 0.0, 0.0, 0.0, 0.0, 0.0, 0.0, 0.4444444444444451, 0.5555555555555549, 0.0, 0.0, 0.0], "miu_de": 0.5, "input": [1.3205735604010955, 1.522922714467358, 1.6896553534632432, 1.552440947048689, 1.559106721193019, 1.6750660104901205, 1.5250567362798624, 1.2612442121778094, 1.3000943237276734, 1.1947087070112292, 1.4913325237849553, 1.0807602308694824, 0.8446797708744989, 0.8857406234591255, 0.8405628847459171, 0.9715291989999677, 1.0049697744651886, 0.8034777965135499, 0.6639981503162905, 0.41201559399378984, 1.269825023040911, 0.8977782135674349, 0.30953436700775383, 0.26807598137655775, 0.2541054027907609, 0.22193375624775294, 0.34003436682568816, 0.3755714166879492, 0.15995458897988923, -0.14670960568857103, 1.6166496718362278, 0.8308912788237711, 0.2118027072536876, -0.18673678326069293, -0.004898110991024017, -0.3148620567393172, -0.1649845195657293, -0.2942531479276153, -0.3621098180045328, -0.7414296604368782, 1.4106429468239463, 0.9375477853543527, 0.13135263952134793, -0.16192848571120844, -0.5412441165750932, -0.5429742825863354, -0.6802334345518949, -0.7760093898114123, -0.9059228043439332, -1.0283523152120884, 1.5887498168127057, 0.8989125430540678, 0.10249307874382906, -0.3531348694567217, -0.6102817003583396, -0.852231713080194, -0.9017880747193717, -1.0496357530593265, -1.1235476926333894, -1.2029586087393227, 1.435773057321527, 0.8407851955450081, 0.30915336750698197, -0.31005352100246336, -0.5773770344875997, -1.0063956018746845, -1.1154098963571168, -1.1594090414891196, -1.253355226181295, -1.2984804108028725, 1.4661474632618814, 0.7806169992477763, 0.025267276217468472, -0.40921209898992406, -0.791208739293573, -0.995358180956078, -1.1977084764518415, -1.2843130261441842, -1.321144485512136, -1.4222091915732382, 1.4769065058346733, 0.7117130712558153, 0.16474320801480613, -0.46573463663134645, -0.8245659552995405, -1.118065716460624, -1.1878065156407318, -1.421918271809728, -1.3775270089774196, -1.4896668030042464, 1.073025458811559, 0.2563988471366906, -0.30066969448476283, -0.6118134746974402, -1.097461353686648, -1.1853811685663007, -1.336968407113003, -1.4133104151041884, -1.5099570353749021, -1.5376135377656792], "bean_num": 0.5, "model_info": {"det_num_x": 10, "det_num_y": 10, "det_y": 0.03, "det_x": 0.03, "size_x": 0.5, "size_y": 0.5, "med_margin": 0.0015}}