{"source": [-313.7691687750323, 78.2314402044437], "intensity": 100, "miu_detector": 0.3, "miu_medium": 1.2, "miu_air": 0.00018, "output": [0.0, 0.0, 0.0, 0.0, 0.0, 0.0, 0.0, 0.0, 0.0, 0.0, 0.0, 0.0, 0.0, 0.0, 0.0, 0.0, 0.0, 0.0, 0.0, 0.0, 0.0, 0.0, 0.0, 0.0, 0.0, 0.0, 0.0, 0.0, 0.0, 0.0, 0.0, 0.0, 0.0, 0.0, 0.0, 0.0, 0.0, 0.0, 0.5555555555555549, 0.4444444444444451], "miu_de": 0.5, "input": [1.0770921926722072, 1.6874362431442613, 2.0159276720921957, 1.8878448652578177, 1.8472408904241553, 1.944612119196579, 1.8609453559860099, 2.097921237605545, 1.681701030112484, 1.3552472561546576, 0.6413274715556169, 1.338053798269502, 1.8008600358149989, 1.3974908586383985, 1.182591329906544, 1.6030479346842843, 1.362671158975317, 1.5968075181361956, 1.4427051852808888, 1.028894060939514, 0.37859285217937094, 0.6777928156597545, 0.8359538230713215, 0.9705560987967475, 1.051128132285465, 0.8989316209021438, 0.734868644992576, 0.6194614035657863, 0.5340983682305379, 0.6115668895131409, -0.28878715911599706, 0.2188044647333818, 0.19421611273324615, 0.29792856170805726, 0.35457836438314044, 0.3501211940821024, 0.19630037368408995, 0.15560284284976744, 0.22496880443584513, 0.6653795166663209, -0.6926355682215255, -0.22193533775426846, -0.15621839323843917, -0.06957609586576925, -0.19460873164571138, -0.25686797604051714, -0.25376908105447654, 0.05162041001004894, -0.12776631750182854, 0.6563860973095803, -0.9168902367033356, -0.6492986261725892, -0.5607726276172672, -0.46082811916922234, -0.30144067089082943, -0.4627858033826126, -0.5897104149405545, -0.6299528278122903, -0.46013450707488535, 0.487388251184227, -0.9949735660647582, -0.8404333930456261, -0.6613030304906674, -0.7977756924553644, -0.7370243590607171, -0.7429766781125886, -0.5040556863696972, -0.8066173206951336, -0.460073923945556, 0.35782111492899066, -1.1522548873954817, -1.049760460578616, -1.0590686379741299, -0.901478354498371, -0.8191545074124766, -0.8790110472488832, -0.8943714305370151, -0.9012773469126796, -0.5441157433154921, 0.19428716645518826, -1.2772902795884886, -1.1992456951249815, -1.2078154409067279, -1.2070057096410942, -1.1429348869864453, -1.0559400286432352, -1.0840146757363356, -0.9808293643322444, -0.7626552173586917, 0.3844707534297676, -1.4415243262371624, -1.367807783204591, -1.3766504050824058, -1.3776626275082546, -1.2643187969286465, -1.1533684059681093, -1.2285250521560382, -1.2059015607974026, -0.8017263953977642, 0.2216783192762394], "bean_num": 0.5, "model_info": {"det_num_x": 10, "det_num_y": 10, "det_y": 0.03, "det_x": 0.03, "size_x": 0.5, "size_y": 0.5, "med_margin": 0.0015}}