{"source": [335.5257616016696, 23.46224683372306], "intensity": 100, "miu_detector": 0.3, "miu_medium": 1.2, "miu_air": 0.00018, "output": [0.0, 0.0, 0.0, 0.0, 0.0, 0.0, 0.0, 0.0, 0.0, 0.0, 0.0, 0.0, 0.0, 0.0, 0.0, 0.0, 0.0, 0.0, 0.0, 0.0, 0.5555555555555555, 0.44444444444444453, 0.0, 0.0, 0.0, 0.0, 0.0, 0.0, 0.0, 0.0, 0.0, 0.0, 0.0, 0.0, 0.0, 0.0, 0.0, 0.0, 0.0, 0.0], "miu_de": 0.5, "input": [-1.2382332668710485, -1.058063500580792, -1.066212935546209, -0.872003163970868, -0.7865108862274642, -0.48807660823127963, -0.18523462362423823, 0.31923945992606617, 0.8576873581187083, 1.4982602873367932, -1.1789123118328944, -0.9924558936764659, -0.8779676539564818, -0.6645993619910058, -0.49551137342941254, -0.1275236252990828, 0.3157524969789298, 0.7116276052171119, 1.4675025442412077, 1.8883306473961594, -1.0507033810983906, -0.9657678140338138, -0.7864578352417714, -0.4985101418252123, -0.2297207198373312, 0.03730989608627572, 0.26257405143358, 0.8552223030919827, 1.4166065859276429, 2.06539804020256, -1.1048655083775174, -0.9892733762253137, -0.7519426235751407, -0.5547776457093732, -0.2873173488733703, -0.029826638906727827, 0.41418727062441013, 0.923856356485541, 1.5226613811447474, 2.0296745845249737, -1.1574696220501852, -0.9455443240209908, -0.8118944034230099, -0.6025470471925769, -0.17363745062794841, 0.08393085195990392, 0.43012039940727964, 1.0014829961245537, 1.5917174192776118, 1.900086152842005, -1.0985154173717337, -0.978418785715205, -0.7430422960314269, -0.5286478453047677, -0.18990875977258462, 0.018911843236756896, 0.4310542437707038, 0.8886779894943692, 1.4529048982168455, 2.069452259284354, -1.1890667520572828, -0.9469533731368498, -0.8397066646247222, -0.5802946124793427, -0.36946194648317343, -0.06319087843127943, 0.29866145932246724, 0.8277948650877431, 1.5738054357298612, 1.7293272563919722, -1.199864349691568, -0.9713116329981222, -0.8055717646368606, -0.5697693031476131, -0.34534628147404217, 0.08847651172455342, 0.38890443167122424, 0.9418167579371244, 1.3608861534192294, 1.944265828573362, -1.1746064336584028, -1.0188060604235618, -0.921544848396768, -0.7763476036587708, -0.4655793277068365, -0.07630393174290662, 0.18323176709677166, 0.5674499123986267, 1.4098701182676214, 1.8908399849286837, -1.317510669118468, -1.174646890806195, -0.9861415858785996, -0.966054699559934, -0.7114436042983429, -0.5816194128517979, -0.07345819411024981, 0.31148155915596715, 1.0076709716687855, 1.6559820760982675], "bean_num": 0.5, "model_info": {"det_num_x": 10, "det_num_y": 10, "det_y": 0.03, "det_x": 0.03, "size_x": 0.5, "size_y": 0.5, "med_margin": 0.0015}}