{"source": [-216.74183073802686, -267.65387048059097], "intensity": 100, "miu_detector": 0.3, "miu_medium": 1.2, "miu_air": 0.00018, "output": [0.0, 0.0, 0.0, 0.0, 0.0, 0.33333333333333237, 0.6666666666666676, 0.0, 0.0, 0.0, 0.0, 0.0, 0.0, 0.0, 0.0, 0.0, 0.0, 0.0, 0.0, 0.0, 0.0, 0.0, 0.0, 0.0, 0.0, 0.0, 0.0, 0.0, 0.0, 0.0, 0.0, 0.0, 0.0, 0.0, 0.0, 0.0, 0.0, 0.0, 0.0, 0.0], "miu_de": 0.5, "input": [1.1983926852399853, 1.3527201709920478, 1.4236138818597546, 1.5022195853955442, 1.4795457174472557, 1.3565142948216313, 1.4202475467812177, 1.2151129627014627, 1.1032347353465675, 0.8764993200059639, 1.196926092932002, 0.9674574261176961, 0.7716847834321713, 0.6929176535500595, 0.7570412347510952, 0.6851573435686773, 0.7696675393138128, 0.4591939001591438, 0.5266145002286471, 0.21179747566582688, 1.3147513893676217, 1.3715531268648493, 0.6735566209150047, 0.1517313086266145, 0.15866087992486375, -0.0694880596303214, -0.1533650332177139, -0.25386048901078434, -0.1626777816534258, -0.44612650905767687, 1.8286883583639062, 1.4444145344148112, 0.30436356928690544, -0.09087319090911639, -0.10015308343863263, -0.5308472778549524, -0.7335415647802641, -0.604315796230409, -0.6425040774006558, -0.9513020824172407, 1.6372879353556948, 0.9019567584562351, 0.19751998413743108, -0.22565156445083037, -0.3460925045707038, -0.6182142086090714, -0.8610742193414109, -0.8922730777745518, -0.7620464692710736, -1.1446547611671254, 1.7366482814311077, 1.278601576291433, 0.06242532611002315, 0.15308300869439218, -0.4775581624008198, -0.7036367655252298, -0.8603434262740931, -1.0787733724535817, -1.1088997338006816, -1.2397411672042147, 1.4358649337581901, 1.1544053935449508, 0.4944507372650022, -0.32833074787738603, -0.5545709372093728, -0.6135580230114149, -0.7517663640569647, -1.1888070629116003, -1.2678949150901946, -1.4397436063101974, 1.8929967770014067, 0.7185018654033539, 0.22460187026755596, -0.039565829938044236, -0.6348701558921318, -0.7074181257890539, -1.0229359589397242, -1.1845915833934237, -1.3413839745300546, -1.5077338514231333, 1.6559574182566994, 0.9757326656369248, 0.1335877183863629, -0.19684516304650523, -0.5736764720566464, -0.8162985460327082, -1.1284098517194692, -1.3425143719345416, -1.5491588289620006, -1.6005694186614992, 1.0561426514772354, 0.5285739558301376, -0.029796801179656093, -0.5015040453763462, -0.9623691478432438, -1.1391024641188299, -1.3890417915441102, -1.5206499313898154, -1.430838682462867, -1.6306564642337682], "bean_num": 0.5, "model_info": {"det_num_x": 10, "det_num_y": 10, "det_y": 0.03, "det_x": 0.03, "size_x": 0.5, "size_y": 0.5, "med_margin": 0.0015}}