{"source": [33.25383092230361, -380.09302670911393], "intensity": 100, "miu_detector": 0.3, "miu_medium": 1.2, "miu_air": 0.00018, "output": [0.0, 0.0, 0.0, 0.0, 0.0, 0.0, 0.0, 0.0, 0.0, 0.0, 0.4444444444444465, 0.5555555555555535, 0.0, 0.0, 0.0, 0.0, 0.0, 0.0, 0.0, 0.0, 0.0, 0.0, 0.0, 0.0, 0.0, 0.0, 0.0, 0.0, 0.0, 0.0, 0.0, 0.0, 0.0, 0.0, 0.0, 0.0, 0.0, 0.0, 0.0, 0.0], "miu_de": 0.5, "input": [1.381470964471793, 0.8762290178049056, 0.2041130610396621, -0.1834861211016399, -0.6896350855233796, -0.6792247771247955, -1.112266640005089, -1.0684975068015752, -1.1563178965673029, -1.4095691966125743, 1.8787974119021886, 1.4095566227132994, 0.663973327446265, -0.028605026622322702, -0.24944035803035336, -0.6436734794855741, -0.8964838306365218, -0.9822611006528471, -1.1272029582297571, -1.3160371583894257, 1.7299904266477204, 1.362742882164652, 0.5825893995880483, 0.17955556063502645, -0.24161084463216853, -0.4880792998972357, -0.8374295831231013, -1.140521463481167, -1.1303808247578604, -1.3439093943069134, 2.1693389397323344, 1.326958606167613, 1.0203649389225387, 0.04235795493561433, -0.27449978352797627, -0.4372816239824544, -0.7825839840710536, -0.9928206839725084, -1.1008243270779952, -1.3144070179072966, 1.9463083215303572, 1.320488923662685, 0.6564337060508983, 0.47128695386181135, -0.052155954176553936, -0.5229116946148274, -0.6392526529126975, -0.993671267211726, -1.0592027090852938, -1.3289945188976084, 1.9869550111299943, 1.429219382494109, 0.8009614340689927, 0.19042971400883588, -0.029099140250934453, -0.4725712829163476, -0.7039596904112536, -1.0424903162238972, -1.2148276766292205, -1.2053146340151601, 1.5573894392990013, 1.6910142667872001, 1.1681161130948114, 0.3017018448864659, -0.1812678778331246, -0.4711471004132885, -0.6301736658233926, -0.8100630723287473, -1.095624499841202, -1.3231367650599868, 1.969963311553823, 1.340451662785882, 0.6572491295849465, 0.05892829154335233, -0.3513888682126692, -0.5531289418616574, -0.8528747030453189, -0.9822277138279473, -1.0513901892756712, -1.178871479567774, 1.6092935718536694, 1.5963260681096825, 1.0624366625724186, 0.08341109013065068, -0.16581891700450593, -0.2221352385492033, -0.334998207662104, -0.4498742329887224, -0.7107849625526518, -0.6423907960415056, 1.26421269588008, 1.150304962256984, 0.7957347174832567, 0.36659382086971276, 0.34869096701590707, 0.36317403366497386, 0.6425744730676521, 0.3172727233967238, 0.726917519688432, 0.19691880925091093], "bean_num": 0.5, "model_info": {"det_num_x": 10, "det_num_y": 10, "det_y": 0.03, "det_x": 0.03, "size_x": 0.5, "size_y": 0.5, "med_margin": 0.0015}}