{"source": [13.343527719113938, -382.1086394521485], "intensity": 100, "miu_detector": 0.3, "miu_medium": 1.2, "miu_air": 0.00018, "output": [0.0, 0.0, 0.0, 0.0, 0.0, 0.0, 0.0, 0.0, 0.0, 0.0, 0.777777777777776, 0.22222222222222396, 0.0, 0.0, 0.0, 0.0, 0.0, 0.0, 0.0, 0.0, 0.0, 0.0, 0.0, 0.0, 0.0, 0.0, 0.0, 0.0, 0.0, 0.0, 0.0, 0.0, 0.0, 0.0, 0.0, 0.0, 0.0, 0.0, 0.0, 0.0], "miu_de": 0.5, "input": [1.2768199756999177, 1.4388396266707542, 1.845578958223711, 1.1706694403798634, 1.9879969326527822, 1.8655809360589757, 1.7436251487465182, 1.5047550560294363, 2.2525211247790744, 0.9779417613407908, 1.242458994306617, 0.9447472547076076, 1.3293944183280793, 1.3999355440524395, 0.9168680052917406, 1.1398946997574397, 1.0967782759660787, 0.8841883640816444, 0.9147933170902585, 0.8736393968348086, 1.0135677194276251, 0.4601477859329531, 0.2498887671850375, 0.755636099075967, 0.39684560702395927, 0.3787753825911458, 1.0255536277911197, 0.2616827548003936, 0.4349748624905529, -0.004577386816468066, 1.5896058732903673, 0.3797301018563893, 0.11093646312171179, 0.2972727534614185, 0.0935017766033782, -0.09318827416421081, 0.2595813222074341, -0.1690453110689024, 0.09033513954474885, -0.47299160290990544, 1.102913065619442, 0.13864559596381232, -0.006972032280122879, 0.021152165749820002, -0.4202099329602399, -0.3569552601759171, -0.5472454735082248, -0.532527744995067, -0.491056439945701, -0.9864071650898167, 1.0574215920273242, 0.4367285486927916, -0.1680656356227653, -0.6675796931742091, -0.6251502181237348, -0.7085295315540305, -0.6646880540406173, -0.777112218669921, -0.9313063465010001, -0.9893640371338592, 1.2966705459925636, 0.7022822834855624, -0.0813031552931779, -0.49130726822145476, -1.042236901808999, -0.8963034757187063, -0.8616109266481238, -0.9080594445985897, -1.158024018504071, -0.8775067934213159, 1.1605700805247554, 0.3568377232274369, -0.4096443724354275, -0.5993382033809392, -1.1068050236470974, -1.0960362653679427, -1.1556123278600936, -1.224112042942997, -1.1470772066392316, -1.2831654649384872, 1.0821009247705056, 0.4947096728572332, -0.49082306728807545, -0.9787429879649782, -1.0035522087392834, -1.2654842147004144, -1.3350726646742632, -1.3176853937244346, -1.3625864264778909, -1.497655336758072, 0.9007609622800931, -0.1875207957548195, -0.336426558074219, -1.114772986362588, -1.3505031273476935, -1.376540080528226, -1.4851709436802372, -1.4368460055638688, -1.359205774553878, -1.5061526062397512], "bean_num": 0.5, "model_info": {"det_num_x": 10, "det_num_y": 10, "det_y": 0.03, "det_x": 0.03, "size_x": 0.5, "size_y": 0.5, "med_margin": 0.0015}}