{"source": [163.34201438530351, -384.80967102803504], "intensity": 100, "miu_detector": 0.3, "miu_medium": 1.2, "miu_air": 0.00018, "output": [0.0, 0.0, 0.0, 0.0, 0.0, 0.0, 0.0, 0.0, 0.0, 0.0, 0.0, 0.0, 0.4444444444444465, 0.5555555555555535, 0.0, 0.0, 0.0, 0.0, 0.0, 0.0, 0.0, 0.0, 0.0, 0.0, 0.0, 0.0, 0.0, 0.0, 0.0, 0.0, 0.0, 0.0, 0.0, 0.0, 0.0, 0.0, 0.0, 0.0, 0.0, 0.0], "miu_de": 0.5, "input": [1.744325559053568, 0.9111773831533193, 0.3714367534017265, -0.08864894700896668, -0.44038646316105157, -0.7057234022314641, -0.7929074739873055, -0.9237412027366378, -0.8638373533019114, -0.9477325530429211, 1.6866444787775965, 1.7211433471556297, 0.6510339425463787, 0.13260645398186408, -0.37308016130447863, -0.5971569406946223, -0.549030813086772, -0.8867547943085221, -1.1495591719295002, -1.0774787761858289, 1.9565996205092144, 1.6900232011328669, 0.9330563535977937, 0.4028516732525961, -0.18754681279070198, -0.2913143790112017, -0.42009871632570267, -0.7742191824876626, -1.0061309028291077, -1.2666977470553327, 1.8412428766068707, 1.4821090775047483, 0.9119286196353417, 0.358918691381445, 0.025169898042393245, -0.32617057012426265, -0.47686999032850835, -0.5936366463595054, -0.9555154500515131, -1.2451693750054598, 1.8868518188587047, 1.6366893367934376, 0.7858068656989697, 0.38656630709007705, 0.08488084786322032, -0.21197005412762707, -0.6079948474676476, -0.6789364946353325, -0.9741369872568811, -1.1758586995879992, 1.9285976528840125, 1.30068490112918, 0.793592932294467, 0.3575281159416262, -0.033644979832954065, -0.42695749956532536, -0.5755139086461469, -0.6875246729988419, -0.9966369699682988, -1.1525470723395532, 1.9908024850455317, 1.7982472206099223, 0.960721882288713, 0.646355540553041, 0.05817816773418237, -0.24882457928798724, -0.5351324633551527, -0.8452334066989214, -0.9242243199835134, -1.2338103525245607, 1.8954012622724588, 1.568180723520737, 0.7889240356019231, 0.4670857776600963, -0.057015013245759305, -0.2943309231932507, -0.656574340993877, -1.0183105302667284, -1.048098104303681, -1.1750044409682945, 1.7578570170191241, 1.1732016600049482, 0.8339960622468441, 0.2045743099832872, -0.052267796176235365, -0.5345795055180242, -0.6398548147686021, -0.8957729399652136, -1.0771430372543647, -1.24020628569649, 1.6413295892578643, 0.6907693848586083, 0.2798864847276657, -0.12488548803643718, -0.5225962134470238, -0.8941210743185364, -0.9072649419835707, -1.0513932419497163, -1.1271486008010758, -1.1720558851594054], "bean_num": 0.5, "model_info": {"det_num_x": 10, "det_num_y": 10, "det_y": 0.03, "det_x": 0.03, "size_x": 0.5, "size_y": 0.5, "med_margin": 0.0015}}