{"source": [330.49410934085483, -330.494109340855], "intensity": 100, "miu_detector": 0.3, "miu_medium": 1.2, "miu_air": 0.00018, "output": [0.0, 0.0, 0.0, 0.0, 0.0, 0.0, 0.0, 0.0, 0.0, 0.0, 0.0, 0.0, 0.0, 0.0, 2.1203697876423446e-15, 0.9999999999999979, 0.0, 0.0, 0.0, 0.0, 0.0, 0.0, 0.0, 0.0, 0.0, 0.0, 0.0, 0.0, 0.0, 0.0, 0.0, 0.0, 0.0, 0.0, 0.0, 0.0, 0.0, 0.0, 0.0, 0.0], "miu_de": 0.5, "input": [1.1023290710962348, 0.1392077573805403, -0.4949559083054199, -0.8102477522386317, -1.1618503673006781, -1.2087497457035772, -1.3873604791685792, -1.5306755580004092, -1.5049973388667677, -1.5786790736151826, 1.4498651651851808, 0.6550303362134273, -0.0865948797707035, -0.7435865777828831, -1.0098411470733337, -1.1559852797993702, -1.2197789088484479, -1.4571003375565792, -1.371725533536539, -1.4945151742783476, 1.3396228137998683, 0.6020374144581403, -0.27581432624199886, -0.6266941449545917, -0.8125866293637147, -0.99345436723874, -1.198521888535652, -1.0925901617826135, -1.294661333519754, -1.3225453534667988, 1.6233153374562361, 0.5845785063953133, -0.05764158710667537, -0.6168216161189793, -0.7102944876792747, -0.9782878928858424, -1.0829954706316682, -1.1555928256016559, -1.0527138162556917, -1.2311477477842103, 1.650734504716892, 0.7499628382101291, 0.04352583155953124, -0.5693890038030218, -0.7396323989430136, -0.8294743635725462, -1.0222679106414496, -0.8682359603572616, -0.881910540864742, -1.0807376731443168, 1.5249981636168681, 0.6161414040881162, -0.047045735097795104, -0.34205081821004796, -0.30542974604668327, -0.4959055685562027, -0.7631724636184382, -0.39438992712187004, -0.4898199790012684, -0.9198892115945408, 1.574048759849737, 0.5814309188138164, 0.11664831065578628, 0.0036420236185870833, 0.03401530039010676, 0.04990186527511177, 0.01288247052127204, -0.06362159683336105, -0.14779626997139877, -0.5703710297025892, 1.2711504295238845, 0.28606703715165704, 0.3825545402352369, 0.4663168603599659, 0.42666973289883314, 0.34058155172504256, 0.5055680321322373, 0.3629289501406, 0.1797205928148263, -0.14328742088843022, 1.495693616261581, 1.160945498886656, 0.8400419650503645, 0.8027242984476667, 0.8203104933326381, 1.302403655460026, 1.3379884457970592, 1.1860288726799484, 1.12071023232028, 0.23209130288527266, 1.035424237539877, 1.513731540367496, 1.218144677200322, 1.6199015110613946, 1.4620372632199676, 1.4822032251936503, 1.7959349031118474, 1.5368298534409153, 1.439567540699074, 1.3152456757430868], "bean_num": 0.5, "model_info": {"det_num_x": 10, "det_num_y": 10, "det_y": 0.03, "det_x": 0.03, "size_x": 0.5, "size_y": 0.5, "med_margin": 0.0015}}