{"source": [453.9254481618608, 156.29906617701516], "intensity": 100, "miu_detector": 0.3, "miu_medium": 1.2, "miu_air": 0.00018, "output": [0.0, 0.0, 0.0, 0.0, 0.0, 0.0, 0.0, 0.0, 0.0, 0.0, 0.0, 0.0, 0.0, 0.0, 0.0, 0.0, 0.0, 0.0, 0.0, 0.0, 0.0, 0.0, 0.8888888888888891, 0.11111111111111091, 0.0, 0.0, 0.0, 0.0, 0.0, 0.0, 0.0, 0.0, 0.0, 0.0, 0.0, 0.0, 0.0, 0.0, 0.0, 0.0], "miu_de": 0.5, "input": [0.7052317871741541, 0.06352243332373918, -0.45729276335279506, -0.9432719394442136, -1.1688425791382993, -1.313809158576548, -1.4073832413350047, -1.486023524791497, -1.4929387904008817, -1.5277554233635553, 1.174353786912413, 0.3186845787151018, -0.17770000710694972, -0.672136979953398, -0.9526852040043658, -1.1779137151652894, -1.2167638807163619, -1.3079282155282772, -1.3633341164248864, -1.467151854694737, 1.3028782700822679, 0.454350983755592, -0.15703452459432765, -0.7506316341392112, -0.9588851702778506, -1.0687208120427618, -1.1896062213470688, -1.2704373037131091, -1.2282578602941583, -1.3061785092441462, 1.300778900741055, 0.7082079251356568, -0.16233526201653778, -0.6310043113595241, -0.8341523616233831, -0.9498495328099046, -1.051296003900235, -1.0307854830590024, -1.0239908516377845, -1.2450084593257122, 1.1357979640985025, 0.6048268707937836, -0.08120358836239103, -0.47874233010289424, -0.5849618354169529, -0.7866733355988986, -0.790888181361158, -0.6738264887076547, -0.8889798901989586, -1.0498419418322482, 1.2711038930476768, 0.5489787609558194, -0.08059614896560077, -0.3254435003227482, -0.46077253356030634, -0.41006811114023556, -0.5471845376804536, -0.5196066518338786, -0.6136979854062111, -0.7483665144756603, 1.2731844959597476, 0.6961042555046419, 0.03524940739763329, -0.06144554912492157, -0.05995024884274871, -0.09092014653853067, -0.20129720918200117, -0.10818183578826947, -0.42231882833052337, -0.5232032142015989, 1.4576360924121436, 0.6385809141356263, 0.5796197221501748, 0.43272852588509664, 0.3764702401923752, 0.513560328533667, 0.3802125111605785, 0.4777187856126095, 0.18613821013318513, -0.11556974761153112, 1.368055459263245, 1.0624677669588722, 1.0529102676911215, 1.2022426202661474, 1.1905107091021687, 1.0287860397422361, 1.07565098855279, 1.0566525295272833, 0.8562775331402517, 0.628372223989588, 1.403151979220666, 1.6452220879864485, 1.956005168849613, 1.7743676092969165, 1.801124384349852, 1.8497576567401095, 1.7330382921369203, 1.5856117637862341, 1.610385908978693, 1.098335416575758], "bean_num": 0.5, "model_info": {"det_num_x": 10, "det_num_y": 10, "det_y": 0.03, "det_x": 0.03, "size_x": 0.5, "size_y": 0.5, "med_margin": 0.0015}}