{"source": [-489.4682391975042, -8.543699895492615], "intensity": 100, "miu_detector": 0.3, "miu_medium": 1.2, "miu_air": 0.00018, "output": [0.888888888888893, 0.11111111111110702, 0.0, 0.0, 0.0, 0.0, 0.0, 0.0, 0.0, 0.0, 0.0, 0.0, 0.0, 0.0, 0.0, 0.0, 0.0, 0.0, 0.0, 0.0, 0.0, 0.0, 0.0, 0.0, 0.0, 0.0, 0.0, 0.0, 0.0, 0.0, 0.0, 0.0, 0.0, 0.0, 0.0, 0.0, 0.0, 0.0, 0.0, 0.0], "miu_de": 0.5, "input": [-1.5594955290515184, -1.4018234761096837, -1.3847479173190709, -1.1255260025711766, -0.9258976505447362, -0.6257253832265456, -0.37298113541415867, -0.013258823371208352, 0.7639328152236856, 1.1802677996122182, -1.420651614285255, -1.3285710190442075, -1.2118478781095332, -1.0007583242219913, -0.7775401992879906, -0.526290132892103, -0.08000841097277811, 0.3672335561387571, 1.000864113000282, 1.7357100871103204, -1.2994317306293306, -1.1841077413925267, -1.166015111987993, -0.8883516178474712, -0.6101426910139743, -0.3540078749061094, 0.02259757162718499, 0.5303210463143836, 1.393007378857248, 1.8016775736174615, -1.3188681030891651, -1.2467591947977643, -0.9889868439601501, -0.9650164186246585, -0.6032437740413008, -0.1127095886657537, 0.016600367703594035, 0.6166176146372885, 1.3627011350139753, 2.0455411717771934, -1.4723046546204024, -1.0985498338885822, -0.9905628819018454, -0.7589279990309837, -0.584376024936123, -0.0779456676841674, 0.17127906412722846, 0.81887559674551, 1.3120563231463989, 1.6421255135413215, -1.3534554822180465, -1.0842923380928704, -0.8346579175369585, -0.7450449568060002, -0.5921782333548227, -0.242311293598175, 0.18927565670261323, 0.9788900314943884, 1.2241880028713574, 1.9207973086711214, -1.2935775569303805, -1.2189634951196748, -0.9552577922745439, -0.8597039142135459, -0.7049484932391179, -0.20432511287064647, 0.15760165880895688, 0.7285336995146374, 1.2233182545232417, 1.781628459466556, -0.9111564026298834, -0.7064799923036285, -0.6331337837609612, -0.5639308351010037, -0.3309031659677753, -0.26279964922051724, 0.3134825739060665, 0.8467287324922369, 1.5745597229414432, 1.4223645214344813, -0.2140806446669428, -0.2600309136903285, 0.13429265372560112, 0.028561110679869103, -0.03321492582300509, 0.4128441625357303, 0.49685772290937547, 0.49302868266384686, 1.2486488641570934, 1.5204348451552179, 0.715681647310401, 0.9425251708555477, 0.8695487679548094, 0.9602361515825731, 0.8473182173333341, 0.7536235875268458, 0.9403342069011663, 1.233421313631499, 1.3821121985817306, 1.357631494333272], "bean_num": 0.5, "model_info": {"det_num_x": 10, "det_num_y": 10, "det_y": 0.03, "det_x": 0.03, "size_x": 0.5, "size_y": 0.5, "med_margin": 0.0015}}