{"source": [349.6906985811146, -362.1153188313457], "intensity": 100, "miu_detector": 0.3, "miu_medium": 1.2, "miu_air": 0.00018, "output": [0.0, 0.0, 0.0, 0.0, 0.0, 0.0, 0.0, 0.0, 0.0, 0.0, 0.0, 0.0, 0.0, 0.0, 0.11111111111111692, 0.8888888888888831, 0.0, 0.0, 0.0, 0.0, 0.0, 0.0, 0.0, 0.0, 0.0, 0.0, 0.0, 0.0, 0.0, 0.0, 0.0, 0.0, 0.0, 0.0, 0.0, 0.0, 0.0, 0.0, 0.0, 0.0], "miu_de": 0.5, "input": [0.9103208196547231, 0.3384416722699648, -0.26616884128482404, -0.6390838877968903, -1.0156503982155025, -1.0767824247126851, -1.334810305344984, -1.552745967062842, -1.4771604627004926, -1.4773566846768553, 1.4864153576011288, 0.4302976568673457, 0.07270300260511699, -0.4219609440904688, -0.539296576665966, -1.1003056912027809, -1.302127484513351, -1.4347047606591796, -1.2299171798329578, -1.5298238099533095, 1.59066293645237, 0.519986394970059, 0.2334895963076916, -0.4546977358318761, -0.7963665930718918, -0.9482724945274846, -1.1281625299997846, -1.2452551962467593, -1.2162839108304777, -1.5050893865427797, 1.6756216865047424, 1.038533132350688, 0.06704193191986915, -0.2991077597409396, -0.7620287749332232, -0.8754867812466992, -0.9990935024795943, -0.9861386730845029, -1.2195209192969496, -1.3364992874489046, 1.6197031959410173, 0.7152800665660117, 0.2517953092970162, -0.31236455717312983, -0.5035825830701554, -0.8591135161808838, -0.707269224468253, -0.9769515463629491, -1.0126299584264153, -1.1707888431812778, 1.69102543931487, 0.8360584674661166, 0.07865951196730031, -0.08385504892052834, -0.4056506668605423, -0.5715329189685743, -0.6712352056544875, -0.7975631937770017, -0.8494509310035152, -1.1360379923802078, 1.5583576385693336, 0.9145808372126395, 0.25729391793903617, -0.05873945110374172, -0.4407755612165886, -0.3079367315665762, -0.46965671228595335, -0.4670758413912856, -0.6693398911441201, -0.5861065995154467, 1.3821631201915299, 0.7814302278481544, 0.31932274131812616, 0.17546388355926312, 0.24345135652092675, 0.12434598171637357, 0.16489882623413868, 0.02149084565732629, -0.10895704919721644, -0.10700034068795841, 1.4269816657976278, 0.962436476243755, 1.1350195972733284, 0.9392400126345674, 0.9377459846612399, 0.8472619356032345, 0.7964817171949102, 0.9050341632520091, 0.6906504215847484, 0.4069303967482242, 1.3455536855977612, 1.5558774183347075, 1.6467413694650492, 1.6038637664922895, 1.578388599008315, 1.542180919655657, 1.8743194272613364, 1.4338253999420885, 1.2343659598536234, 1.0817788571044356], "bean_num": 0.5, "model_info": {"det_num_x": 10, "det_num_y": 10, "det_y": 0.03, "det_x": 0.03, "size_x": 0.5, "size_y": 0.5, "med_margin": 0.0015}}