{"source": [223.8682030876656, 458.99783679809485], "intensity": 100, "miu_detector": 0.3, "miu_medium": 1.2, "miu_air": 0.00018, "output": [0.0, 0.0, 0.0, 0.0, 0.0, 0.0, 0.0, 0.0, 0.0, 0.0, 0.0, 0.0, 0.0, 0.0, 0.0, 0.0, 0.0, 0.0, 0.0, 0.0, 0.0, 0.0, 0.0, 0.0, 0.0, 0.0, 0.0, 0.8888888888888887, 0.11111111111111127, 0.0, 0.0, 0.0, 0.0, 0.0, 0.0, 0.0, 0.0, 0.0, 0.0, 0.0], "miu_de": 0.5, "input": [-1.5991268220991002, -1.5003517509394364, -1.3622277499807953, -1.0146952046813371, -0.9922669844746608, -0.843445104472185, -0.339685408107893, 0.31905840723448753, 0.4806213489283076, 1.5792948162098435, -1.4842319636648114, -1.3085321549930335, -1.2160196602348528, -1.0379031777100975, -0.7511046327017369, -0.39309570877010075, 0.09312082138321193, 0.6771116094693367, 1.45485893094886, 1.4908367877475008, -1.463528358749575, -1.3173313438118714, -1.242975397646797, -0.8803223524154453, -0.7075684182222672, -0.3389341705305416, -0.07328289761781301, 0.3083089855595202, 1.0959693575700558, 1.6855024238562093, -1.241130646115064, -1.2096353539115636, -1.0572184882066231, -0.9974573962691052, -0.5525979964800867, -0.3510006442669005, -0.018454080082279996, 0.666868205524407, 1.2276717255661813, 1.7512733863711074, -1.323846998045595, -1.366287902736858, -1.1086374557095902, -0.8538697941398418, -0.6466281021759918, -0.08322833183010606, 0.17378462363315753, 0.8398584174786314, 1.2810380333416684, 1.3066187239229856, -1.2712571876018284, -1.1360312994991546, -1.1140156222989666, -0.8098521491245001, -0.637204720769765, -0.21320415870827086, 0.21234376362623758, 0.7100005089837481, 1.3550988690917491, 1.594529428832708, -1.052297543956109, -1.0958099298817676, -0.9545337573451638, -0.6238895158415599, -0.5651565582394699, -0.29585042966327585, 0.3817675190460381, 0.5808582647728349, 1.0441341751825908, 1.9265101798554325, -0.9020855882202556, -0.6291057882619986, -0.5188836151682045, -0.5449816583590703, -0.2180386770136004, -0.2722354721769947, 0.33041249587944, 0.9285624523734559, 1.3543262976243027, 1.5206786754385508, -0.18743136754489886, -0.03311931834428654, 0.07088274970250012, 0.291752873711843, -0.049428960307329343, 0.2754476159250119, 0.3632742118738038, 0.7055391694548961, 1.2544215146313604, 1.675158413917368, 0.6405975638937316, 0.7604278188239536, 1.072085681737654, 1.0626080941971765, 0.9141522156677342, 1.2544295269833856, 1.075132440599587, 1.2453758807306714, 1.122529609125944, 1.6462011536912549], "bean_num": 0.5, "model_info": {"det_num_x": 10, "det_num_y": 10, "det_y": 0.03, "det_x": 0.03, "size_x": 0.5, "size_y": 0.5, "med_margin": 0.0015}}