{"source": [410.8155988105269, -320.9643224954152], "intensity": 100, "miu_detector": 0.3, "miu_medium": 1.2, "miu_air": 0.00018, "output": [0.0, 0.0, 0.0, 0.0, 0.0, 0.0, 0.0, 0.0, 0.0, 0.0, 0.0, 0.0, 0.0, 0.0, 0.0, 0.2222222222222268, 0.7777777777777732, 0.0, 0.0, 0.0, 0.0, 0.0, 0.0, 0.0, 0.0, 0.0, 0.0, 0.0, 0.0, 0.0, 0.0, 0.0, 0.0, 0.0, 0.0, 0.0, 0.0, 0.0, 0.0, 0.0], "miu_de": 0.5, "input": [1.3263208951372762, 1.9390778338429704, 1.6898887014758626, 2.1529818006260144, 2.0650327666582347, 1.9156888740393072, 1.6785288826856424, 1.7000379982074172, 1.9229005380150528, 1.0389995242645007, 0.9264154816496811, 1.186219736728474, 1.438246056114119, 1.6788979257296432, 1.447321184365725, 1.5235906194658304, 2.032103740107176, 1.2677992149079946, 1.6598895830993936, 0.6824036378762981, 0.5114807494677549, 0.654556848876234, 0.9525833432442815, 0.78585440991858, 0.5362177228873609, 0.8212582941348852, 1.2338282483140008, 0.8944664465377022, 0.7833007305242079, 0.37285024655185045, -0.1684432614534868, 0.01193187023254519, 0.5650377264702469, 0.5354070959222674, 0.21861676499262975, 0.5665420225049153, 0.45496240793852677, 0.5605225644300974, 0.3957916003064477, 0.13097933614332113, -0.1932951942610051, -0.15661367052483988, -0.1175795167808581, 0.3285230411606216, 0.15408640264416273, 0.2583869343544089, -0.3358416392627457, 0.2566329843856489, -0.1787773258229695, -0.4580038822652741, -0.3192349110116739, -0.47434011323310704, -0.3602280600873019, -0.4808426969612213, -0.46632742499817553, -0.32263006727670096, -0.5217087032369337, -0.5760648080000551, -0.3971885306633463, -0.6279950671417428, -0.5354690806673816, -0.6830914079250194, -0.4235976009756925, -0.6330785714332987, -0.3115744916172682, -0.6461333462598452, -0.5456598802796259, -0.5863985350080636, -0.6928291599074766, -1.0807275831401928, -0.7844361656983079, -0.9600981671302079, -0.6660795210105709, -0.9409157372508629, -0.6602683465476887, -0.6777113641426468, -0.845238640117518, -0.8323507777413128, -0.8932506288188985, -1.0572016596563303, -0.7757523213156969, -1.1451493517545785, -1.0478472676746144, -1.0123746928631765, -0.9794761546013244, -1.084963082600056, -1.1238138895443983, -1.224365786867078, -1.0094371268236952, -1.1183350276508266, -0.9491792353094187, -1.213460698882731, -1.1684753698044499, -1.3242041209242883, -1.1808768556377074, -1.1580334707568625, -1.3054632467091594, -1.2493283231126753, -1.2598587878077685, -1.314542437989158], "bean_num": 0.5, "model_info": {"det_num_x": 10, "det_num_y": 10, "det_y": 0.03, "det_x": 0.03, "size_x": 0.5, "size_y": 0.5, "med_margin": 0.0015}}