{"source": [-505.9104573344637, 174.1989403122591], "intensity": 100, "miu_detector": 0.3, "miu_medium": 1.2, "miu_air": 0.00018, "output": [0.0, 0.0, 0.0, 0.0, 0.0, 0.0, 0.0, 0.0, 0.0, 0.0, 0.0, 0.0, 0.0, 0.0, 0.0, 0.0, 0.0, 0.0, 0.0, 0.0, 0.0, 0.0, 0.0, 0.0, 0.0, 0.0, 0.0, 0.0, 0.0, 0.0, 0.0, 0.0, 0.0, 0.0, 0.0, 0.0, 0.0, 0.11111111111111269, 0.8888888888888873, 0.0], "miu_de": 0.5, "input": [1.1524896246191734, 1.1241033455629468, 1.841188110654626, 1.3938260350514928, 1.3040119420034697, 1.6293770406624026, 2.0033102657721993, 1.5299489295629185, 1.7016067622788429, 1.5662070627030549, 1.8189659782606562, 0.7698122598230361, 0.5679294866715265, 1.2431296985216105, 1.6805476536903663, 0.490488754283844, 1.4445370937572943, 0.873704503758621, 1.2195552726085803, 0.6590740360408724, 1.0807685427033915, 0.7416150650562519, -0.11325033874815224, 0.6634475464946961, 0.5789531419879527, 0.21060117076194715, 0.5666462639713472, 0.9216708248467875, 0.9776195091557581, 0.40524397935674816, 1.3050899569490735, 0.3803615418417768, -0.11846550396076654, 0.0427213148870657, -0.29894284908734337, -0.22078937765832726, -0.056829940748962894, -0.37808138343826714, -0.0509917937656637, -0.27974204730090085, 1.2679057043342679, 0.26742336601766764, -0.03067415325897758, -0.4649910551095161, -0.3961927000352043, -0.3276164067683955, -0.580146443954839, -0.782702082348739, -0.7063371236392132, -0.7886814757039947, 1.4343902640109558, 0.2710166597977283, 0.2467766295046208, -0.611031346779499, -0.776610983777616, -0.7700520622428119, -0.8186066074791846, -0.8392637696697445, -0.5953142034078214, -1.0755842453598217, 1.2398415147742765, 0.6918350610041031, -0.39620001636407964, -0.5314798852781607, -0.8876085457203523, -0.7544880729235374, -1.05800846989437, -0.8865757961387747, -1.242431551518421, -0.9962673514777074, 1.2417975964985855, 0.13844705380292407, 0.002321779629595242, -0.6378013151550173, -0.9493358451799678, -0.9365342052073062, -1.021592234115957, -0.980708889154052, -1.3421054047816354, -1.443576730732024, 1.031375933013182, 0.45986053999213006, -0.3116712891560008, -0.8480054607077476, -0.9114292696421673, -1.3260824406589924, -1.2089611066539077, -1.2454922318297383, -1.410883014273605, -1.5236455921225323, 1.4093458635704328, -0.026953456936369073, -0.4142788559114848, -0.9499519678109133, -1.1573546126089178, -1.29902771548747, -1.3247268100350025, -1.4001068872363982, -1.5261987808620738, -1.5605089804323482], "bean_num": 0.5, "model_info": {"det_num_x": 10, "det_num_y": 10, "det_y": 0.03, "det_x": 0.03, "size_x": 0.5, "size_y": 0.5, "med_margin": 0.0015}}