{"source": [-294.58147057660665, -453.6156855298931], "intensity": 100, "miu_detector": 0.3, "miu_medium": 1.2, "miu_air": 0.00018, "output": [0.0, 0.0, 0.0, 0.0, 0.0, 0.0, 0.6666666666666676, 0.33333333333333237, 0.0, 0.0, 0.0, 0.0, 0.0, 0.0, 0.0, 0.0, 0.0, 0.0, 0.0, 0.0, 0.0, 0.0, 0.0, 0.0, 0.0, 0.0, 0.0, 0.0, 0.0, 0.0, 0.0, 0.0, 0.0, 0.0, 0.0, 0.0, 0.0, 0.0, 0.0, 0.0], "miu_de": 0.5, "input": [0.6296778031556127, -0.28775374077193044, -1.0050995135085594, -1.0703594960312317, -1.3862316809427735, -1.388284993162465, -1.3406195207710006, -1.425152017560395, -1.3608195038626314, -1.497027040289658, 0.9200484832169756, 0.17491028636102293, -0.770350951919799, -1.02121238785126, -1.176278431304596, -1.2405019062991962, -1.053491502869355, -1.1636825669073703, -1.3331623711904714, -1.3394890352977515, 0.7119242230902365, 0.0016262777408917618, -0.8380378674171308, -0.836391895803712, -1.0055398550411585, -0.8386981443233884, -1.0949614189727759, -1.094115266717941, -1.1624816383140995, -1.264803678068645, 1.422598783126767, 0.19829065142573585, -0.3934731231003426, -0.6621820275114235, -0.97012954005869, -0.9469569874396925, -0.7070448936030346, -1.0522143272346305, -1.0542111368966731, -1.1535187329419077, 0.8721777326023553, 0.26629347789397045, -0.2779379762907561, -0.4201861255178646, -0.5328694362203061, -0.8504731639498879, -0.48903752506424747, -0.6304996751092534, -0.9428409423140806, -0.8846319243508124, 1.0558725630648127, 0.29658617243278473, -0.1056973617445534, -0.27630935843527393, -0.3008925682493928, -0.020253700808181205, -0.459448539732901, -0.3952299766991822, -0.5201929691619486, -0.8308204343369039, 1.0778000723122143, 0.2161224832693598, -0.09234552733004382, -0.0451350257634787, 0.48113358451739285, 0.34298085806338063, 0.060110818505128304, 0.03381726833849734, 0.22567133092317837, -0.3796058399908313, 1.1176325755473624, 0.8672476209254251, 0.3445487739298473, 0.6141339960732449, 0.542370992501125, 0.2461716191010251, 0.3546366634496601, 0.7704840170726984, 0.5038984959910744, 0.31929210793376234, 1.1908735815539324, 1.1832874120646386, 1.4555925307786242, 1.1056995045395963, 1.347713777811404, 1.4982833434124134, 1.0670564457664593, 1.4695592828005015, 1.2243081889980372, 0.6272261429080055, 1.565713146705937, 1.354586256511258, 2.0477708324632777, 1.5598314894019845, 1.4651122305288198, 1.9429064246534216, 1.9851118231295342, 1.8789140471923313, 1.7649835259501074, 0.9860955453197802], "bean_num": 0.5, "model_info": {"det_num_x": 10, "det_num_y": 10, "det_y": 0.03, "det_x": 0.03, "size_x": 0.5, "size_y": 0.5, "med_margin": 0.0015}}