{"source": [150.7433105796543, 525.7043986278825], "intensity": 100, "miu_detector": 0.3, "miu_medium": 1.2, "miu_air": 0.00018, "output": [0.0, 0.0, 0.0, 0.0, 0.0, 0.0, 0.0, 0.0, 0.0, 0.0, 0.0, 0.0, 0.0, 0.0, 0.0, 0.0, 0.0, 0.0, 0.0, 0.0, 0.0, 0.0, 0.0, 0.0, 0.0, 0.0, 0.0, 0.0, 0.7777777777777775, 0.22222222222222254, 0.0, 0.0, 0.0, 0.0, 0.0, 0.0, 0.0, 0.0, 0.0, 0.0], "miu_de": 0.5, "input": [1.279061569955712, 1.7372406718591333, 1.8669338134590832, 1.6018653128735112, 1.6975808890551456, 1.6707710774470625, 1.7297798849875035, 1.6743163235535923, 1.6549779582517505, 1.1266463020630426, 0.6133657120611329, 1.2627265833104278, 1.144360629141353, 1.1258634649540957, 1.0163488549105557, 1.2534211860739621, 1.3469796158845102, 1.0601309079622048, 1.3085630086263933, 1.2939382494954152, 0.07515652715301317, 0.3097942965017409, 0.44819298943394237, 0.4195203157110987, 0.5156854320294165, 0.6216487800717253, 0.6470929068588425, 0.5464046227879797, 0.6576509233716367, 1.3760229221191633, -0.3669837956036301, -0.09520788932814889, 0.0021192276325663114, -0.05360800476557158, -0.12189601809176774, 0.15366510617954507, 0.09691974466590286, 0.06084964421428056, 0.4213961846273887, 1.278710495419852, -0.744572216630637, -0.5561180955699502, -0.49041657685401685, -0.5038689014690466, -0.4195022166265907, -0.35421570863731683, -0.3792395050373205, -0.14210023078523612, 0.4462555055802097, 1.3308759727931414, -1.0317342006224308, -0.7761363887546364, -0.9101212513570043, -0.7576973930008964, -0.7214715928771932, -0.6489154652404211, -0.6076698304836323, -0.28376961140218115, 0.4368242686161077, 1.311024866423972, -1.1845178651974522, -1.0808842787148285, -0.9977552896919015, -0.950460479685198, -0.8912334763618169, -0.8661216732058752, -0.6424662067580938, -0.2620659655291911, 0.3570962340759821, 1.273239984975563, -1.341402078170572, -1.196927972256407, -1.2062300644976238, -1.155332924011103, -1.1377397476633448, -0.9404095779402742, -0.78368332014648, -0.3026362770726897, 0.4139667621588539, 1.0663776846346142, -1.4316354037584633, -1.3088835072675937, -1.3644110448247668, -1.2025018330882937, -1.1851302528637309, -1.1006891606791445, -0.8446222255841358, -0.4467878473853351, 0.245580278733112, 1.0942623813021644, -1.5445227193579425, -1.4487787909713878, -1.4745935646535004, -1.4019359557348945, -1.32069105154368, -1.1813187113040393, -0.949522237611943, -0.6380926773733521, -0.09233464836314888, 0.7703576484084229], "bean_num": 0.5, "model_info": {"det_num_x": 10, "det_num_y": 10, "det_y": 0.03, "det_x": 0.03, "size_x": 0.5, "size_y": 0.5, "med_margin": 0.0015}}