{"source": [181.3970722286358, -526.8153503449518], "intensity": 100, "miu_detector": 0.3, "miu_medium": 1.2, "miu_air": 0.00018, "output": [0.0, 0.0, 0.0, 0.0, 0.0, 0.0, 0.0, 0.0, 0.0, 0.0, 0.0, 0.0, 0.8888888888888915, 0.11111111111110844, 0.0, 0.0, 0.0, 0.0, 0.0, 0.0, 0.0, 0.0, 0.0, 0.0, 0.0, 0.0, 0.0, 0.0, 0.0, 0.0, 0.0, 0.0, 0.0, 0.0, 0.0, 0.0, 0.0, 0.0, 0.0, 0.0], "miu_de": 0.5, "input": [1.4028714156328683, 0.7629942807446425, 0.143761856700564, -0.32495490687468, -0.5989863605031577, -0.9317555858487271, -1.072553651232267, -1.1340674097762315, -1.3600121055345884, -1.4539432752688897, 1.7636759439321206, 1.200197573160856, 0.392302391903849, 0.1253898486873561, -0.2875177371989635, -0.785304393347468, -1.0281386943289363, -1.1257798511908692, -1.3301412887773179, -1.4361029043597766, 1.8418477565586935, 1.55911776117477, 0.7789915017129675, 0.4323009027182694, -0.20998078331027636, -0.38579263992337137, -0.7450718581050142, -0.8727206300939695, -1.1977620725223257, -1.331854491831777, 2.023583602917055, 1.1533114183170965, 0.8572489995448583, 0.44553825580875367, -0.09159773820758377, -0.47242197562558735, -0.6552788063937133, -1.0901610186002186, -1.1899309236555706, -1.2373429864168763, 1.9780912646555702, 1.573086390499793, 0.5779050955683674, 0.062462398740410784, -0.08351692521002312, -0.5467222289821733, -0.8587344065580125, -1.2377550974415852, -1.0947364945202243, -1.3972660979551568, 1.8405826323118013, 1.4478398602268538, 0.44370752519800616, -0.04881401420291999, -0.40398090077749405, -0.28692064145083174, -0.685280904370553, -0.8397276322406281, -1.236576032953738, -1.3629974683170094, 1.4094667165855796, 1.4446926291495592, 0.6515324915489938, 0.2310752099045542, 0.06233394985164386, -0.3611982010142543, -0.6189193836451217, -0.7684526146762977, -1.2109232289045706, -1.3251745345739194, 2.1606701602207816, 1.3212374839846353, 0.6387478333736867, 0.12470060202678523, -0.029300201451119917, -0.23388042882000806, -0.4408358643013778, -0.9232795958823753, -0.9499772984923872, -1.1679456098891343, 1.6768205494472423, 1.3098584628358685, 0.4064163563302612, 0.2489929650237059, 0.044742272764935274, -0.1730969488666252, -0.20254087886127436, -0.4521782558819255, -0.5418479343607774, -0.5637267466553127, 1.6850801983060406, 1.1994393310597722, 0.6132259207526254, 0.920704587347316, 0.8305974168206629, 0.10788824413053506, 0.8765648053055263, 0.5574187639316164, 0.7627700584245032, 0.303694974342664], "bean_num": 0.5, "model_info": {"det_num_x": 10, "det_num_y": 10, "det_y": 0.03, "det_x": 0.03, "size_x": 0.5, "size_y": 0.5, "med_margin": 0.0015}}