{"source": [482.7450505441263, -325.6156480555413], "intensity": 100, "miu_detector": 0.3, "miu_medium": 1.2, "miu_air": 0.00018, "output": [0.0, 0.0, 0.0, 0.0, 0.0, 0.0, 0.0, 0.0, 0.0, 0.0, 0.0, 0.0, 0.0, 0.0, 0.0, 0.0, 0.7777777777777817, 0.2222222222222183, 0.0, 0.0, 0.0, 0.0, 0.0, 0.0, 0.0, 0.0, 0.0, 0.0, 0.0, 0.0, 0.0, 0.0, 0.0, 0.0, 0.0, 0.0, 0.0, 0.0, 0.0, 0.0], "miu_de": 0.5, "input": [-1.5285620991467892, -1.372779750501445, -1.3988498125291273, -1.4230891488156157, -1.2513300630547837, -1.07382044468617, -0.7093919964991399, -0.43365717431998246, 0.32235312110357783, 0.966225699447544, -1.5201565723490347, -1.4207886187147114, -1.4606704956610854, -1.3440669471013222, -1.1024720561790629, -0.8038498158818189, -0.7138044753670884, -0.18024076183026047, 0.7567398898516042, 1.2377934702468674, -1.48928299480361, -1.3115420927657413, -1.198000759863536, -1.2016130195884243, -1.0146505218179565, -0.9365097822465583, -0.3717609220330548, -0.15901500736817992, 0.7412186127816915, 1.1367389236301053, -1.1399166790612736, -1.2080215933488223, -1.003238706387781, -0.945184536678452, -1.057428919343829, -0.933605403829473, -0.6056073113499997, 0.10654147876658002, 0.7380580981976153, 1.0933528709270095, -1.0804016072795601, -1.0905450161612043, -0.9844172754137429, -0.7288477974069284, -0.9989747300863572, -0.6989968471036574, -0.5258050704446078, 0.03352588013418464, 1.0672471300071722, 1.6714853736674893, -0.9118694752897113, -0.6826713498295768, -0.5512978667799362, -0.5108034851579879, -0.6344364277536618, -0.5365972853725487, -0.21346405285861936, 0.40121993857438154, 1.2859057565525531, 1.565915185865159, -0.2817141164169601, -0.4044085696989339, -0.29965437203415385, -0.49640305888177777, 0.07413515177530006, -0.12178416317838674, -0.1225760114995222, 0.05599421022358409, 0.665431805594354, 1.7031182876791036, -0.12144459656815113, 0.0836565015264086, 0.23552254803659017, 0.30186772767555753, 0.396635227511391, 0.43612225455235676, 0.18763389337105718, 0.43286363593438587, 1.0754005760013488, 1.285319364686908, 0.6211654465231636, 0.9338891004928359, 1.1379326774323477, 0.8832525244233673, 1.076519464899017, 1.112358428567376, 1.1510937353510904, 0.7269887828914281, 0.8865152214658873, 1.2987254510652988, 1.3294966876863736, 1.5961770031323868, 1.543000763070652, 1.4749206737922502, 1.2887689701408989, 1.2988649158830226, 1.6784175445749678, 1.3851316767498802, 1.6764310049581757, 1.1523489709178667], "bean_num": 0.5, "model_info": {"det_num_x": 10, "det_num_y": 10, "det_y": 0.03, "det_x": 0.03, "size_x": 0.5, "size_y": 0.5, "med_margin": 0.0015}}