{"source": [-342.7881136425196, 489.55216123345417], "intensity": 100, "miu_detector": 0.3, "miu_medium": 1.2, "miu_air": 0.00018, "output": [0.0, 0.0, 0.0, 0.0, 0.0, 0.0, 0.0, 0.0, 0.0, 0.0, 0.0, 0.0, 0.0, 0.0, 0.0, 0.0, 0.0, 0.0, 0.0, 0.0, 0.0, 0.0, 0.0, 0.0, 0.0, 0.0, 0.0, 0.0, 0.0, 0.0, 0.0, 0.0, 0.0, 0.11111111111111269, 0.8888888888888873, 0.0, 0.0, 0.0, 0.0, 0.0], "miu_de": 0.5, "input": [1.1975851647171256, 1.676197611629056, 1.8536904131257703, 1.9730135215863482, 1.7218307890881188, 1.73183525490796, 1.6353207322077237, 2.0025318270818584, 2.3873182728325766, 1.3175310944000893, 0.9274558101456364, 1.3425222108395278, 1.3896168093314916, 1.3527133807666216, 1.3210137272837175, 1.6630668810036986, 1.6643548869174591, 1.2174312459533503, 1.5931498923211553, 1.163873301144886, 0.10150383166552103, 0.44205080106484285, 0.9057270444146381, 0.6856693602415247, 0.43730361545659363, 1.1235107213142477, 0.6135874402356728, 0.9218024437455437, 1.1792181771683028, 0.4293231138090538, 0.2904402499147609, 0.09210375637989154, 0.33703844216262235, 0.653474684686244, 0.29396652809117546, 0.35538104044981295, 0.11252682963026568, 0.161956868590118, 0.2505570568405064, 0.18661908134451183, 0.3345390116045381, -0.24581511856333724, -0.18275148437811536, 0.14253154083970856, -0.20316929812359075, -0.005561012065586585, -0.32654795244506374, -0.0647450193876128, -0.4781900181970452, -0.5623867689301266, 0.3298328250992224, -0.4730980704337691, -0.6536812690706371, -0.5219603815208849, -0.45589453201397145, -0.143524815690844, -0.39996025715746536, -0.39983157319157536, -0.4625854436027058, -0.7739006958907297, 0.6328120455964602, -0.7364061050564799, -0.7484351044588445, -0.49226040336381666, -0.6149626330643458, -0.6631332986767414, -0.5272337216781857, -0.8192346195869498, -0.5719963307478612, -1.003791966569781, 0.3475187900644072, -0.791847427275552, -0.8725639027898175, -0.9615301615899631, -0.733164362402936, -0.8769441667669895, -0.6906854213130731, -0.9164285333061825, -1.1107290796367202, -1.1379232626693654, 0.11501659167096606, -0.8334074837949876, -1.1819751082933394, -1.0920677847004168, -1.153076453376876, -1.0959266436453248, -1.1727459064375871, -1.209803730341222, -1.0795890823257586, -1.2435103079866296, -0.2241581829312686, -1.0443666178382494, -1.2436758919323774, -1.2488565943722612, -1.2149181277880607, -1.3438248172823073, -1.406021502976501, -1.356010533914679, -1.317218111932978, -1.5240376258778174], "bean_num": 0.5, "model_info": {"det_num_x": 10, "det_num_y": 10, "det_y": 0.03, "det_x": 0.03, "size_x": 0.5, "size_y": 0.5, "med_margin": 0.0015}}