{"source": [246.51517959582094, -580.7533690622826], "intensity": 100, "miu_detector": 0.3, "miu_medium": 1.2, "miu_air": 0.00018, "output": [0.0, 0.0, 0.0, 0.0, 0.0, 0.0, 0.0, 0.0, 0.0, 0.0, 0.0, 0.0, 0.4444444444444465, 0.5555555555555535, 0.0, 0.0, 0.0, 0.0, 0.0, 0.0, 0.0, 0.0, 0.0, 0.0, 0.0, 0.0, 0.0, 0.0, 0.0, 0.0, 0.0, 0.0, 0.0, 0.0, 0.0, 0.0, 0.0, 0.0, 0.0, 0.0], "miu_de": 0.5, "input": [-1.468042432642702, -1.3911004219824754, -1.1247393233270093, -1.02742977454017, -0.9332698464282756, -0.5809537142735423, -0.33949851528485453, 0.4250876669187912, 0.8423915642777542, 1.3434400338201804, -1.3655479349820054, -1.2347491864900324, -1.0409780880653305, -0.8934102408446791, -0.7991604402152175, -0.44997290266223444, 0.122921920117813, 0.6039262310362947, 1.1017667078366018, 1.7817111620554935, -1.4308634019718574, -1.2460506314257394, -0.9594802149207994, -0.8424561672311581, -0.639997761783898, -0.162401057826073, 0.47460666711703836, 0.8678583508197321, 1.4058621621065353, 1.7656407680377957, -1.3309385006226109, -1.1477175809112603, -0.9154578811311364, -0.8690153380294133, -0.4890209858479725, -0.32610948982163923, 0.3334974135841505, 0.9338828005029619, 1.3174070383310919, 1.8017063011635146, -1.3160337058624016, -1.1365068032319368, -0.9862457685327406, -0.8758811371408826, -0.4897984702640797, -0.12418886154863802, 0.3297727220237173, 0.6029193402270834, 1.3514928695658985, 1.898004748500223, -1.3271557318430138, -1.175913556920488, -0.9753545384738841, -0.8417169584707909, -0.47762772641117024, -0.10674488621459027, -0.03426585326009162, 0.8364482406786906, 1.1993036875440706, 1.88923107006049, -1.1972594575530684, -0.9153761693437807, -0.8101029018601558, -0.7715656976601709, -0.48021727040418655, -0.25155147574287223, 0.23993804809436878, 0.6919850302301257, 1.5296069033655335, 1.7772860205677816, -0.9377805952686283, -0.9327409146990087, -0.7684454502893934, -0.7552918529948174, -0.6161576889923646, -0.21996775321421574, 0.21990538519102026, 0.6369287593366212, 1.5036722376533733, 1.7066619567820658, -0.74587415858509, -0.28595461154323143, -0.5138016481178884, -0.3324475975942895, -0.42207321720873603, -0.04625672937582476, 0.061944218952863374, 0.7495879162662572, 1.5643488344226018, 1.975325929695213, 0.20351900897855935, 0.6089456146913834, 0.760857997046159, 0.6333195744970189, 0.7464299428804431, 0.8032184095659104, 0.753094391220772, 0.9077329661082497, 1.1161020986121375, 1.4593703114001548], "bean_num": 0.5, "model_info": {"det_num_x": 10, "det_num_y": 10, "det_y": 0.03, "det_x": 0.03, "size_x": 0.5, "size_y": 0.5, "med_margin": 0.0015}}