{"source": [386.29679562786606, -551.688998686803], "intensity": 100, "miu_detector": 0.3, "miu_medium": 1.2, "miu_air": 0.00018, "output": [0.0, 0.0, 0.0, 0.0, 0.0, 0.0, 0.0, 0.0, 0.0, 0.0, 0.0, 0.0, 0.0, 0.11111111111111198, 0.8888888888888881, 0.0, 0.0, 0.0, 0.0, 0.0, 0.0, 0.0, 0.0, 0.0, 0.0, 0.0, 0.0, 0.0, 0.0, 0.0, 0.0, 0.0, 0.0, 0.0, 0.0, 0.0, 0.0, 0.0, 0.0, 0.0], "miu_de": 0.5, "input": [1.5188975220300378, 0.8618591857278897, 0.5552860391344897, 0.23395011277859107, -0.44485414850841615, -0.24276292309627662, -0.35103310461634346, -0.5742231353886554, -0.5435907033366215, -0.3290004482826247, 1.664739958215847, 0.861651245171411, 0.547339661777929, 0.31006587992618806, 0.006137409560658274, -0.5747278029484907, -0.6367875848084832, -0.9100556427084501, -0.973849687972221, -1.1174109581192764, 1.9938149806933143, 0.8780635964850266, 0.8088322402593208, 0.34324065233073114, 0.0700527268263487, -0.46449674395214186, -0.8004797155650987, -0.7774147701518006, -1.1141653430702672, -1.2644864013014339, 1.8561457705170636, 1.6759699940297164, 0.749820339158695, 0.6241993572623491, 0.3379167337021428, -0.1795434578526575, -0.7334468304618298, -0.8399772674143068, -0.939685895672693, -1.2593030040687736, 1.7442132217431356, 1.93876556733385, 0.9515180395413764, 0.576575300351046, -0.009527918182880539, -0.2741024845661621, -0.512941639286598, -0.8577454801153617, -1.10430430933616, -0.9807109668081025, 1.8505341414188197, 1.6628647826116805, 0.9684026797780395, 0.3504220875489995, 0.07829847705594263, -0.12020139029579603, -0.49805407980123695, -0.8598433916850775, -1.1443807104487607, -1.3177450687921208, 1.7602762629339124, 1.4574480686489029, 0.9366220962274343, 0.4476761080231265, -0.08018469629904883, -0.4227589934654608, -0.696325690238123, -0.7474005686996911, -1.0043005142874457, -1.1469193861985791, 2.0316399248143706, 1.5264514784351972, 0.9505583900281102, 0.6288145124561065, -0.08643563714674983, -0.34378014725086675, -0.5840674878660554, -1.0460640865430715, -1.2855079001714418, -1.3500326554966364, 1.8800844493685944, 1.2092562910060458, 0.6618137669582091, 0.16250178841077537, -0.13118258616185338, -0.5687864102608994, -0.821317843472723, -1.1385592149103072, -1.1932975590658161, -1.3803997016126643, 1.647412641215577, 1.210279397837042, 0.29675803038109944, -0.14244521866303952, -0.5336648376632293, -0.7801876581791817, -0.8829793412055572, -1.1260775227654896, -1.2684176419711088, -1.3152246015049707], "bean_num": 0.5, "model_info": {"det_num_x": 10, "det_num_y": 10, "det_y": 0.03, "det_x": 0.03, "size_x": 0.5, "size_y": 0.5, "med_margin": 0.0015}}