{"source": [-619.9291859802707, -302.3596666056845], "intensity": 100, "miu_detector": 0.3, "miu_medium": 1.2, "miu_air": 0.00018, "output": [0.0, 0.0, 0.1111111111111155, 0.8888888888888845, 0.0, 0.0, 0.0, 0.0, 0.0, 0.0, 0.0, 0.0, 0.0, 0.0, 0.0, 0.0, 0.0, 0.0, 0.0, 0.0, 0.0, 0.0, 0.0, 0.0, 0.0, 0.0, 0.0, 0.0, 0.0, 0.0, 0.0, 0.0, 0.0, 0.0, 0.0, 0.0, 0.0, 0.0, 0.0, 0.0], "miu_de": 0.5, "input": [-1.2914255254388844, -1.2078143373132977, -1.1672837025896492, -1.1557839923987618, -1.1467642326273506, -1.1221406924585167, -1.1438005378017246, -1.1570602586736847, -1.0842063224213716, -1.2541204741472458, -1.1358696734746223, -1.064787462510477, -0.9321302278899456, -1.0924236771258675, -0.9189156376302126, -0.9640250913702332, -0.945177726253396, -0.992617188700804, -0.97115560135835, -1.0877049200004054, -1.0318676548463417, -0.7547534712990922, -0.7698395664835217, -0.6704277371740575, -0.7397977432747337, -0.8460478311671518, -0.782379446586739, -0.8072053731957483, -0.8620376242002615, -0.865168479812075, -0.9079305438541985, -0.6544245462905129, -0.6397766338561628, -0.632572625387384, -0.5143016585177786, -0.5490697702565865, -0.535720722486389, -0.6246637235451965, -0.7198031507809568, -0.8235893720977638, -0.721074023943718, -0.4578132141031901, -0.49033378133175703, -0.4360801619233482, -0.22367785638791102, -0.17635142971695972, -0.3209181571261353, -0.46885087141639403, -0.6419396627898888, -0.5018101842533933, -0.5734303756360072, -0.2713371018992756, -0.05051552345455235, 0.12656787070134212, 0.02751980584477138, 0.10346932303014177, -0.07890636804707898, 0.08359407017049805, -0.2577921663849368, -0.6013874863843143, -0.14751119046984895, 0.36737398475378497, 0.23707553197370382, 0.418376864995231, 0.6188890759475038, 0.6255633018930203, 0.41842178741751374, 0.46609737504168264, 0.4098575730941978, -0.17952972873124493, 0.1969747928904117, 0.9616457557002711, 0.8755556086679955, 0.8803253907895842, 0.9668430139518075, 0.9836538546418288, 0.7156796446565777, 1.2260707069921843, 0.43660026760806386, 0.40280769786256504, 0.6737662468336052, 1.3944344994505693, 1.34727543692454, 1.4726344208652722, 1.518804460281505, 1.4371017413721496, 1.6120004490081443, 1.4820724520076665, 1.5057490567981855, 0.6195303817292229, 1.7090793820804238, 1.5814539019985445, 1.906975121675537, 1.9349656663427308, 2.0624654930844, 2.001476988303098, 1.9966688924296214, 1.9135584205713723, 2.0838943883687433, 1.3629735425473912], "bean_num": 0.5, "model_info": {"det_num_x": 10, "det_num_y": 10, "det_y": 0.03, "det_x": 0.03, "size_x": 0.5, "size_y": 0.5, "med_margin": 0.0015}}