{"source": [672.0979965817249, -155.16604872993798], "intensity": 100, "miu_detector": 0.3, "miu_medium": 1.2, "miu_air": 0.00018, "output": [0.0, 0.0, 0.0, 0.0, 0.0, 0.0, 0.0, 0.0, 0.0, 0.0, 0.0, 0.0, 0.0, 0.0, 0.0, 0.0, 0.0, 0.0, 0.44444444444444664, 0.5555555555555534, 0.0, 0.0, 0.0, 0.0, 0.0, 0.0, 0.0, 0.0, 0.0, 0.0, 0.0, 0.0, 0.0, 0.0, 0.0, 0.0, 0.0, 0.0, 0.0, 0.0], "miu_de": 0.5, "input": [1.2252478097323092, 1.1386911992300572, 1.4435755553945584, 1.6019749148461648, 1.3224214933445544, 1.7880908931283186, 1.2629382175888701, 1.6690543574002923, 1.933260010775912, 1.469424370479501, 0.511767273070215, 0.9076093038436319, 0.6452598609429151, 0.8356407866792778, 0.7872265138938754, 1.565964069713735, 1.014312067346569, 1.162498909325758, 1.1040173962261126, 1.4727446646555462, -0.019542379776800425, -0.02215925699473147, 0.5376747685419221, 0.2583272987471733, 0.252252792504565, 0.3069451303739309, 0.14702499748984468, 0.4314452450753832, 0.7379180541262201, 1.3735171064274752, -0.5669896021657292, -0.4697075945815642, -0.3587957781932712, -0.5724783155122458, -0.23550081187960772, 0.001133711177144103, -0.033771218847696155, 0.005002988722576429, 1.0272202009115412, 1.1916270703464926, -0.9614949504292452, -0.6884781128284608, -0.7032303110641954, -0.7630331846508873, -0.7230501964777781, -0.3117877759058575, -0.4884838459705261, 0.013508533890180576, 0.8160100766392914, 1.7439723525595168, -0.9473647500789785, -0.9946328613215647, -1.0015050046165668, -0.849942475661256, -0.6867848278408963, -0.7108594709427873, -0.38783929521242716, -0.1313217305341617, 0.6824768703195095, 1.4806192275530279, -1.3220323890363477, -1.1002964008887248, -1.252294113318277, -1.008423857932443, -1.0479535698183424, -0.9068582543425138, -0.6092319189124932, 0.06799761549364591, 0.7518635383029986, 1.4035901123420729, -1.4420204788619757, -1.1367838082534303, -1.257110091520708, -1.2146878813480388, -1.0787146732890156, -0.8379371151061442, -0.27871523105320534, 0.24250482411665114, 0.6307072968477182, 1.4560791102810866, -1.5375946530284699, -1.3825325965868742, -1.2604320821294037, -1.2439961604867031, -1.0721264329148033, -0.7143283485741487, -0.418861043340623, 0.11175667104127562, 0.5239227253075273, 1.230135733675311, -1.453570745128859, -1.4407587689215329, -1.3724689760531028, -1.2865477559001448, -1.3729731073923404, -1.1813683743578214, -0.6345185954231577, -0.2099871580626447, 0.3090313963464561, 1.107893216690809], "bean_num": 0.5, "model_info": {"det_num_x": 10, "det_num_y": 10, "det_y": 0.03, "det_x": 0.03, "size_x": 0.5, "size_y": 0.5, "med_margin": 0.0015}}