{"source": [487.10358106430897, 522.3546388743364], "intensity": 100, "miu_detector": 0.3, "miu_medium": 1.2, "miu_air": 0.00018, "output": [0.0, 0.0, 0.0, 0.0, 0.0, 0.0, 0.0, 0.0, 0.0, 0.0, 0.0, 0.0, 0.0, 0.0, 0.0, 0.0, 0.0, 0.0, 0.0, 0.0, 0.0, 0.0, 0.0, 0.0, 0.0, 0.7777777777777775, 0.22222222222222254, 0.0, 0.0, 0.0, 0.0, 0.0, 0.0, 0.0, 0.0, 0.0, 0.0, 0.0, 0.0, 0.0], "miu_de": 0.5, "input": [-1.5506524218615023, -1.4953250977631116, -1.403369321894422, -1.4424680783343924, -1.028678786224632, -0.6908614027580386, -0.6425175874203208, -0.289872329984675, 0.009080956943869734, 1.27703411551568, -1.5299011164498453, -1.205486593054801, -1.3214507527068513, -1.052995720106932, -0.8048566991627408, -0.7598446354215123, -0.1670917121029094, 0.2561732309022287, 0.3990952498951961, 1.7022905532275643, -1.4652764187320841, -1.311825911899775, -1.112847825567126, -1.1193108170837651, -1.069036197654666, -0.6034351291547624, -0.33536182548950244, 0.22085157760197158, 1.192897695973054, 1.3370180046278035, -1.2094260496641347, -1.3645096563594745, -1.2198931187736664, -1.0588748149231384, -0.9456967091025826, -0.6415151040002252, -0.3124505448348745, 0.14719993315318247, 1.092801935337387, 1.503847915367975, -1.2634763249393195, -1.1111746923108896, -1.08215474403713, -0.8296484780729747, -1.005733437437659, -0.7184391853791235, -0.23995399202529055, 0.15848347830265733, 0.658033454738152, 1.7760384712586668, -0.8978996457088205, -1.0024190893513452, -0.7765076222809867, -0.6393506126998607, -0.841196409758612, -0.2394048943140234, -0.3044740460700148, 0.25648496770291196, 0.9375163382729003, 2.0215516955522834, -0.6341815975615154, -0.6281971982559188, -0.6323300466155808, -0.3390887611045002, -0.3524010319896311, -0.2330310675009443, 0.08429311516995946, 0.2918190703812054, 0.5319502545419516, 1.3654692135333566, -0.5934602223050063, 0.0801964109471624, 0.45422929751140045, -0.12100832587612825, 0.1543737755240116, 0.013149448276810511, 0.5171021508896722, 0.25081107610725845, 0.8293678873100938, 1.4022097130407294, 0.6096368061236092, 0.8039971286014215, 1.1183040103500315, 0.9344613275764179, 0.31676495463041165, 0.9132362679620222, 0.6275318781583805, 0.975407507623136, 1.0286981210822237, 1.4634674945626291, 1.2298630890467586, 1.6521827253271961, 1.4497617761917685, 0.9300745301937392, 1.421013410163079, 1.3281563688603686, 1.816961706009017, 1.6642763352871839, 1.1986091860369967, 1.236588192688252], "bean_num": 0.5, "model_info": {"det_num_x": 10, "det_num_y": 10, "det_y": 0.03, "det_x": 0.03, "size_x": 0.5, "size_y": 0.5, "med_margin": 0.0015}}