{"source": [656.0390525984399, 292.087404899461], "intensity": 100, "miu_detector": 0.3, "miu_medium": 1.2, "miu_air": 0.00018, "output": [0.0, 0.0, 0.0, 0.0, 0.0, 0.0, 0.0, 0.0, 0.0, 0.0, 0.0, 0.0, 0.0, 0.0, 0.0, 0.0, 0.0, 0.0, 0.0, 0.0, 0.0, 0.0, 0.3333333333333334, 0.6666666666666665, 0.0, 0.0, 0.0, 0.0, 0.0, 0.0, 0.0, 0.0, 0.0, 0.0, 0.0, 0.0, 0.0, 0.0, 0.0, 0.0], "miu_de": 0.5, "input": [0.9345555373545473, 1.3304787342555215, 1.0219805005778098, 1.0260589444779533, 1.136025004458643, 1.291370991201798, 1.214467701482762, 1.1839946033578688, 0.9683144382195068, 1.1322182340218647, 0.14914128903020601, 0.673547131630514, 0.7264833581203068, 0.3478361008735543, 0.781037918921381, 0.5575800016419977, 0.6377456530178147, 0.714852881255481, 0.8224581753013375, 1.4552202236608127, -0.43099183605667035, -0.11588964843117223, -0.31444955560719706, -0.2821922927268924, 0.05788702122752914, -0.2247690288415077, -0.11949863854583068, 0.5810176387558572, 1.2818025843640692, 1.8617055858171998, -0.9167097285746204, -0.8029512665416435, -0.9484006181611279, -0.6377207707953557, -0.39345587492493755, -0.38412411474711083, 0.16377376190734197, 0.4099228372060918, 1.1480199842833159, 1.5931912965396546, -1.1635535822920118, -0.7842932510051265, -1.0262035948302568, -0.8500475616911488, -0.8880114938997805, -0.4521160657529422, -0.20063603816758382, 0.3739530054598805, 1.285389538161316, 1.7510593010015465, -1.3705732143434433, -1.1492681829311413, -1.2596132367133162, -0.811376378344393, -0.827297482454586, -0.17497798694643543, 0.23979049056630164, 0.8978493870999058, 1.5096180371528554, 1.7774072175625495, -1.4489853345930375, -1.3167603557524532, -1.1462902384150933, -1.0027759424400529, -0.7708167684572823, -0.3167318669093081, -0.2684398023639125, 0.2343704365352595, 1.1734475417382924, 1.629842130463243, -1.4909873220122114, -1.3290992813370923, -1.3804216232163764, -1.0715586506443293, -0.753958518609735, -0.30720664665433456, -0.16490898037498944, 0.6627414543851814, 1.0714529032345463, 1.6417489353018375, -1.4794745181700883, -1.5136245833848554, -1.267036698465805, -1.2194174254313463, -0.8801664860927875, -0.7680237390980226, -0.11854924192973808, 0.48501336327289507, 1.090396267006904, 1.185409677004501, -1.5429776265586246, -1.4973461920593678, -1.1798019221499632, -1.1126496131832422, -1.142584022586517, -0.7975833314632617, -0.2619973836067611, -0.04156164343756841, 0.4946121736684158, 1.414067210146224], "bean_num": 0.5, "model_info": {"det_num_x": 10, "det_num_y": 10, "det_y": 0.03, "det_x": 0.03, "size_x": 0.5, "size_y": 0.5, "med_margin": 0.0015}}