{"source": [-710.8364960404423, -151.0929615079225], "intensity": 100, "miu_detector": 0.3, "miu_medium": 1.2, "miu_air": 0.00018, "output": [0.0, 0.6666666666666704, 0.33333333333332954, 0.0, 0.0, 0.0, 0.0, 0.0, 0.0, 0.0, 0.0, 0.0, 0.0, 0.0, 0.0, 0.0, 0.0, 0.0, 0.0, 0.0, 0.0, 0.0, 0.0, 0.0, 0.0, 0.0, 0.0, 0.0, 0.0, 0.0, 0.0, 0.0, 0.0, 0.0, 0.0, 0.0, 0.0, 0.0, 0.0, 0.0], "miu_de": 0.5, "input": [-0.3697911219909651, 0.021838207822320942, 0.08425078546682373, 0.05533292030708613, 0.19744091326134433, 0.14965649795898678, 0.2526202434819374, 0.2838423993764248, 0.8038295673436151, 1.4461736467004853, -1.136986584797043, -0.5153951559224327, -0.6524675911525228, -0.7485016234249476, -0.46659820505432426, -0.3512731397636118, 0.09388611476203747, 0.652380319582034, 1.315065241782214, 1.42697269819315, -1.3197247603819378, -1.0717307873361686, -0.8447469803412949, -0.8143224408493764, -0.5654956229752326, 0.11321391848284493, -0.013129186525896017, 0.979022771123025, 1.4961180193959476, 1.8637484214996058, -1.2864850303095203, -0.9921854360205142, -0.9856024314894487, -0.7425508148857946, -0.29011040498577767, 0.10564784297016774, 0.42696489388408915, 0.801273961909719, 1.458823543376932, 1.8544931839955072, -1.2612958902875566, -1.155446485977871, -0.807864937446374, -0.7829111004509088, -0.5083195008529742, -0.077130062789901, 0.5160893528637873, 1.0023153314143445, 1.613823538635924, 1.7392820943514622, -1.4109420109304527, -1.1373623348641784, -0.9202658815446554, -0.5789116060918833, -0.37940705938512986, -0.07986015312938277, 0.7771985956994415, 1.331640618983686, 1.5359270392148154, 1.6903282771050656, -1.2137819117061357, -1.071488341135464, -0.9193755023480504, -0.6558624332136308, -0.292400883565067, -0.13658993043690731, 0.1517227045281843, 0.7886128804948808, 1.9385027093630793, 1.8737948722576705, -1.1191055800389578, -0.9930031132794361, -1.1081106605422784, -0.6002161498434674, -0.322994241833038, -0.011314016599039214, 0.22105886755678272, 0.9252303545779035, 1.4269519075947565, 1.9744467899286084, -1.2577970547222335, -1.1080878355546486, -1.0924632941828445, -0.9314780773772118, -0.6168559017074667, -0.27781900346782296, -0.0031997343428993713, 1.251529075157507, 1.3191055127887859, 1.808311593305451, -1.3921928779031096, -1.0873088666491892, -1.1444819807722888, -1.039307554948701, -0.8238750641634146, -0.7378320960054022, 0.1009532231233637, -0.02564280953973302, 0.8979112385813263, 1.4820665676333902], "bean_num": 0.5, "model_info": {"det_num_x": 10, "det_num_y": 10, "det_y": 0.03, "det_x": 0.03, "size_x": 0.5, "size_y": 0.5, "med_margin": 0.0015}}