{"source": [-646.097300836835, 343.5360286259693], "intensity": 100, "miu_detector": 0.3, "miu_medium": 1.2, "miu_air": 0.00018, "output": [0.0, 0.0, 0.0, 0.0, 0.0, 0.0, 0.0, 0.0, 0.0, 0.0, 0.0, 0.0, 0.0, 0.0, 0.0, 0.0, 0.0, 0.0, 0.0, 0.0, 0.0, 0.0, 0.0, 0.0, 0.0, 0.0, 0.0, 0.0, 0.0, 0.0, 0.0, 0.0, 0.0, 0.0, 0.0, 0.0, 0.11111111111111269, 0.8888888888888873, 0.0, 0.0], "miu_de": 0.5, "input": [-1.3828771102294015, -1.3677376691510965, -1.1522285487836905, -0.9817373354240683, -0.7053779347925089, -0.5623164728983857, -0.18351970134978438, 0.293253447225912, 0.6918821878533393, 1.346612125578001, -1.2435184835299815, -1.2098454238276002, -0.9736904772006901, -0.7303391637499448, -0.4855959710507552, -0.14628616539501293, 0.24184760158681967, 0.6185424864664696, 1.604664510840746, 1.5200525807385172, -1.3271558277569728, -1.117139016805746, -0.9260069972530792, -0.6744478269743578, -0.45878685941262537, -0.19299610354362445, 0.7392102391711292, 0.883755167619195, 1.4115072263507618, 1.8299783958827847, -1.3038811800305712, -1.1714805650979734, -0.9768898507319642, -0.7442086106992777, -0.2686621755697783, 0.10908459962447853, 0.17889043725954784, 0.7355692324840198, 1.7566494195466178, 1.7764276946385533, -1.3193525996008049, -1.0416295001249465, -0.7255950794054054, -0.7214783556818015, -0.5313570652771484, -0.0007394297726652273, 0.36552533648607627, 0.9542938832290347, 1.6137595580716582, 2.1172897718028176, -1.2459455973386522, -1.170127361514618, -0.9668799851017276, -0.7231106499295984, -0.43609801175109675, -0.1951286479761769, 0.47640004909123823, 0.8011718996900266, 1.3798053439541391, 1.7669912830934837, -1.3285614460707162, -1.217213148430528, -0.9011723502021608, -0.7534712620983613, -0.6069656256300759, -0.28152073393218646, 0.51313684024299, 0.8974701078612011, 1.7231958302947177, 1.6828837329103454, -1.2513017925708092, -0.9426489105639126, -0.9916603549566072, -0.7386786665674274, -0.5722662349802604, -0.20677404348411146, 0.20938434170361764, 0.9628680163631136, 1.489979062104495, 1.6466116528267536, -0.9316800222670039, -0.7678197789870687, -0.6267394572376431, -0.6480385058653876, -0.455812435993023, -0.32807891154145646, 0.18022684645624729, 0.8825687966344166, 1.282903785171636, 1.8795725776191123, -0.042807588760099796, -0.05358805496021118, 0.11686416823125215, 0.048721259645686854, 0.11944757779600838, 0.41439010769698104, 0.43796131628449564, 0.7199650817018958, 1.1049265521681024, 1.4847249478341213], "bean_num": 0.5, "model_info": {"det_num_x": 10, "det_num_y": 10, "det_y": 0.03, "det_x": 0.03, "size_x": 0.5, "size_y": 0.5, "med_margin": 0.0015}}