{"source": [-667.5622748615473, 311.28940106331163], "intensity": 100, "miu_detector": 0.3, "miu_medium": 1.2, "miu_air": 0.00018, "output": [0.0, 0.0, 0.0, 0.0, 0.0, 0.0, 0.0, 0.0, 0.0, 0.0, 0.0, 0.0, 0.0, 0.0, 0.0, 0.0, 0.0, 0.0, 0.0, 0.0, 0.0, 0.0, 0.0, 0.0, 0.0, 0.0, 0.0, 0.0, 0.0, 0.0, 0.0, 0.0, 0.0, 0.0, 0.0, 0.0, 0.0, 0.7777777777777775, 0.22222222222222254, 0.0], "miu_de": 0.5, "input": [1.3194118191402642, 1.4088080464068702, 1.6619269198785405, 1.6411066629990771, 2.0135043089678044, 1.8651583711863584, 1.5529199480420992, 1.9729011417369566, 1.9241479629965534, 1.5682395732285073, 0.9710680564023211, 0.8612103479499886, 1.1847467340021545, 1.1519108842926329, 1.2425318403698409, 1.2741373627111927, 1.2246977978377893, 1.4831276919749017, 0.881024358158849, 0.8590919106499053, 0.4917672192185233, 0.6551502440547211, 1.0230773546975023, 0.8048976888399811, 0.5185679564978009, 0.5550536980468641, 0.5209909861681618, 0.4637092567010586, 0.6688870869451244, 1.1303653284226531, -0.3882438972784562, 0.2791620769375733, 0.14660322607898077, 0.26630362295493953, 0.1517683144201088, -0.10753323674373003, 0.5870322388072552, 0.19602205604766856, 0.44936650907655856, 0.9915561299413986, -0.7600886519461072, -0.6372433254651327, -0.1372988736334164, -0.20658498729431962, -0.2977006068289147, -0.3776787716526392, -0.3889231700564274, -0.2838999721317338, 0.3670597460394087, 1.1412502842059373, -0.7868746435260433, -0.787142116138262, -0.710782556935622, -0.7562051678657398, -0.8133740392077612, -0.5507593037737686, -0.6013665968255225, -0.4238771417979861, -0.04724854306935572, 0.9595904797275255, -1.0519104391580965, -0.7968053244119763, -0.8769393765408686, -0.9324044021987212, -0.7000516595472447, -0.9391162919985627, -0.9005165611157746, -0.4880762727257685, 0.1993610634843756, 1.1378548183524668, -1.3779546571444836, -1.2189303351726346, -1.1138828594913095, -1.0776343886911715, -1.0680303149380628, -0.6761347668106749, -0.9903270616610131, -0.7331197952434172, -0.06439998802216806, 1.1492111675678385, -1.42716754815161, -1.214495491895226, -1.2169718748875058, -1.0985929819772982, -1.310231974030464, -1.1615836629368863, -1.0355321185615864, -0.7037851570700383, 0.028661368013073396, 0.6957465488752381, -1.531121774677215, -1.4904243649562714, -1.489574136511522, -1.34697639719392, -1.38990457586913, -1.387090284349865, -1.0783704297139562, -0.7003051868289907, -0.477580308114247, 0.4880801557132659], "bean_num": 0.5, "model_info": {"det_num_x": 10, "det_num_y": 10, "det_y": 0.03, "det_x": 0.03, "size_x": 0.5, "size_y": 0.5, "med_margin": 0.0015}}