{"source": [360.3103380360449, -650.0170565350156], "intensity": 100, "miu_detector": 0.3, "miu_medium": 1.2, "miu_air": 0.00018, "output": [0.0, 0.0, 0.0, 0.0, 0.0, 0.0, 0.0, 0.0, 0.0, 0.0, 0.0, 0.0, 0.0, 0.7777777777777817, 0.2222222222222183, 0.0, 0.0, 0.0, 0.0, 0.0, 0.0, 0.0, 0.0, 0.0, 0.0, 0.0, 0.0, 0.0, 0.0, 0.0, 0.0, 0.0, 0.0, 0.0, 0.0, 0.0, 0.0, 0.0, 0.0, 0.0], "miu_de": 0.5, "input": [1.5180215166625202, 0.557181314740484, 0.010658343296722514, -0.4667986300820743, -0.8316610401936024, -1.116130706593525, -1.181228363928789, -1.3984960779765006, -1.3888611371988206, -1.5501749797535107, 1.5107346315227939, 1.5199986775747032, 0.861442485246716, 0.08772944674751648, -0.4278264397117913, -0.9181867550319247, -1.0960893147312234, -1.1977653933799433, -1.3047699888491424, -1.4878077659383069, 1.9567961809604957, 0.9613285401106275, 0.7744218390539676, 0.09583471383710762, -0.31305836785567676, -0.6847261905738221, -0.9916496483074931, -1.2488488926454528, -1.1615496521287678, -1.457817158254738, 1.5392039220670723, 1.2231177035938416, 0.4087695584026148, -0.1111717544292344, -0.23096352366994802, -0.691466872698709, -0.8868467090757822, -1.1023348039901055, -1.124138866982108, -1.3203904879013268, 1.5896952857227002, 1.274419991128889, 0.2644277480410548, 0.37617003845409247, -0.06669356991378216, -0.8032640569122668, -1.0602758199523128, -1.0725530165332868, -1.3654117583473735, -1.2535752732639847, 1.7233535082661688, 1.2457099229728372, 0.549458403966119, 0.1354552865432137, -0.23491873099156405, -0.4186824728419438, -0.7957981812190398, -0.881425894025196, -1.0057257784457754, -1.306458247075862, 1.851183386408522, 0.899716632739536, 0.23810853655542744, 0.16863897323443522, -0.37632822476850436, -0.6114182927685182, -0.5681187431399218, -0.8266045839178652, -0.8761669853322074, -1.1639964821095505, 2.055065792843122, 1.5444706567875195, 0.7094582871069607, -0.03624761661096696, -0.01402462629264885, -0.3109442020272004, -0.440021080936002, -0.46063036266992846, -0.5564009984022485, -0.775632151766289, 1.5000343267216725, 0.7869115842383919, 0.3854680533837758, 0.34326407341015547, 0.510696375073489, 0.44458282564432966, 0.27629200234804013, 0.3801976282924839, -0.06941934137799062, -0.064396141349389, 1.3102913429077856, 1.0809776850346615, 1.0737242324232195, 1.3706572674948272, 1.517981062907682, 0.9161799280384746, 0.8531065627585339, 0.7488044316847178, 1.522065103902802, 0.4340863440210647], "bean_num": 0.5, "model_info": {"det_num_x": 10, "det_num_y": 10, "det_y": 0.03, "det_x": 0.03, "size_x": 0.5, "size_y": 0.5, "med_margin": 0.0015}}