{"source": [66.00911784250985, -754.4876693990271], "intensity": 100, "miu_detector": 0.3, "miu_medium": 1.2, "miu_air": 0.00018, "output": [0.0, 0.0, 0.0, 0.0, 0.0, 0.0, 0.0, 0.0, 0.0, 0.0, 0.4444444444444465, 0.5555555555555535, 0.0, 0.0, 0.0, 0.0, 0.0, 0.0, 0.0, 0.0, 0.0, 0.0, 0.0, 0.0, 0.0, 0.0, 0.0, 0.0, 0.0, 0.0, 0.0, 0.0, 0.0, 0.0, 0.0, 0.0, 0.0, 0.0, 0.0, 0.0], "miu_de": 0.5, "input": [1.2919152766624649, 2.0252689254550167, 1.7434294378323785, 1.5649266266738322, 1.972072103128591, 2.047871088583907, 1.903197200783652, 2.008736962912947, 1.7162283649259635, 1.5076175370349594, 0.8770005225211517, 1.4739748852554344, 1.4845566745506302, 1.1485057061966706, 1.7235133386602903, 1.1591930714949676, 1.7076760193925375, 1.6742275620508262, 1.4889207444258876, 0.5551894762382722, 0.3259215665342734, 0.6918086714418484, 0.6190287875663747, 0.8131473293580498, 1.0675503660546255, 1.0936069235710324, 0.7314401054581321, 1.1266286241330574, 1.0829696398137367, 0.4365858629477799, 0.023861285412775813, 0.37090641430922516, 0.40528482536052396, 0.40325461021010883, 0.5308477639759712, 0.5762980991219742, 0.3841563026754388, 0.49129375211030446, 0.20182459851749035, 0.16229590390327694, -0.31579808892520317, -0.24468877424255064, -0.05289012797532367, 0.0001507599003209281, -0.11684978854274118, -0.08651897035004265, 0.024361118261661294, 0.20858270230627252, 0.03708274557292501, -0.11686249533702328, -0.7201441633326516, -0.38065730683654153, -0.4609349618121022, -0.3999431109924395, -0.42936649107425084, -0.2658476987404718, -0.47336822413917856, -0.3542731186201595, -0.42778855798325394, -0.3608055974239675, -0.755615703176134, -0.67956253330539, -0.669663356920319, -0.6891360487190507, -0.4948226310444497, -0.6438776087174399, -0.4978717860796213, -0.675360082256527, -0.7545219692845555, -0.5358047722318358, -1.0843649350766191, -0.9279319401789908, -0.8641666834695081, -0.8137280751638469, -0.8121458665108892, -0.7438711258008355, -0.9452654538202667, -0.8889124560254462, -1.0683065873469313, -0.5996222462870744, -1.27584996618395, -1.1281190785438806, -1.0267497122659681, -0.9542886470486541, -1.0412769870571972, -1.0662766462152293, -1.0828514818684611, -0.9975252336450368, -1.113787052375255, -0.6769018830201918, -1.3806360801201096, -1.250124219222282, -1.2384980444599782, -1.178755635755823, -1.2189962384343715, -1.2328557454094475, -1.2521852091467665, -1.2867082138093426, -1.195863226202132, -0.9333716447698593], "bean_num": 0.5, "model_info": {"det_num_x": 10, "det_num_y": 10, "det_y": 0.03, "det_x": 0.03, "size_x": 0.5, "size_y": 0.5, "med_margin": 0.0015}}