{"source": [-730.6945901861424, -237.4170642823096], "intensity": 100, "miu_detector": 0.3, "miu_medium": 1.2, "miu_air": 0.00018, "output": [0.0, 0.0, 1.0, 0.0, 0.0, 0.0, 0.0, 0.0, 0.0, 0.0, 0.0, 0.0, 0.0, 0.0, 0.0, 0.0, 0.0, 0.0, 0.0, 0.0, 0.0, 0.0, 0.0, 0.0, 0.0, 0.0, 0.0, 0.0, 0.0, 0.0, 0.0, 0.0, 0.0, 0.0, 0.0, 0.0, 0.0, 0.0, 0.0, 0.0], "miu_de": 0.5, "input": [0.9932623552029058, 2.041975099517661, 1.599089432984254, 1.95307551539421, 1.5588337346701266, 1.8338188498723138, 1.627440073324911, 1.7451819498440881, 1.480323907453115, 1.2204935954511418, 1.0864095182198805, 1.1219232835927095, 1.456607056929806, 1.1153141612389434, 1.0690473573159625, 1.3092755980739526, 1.8395365007681708, 1.2573076308333484, 0.9875995157120208, 0.6672739891600492, 0.8861837327225917, 0.6161842707880485, 0.7506010204303565, 0.5876067403960791, 1.1459483953608969, 0.8467838038473049, 1.5017423574687674, 0.9088478470239938, 0.815969101096284, 0.3007916248682898, 0.8019336071197916, 0.08849287952344455, 0.5585744034357035, 0.20268717842542675, 0.29112800289924495, 0.36791603893504055, 0.32039050688321297, -0.06366160399472927, 0.31094057842046596, 0.10338905249411223, 0.568322305846286, -0.19831632464994098, -0.176333405879236, -0.28579215786335066, -0.22751367455771104, -0.13897929814549143, -0.18184922473851212, -0.34155395538166633, -0.2050879792074788, -0.6797471196813215, 1.1256521172225913, -0.02769469951237402, -0.6670460954966623, -0.4288574867214102, -0.43774118399368545, -0.29495887683378136, -0.3897707535145668, -0.6002351419925943, -0.4547384765487925, -1.008918111689817, 0.7277901403519716, -0.36488185256835715, -1.0617446964516506, -0.5337391518056339, -0.7851172706995323, -0.7790585460178096, -0.681871131075859, -0.5770486231892986, -0.8612757254307246, -0.9622111116547847, 0.7985055786240185, -0.07263284893416545, -1.0226198483310638, -1.1684026319273844, -0.9063855050486819, -0.9993350954282577, -0.7844557894548028, -1.0225563515545595, -1.3195652331825112, -1.126878818085005, 0.7834178122679752, -0.5254427945995491, -1.281286460933971, -1.2859833512672263, -1.1015656176829747, -1.1049592908851993, -1.0909657033100235, -1.162072618423334, -1.3674459898633144, -1.460473241684951, 0.3671111689016323, -0.7709542443905087, -1.3974167598410878, -1.2370964342802302, -1.3451875951775984, -1.2010483211108907, -1.2506515637770228, -1.2874046831608092, -1.4487512629316037, -1.5834176563495703], "bean_num": 0.5, "model_info": {"det_num_x": 10, "det_num_y": 10, "det_y": 0.03, "det_x": 0.03, "size_x": 0.5, "size_y": 0.5, "med_margin": 0.0015}}