{"source": [-743.5314693821915, 199.22865676808448], "intensity": 100, "miu_detector": 0.3, "miu_medium": 1.2, "miu_air": 0.00018, "output": [0.0, 0.0, 0.0, 0.0, 0.0, 0.0, 0.0, 0.0, 0.0, 0.0, 0.0, 0.0, 0.0, 0.0, 0.0, 0.0, 0.0, 0.0, 0.0, 0.0, 0.0, 0.0, 0.0, 0.0, 0.0, 0.0, 0.0, 0.0, 0.0, 0.0, 0.0, 0.0, 0.0, 0.0, 0.0, 0.0, 0.0, 0.0, 0.6666666666666676, 0.33333333333333237], "miu_de": 0.5, "input": [1.0061275682224067, 1.4205919538896556, 1.0366167682959835, 1.5504113756378923, 2.006949954593597, 1.5663489347902906, 1.7308093546049264, 1.2320964725278787, 1.8430344156456606, 1.593978587100322, 0.8184042315210676, 0.9225858022190657, 1.1511178797932702, 0.7858411046644822, 1.0462510677572583, 1.345484681924243, 0.7599655035484645, 1.1452533802549243, 1.381003356548087, 1.5425571333580093, -0.20779374605975484, 0.49988621508152375, 0.4579894748363156, 0.5247267001895606, 0.47440595969337607, 0.4767153579207897, 0.33612286038104017, 0.7715762720029528, 0.8537518927512235, 1.4865499359882823, -0.5073304218828388, 0.07327712152373736, 0.43771523946187635, 0.13464299044961905, 0.18845641065786947, -0.1758395966009383, 0.39303107432931467, -0.22456722521723257, 0.4389817590536847, 0.9304250863510445, -0.8656618633076717, -0.3030019779885663, -0.40891498469519305, -0.6123848396563165, -0.4114672245163692, -0.4175242547419052, -0.300404955632729, -0.12207054090424382, 0.7281199466370188, 1.0996158052409157, -1.1910183769722245, -0.8345363611367396, -0.6928589417875994, -0.6672649005208399, -0.3471642165352677, -0.6381033081969938, -0.6582284641842053, -0.17626732498147177, 0.48412938679307227, 1.1963315662608025, -1.1159196054683578, -1.1878157542064705, -0.9103456973631053, -0.9848344997135302, -0.984028325829783, -0.9300862646748298, -0.7413381074240472, -0.4254855283222413, 0.5941696938827642, 1.289684267758421, -1.4036287886941385, -1.1585927856585432, -1.2453428235816935, -1.2053890983958757, -1.131702391987049, -1.1274710862927477, -0.7250650553276704, -0.045134065421255615, 0.5240275682726621, 1.6019570020970682, -1.411879130854195, -1.3036712497935128, -1.2772485542614151, -1.3095920495007967, -1.280632231349724, -1.1533150995583565, -0.945478895546522, -0.5960836319468065, 0.21473313052953671, 1.0187738189395494, -1.5812800096538275, -1.5596303764667896, -1.468455181596382, -1.4663163415063045, -1.3908862286126755, -1.2023567354881006, -0.799477576000651, -0.3326666020496011, 0.008649389654573346, 1.0396778444300154], "bean_num": 0.5, "model_info": {"det_num_x": 10, "det_num_y": 10, "det_y": 0.03, "det_x": 0.03, "size_x": 0.5, "size_y": 0.5, "med_margin": 0.0015}}