{"source": [750.8313481963236, -173.34307519845333], "intensity": 100, "miu_detector": 0.3, "miu_medium": 1.2, "miu_air": 0.00018, "output": [0.0, 0.0, 0.0, 0.0, 0.0, 0.0, 0.0, 0.0, 0.0, 0.0, 0.0, 0.0, 0.0, 0.0, 0.0, 0.0, 0.0, 0.0, 0.44444444444444664, 0.5555555555555534, 0.0, 0.0, 0.0, 0.0, 0.0, 0.0, 0.0, 0.0, 0.0, 0.0, 0.0, 0.0, 0.0, 0.0, 0.0, 0.0, 0.0, 0.0, 0.0, 0.0], "miu_de": 0.5, "input": [1.356146896586742, 0.7843732666903579, 0.19155853346224438, -0.03711906654639641, -0.4568353625099317, -0.7900213546066857, -0.9213613199163876, -1.1124757247038004, -1.2607950178006804, -1.3808785445853007, 1.8402494994485574, 1.2564454673559806, 0.4942753608121817, 0.3050319084469999, -0.3441430646526931, -0.6395022542021341, -0.7524025020781945, -1.0919212902512219, -1.1781194195036617, -1.4435725091110576, 1.9704129297127266, 1.3449994583257636, 0.8908022863943492, 0.23999968493368853, -0.06668103730249643, -0.2197763673088052, -0.7780290330383446, -1.053974153277495, -1.096518825329319, -1.4321944630879309, 1.6976573108891038, 1.8682186009846893, 0.5452571897756074, 0.44155916804133705, -0.30852757217124044, -0.5643179856099482, -0.8377639022597491, -1.1154498629163057, -1.0690136708731868, -1.3664764820024957, 1.8651646202264156, 1.418635475993789, 0.6537879733235015, 0.5197808202963059, -0.1603947003405203, -0.3954709809509045, -0.7202805025630942, -0.817188588497654, -1.1039641974547523, -1.2765664963638634, 1.8350445794240717, 1.39457740432926, 0.7649846793627233, 0.4598193017347309, 0.01781271234403934, -0.5550367336510622, -0.41952395143326987, -0.6213659974580658, -1.066632557284856, -1.049609602203552, 1.9872087143609973, 1.8168712974853367, 0.8729965216084379, 0.35700421114649733, -0.020848324660779047, -0.43870493507307773, -0.7920326900277519, -0.9098195305518462, -1.1902153402198736, -1.2615669704640702, 1.9203407815667821, 1.6027580139270237, 0.8603949241535926, 0.34396917532998095, -0.19858017403128467, -0.2849398464507909, -0.5794393099542899, -0.6505392199657565, -1.1031821503873873, -1.2406428708832464, 1.9373451026518675, 1.1117912327474382, 0.7799210787154692, 0.22269418575994254, -0.37939726367101806, -0.42755590346046124, -0.6837191980943167, -0.8754917278602343, -1.0169281165374269, -0.9373154617149639, 1.4894054548677023, 0.8162061408916619, 0.4706193191689559, 0.5500053703345498, 0.43054677747797604, 0.13068243503131244, 0.4565034821305785, 0.28598626447960285, 0.07658647888280896, -0.18160796375803012], "bean_num": 0.5, "model_info": {"det_num_x": 10, "det_num_y": 10, "det_y": 0.03, "det_x": 0.03, "size_x": 0.5, "size_y": 0.5, "med_margin": 0.0015}}