{"source": [738.5781188782332, -268.82045095200147], "intensity": 100, "miu_detector": 0.3, "miu_medium": 1.2, "miu_air": 0.00018, "output": [0.0, 0.0, 0.0, 0.0, 0.0, 0.0, 0.0, 0.0, 0.0, 0.0, 0.0, 0.0, 0.0, 0.0, 0.0, 0.0, 0.0, 0.22222222222222113, 0.7777777777777789, 0.0, 0.0, 0.0, 0.0, 0.0, 0.0, 0.0, 0.0, 0.0, 0.0, 0.0, 0.0, 0.0, 0.0, 0.0, 0.0, 0.0, 0.0, 0.0, 0.0, 0.0], "miu_de": 0.5, "input": [0.7158853337044933, 0.8567075334699197, 0.9741170142202195, 1.144140021841233, 1.235750943038694, 0.8858474947387671, 1.0409875022646757, 1.1685395588340384, 1.1843532140981332, 1.196098635231099, -0.3206302337704326, 0.018181249019805747, 0.008800655802617208, 0.0707542084817082, -0.05740745440824988, 0.23571200569990697, 0.44726503438797494, 0.5412245482656953, 1.1158668170997847, 1.5414708345939743, -0.8548590702408853, -0.7288905820797147, -0.7160785959303789, -0.5774953015401117, -0.3915470994536215, -0.18746573249183943, 0.09823455241515822, 0.6180986279817164, 1.4106991953631407, 1.783830842670264, -1.2479003345074418, -1.0577236373751282, -0.8928466303183308, -0.7958477141743903, -0.7267967148995246, -0.3032513012965353, 0.1838270820940318, 0.5591418215848429, 1.160755910850051, 1.9899353874300685, -1.3188600387974472, -1.3146951394888438, -0.982908953966649, -0.870555907083544, -0.7263012660293126, -0.2491521839801161, 0.3534614935213196, 0.8611598599705518, 1.2235246321752689, 1.7738352457425677, -1.4600854234677592, -1.112729744868143, -1.0121794863135427, -0.8182645648333617, -0.54772303000614, -0.1407458329779582, 0.15062032375945164, 0.661106188686908, 1.293962384683595, 1.6311925818060542, -1.5324740711104845, -1.2422641848922777, -0.9841722978474127, -0.8947628487473086, -0.6057449498301803, -0.1561646829187455, 0.07718194253192902, 1.0837919758413024, 1.3901627632886953, 1.930914699827682, -1.4310845066122861, -1.2158404260035367, -1.0848727561802347, -0.8453336002215412, -0.6875546815435528, -0.2843622560113846, -0.12207040318271609, 0.5543555233123445, 1.2765195095313777, 1.6273621475956066, -1.4006126446958103, -1.2140519535846372, -1.2095222029643837, -0.9435602894275968, -0.8523342565158142, -0.21945864513176547, -0.09825650810186505, 0.23478238820982011, 0.9824871237640795, 1.8293467641419823, -1.4169893310081867, -1.4144818874925589, -1.251484965656408, -0.9399575892540496, -1.043154962707276, -0.6949382687233662, -0.15599503855481003, 0.0553363702987593, 0.8926766187645877, 1.2844356205837157], "bean_num": 0.5, "model_info": {"det_num_x": 10, "det_num_y": 10, "det_y": 0.03, "det_x": 0.03, "size_x": 0.5, "size_y": 0.5, "med_margin": 0.0015}}