{"source": [595.3889374603195, 517.5637071767503], "intensity": 100, "miu_detector": 0.3, "miu_medium": 1.2, "miu_air": 0.00018, "output": [0.0, 0.0, 0.0, 0.0, 0.0, 0.0, 0.0, 0.0, 0.0, 0.0, 0.0, 0.0, 0.0, 0.0, 0.0, 0.0, 0.0, 0.0, 0.0, 0.0, 0.0, 0.0, 0.0, 0.0, 0.44444444444444575, 0.5555555555555542, 0.0, 0.0, 0.0, 0.0, 0.0, 0.0, 0.0, 0.0, 0.0, 0.0, 0.0, 0.0, 0.0, 0.0], "miu_de": 0.5, "input": [1.574724196670442, 1.447510303577816, 1.7206437869105933, 1.5617766066646392, 1.3841265304879948, 1.9314344283514646, 1.6409400223800141, 1.5511242334659274, 1.6530252571595072, 1.3787450687809553, 0.2214063698671976, 0.7065057948828798, 1.137539512995844, 0.8463961830137201, 1.3977180247612688, 1.016167226534438, 0.9323978460567091, 1.3333043051021127, 1.2064486458050645, 1.0179559875058597, -0.2950025639054932, 0.11425605614019012, 0.13486190795606356, 0.2188470702664194, 0.6994243929830746, 0.8298736488023922, 0.42263140790068926, 0.5246866583481147, 0.6356922269111047, 1.3020201304664034, -0.6280415376695088, -0.15660258878218922, -0.1916055837282764, -0.2335248571809824, -0.14028480806458776, -0.33928524169339336, -0.04874226463445505, 0.12028425858392268, 0.5709254991873514, 1.377851594767914, -0.7107690246015986, -0.4467371937534392, -0.6525798379069895, -0.542158297791249, -0.46826171200334604, -0.31227659846745087, -0.2669590393675677, -0.04332811568407548, 0.47367934863675926, 1.343452066517509, -1.1872953091173828, -0.8569528768310527, -0.9546861864802353, -1.0349931522267646, -0.6873061195109724, -0.5789399265486855, -0.4064683200342716, 0.02686309814533577, 0.43197777071051996, 1.15879034930038, -1.3376438782564941, -0.9984279760888503, -1.1380584062680497, -0.8913193498435604, -0.8808139636400913, -0.7648804188461913, -0.590732451369183, 0.035051655261832466, 0.6246737686722227, 1.2940523350241468, -1.2968069404337217, -1.1976474666408246, -1.2935069717389722, -1.1271201934490096, -1.0987695486691864, -1.0398926279580694, -0.5776654144604788, 0.08735468814259678, 0.8527451293217057, 1.1998276007027453, -1.4813172940737025, -1.4278410548790663, -1.392572264841315, -1.2870404747763298, -1.153595047233468, -1.020971171722485, -0.6341057622254025, -0.008979801894645433, 0.44260281728846074, 1.4827733728535561, -1.5405988173521281, -1.4771096221772437, -1.4759752964357769, -1.3840337249430206, -1.308805268433151, -1.2180844370497175, -0.908300771155786, -0.2899481016394308, 0.17051798549527314, 1.1897585051182054], "bean_num": 0.5, "model_info": {"det_num_x": 10, "det_num_y": 10, "det_y": 0.03, "det_x": 0.03, "size_x": 0.5, "size_y": 0.5, "med_margin": 0.0015}}