{"source": [-297.3411200514021, -735.9450972193013], "intensity": 100, "miu_detector": 0.3, "miu_medium": 1.2, "miu_air": 0.00018, "output": [0.0, 0.0, 0.0, 0.0, 0.0, 0.0, 0.0, 0.4444444444444465, 0.5555555555555535, 0.0, 0.0, 0.0, 0.0, 0.0, 0.0, 0.0, 0.0, 0.0, 0.0, 0.0, 0.0, 0.0, 0.0, 0.0, 0.0, 0.0, 0.0, 0.0, 0.0, 0.0, 0.0, 0.0, 0.0, 0.0, 0.0, 0.0, 0.0, 0.0, 0.0, 0.0], "miu_de": 0.5, "input": [-1.5318159546729642, -1.417944921539229, -1.3461674481414339, -1.2561287287311818, -1.0761136912147535, -0.9487408739888222, -0.6697717983869496, -0.15170975366579684, 0.3828704054986595, 1.0362153282874111, -1.4802457526642812, -1.3796113010074147, -1.353562769000508, -1.166238465200318, -0.9855475490628753, -0.7008515631097815, -0.33009090380691286, 0.04770467298173921, 0.8238560325894528, 1.528204858475572, -1.5191881331835915, -1.3226947415970889, -1.1744463816236408, -1.1743689413346527, -0.9889515177350097, -0.7341984887657423, -0.23776074251314028, 0.09986320516663301, 0.7977331284322384, 1.363321664045789, -1.34012734426424, -1.2680387012722794, -1.1752124181113075, -1.0484306850659535, -0.8992236784077896, -0.6146957365963541, -0.28170110008946264, 0.2271945191011348, 1.0135002336123944, 1.5880980842752774, -1.242004687486241, -1.0538720087902114, -1.036343009093676, -0.9450020389118192, -0.938772514899276, -0.5260997136863845, -0.1824573967355733, 0.3654388161413871, 0.870150624853867, 1.5889694634254365, -0.905872143766627, -0.8920985157932233, -0.863885518998573, -0.7943416152735903, -0.7515681908459763, -0.3025933989717261, 0.03900499270200487, 0.22077067145466342, 1.0297370596340574, 1.4190964225676819, -0.7897931745623896, -0.5689208940749775, -0.28941360330659144, -0.3010877558048795, -0.39937719021810014, -0.3130759366912491, -0.12592598524678345, 0.15085471054355692, 0.7908190942318895, 1.5999544862756931, -0.3356099862300433, -0.08596195653838387, 0.0008277209815721051, 0.09266229145614997, -0.06000148262118874, 0.15333705862936833, 0.27963711434488464, 0.15329296835799175, 0.906759896348705, 1.7205732457418197, 0.449788116105727, 0.49592389081480287, 0.5859603600843856, 0.8705052332873435, 0.6638093286854332, 0.673774511741903, 0.8274658124059524, 0.8501352791339586, 1.2183931929045078, 1.5449756583743703, 0.8708242327481311, 1.3547245013107108, 1.6648135522421934, 1.457256459740002, 1.610656007011231, 1.4763803896167287, 1.7926388689554908, 1.6444473708833882, 1.720585623570513, 1.2141516435271906], "bean_num": 0.5, "model_info": {"det_num_x": 10, "det_num_y": 10, "det_y": 0.03, "det_x": 0.03, "size_x": 0.5, "size_y": 0.5, "med_margin": 0.0015}}