{"source": [-111.14705488809477, 790.8523890829258], "intensity": 100, "miu_detector": 0.3, "miu_medium": 1.2, "miu_air": 0.00018, "output": [0.0, 0.0, 0.0, 0.0, 0.0, 0.0, 0.0, 0.0, 0.0, 0.0, 0.0, 0.0, 0.0, 0.0, 0.0, 0.0, 0.0, 0.0, 0.0, 0.0, 0.0, 0.0, 0.0, 0.0, 0.0, 0.0, 0.0, 0.0, 0.0, 0.0, 0.11111111111111127, 0.8888888888888887, 0.0, 0.0, 0.0, 0.0, 0.0, 0.0, 0.0, 0.0], "miu_de": 0.5, "input": [-1.4926630230301698, -1.436471865045479, -1.3519521183009, -1.2965117660294914, -1.1303737488009828, -0.9056986154531427, -0.4474354389801094, 0.02693065966038774, 0.5597134235619388, 1.1264612686225572, -1.5528102411272349, -1.419605325249565, -1.3363625827468792, -1.1063459692792927, -0.8858143354870349, -0.5507455376680889, -0.1727597133931688, 0.15646561538014264, 1.2116698938181836, 1.5709255069531969, -1.5215512548836418, -1.2961307752184563, -1.1190015809411, -0.8778492865067689, -0.7420166442982935, -0.43004472220388085, -0.17404848900329947, 0.16307739861087345, 1.2849570170831046, 1.4326462218315967, -1.448234463556876, -1.2922170242375135, -1.0709694555850329, -0.8517331776273098, -0.7503190573059924, -0.5765488201184622, -0.10126281781747659, 0.5297298627935192, 0.8755684161832059, 1.6032805499271008, -1.4024542671944253, -1.1918503451112805, -1.1457580949208435, -0.9005391727832132, -0.7000336188393292, -0.5483523269661199, 0.026341005731749266, 0.4967201621759082, 1.267384905823495, 1.8645665693501616, -1.1404432212257247, -0.8913457050913421, -0.915366970285898, -0.9899974858930604, -0.6683693834592636, -0.45064392558565325, -0.017090285765598578, 0.5580413657988982, 1.2105712817951253, 1.7637245418732352, -0.8991425710918941, -0.6537462353233379, -0.6178110069999087, -0.5011589225059732, -0.6640520110691605, -0.23596947296884246, 0.011777626118183355, 0.5374456774776175, 1.2081197138221902, 2.0149337226199946, -0.5106166136955903, -0.3829227445873607, -0.24705882729103154, -0.06562042778600631, -0.2530163568779017, -0.018672834376980443, 0.16189075953337959, 0.35754781828810295, 1.2714204405071574, 1.4232676122890164, 0.10384447848797163, 0.2611372243696281, 0.6230347259372697, 0.43786388682786254, 0.6015663168906874, 0.4062605776442006, 0.5449518523609372, 0.4893263815941843, 0.814905765038548, 1.4712331162829235, 0.7930638240525881, 1.4269862440907939, 1.263469798976288, 1.188823063035505, 1.4126332198761171, 1.3849740070063028, 1.232037716688634, 1.1972798166985306, 1.4503471484997805, 1.5305924756026235], "bean_num": 0.5, "model_info": {"det_num_x": 10, "det_num_y": 10, "det_y": 0.03, "det_x": 0.03, "size_x": 0.5, "size_y": 0.5, "med_margin": 0.0015}}