{"source": [562.6355749273714, -647.2381901750776], "intensity": 100, "miu_detector": 0.3, "miu_medium": 1.2, "miu_air": 0.00018, "output": [0.0, 0.0, 0.0, 0.0, 0.0, 0.0, 0.0, 0.0, 0.0, 0.0, 0.0, 0.0, 0.0, 0.0, 0.4444444444444465, 0.5555555555555535, 0.0, 0.0, 0.0, 0.0, 0.0, 0.0, 0.0, 0.0, 0.0, 0.0, 0.0, 0.0, 0.0, 0.0, 0.0, 0.0, 0.0, 0.0, 0.0, 0.0, 0.0, 0.0, 0.0, 0.0], "miu_de": 0.5, "input": [1.5333604569640844, 1.2810981548299678, 0.2654082619683845, 0.0776488887853724, -0.3493225570039115, -0.5353682456581665, -0.9261401757771456, -1.077818770428117, -1.287450419262814, -1.0404090248109605, 1.616850939885753, 0.8785981017418247, 0.7696529953890128, 0.32600505575820093, -0.4027730143000063, -0.5852556627630295, -0.884106291063493, -0.9336095927119183, -0.9917265427352011, -1.139765596205171, 1.728347515481018, 1.4307200182662545, 0.8238866151057683, 0.29479356322421185, -0.2773337851298014, -0.14489251113966184, -0.5989896607710075, -0.9760344291957318, -1.1595458057409942, -1.3213196819397375, 2.2149826999566735, 1.475699888051333, 1.4686947098965082, 0.2107365847202965, 0.1579041589905036, -0.26700279458568177, -0.7296719471108194, -0.8970714082239251, -1.1187468483199816, -1.1209994288941638, 2.1310983548424187, 1.3089729983736087, 1.2378532092641246, 0.5468736394694664, -0.20545964107406006, -0.21436111967202498, -0.5839542219517164, -0.971347584240222, -1.0254377367457481, -0.9637812182760097, 1.424326929688949, 1.182774368611892, 1.046865968639078, 0.8686387754682551, -0.15182927928897316, -0.11012248967671658, -0.5519562045803675, -0.9428086891426805, -0.8198502606210787, -1.1057764066508087, 2.2414432089008507, 1.2556718834426863, 1.2469215882117086, 0.40557981290974976, 0.3695586340475263, -0.47469345575799726, -0.4884500467672797, -0.8973534192415137, -0.9640659728399135, -1.329459504193654, 2.0535892866276755, 1.283095553425682, 1.1847331782863957, 0.6766526113401228, -0.20256351840774695, -0.2163999237971236, -0.31111713867210883, -0.8537062122566109, -0.9442987340742647, -1.089341197798854, 1.6815503178232667, 1.516969061015987, 0.2850039836283098, 0.2061496013707149, -0.3527406824511214, -0.5785567638803033, -0.7293329230188208, -1.0983260240444466, -1.1093173383202888, -1.2379654086437322, 1.0249110506521937, 1.1395091998355535, 0.16052813284982625, 0.31296799100270933, -0.2721872065935372, -0.7184292573358156, -0.5418457204330751, -0.7486451938665661, -0.7790768484031806, -0.9967164122541077], "bean_num": 0.5, "model_info": {"det_num_x": 10, "det_num_y": 10, "det_y": 0.03, "det_x": 0.03, "size_x": 0.5, "size_y": 0.5, "med_margin": 0.0015}}