{"source": [477.92165381690853, -735.9348101609803], "intensity": 100, "miu_detector": 0.3, "miu_medium": 1.2, "miu_air": 0.00018, "output": [0.0, 0.0, 0.0, 0.0, 0.0, 0.0, 0.0, 0.0, 0.0, 0.0, 0.0, 0.0, 0.0, 0.33333333333333665, 0.6666666666666634, 0.0, 0.0, 0.0, 0.0, 0.0, 0.0, 0.0, 0.0, 0.0, 0.0, 0.0, 0.0, 0.0, 0.0, 0.0, 0.0, 0.0, 0.0, 0.0, 0.0, 0.0, 0.0, 0.0, 0.0, 0.0], "miu_de": 0.5, "input": [-0.586236055057405, -0.24888816657153104, -0.41567978806001316, -0.09171927211270482, -0.025890244130867636, 0.008585545326866367, 0.19701504574986822, 0.4827545160541668, 1.1023150006866158, 1.2726814375483926, -1.2384937650924166, -0.9748187744032235, -0.9894055541484226, -0.9042782600017203, -0.5554230021386891, -0.32047201518843654, 0.3434330861538461, 0.7672584654100116, 1.4433992972142402, 1.7564597403780826, -1.3649191608698044, -0.9611284986116555, -0.8421282455951821, -0.7494046910034018, -0.4045175738039404, -0.17476067307269352, 0.2647123210240697, 0.7069250354142225, 1.8143368396270019, 2.085395678769407, -1.1857050806829788, -1.0961425254680994, -0.850520733788881, -0.838979888195022, -0.2688434534934014, 0.15191513355931105, 0.3656421153400103, 1.1106900226005147, 1.6189849479302583, 2.2470177268494775, -1.130410606744237, -1.0661904702758793, -0.7494539455954753, -0.7078893121880634, -0.46480112517462213, 0.11753055843499731, 0.7131031289677197, 0.9358277546441707, 1.7682303256998937, 1.8943672618592937, -1.146537110390458, -0.9816690406929988, -0.9929286360208782, -0.46290187424567397, -0.24364168510069992, -0.03785240279463715, 0.04125499543322976, 0.8508588253941602, 1.2873620602680076, 1.5037580847369172, -1.2655479329680908, -0.9906164425965518, -0.9348958212286039, -0.6695863370981999, -0.35558275858682703, 0.3634580532568946, 0.4687989865268568, 0.8359870522057339, 1.6575746990192615, 1.8563638039069825, -1.3076411820606038, -1.1997711851809982, -0.8814552940030597, -0.6690308544314347, -0.36671507680317167, -0.2198289206516478, 0.4600882634570497, 0.7592260412894948, 1.2653658624871682, 1.7571526220915292, -1.3627241531324783, -1.1549566856563167, -1.0113998741114905, -0.7267010181681723, -0.3899163734800143, 0.12268769827367114, 0.06658082793943616, 0.4494427841111333, 1.485184170466011, 1.7028707454366712, -1.3759134822013666, -1.2806024680712387, -1.114286078938638, -0.8371680497040792, -0.7367108396980143, -0.23413510727663484, -0.24946434981596935, 0.15644970127355054, 0.8286789028050174, 1.3195567509565156], "bean_num": 0.5, "model_info": {"det_num_x": 10, "det_num_y": 10, "det_y": 0.03, "det_x": 0.03, "size_x": 0.5, "size_y": 0.5, "med_margin": 0.0015}}