{"source": [-888.3925120693132, 15.50694897991212], "intensity": 100, "miu_detector": 0.3, "miu_medium": 1.2, "miu_air": 0.00018, "output": [0.8888888888888902, 0.0, 0.0, 0.0, 0.0, 0.0, 0.0, 0.0, 0.0, 0.0, 0.0, 0.0, 0.0, 0.0, 0.0, 0.0, 0.0, 0.0, 0.0, 0.0, 0.0, 0.0, 0.0, 0.0, 0.0, 0.0, 0.0, 0.0, 0.0, 0.0, 0.0, 0.0, 0.0, 0.0, 0.0, 0.0, 0.0, 0.0, 0.0, 0.11111111111110986], "miu_de": 0.5, "input": [1.537911350593605, 1.6768357595685655, 1.9646594925352445, 2.189177321614468, 2.495463388057949, 2.0313280787440333, 1.8272370584879278, 1.8180778971573002, 1.7976186201755426, 1.3048509856510813, 0.9877918534465167, 1.520232698387298, 1.1427218217409918, 1.4442304940168393, 1.5534771448604803, 1.4341299668426788, 1.8847616362258939, 1.3851480821635587, 1.4165860031955804, 0.9129171381452129, 0.3377790394346007, 0.402117411182087, 0.7346478372450461, 0.9536964412276625, 0.7164996709599644, 0.5470804056975946, 0.7717349175244707, 0.852911585063102, 1.0036574167571046, 0.5916420274012174, -0.3161014176991207, -0.1902233864230479, 0.48751578251098093, 0.5660293736407999, 0.5286581324887535, 0.4367013220690804, 0.15685525747016818, 0.46854581580001425, 0.37363041928996465, -0.09064863785526248, -0.443981292002134, -0.021773850152507268, -0.1149749370275138, 0.16439329873976, 0.3413547039590823, 0.02561280226348646, 0.10013507676623364, -0.15117942731261785, -0.2187118725030599, -0.5387650252636331, -0.48303376480173416, -0.49271898810658976, -0.3374083745436415, -0.3099203096945059, -0.2522195530698798, -0.33637001944980316, -0.4304730556121618, -0.50685409017311, -0.37214356460254416, -0.4480728547755688, -1.0391301114541367, -0.7145300905088842, -0.7953245644466856, -0.6187630970019504, -0.4316813348872442, -0.5005279192725646, -0.5840844273627047, -0.5726671151859539, -0.6361595936872038, -0.9054417712029262, -1.0545049778803617, -0.9804338430190984, -0.6762009015686853, -0.740249128152589, -0.8334134942609852, -0.9418368865458892, -0.8329283758579589, -0.9507494158144996, -0.939892849872683, -0.9607182826017225, -1.1500102772268959, -0.9196351190345035, -0.9787202253432382, -0.8144323652052592, -1.026050898641811, -0.954009027064701, -0.7894979299527034, -1.0602599471684346, -1.1843114704703974, -1.0051238346564164, -1.209839554998676, -1.111978127128315, -1.0661187494853244, -1.009845837696416, -1.2173678249837514, -1.0510013984138573, -0.9842196352975748, -1.2926029009266087, -1.1779331057791491, -1.118584697974787], "bean_num": 0.5, "model_info": {"det_num_x": 10, "det_num_y": 10, "det_y": 0.03, "det_x": 0.03, "size_x": 0.5, "size_y": 0.5, "med_margin": 0.0015}}