{"source": [-253.41956350956366, -883.7790461351119], "intensity": 100, "miu_detector": 0.3, "miu_medium": 1.2, "miu_air": 0.00018, "output": [0.0, 0.0, 0.0, 0.0, 0.0, 0.0, 0.0, 0.0, 0.777777777777776, 0.22222222222222396, 0.0, 0.0, 0.0, 0.0, 0.0, 0.0, 0.0, 0.0, 0.0, 0.0, 0.0, 0.0, 0.0, 0.0, 0.0, 0.0, 0.0, 0.0, 0.0, 0.0, 0.0, 0.0, 0.0, 0.0, 0.0, 0.0, 0.0, 0.0, 0.0, 0.0], "miu_de": 0.5, "input": [-1.612208666892803, -1.4924358757198735, -1.385202086410705, -1.3753611132771955, -1.0931511891065429, -0.9507632127901506, -0.7069193722695709, -0.2848530903426961, 0.3765845435855438, 1.2353870669836673, -1.522232181069161, -1.4351411866941828, -1.3824335503508853, -1.1907732541690506, -1.1369712888920698, -0.6889412350086185, -0.451118691492271, 0.16251373076770564, 0.9456992445639081, 1.4738458293698815, -1.4606212787936075, -1.2685245933810771, -1.284130512025303, -1.1272058131108755, -0.9891123569236029, -0.5209700541476139, -0.30724284741139785, 0.23537462024572975, 0.9708847420202209, 1.6680207844762265, -1.323323725300961, -1.2269365170017854, -1.0783007510633242, -1.0693722544863842, -0.828963033206604, -0.5000425351212934, -0.27282085765870656, 0.277299103008798, 1.0704016013966569, 1.4148551175862236, -1.227673019225195, -1.0864617120026256, -1.0430408050972844, -0.8626572239852467, -0.9131735313430206, -0.5310589301964113, -0.052285179727515174, 0.19785505118773683, 0.9107941559158547, 1.6650482533659408, -1.0492824712959037, -0.9710505359935222, -0.7739455146350163, -0.6606787856867364, -0.7396019338313816, -0.5381144881723211, -0.2681150922437382, 0.4220570162494953, 0.6569863116387276, 1.4498104655960327, -0.640234307631949, -0.5044302999583787, -0.4147508483473945, -0.37109879231676596, -0.36834944153511867, -0.17630539894494798, -0.3171514481690644, 0.2599469990020802, 0.7719300829484221, 1.672558425175845, -0.46838459535818133, 0.12389412560071485, -0.0390883546192186, 0.19547294505161664, 0.12809113240033548, 0.21881385023328132, 0.12968500949061962, 0.33934428906002634, 0.8603883244666759, 1.3910806984566644, 0.28105683564039313, 0.706005907697973, 0.806697282048873, 0.7592212443029074, 0.9021958398087936, 0.9807593510786817, 0.7607503058128939, 0.8599640347760061, 0.9744608130205007, 1.673566253305378, 1.0614383652266453, 1.4493328016410645, 1.4892674746705628, 1.5530980989666041, 1.73846357428058, 1.2764694282545712, 1.576753964106112, 1.3383057615956697, 1.5012741182051381, 1.069300860151245], "bean_num": 0.5, "model_info": {"det_num_x": 10, "det_num_y": 10, "det_y": 0.03, "det_x": 0.03, "size_x": 0.5, "size_y": 0.5, "med_margin": 0.0015}}