{"source": [-719.3728914298551, 582.5366813932225], "intensity": 100, "miu_detector": 0.3, "miu_medium": 1.2, "miu_air": 0.00018, "output": [0.0, 0.0, 0.0, 0.0, 0.0, 0.0, 0.0, 0.0, 0.0, 0.0, 0.0, 0.0, 0.0, 0.0, 0.0, 0.0, 0.0, 0.0, 0.0, 0.0, 0.0, 0.0, 0.0, 0.0, 0.0, 0.0, 0.0, 0.0, 0.0, 0.0, 0.0, 0.0, 0.0, 0.0, 0.0, 0.3333333333333352, 0.6666666666666647, 0.0, 0.0, 0.0], "miu_de": 0.5, "input": [1.657324875029694, 0.9025809832126581, 0.8542336387702799, 0.555197260434527, 0.8421831978380174, 0.7096883590851948, 1.2908668288342675, 0.4998027351868672, 0.652720523886326, 0.3213774943778775, 1.6449604333703751, 1.0170821066763929, 0.7487764250368446, 0.3705267197149511, -0.17383709675746362, 0.011277270330591938, -0.08986030895836185, -0.5160388001917082, -0.37875961178747997, -0.7092016332132579, 1.5283467871299656, 1.059135659765738, 0.6943948836274894, 0.21620122728500854, -0.09691159820297192, -0.37920507913826157, -0.7680624782281326, -0.677140926791218, -0.8890042117587206, -1.2284327344191808, 1.7499248881737566, 1.2109497637514477, 0.6561556904072826, 0.5460586601408031, -0.16606080544147564, -0.5568202207564602, -0.6268826248173651, -0.8975204808912742, -1.2013117481085096, -1.1372173908015752, 1.8732040062584867, 1.1904054945483094, 0.6901480502250119, 0.3636427812365267, -0.18153423666833904, -0.7510914553838701, -0.81780387043275, -0.9117598748697338, -1.0462983272153057, -1.2296768878046838, 1.8000261506676762, 1.5251333585163707, 0.6731783881792386, 0.4298074001843767, -0.46151755042036613, -0.6499958753115058, -0.9215441310081047, -0.9922360540004421, -1.2640649381009335, -1.2202616298333708, 1.9905774976417183, 1.5582642850280193, 1.1182481717299004, 0.4005969353002047, -0.07339873330889965, -0.587824345524174, -0.7305760625236426, -1.1051380170659872, -0.9668892231763584, -1.316859196061012, 2.152333623959874, 1.571445345515634, 0.560533553180626, -0.04782830760361012, -0.3218457362522828, -0.5756428577616558, -0.7267950056961812, -1.1067492395095524, -1.1600910168199727, -1.4711199540115059, 1.6843757688002323, 1.0227413262734835, 0.6323254092169199, -0.045794615219699915, -0.45111616188180714, -0.797701993557204, -0.8889897284623358, -1.2376736735409901, -1.2128939316090273, -1.2909519362693533, 1.6553343333696882, 0.9512830242142019, -0.016779924896080566, -0.15554191834527606, -0.4278712254567047, -0.8673625725433, -1.1220386794867931, -1.2012930824771377, -1.307186429325594, -1.429365166413913], "bean_num": 0.5, "model_info": {"det_num_x": 10, "det_num_y": 10, "det_y": 0.03, "det_x": 0.03, "size_x": 0.5, "size_y": 0.5, "med_margin": 0.0015}}