{"source": [944.7099914879149, -166.57786044418458], "intensity": 100, "miu_detector": 0.3, "miu_medium": 1.2, "miu_air": 0.00018, "output": [0.0, 0.0, 0.0, 0.0, 0.0, 0.0, 0.0, 0.0, 0.0, 0.0, 0.0, 0.0, 0.0, 0.0, 0.0, 0.0, 0.0, 0.0, 0.1111111111111171, 0.888888888888883, 0.0, 0.0, 0.0, 0.0, 0.0, 0.0, 0.0, 0.0, 0.0, 0.0, 0.0, 0.0, 0.0, 0.0, 0.0, 0.0, 0.0, 0.0, 0.0, 0.0], "miu_de": 0.5, "input": [1.4899503553617721, 1.0399332364910385, 0.9842251036188016, 1.0567993864829823, 1.41565132018684, 1.1996488982839995, 0.7324631815863846, 0.8112869365135347, 1.0799447291850461, 0.6337424742700185, 1.5440993544635315, 1.2262374773626075, 0.7201657238044311, 0.10689619055469375, 0.09760963685371199, 0.07139115379131071, -0.2800274758536951, -0.01778950439402226, -0.25787986458061657, -0.3326110074297635, 1.8512229135087308, 1.6217200872885316, 0.8167267523933801, -0.03221174749384618, -0.13292682521121196, -0.26685424507072614, -0.5492149467789861, -0.42806501058264373, -0.7540988297730852, -1.0805123707747029, 1.6766331595333048, 1.4484503062606577, 0.9089660035108535, 0.4196781467695668, -0.07224014830298832, -0.8044746542850824, -0.789635942214566, -0.9642892154269755, -1.1076246377370602, -1.227959005148659, 1.8612440635846796, 1.3001460890645595, 0.5793410268872302, 0.36823973095365536, -0.1653130886474226, -0.6014982402054613, -0.8702176435393697, -0.9772078154595056, -1.0772794145736924, -1.2925502435257465, 1.6501988791511815, 0.9046049107893642, 0.8225710936949107, 0.1059821373377064, -0.1407065251351184, -0.5878733068643176, -0.8937320368351858, -1.0842998327443376, -1.1368236442803905, -1.406019299165831, 1.7046716773327404, 1.5924376896991044, 0.854190674500632, -0.005547928480626231, -0.1683173845839972, -0.581967354789267, -0.8969437487554056, -1.0550804545056818, -1.0144571238816342, -1.305788115543654, 1.634630843521352, 1.4360452619601363, 0.5699550997507291, -0.23572745165971645, -0.18186731453224048, -0.716579014881874, -0.8966402684026329, -1.0924766705505906, -1.2485055776983294, -1.365175640218484, 1.6990355403104298, 1.2078723252767056, 0.4528059868353843, -0.0776655695274729, -0.43178034112793634, -0.7469674696252886, -1.0021764638959887, -1.1008366396486087, -1.2878972349356699, -1.466292876721421, 1.02716415139673, 0.5814970846346235, 0.19299364304787564, -0.3793339509984921, -0.8527213301476614, -0.9517773955435405, -1.04135802838064, -1.2507095127205183, -1.2918858796530674, -1.5206571743599857], "bean_num": 0.5, "model_info": {"det_num_x": 10, "det_num_y": 10, "det_y": 0.03, "det_x": 0.03, "size_x": 0.5, "size_y": 0.5, "med_margin": 0.0015}}