{"source": [932.9240864831324, 232.6040992871382], "intensity": 100, "miu_detector": 0.3, "miu_medium": 1.2, "miu_air": 0.00018, "output": [0.0, 0.0, 0.0, 0.0, 0.0, 0.0, 0.0, 0.0, 0.0, 0.0, 0.0, 0.0, 0.0, 0.0, 0.0, 0.0, 0.0, 0.0, 0.0, 0.0, 0.0, 0.4444444444444442, 0.5555555555555558, 0.0, 0.0, 0.0, 0.0, 0.0, 0.0, 0.0, 0.0, 0.0, 0.0, 0.0, 0.0, 0.0, 0.0, 0.0, 0.0, 0.0], "miu_de": 0.5, "input": [-1.2469515292003304, -1.4283377525899235, -1.3087416429984384, -1.309051567791225, -1.2786576915908592, -1.1145579070804585, -1.2603641611656966, -1.1423999703272687, -0.7851762051275547, -0.021535964628794244, -1.0386453483469487, -1.0425088931484596, -1.00115133315886, -1.1434712962197233, -1.031773764546065, -1.0950159338408834, -0.9230138891959403, -0.8587828186663297, -0.7829422897510412, 0.12525385625863317, -1.292414154417473, -0.9397638762357766, -1.000561987057168, -0.9240972148734294, -0.9252547588135533, -0.9143845094854269, -0.774128120364103, -1.0639150807592452, -0.6551387713113593, 0.16375583473499755, -0.929100686200154, -1.0057830596157757, -0.7755244240425895, -0.6937098113638548, -0.6963263487955172, -0.6967449976814262, -0.7389547284634218, -0.5437333429490089, -0.697042290140607, 0.18578376828837853, -0.9013126083867837, -0.5159874987983076, -0.5517754117633251, -0.4280771383005669, -0.48279987571339983, -0.7526438401695552, -0.43208120171487346, -0.6051756978988673, -0.356830119241077, 0.912215109717759, -0.5567612097841259, -0.2878225586236484, -0.2878628169934591, -0.08715211521965124, -0.24311050088611003, 0.1588239805388139, -0.10877650969819323, -0.18646647274292683, -0.22272218410714276, 0.5510143708517738, -0.2309343819402963, 0.22234872409223735, 0.3137304490498519, 0.13945381834712708, 0.07355904167124179, 0.5092149448250064, 0.384548096319859, 0.101510528062452, -0.03226899756537436, 0.6011968413455687, 0.32108138615037424, 0.7899629301939067, 0.6625855089920739, 0.8526127424677384, 0.7702426040522058, 0.36290842420203356, 0.5013291479467362, 0.481604516667812, 0.546706723345714, 0.4758380588640726, 0.5430868529496039, 1.6454834709521675, 1.7274626003865967, 1.7796539501639352, 1.436498590924943, 1.755105213762496, 1.360405774148643, 1.7763805946094182, 1.2548743589614315, 1.1365465639398586, 1.750299370744299, 1.797863611034846, 2.4880304849253223, 1.848595028857981, 1.7635571398332486, 1.8990910725664245, 1.4447367038862438, 1.5225374961133675, 1.9384005513094034, 1.274328424435731], "bean_num": 0.5, "model_info": {"det_num_x": 10, "det_num_y": 10, "det_y": 0.03, "det_x": 0.03, "size_x": 0.5, "size_y": 0.5, "med_margin": 0.0015}}