{"source": [696.0682643479842, 672.1853093802912], "intensity": 100, "miu_detector": 0.3, "miu_medium": 1.2, "miu_air": 0.00018, "output": [0.0, 0.0, 0.0, 0.0, 0.0, 0.0, 0.0, 0.0, 0.0, 0.0, 0.0, 0.0, 0.0, 0.0, 0.0, 0.0, 0.0, 0.0, 0.0, 0.0, 0.0, 0.0, 0.0, 0.0, 0.11111111111111198, 0.8888888888888881, 0.0, 0.0, 0.0, 0.0, 0.0, 0.0, 0.0, 0.0, 0.0, 0.0, 0.0, 0.0, 0.0, 0.0], "miu_de": 0.5, "input": [1.188505606221469, 0.6147830738909544, 0.23696571511787218, -0.004697132715855827, -0.7124730534763688, -0.7986147660474933, -1.1019176704849714, -1.2919028141482776, -1.1978311033785385, -1.425738027563088, 2.1619383072716225, 1.6226573272635192, 0.6923974614894978, 0.01064187768633476, -0.002580939083919406, -0.7533700883767501, -0.7579305277607667, -0.8721189245906289, -1.0392954269101602, -1.3600098534644138, 2.4340091266287147, 1.5750729447523963, 0.7844640322164916, 0.30967740966244567, -0.4968989798101268, -0.6712839630603105, -0.8959549014281174, -0.8806151145381681, -1.0045641371747158, -1.289022653078628, 2.183068049872293, 1.7276700847679425, 0.7071353089178049, -0.042212002546129744, -0.09421663996505744, -0.47719118017069434, -0.6335619302188386, -1.0293414241126564, -1.1939134960466018, -1.2710457855745476, 1.4655804167836306, 1.39731024975338, 1.0345970978113392, 0.5144749569977678, -0.1471035643488444, -0.21974315358909394, -0.701323379038139, -0.9541246905111556, -1.2545496415051693, -1.370406429829304, 1.667231188010022, 1.0844066993169708, 0.6947647834580921, 0.4416114608582736, -0.14203209679716183, -0.4196936692651299, -0.8243417673101963, -0.9008278452570145, -1.159259714269542, -1.3527880848358338, 1.1779985541428435, 1.4035228879084998, 0.6468756734745296, 0.16589317380937302, -0.026251815725697826, -0.6656710913394326, -0.709533942393757, -0.8085726543853025, -1.2367738941653057, -1.315736328000755, 1.8851096318688156, 1.33187663700721, 0.41748327250088163, 0.19797404718276043, -0.23637715623438801, -0.3495252925026671, -0.7276774216941246, -0.7115887902833311, -1.1824969604379028, -1.0872419944984035, 1.969329030211417, 1.5385731534671823, 0.5710200100124913, 0.2751839182411374, 0.09807303436196581, -0.18329788103618813, -0.4087876330531002, -0.4359140545092825, -0.831871126759393, -0.6831041588286273, 1.1415654440301242, 1.0425704141477072, 0.6810847243284597, 0.6361756383771976, 0.5862747634750846, 0.20509449074399336, 0.40008979995120625, 0.9515931637051701, 0.4615512602639196, 0.011042866169256595], "bean_num": 0.5, "model_info": {"det_num_x": 10, "det_num_y": 10, "det_y": 0.03, "det_x": 0.03, "size_x": 0.5, "size_y": 0.5, "med_margin": 0.0015}}