{"source": [-888.8445065120835, -395.73907107808907], "intensity": 100, "miu_detector": 0.3, "miu_medium": 1.2, "miu_air": 0.00018, "output": [0.0, 0.0, 0.33333333333333803, 0.666666666666662, 0.0, 0.0, 0.0, 0.0, 0.0, 0.0, 0.0, 0.0, 0.0, 0.0, 0.0, 0.0, 0.0, 0.0, 0.0, 0.0, 0.0, 0.0, 0.0, 0.0, 0.0, 0.0, 0.0, 0.0, 0.0, 0.0, 0.0, 0.0, 0.0, 0.0, 0.0, 0.0, 0.0, 0.0, 0.0, 0.0], "miu_de": 0.5, "input": [1.4419912821579433, 1.6956943086484697, 2.016144062256701, 1.546763563019681, 1.5163273041083332, 1.6657076164715223, 1.4885373534671917, 1.668059240918855, 1.4507705753671658, 2.0709289376417965, 1.0134843446806137, 1.2304547539978772, 1.5471722622418054, 1.1496153066268544, 1.5666475404997255, 1.228278049482442, 0.94695614135477, 1.1568859097491884, 1.1809400619033998, 0.6248555130093125, 1.3019306854152597, 0.595622702935276, 0.6575624675661403, 0.6364882105418984, 0.9738187465007353, 0.7460523841352901, 0.5512307085870182, 0.7705663870712225, 0.1982334260349428, 0.5845777518815228, 0.7987829728540485, 0.06804467453985416, 0.9697094851933844, -0.03607668886066483, -0.01506287129404502, -0.051285269333191816, 0.19072254562622704, 0.2342434600262966, -0.08808593695306627, -0.003563502232022606, 1.005160427110841, 0.2093004943663046, -0.15312507989775545, 0.038802753077586405, -0.3917088021130603, -0.41775989608680814, -0.29422201973134793, -0.4350012045051544, -0.5498797453229946, -0.8501244504917803, 0.8992565265417891, -0.05842243962618454, -0.37713005742488964, -0.5033198038020003, -0.09914888449201943, -0.6816765372266937, -0.6741065839894215, -0.6329733717851609, -0.6700139056879196, -1.0752461052574342, 1.0299755440960634, 0.395007090466006, -0.5184247305949752, -0.5845050638239513, -0.6091045390032573, -0.8935389385582114, -0.7846006306175956, -0.8866139085158576, -0.9301237280284799, -1.1918569595583008, 0.8965457625766802, -0.0025630791273019873, -0.5492588080128535, -0.9791911031608279, -1.0964007157983309, -0.9479661571398774, -1.1893744856389386, -0.8831127673664279, -1.0775098419677474, -1.3659319546549327, 0.7984863954808884, -0.08546029371733242, -0.9268380154223014, -0.9203978584454447, -1.1267063429876572, -1.3167321564050487, -1.1685622063046583, -1.3445595788657891, -1.2749044971854933, -1.4064241302297702, 0.580922049231459, -0.2916115703486938, -1.138251620493963, -1.3942021014417503, -1.2427630633490352, -1.3984548557383452, -1.3576038051913575, -1.5055503756055943, -1.332314157173723, -1.5579105828729338], "bean_num": 0.5, "model_info": {"det_num_x": 10, "det_num_y": 10, "det_y": 0.03, "det_x": 0.03, "size_x": 0.5, "size_y": 0.5, "med_margin": 0.0015}}