{"source": [-828.4354249795583, -537.9922554555318], "intensity": 100, "miu_detector": 0.3, "miu_medium": 1.2, "miu_air": 0.00018, "output": [0.0, 0.0, 0.0, 0.3333333333333352, 0.6666666666666647, 0.0, 0.0, 0.0, 0.0, 0.0, 0.0, 0.0, 0.0, 0.0, 0.0, 0.0, 0.0, 0.0, 0.0, 0.0, 0.0, 0.0, 0.0, 0.0, 0.0, 0.0, 0.0, 0.0, 0.0, 0.0, 0.0, 0.0, 0.0, 0.0, 0.0, 0.0, 0.0, 0.0, 0.0, 0.0], "miu_de": 0.5, "input": [1.267938208725434, 1.0580098488291032, 0.3088938804708276, -0.19195391306934848, -0.4901912683222228, -0.7487531192639615, -0.9355156135933825, -1.1899178845950562, -1.2884195279662574, -1.3621808223517649, 1.910393980021135, 1.1922466582214455, 0.6427214746132055, 0.2357664022352936, -0.20174028733503993, -0.5621767474609631, -0.7544650024757535, -0.9938294790674856, -1.0517167598251194, -1.2265114620850697, 1.976641870131766, 1.4122624066608847, 0.8763041524401773, 0.49291224352074686, -0.05497536271345993, -0.38707527684247195, -0.6227546457428593, -0.8921242841740733, -1.0802335099736353, -1.2175614221260225, 2.057187907294693, 1.837797854201483, 0.851478825742524, 0.5179871089293622, -0.03276203431824403, -0.40489208431749196, -0.6454280491357579, -0.8299670774431085, -1.087406450530426, -1.278486312088874, 1.920847236270761, 1.6431158543502296, 0.8103037831015928, 0.4458433786031027, -0.17346382343850586, -0.3156489302179512, -0.6993986593886696, -1.0065972100859655, -1.0611690295810217, -1.256769499167664, 1.9037162573417274, 1.4717185688391674, 0.9081223027388519, 0.27339527072212294, -0.016485975399056274, -0.41190212637735, -0.7670964248231181, -0.9303410147429633, -1.0577331037605693, -1.2262339179134571, 1.8485521577080837, 1.542269632846042, 0.8877444501106362, 0.3422700749696674, 0.14070326131657013, -0.3710385224462281, -0.6988186081139702, -0.9397639886766979, -1.1246633788689204, -1.266143345063082, 1.7499860783016408, 1.336237261231093, 0.7208094687323527, 0.4095515708286843, 0.004905908905411792, -0.42266425723749323, -0.7093007018913029, -0.9682044980488472, -1.0866939292512894, -1.2072573707232748, 1.717855958174878, 1.1888033763979995, 0.62890554081232, 0.4552950750236348, -0.09307976294444978, -0.45935725871189853, -0.782105340464836, -0.9225241059193697, -1.015296446564649, -1.141450061325827, 1.5405134417635293, 1.124964264718194, 0.4458690663548244, 0.5159725843202553, 0.11044588608411322, -0.016734464787068103, -0.05855936646392928, -0.16429487984250754, -0.3918002433852558, -0.4336318901605345], "bean_num": 0.5, "model_info": {"det_num_x": 10, "det_num_y": 10, "det_y": 0.03, "det_x": 0.03, "size_x": 0.5, "size_y": 0.5, "med_margin": 0.0015}}