{"source": [-926.0051981249079, 355.4600918159967], "intensity": 100, "miu_detector": 0.3, "miu_medium": 1.2, "miu_air": 0.00018, "output": [0.0, 0.0, 0.0, 0.0, 0.0, 0.0, 0.0, 0.0, 0.0, 0.0, 0.0, 0.0, 0.0, 0.0, 0.0, 0.0, 0.0, 0.0, 0.0, 0.0, 0.0, 0.0, 0.0, 0.0, 0.0, 0.0, 0.0, 0.0, 0.0, 0.0, 0.0, 0.0, 0.0, 0.0, 0.0, 0.0, 0.0, 0.33333333333333237, 0.6666666666666676, 0.0], "miu_de": 0.5, "input": [0.2875212866627704, -0.7299299497970061, -1.1740616916315516, -1.1527807841482909, -1.2262374341344984, -1.3095427939016802, -1.3213363696632396, -1.2882346931448587, -1.2466394381259114, -1.399405244529137, 0.28380876420874895, -0.4941311995212871, -1.05812267689722, -1.0601989728369186, -1.1269206810408174, -1.096935800282465, -1.1974593894224, -1.1362833444034777, -1.1858982776617322, -1.2930277406227493, 0.28205040820453275, -0.47220138066902256, -1.0436591719946824, -0.9377785057250899, -0.9979174138329875, -0.818655167688907, -0.9771522547466082, -0.9680559270715793, -1.031904998828737, -1.03707409625998, 0.34623181498145245, -0.36077519024750626, -0.875931035051806, -0.7942094734148647, -0.7158692986990471, -0.656658995090911, -0.819907659486086, -0.7495106258719146, -0.8100712079508765, -1.007426709261149, 0.6035754281435068, -0.28506734581415066, -0.46837444944081297, -0.4334725540206276, -0.5546483972029521, -0.5807698276176424, -0.6096253154876206, -0.4955446552716545, -0.6694300356005602, -0.7894273787484346, 0.3445235866115377, 0.009924084173164604, -0.14752844378012528, -0.38374377464621023, -0.2195778189653227, -0.07669750377181601, -0.2430896584657001, -0.20983292201694848, -0.26332196276522507, -0.534594402448343, 0.6101603448963299, 0.4843221299496275, 0.25649914296268517, 0.32231555220348573, 0.39321760312998305, 0.21197092112265858, 0.10093049284938493, 0.11428829379588631, 0.017775843914183197, -0.3642258208625298, 0.6201523127062973, 0.5508623438386623, 0.68718439272026, 0.7768816640940512, 0.7907575365979344, 0.8000587648312838, 0.987814383137727, 0.6845956495526162, 0.7777609715820633, 0.10153138916177264, 0.7177930032633685, 1.1598868366618136, 1.4460393087965413, 1.3736487574079974, 1.4387613407516642, 1.444429653224889, 1.4848818634045626, 1.4758665760351377, 1.4847194359162856, 0.9846180927238676, 1.5845622084886852, 1.6173250219683373, 1.789033244969162, 1.7628250136083539, 1.9697704618578513, 2.307090068251693, 1.9528217359616311, 1.897771013717462, 1.9714188097879217, 1.5909003077538582], "bean_num": 0.5, "model_info": {"det_num_x": 10, "det_num_y": 10, "det_y": 0.03, "det_x": 0.03, "size_x": 0.5, "size_y": 0.5, "med_margin": 0.0015}}