{"source": [995.2439135733616, 52.15852335534287], "intensity": 100, "miu_detector": 0.3, "miu_medium": 1.2, "miu_air": 0.00018, "output": [0.0, 0.0, 0.0, 0.0, 0.0, 0.0, 0.0, 0.0, 0.0, 0.0, 0.0, 0.0, 0.0, 0.0, 0.0, 0.0, 0.0, 0.0, 0.0, 0.0, 0.6666666666666666, 0.33333333333333337, 0.0, 0.0, 0.0, 0.0, 0.0, 0.0, 0.0, 0.0, 0.0, 0.0, 0.0, 0.0, 0.0, 0.0, 0.0, 0.0, 0.0, 0.0], "miu_de": 0.5, "input": [1.5854931902832956, 2.044923382101183, 1.8531538938087546, 1.6503022752091656, 2.2140008619967726, 1.6845816242085714, 2.055284752895193, 1.8988534673012225, 2.055357726801494, 1.505619357018682, 1.1763923887522914, 1.2118633110382466, 1.372494184639367, 1.210861731845908, 1.5019122644084526, 1.232771092790018, 1.678233174522333, 1.6155254734913282, 0.9504739758970133, 0.9310677439309833, 0.39336607135048485, 0.6847010279902808, 1.0043735031494132, 1.321205080236767, 1.1750610808259156, 0.7591251008235832, 0.6652966178478047, 0.9928120186240116, 0.6632287300871197, 0.3028547100716215, -0.09642403230986837, 0.27794996150197887, 0.6184072366888842, 0.5664708994745433, 0.29565981957840626, 0.5350518601259407, 0.7007417922947744, 0.3266206123247899, 0.03471880560450172, -0.18974124786176513, -0.3263161698170572, -0.1883510853684612, -0.040277590855748016, 0.03360302167886375, 0.12526729517990542, 0.14560522888115843, 0.09529089424663281, -0.08660954321030657, -0.21416388903903819, -0.5001331402717595, -0.7464646727713256, -0.6218430987456924, -0.30636650813213384, -0.30858769212705345, 0.04276700307946736, -0.5025183857114067, -0.30168295955515, -0.34304361664049104, -0.4559254664553527, -0.8387056997977529, -0.8842197347845724, -0.796423566774583, -0.6722783956553895, -0.6599595692672444, -0.44536325128372817, -0.7296682185932428, -0.6515378189438671, -0.6112299247625229, -0.716842874565185, -0.9085039463573474, -0.9408311847033065, -0.9421682570718735, -0.9216316450700062, -0.9111530495923903, -0.8480141327832355, -0.8557055501567645, -0.687155130997231, -0.8173760693679638, -0.901850486025253, -1.0245541617253517, -1.0025877835934767, -1.06939764248506, -0.9517285583717893, -0.9692346253184771, -0.790932705525973, -1.0376062818680971, -0.810114005002914, -0.910125361252318, -1.2039793019248162, -1.1860894809664404, -1.15371709747731, -1.147594131165998, -1.1583088971687296, -1.0899521491962783, -1.1063584547825078, -1.0791623515584543, -1.1059247139535662, -1.0829849711404569, -1.1524196738682857, -1.1875042908347575], "bean_num": 0.5, "model_info": {"det_num_x": 10, "det_num_y": 10, "det_y": 0.03, "det_x": 0.03, "size_x": 0.5, "size_y": 0.5, "med_margin": 0.0015}}