{"source": [-74.45860471773526, -72.8639218844949], "intensity": 100, "miu_detector": 0.3, "miu_medium": 1.2, "miu_air": 0.00018, "output": [0.0, 0.0, 0.0, 0.0, 0.0689077901708272, 0.9310922098291728, 0.0, 0.0, 0.0, 0.0, 0.0, 0.0, 0.0, 0.0, 0.0, 0.0, 0.0, 0.0, 0.0, 0.0, 0.0, 0.0, 0.0, 0.0, 0.0, 0.0, 0.0, 0.0, 0.0, 0.0, 0.0, 0.0, 0.0, 0.0, 0.0, 0.0, 0.0, 0.0, 0.0, 0.0], "miu_de": 0.5, "input": [-1.0680025335619892, -1.0287627882829886, -0.9624962384043442, -0.8034188626151973, -0.725513651771667, -0.4904730807127859, -0.13402386926043028, 0.34393760530103135, 0.9301799175578465, 1.72348637486093, -1.0243107648550909, -0.9691335308179784, -0.9282593145843915, -0.7871850418184213, -0.6024125326640385, -0.27910391193513856, 0.10763839019542724, 0.6482259215114252, 1.4198140861418118, 2.1243469425417385, -1.0203326880203387, -0.9321418921037444, -0.8433548446393894, -0.7209651118820003, -0.5120136236649651, -0.15486470201113434, 0.2535652012192925, 0.7449676654690556, 1.5019062629740143, 2.1518336635058226, -1.0067265811226473, -0.9512013521704452, -0.8821884651001559, -0.6826606510388494, -0.4881333657024922, -0.1968872732671126, 0.3373645334665668, 0.7638187681984263, 1.3973234422402931, 2.185343376263522, -1.0230340984094393, -0.9023501091125216, -0.8572890272761557, -0.7502038963206465, -0.48202549988190235, -0.17876170994338975, 0.2392975390547, 0.7887113980905428, 1.3373400252186227, 2.1589566613130526, -1.023992707739953, -0.9368986829330495, -0.8158347420129655, -0.6822118047399088, -0.49023906694421354, -0.24866961832199236, 0.23167064691039538, 0.7702455731177505, 1.3418998653199454, 2.1248772819271395, -1.0344374113646264, -0.9619725895537523, -0.8191941829985807, -0.7178714266882688, -0.4878497679372855, -0.23903930199913126, 0.2691299128889245, 0.7276749403966671, 1.4275141802710285, 2.2744178181811154, -1.0379569568136526, -0.9656661085960406, -0.8525520302590388, -0.7113535313500907, -0.4656443621755499, -0.23585806488144606, 0.08276863938003154, 0.6633851731130355, 1.39223022113948, 2.172708542591795, -1.0157526948117737, -0.9234725803703081, -0.8250904088616152, -0.7027272114675359, -0.4966652104055002, -0.3232466071035823, 0.11652871107860732, 0.6275229712599075, 1.2647207394967401, 2.181737289898888, -0.6651191672596586, -0.6260798401171177, -0.5154070832385673, -0.4275439590141791, -0.3069008266859812, -0.16754717045635936, 0.06193700908156022, 0.42514782014167496, 0.97488684523935, 1.8219641734953853], "bean_num": 0.5, "model_info": {"det_num_x": 10, "det_num_y": 10, "det_y": 0.03, "det_x": 0.03, "size_x": 0.5, "size_y": 0.5, "med_margin": 0.0015}}