{"source": [-60.23926766518475, -95.47863754112723], "intensity": 100, "miu_detector": 0.3, "miu_medium": 1.2, "miu_air": 0.00018, "output": [0.0, 0.0, 0.0, 0.0, 0.0, 0.0, 0.5831775623646744, 0.41682243763532556, 0.0, 0.0, 0.0, 0.0, 0.0, 0.0, 0.0, 0.0, 0.0, 0.0, 0.0, 0.0, 0.0, 0.0, 0.0, 0.0, 0.0, 0.0, 0.0, 0.0, 0.0, 0.0, 0.0, 0.0, 0.0, 0.0, 0.0, 0.0, 0.0, 0.0, 0.0, 0.0], "miu_de": 0.5, "input": [1.6053470280648328, 1.700635570036092, 1.7348276471139374, 1.7208252578059642, 1.7702363940422086, 1.8001624667191456, 1.7809377185172897, 1.735321096761716, 1.6786575907935752, 1.4099312499962064, 1.5399824794451547, 0.9816948029485795, 0.7746345514622257, 0.7871886869704411, 0.806001973695396, 0.8331106437756308, 0.9291513758741372, 0.8594703110886441, 0.7514702630207383, 0.5439038161383196, 1.6029834238398413, 0.6161351506558813, 0.1924598655307871, 0.11935501579776825, 0.1058681815990569, 0.025629264702576475, 0.036046487809742817, 0.035699697208656234, 0.11237313466984751, -0.1286576443944768, 1.5441643527782611, 0.5936401019327501, -0.018593728521282032, -0.36252620872100816, -0.34606023726107754, -0.35753866954052155, -0.3519086827937371, -0.42344564691068354, -0.46460779986482276, -0.5291638589680818, 1.66693476479841, 0.6098714785754603, -0.07153931597098125, -0.5192518367244812, -0.6158586578506641, -0.6889815390967143, -0.7105619002820013, -0.7415651925014525, -0.7425731322509117, -0.8481515059280231, 1.6407174092773564, 0.6454979006655702, -0.06130466914613889, -0.5424541859381237, -0.7658167322096007, -0.8957430786380584, -0.9448286095327787, -0.9256789204636229, -0.9629648042446569, -1.023321294129077, 1.542023678167339, 0.6130889258055061, -0.1030828720221449, -0.5765026180884257, -0.8364570245431754, -0.9549758410093547, -0.9989531582302031, -1.0339341055170987, -1.0657946581093158, -1.1107856691738993, 1.7052904475796098, 0.5509598746074936, -0.07450044917562874, -0.6018384606449348, -0.8246586447838098, -1.0196466668017532, -1.092095737322469, -1.1332052311263643, -1.16577011372667, -1.1670672257593004, 1.5067305095935153, 0.5362478490749695, -0.1672292463796423, -0.6520660913596095, -0.865645619530613, -1.033038005396177, -1.1478188413191754, -1.182387061304211, -1.1854631012520602, -1.2184355772143507, 1.3278411888451114, 0.251587547190738, -0.3567303144461916, -0.7293069339056619, -0.9708094330956882, -1.1060314100600912, -1.1845005896304153, -1.2019475478505155, -1.249632959163657, -1.2712281151508824], "bean_num": 0.5, "model_info": {"det_num_x": 10, "det_num_y": 10, "det_y": 0.03, "det_x": 0.03, "size_x": 0.5, "size_y": 0.5, "med_margin": 0.0015}}