{"source": [-73.23641732867627, -90.626166993121], "intensity": 100, "miu_detector": 0.3, "miu_medium": 1.2, "miu_air": 0.00018, "output": [0.0, 0.0, 0.0, 0.0, 0.0, 0.32691304960913653, 0.6730869503908634, 0.0, 0.0, 0.0, 0.0, 0.0, 0.0, 0.0, 0.0, 0.0, 0.0, 0.0, 0.0, 0.0, 0.0, 0.0, 0.0, 0.0, 0.0, 0.0, 0.0, 0.0, 0.0, 0.0, 0.0, 0.0, 0.0, 0.0, 0.0, 0.0, 0.0, 0.0, 0.0, 0.0], "miu_de": 0.5, "input": [1.6158203053225957, 1.9746793956756985, 1.8883224038554776, 1.9919945902934844, 1.8954728954024058, 1.9208272165220608, 1.9881598834684517, 1.9448555187892231, 1.830655673157459, 1.672223303421036, 0.6895764338192328, 1.121625663772339, 1.135960463138722, 1.2573329720375495, 1.2412624181979355, 1.153273128140594, 1.1710309144474924, 1.1829363409776428, 1.0467986276348535, 1.302788397734513, 0.10912365110872897, 0.370633124281621, 0.4375124190770067, 0.3960397939128055, 0.4284854502822771, 0.46334878360050424, 0.40188289647129116, 0.3702904465847065, 0.47939262154137874, 1.244578868948138, -0.4054024150530409, -0.19177706945065648, -0.10232371681756261, -0.08254396263046604, -0.07183568669517817, -0.10641078194353162, -0.11434064288209869, -0.06263074848743057, 0.2514710119475593, 1.2302431857936345, -0.7135220800721199, -0.5466506155711233, -0.5390340412016889, -0.4822904742450367, -0.44754609162783626, -0.47175698293491125, -0.47307556814648366, -0.32976530417305533, 0.1539478228866046, 1.2532000658656124, -0.8898830630604312, -0.8038609549245578, -0.751416922188921, -0.752290451484404, -0.7623565935230322, -0.7108607150253479, -0.6799105217343928, -0.5158232221429452, 0.13232746534066445, 1.169404511297743, -1.038380424755758, -0.9706768056557198, -0.9750388539219942, -0.9495111032832368, -0.8919566465423624, -0.8530485066287803, -0.8149941234538626, -0.5728061036574338, 0.022951700197752778, 1.1895004470743045, -1.0879538920315144, -1.0702075121237358, -1.0736772241323278, -1.0398292125501412, -1.0215142247443725, -0.980471711830132, -0.8838414130427651, -0.5666835736156782, 0.04887168914503725, 1.0663960679960947, -1.1831039506291796, -1.1407588018611674, -1.1298800897666164, -1.1130743517994846, -1.112098251479382, -1.049824312873209, -0.9335076059115621, -0.623043395099103, -0.049652599520973506, 1.1365775627192491, -1.2209137585039205, -1.2046684760547393, -1.1869537007780857, -1.1859277415929477, -1.1911537396000464, -1.1199853855253106, -1.0118612392298474, -0.7445675680861179, -0.22919775390876834, 0.8462965483250409], "bean_num": 0.5, "model_info": {"det_num_x": 10, "det_num_y": 10, "det_y": 0.03, "det_x": 0.03, "size_x": 0.5, "size_y": 0.5, "med_margin": 0.0015}}