{"source": [52.467233369194695, 120.3365333853594], "intensity": 100, "miu_detector": 0.3, "miu_medium": 1.2, "miu_air": 0.00018, "output": [0.0, 0.0, 0.0, 0.0, 0.0, 0.0, 0.0, 0.0, 0.0, 0.0, 0.0, 0.0, 0.0, 0.0, 0.0, 0.0, 0.0, 0.0, 0.0, 0.0, 0.0, 0.0, 0.0, 0.0, 0.0, 0.0, 0.0, 0.6174892945302072, 0.3825107054697928, 0.0, 0.0, 0.0, 0.0, 0.0, 0.0, 0.0, 0.0, 0.0, 0.0, 0.0], "miu_de": 0.5, "input": [-1.2842876952441062, -1.2188321562385325, -1.2090274854758891, -1.1298922881283457, -1.0598981398052847, -0.9079636502162256, -0.6305401386453293, -0.3036925815396283, 0.4147040504874224, 1.2586038531732229, -1.2258215072085417, -1.2134487771245386, -1.1611654180387132, -1.059125027253834, -0.9988713535472278, -0.7707356757015663, -0.52171667522104, -0.06273326444255586, 0.584582021389183, 1.6562411052531316, -1.2153960035444988, -1.1638748986694516, -1.1463578831892287, -1.031844795343304, -0.977284428812575, -0.7590948636257548, -0.48256598811398255, -0.03914160745002987, 0.750484760863005, 1.7567593794204854, -1.1505198085808703, -1.1260051831015434, -1.0657036723039226, -1.0282704373461626, -0.9290092579452011, -0.813879601968943, -0.48477767174919456, -0.0028754313323757145, 0.7974549747782106, 1.626817833203704, -1.0530871342861263, -1.0203506513087182, -0.9357125121666799, -0.9143579113905117, -0.8733388183468057, -0.7497567732976789, -0.38514792722763513, -0.004802426972546276, 0.6548017769919, 1.7081139400088081, -0.9249499880427539, -0.8321975276968642, -0.7974566956324868, -0.7872148851024726, -0.7265634939873385, -0.6991802993253813, -0.34979012408957555, -0.02494747432032422, 0.7381599817866586, 1.661897332837595, -0.6274886376983031, -0.5079943428280312, -0.5131404933824388, -0.5220247933196365, -0.46278031816548226, -0.48783568798563476, -0.3346644935336232, -0.0010251138332590304, 0.735897759244529, 1.7435757572337274, -0.2617978043412789, -0.07704699280572617, 0.012101104351797048, -0.02230932518917649, -0.02686655610110086, 0.051374043248036, -0.03698525732174168, 0.2017797433914852, 0.744290174106646, 1.6494562723659447, 0.34232550525389593, 0.6054750131295271, 0.7649604314410836, 0.8203666261761698, 0.7645049546081927, 0.6603591084542149, 0.7233552392714513, 0.761082238163572, 0.9628494343814004, 1.4922103855995403, 1.28874943331698, 1.6030363589931813, 1.6408881124864168, 1.7006912349311725, 1.8919851033873905, 1.718276099642326, 1.7222560389604915, 1.6826323293646681, 1.5872428556660148, 1.65482545924454], "bean_num": 0.5, "model_info": {"det_num_x": 10, "det_num_y": 10, "det_y": 0.03, "det_x": 0.03, "size_x": 0.5, "size_y": 0.5, "med_margin": 0.0015}}