{"source": [108.85757348396699, 90.85087113207389], "intensity": 100, "miu_detector": 0.3, "miu_medium": 1.2, "miu_air": 0.00018, "output": [0.0, 0.0, 0.0, 0.0, 0.0, 0.0, 0.0, 0.0, 0.0, 0.0, 0.0, 0.0, 0.0, 0.0, 0.0, 0.0, 0.0, 0.0, 0.0, 0.0, 0.0, 0.0, 0.0, 0.0, 0.572459949223465, 0.427540050776535, 0.0, 0.0, 0.0, 0.0, 0.0, 0.0, 0.0, 0.0, 0.0, 0.0, 0.0, 0.0, 0.0, 0.0], "miu_de": 0.5, "input": [-1.2423954593933029, -1.2277278704504173, -1.2127992824452354, -1.1676566558755666, -1.0984913000511092, -0.9868722948458409, -0.7639709478054225, -0.4382845213437324, 0.17933658485990947, 1.2144887112711078, -1.2081540743874375, -1.1821819424050597, -1.163286399357588, -1.1161094730452956, -1.0428935339480956, -0.9115268558774293, -0.6788178384476851, -0.2423086764180819, 0.43846626483516526, 1.4669472069693812, -1.1781421053465257, -1.1378890999131606, -1.1155563571242573, -1.0916560881860489, -1.0088341349943515, -0.8643772320583004, -0.6296883425181489, -0.2097138729154141, 0.5106375809860948, 1.5397557762034693, -1.1145783149762594, -1.056724492145341, -1.039414886764348, -1.0153209906298803, -0.9486082037310416, -0.8283092123629006, -0.6024434145793833, -0.1733989293322807, 0.5171399558511697, 1.5975271315993447, -0.9834123990990016, -0.9320027389485183, -0.9067384701354123, -0.8998454880542762, -0.850112651367083, -0.7749842217777525, -0.5612344068903811, -0.13605301531274677, 0.537540274681507, 1.5764821919723353, -0.8383717209180177, -0.7595344992452122, -0.7031554456155772, -0.6860432110908243, -0.6469411519904742, -0.5998345683000623, -0.48839037469475616, -0.13109649118209987, 0.582774508788937, 1.6018186185138017, -0.5667894563863486, -0.41371535934354964, -0.37434054369914993, -0.37573226917226293, -0.375512546226671, -0.3446061643747477, -0.26466540852823256, -0.03112741802189759, 0.6169020124083997, 1.594359690597428, -0.140021631607672, 0.03669313199004997, 0.11181135902681921, 0.1353047941524206, 0.113485860494584, 0.12450052225342766, 0.1801435935660823, 0.24814696676556064, 0.6781665587520349, 1.6224283884773474, 0.44815564506651373, 0.7356564362411215, 0.819484162966058, 0.8597142380638663, 0.8695045303339551, 0.8293526212477227, 0.8945734258487987, 0.9314486314070027, 0.9873422117892241, 1.6456966893649732, 1.3869900781388464, 1.63449879616774, 1.7158180278427342, 1.7802516389707586, 1.8009130324001097, 1.7726061147452188, 1.827616591923084, 1.794770410794405, 1.797931335802829, 1.725212151526341], "bean_num": 0.5, "model_info": {"det_num_x": 10, "det_num_y": 10, "det_y": 0.03, "det_x": 0.03, "size_x": 0.5, "size_y": 0.5, "med_margin": 0.0015}}