{"source": [36.508367130515786, -140.30904591160524], "intensity": 100, "miu_detector": 0.3, "miu_medium": 1.2, "miu_air": 0.00018, "output": [0.0, 0.0, 0.0, 0.0, 0.0, 0.0, 0.0, 0.0, 0.0, 0.0, 0.0, 0.37945206519062696, 0.620547934809373, 0.0, 0.0, 0.0, 0.0, 0.0, 0.0, 0.0, 0.0, 0.0, 0.0, 0.0, 0.0, 0.0, 0.0, 0.0, 0.0, 0.0, 0.0, 0.0, 0.0, 0.0, 0.0, 0.0, 0.0, 0.0, 0.0, 0.0], "miu_de": 0.5, "input": [1.7793790881967457, 2.0758916641882497, 2.141835442791947, 2.1406008902316143, 2.1250290316852953, 2.16137963607851, 2.136571156286704, 2.123013621223854, 2.0524499540783814, 1.6686404224596796, 1.1227458816373646, 1.2783848580418364, 1.432540593539362, 1.4764052160025227, 1.4565114155799905, 1.422362851259179, 1.4211931436785734, 1.368081197908987, 1.3749705630472824, 0.9874932451017288, 0.6709256051629675, 0.558314419000243, 0.6503307283232194, 0.6884339819567445, 0.7375404248834379, 0.6815129127310873, 0.7195843509828647, 0.6738681957563075, 0.617743768283346, 0.2881326493605331, 0.33348194944384485, 0.07201812012924974, 0.12360794763341502, 0.037550845605072776, 0.13082290575066047, 0.1602977965017331, 0.19085766756042144, 0.09806226233993581, -0.004163450498475262, -0.19342347806713156, 0.27041931625664106, -0.28134176082974593, -0.2624833819586078, -0.244795525099451, -0.27759095554469937, -0.2547329049542808, -0.24213020243775163, -0.26649686445581583, -0.369159447026124, -0.49897469940640343, 0.14371397926539123, -0.5022190971044755, -0.5447593761120177, -0.5125719409730813, -0.556616021409527, -0.5462536840082165, -0.5641608862583288, -0.6012894036620525, -0.626710446036654, -0.7470572829741577, 0.045934413596965595, -0.6905425962873721, -0.7316678034035622, -0.7562211489520396, -0.742997860832817, -0.7252411145754513, -0.7663622856953578, -0.7886103922001712, -0.8108958006223268, -0.9105367679036256, 0.09205606068125963, -0.8163527669013337, -0.8969892311191654, -0.890184869672575, -0.8772966061260934, -0.8648273316436357, -0.895869471476264, -0.9286393862733553, -0.9312832648393355, -1.0007990386564614, -0.03182348139715031, -0.8758845968140816, -0.9859509268690617, -0.9729753757292272, -0.96847331405261, -1.008415422287009, -1.008204337760956, -0.9903388170440766, -1.0208415292275017, -1.0643407085873808, -0.11817417233220107, -0.9276180675764669, -1.0403388857631184, -1.0674816659396895, -1.0580915237625266, -1.0923854347126727, -1.0875109346292513, -1.0716345957558138, -1.0923245835898792, -1.1256332543945233], "bean_num": 0.5, "model_info": {"det_num_x": 10, "det_num_y": 10, "det_y": 0.03, "det_x": 0.03, "size_x": 0.5, "size_y": 0.5, "med_margin": 0.0015}}