{"source": [14.039556295913398, -146.68680452196622], "intensity": 100, "miu_detector": 0.3, "miu_medium": 1.2, "miu_air": 0.00018, "output": [0.0, 0.0, 0.0, 0.0, 0.0, 0.0, 0.0, 0.0, 0.0, 0.0, 0.3925345843315963, 0.6074654156684037, 0.0, 0.0, 0.0, 0.0, 0.0, 0.0, 0.0, 0.0, 0.0, 0.0, 0.0, 0.0, 0.0, 0.0, 0.0, 0.0, 0.0, 0.0, 0.0, 0.0, 0.0, 0.0, 0.0, 0.0, 0.0, 0.0, 0.0, 0.0], "miu_de": 0.5, "input": [0.627659844798977, 0.8542954886435703, 0.8674993023501539, 0.9391332687613057, 0.9131205619494862, 0.9505912767893795, 1.0343830188097325, 1.118814987406228, 1.2505030835112083, 1.6763347104249906, -0.5113576554267846, -0.3437085501642879, -0.3134785831247486, -0.25473649917267427, -0.18596094302076493, -0.11801369141494042, 0.08631553486253779, 0.47757913731185375, 1.1879878545633389, 1.9260298954298611, -0.9103972081673666, -0.8148369829474553, -0.7464385702121079, -0.6970543026062136, -0.584476784916467, -0.37024728127874523, 0.05456000480776312, 0.5194189251790378, 1.2476952554347926, 2.0675581600692676, -1.069832653292657, -0.9996824926895382, -0.9270726331097529, -0.7922751415632245, -0.6212536269325847, -0.38434135603525993, -0.04104542695366939, 0.5348885441463977, 1.2715793028226996, 1.9862768373687971, -1.1305340975801494, -1.0431166056692824, -0.9667997558378435, -0.83943430024515, -0.6621684237535591, -0.37399038041233285, -0.0019092249433868124, 0.553841363096068, 1.2764958159837718, 2.0444978790365083, -1.1380831804222373, -1.0752002840196628, -0.9768615977304262, -0.8493459966184143, -0.6631664223005578, -0.3917449672641623, -0.024282582476785105, 0.5166626340902897, 1.2797840234130877, 2.0460139759348217, -1.1494916179293178, -1.0763221044592783, -1.008147822336054, -0.866111382052761, -0.70606747573567, -0.41907026431484357, -0.017609688434268033, 0.514749723144141, 1.2645006069532838, 2.0333392209652352, -1.1664161524319934, -1.0868693539305372, -1.0271518009308902, -0.8838009647859634, -0.7101371427784059, -0.4391597564514009, -0.08165874100899166, 0.4504297769738026, 1.2476914931645655, 2.019763866379192, -1.167998089479618, -1.1028562369475752, -1.0330934447133726, -0.9011101459598717, -0.7288128798594904, -0.4805916156191001, -0.1067128892273885, 0.4270844634496683, 1.2113746654891544, 1.9839620196326533, -1.1957616116898535, -1.1515475267985718, -1.0800589743119204, -0.9793319371228099, -0.8229456076845602, -0.6071571416498507, -0.3376930467833069, 0.17599942215391182, 0.8631543389177139, 1.6549633335116047], "bean_num": 0.5, "model_info": {"det_num_x": 10, "det_num_y": 10, "det_y": 0.03, "det_x": 0.03, "size_x": 0.5, "size_y": 0.5, "med_margin": 0.0015}}