{"source": [27.183980521787408, -155.8563495922164], "intensity": 100, "miu_detector": 0.3, "miu_medium": 1.2, "miu_air": 0.00018, "output": [0.0, 0.0, 0.0, 0.0, 0.0, 0.0, 0.0, 0.0, 0.0, 0.0, 0.0, 0.9006860453762361, 0.0993139546237639, 0.0, 0.0, 0.0, 0.0, 0.0, 0.0, 0.0, 0.0, 0.0, 0.0, 0.0, 0.0, 0.0, 0.0, 0.0, 0.0, 0.0, 0.0, 0.0, 0.0, 0.0, 0.0, 0.0, 0.0, 0.0, 0.0, 0.0], "miu_de": 0.5, "input": [1.7231184218706546, 0.9416828241582798, 0.2964156615023025, -0.20154629414335143, -0.49284283103930376, -0.7201682825609876, -0.8657633806604361, -0.9811632309500059, -1.0448021944745156, -1.099183109468217, 2.0713511090575008, 1.3104936888151126, 0.5695269261075889, 0.09458276426334782, -0.3323626759550371, -0.6272413519393129, -0.783081461088564, -0.9228901587341739, -1.0134046190228587, -1.091797105585995, 2.1728139077139397, 1.3980902352349032, 0.687151411728787, 0.10823760421018792, -0.2885773156798805, -0.5748669817868922, -0.7559359935119357, -0.9025556107537518, -0.9960096303519543, -1.0711743264726112, 2.2287710805623218, 1.4474380325575922, 0.7206893413855795, 0.1512020339076599, -0.2624196521334648, -0.5514807411982117, -0.7618691907714931, -0.8934560818679793, -0.9805711686405608, -1.0660651640204608, 2.192179826731678, 1.4044339470081195, 0.7182431984171209, 0.18079959536824408, -0.24336844624936654, -0.5306057431393041, -0.7227440828365213, -0.8901100425786137, -0.9843262887623068, -1.079888579781976, 2.183449800872212, 1.4734157075475287, 0.7285379948897077, 0.18608396770268343, -0.24657103843678216, -0.5474544821426596, -0.7334157142909821, -0.8791065821637372, -0.9833637275581354, -1.0572001662958952, 2.129457511646359, 1.4659505086525375, 0.7001927448308483, 0.17450809590004768, -0.2361273175213837, -0.5329265586572568, -0.7355784496082379, -0.885526136556919, -0.9629908008080973, -1.059060615953064, 2.107061209414324, 1.4135625196332855, 0.7011887417086066, 0.0920067513175293, -0.25991171158280774, -0.531799528924127, -0.7339339993049562, -0.8856051645161106, -0.9361544020336855, -1.0369098579136873, 2.0659053785851738, 1.2846766058076942, 0.6137332086514247, 0.11200009217340207, -0.2970281666133888, -0.529229627668887, -0.7156893262001703, -0.8214863206926434, -0.8763814619089364, -0.9656012494896443, 1.7539051146145108, 1.0358517829395668, 0.6131851386737205, 0.3328958317894333, 0.11290031955322136, 0.023095007879765265, -0.06773244198215415, -0.11467755951561115, -0.11734980295438216, -0.2397016979301241], "bean_num": 0.5, "model_info": {"det_num_x": 10, "det_num_y": 10, "det_y": 0.03, "det_x": 0.03, "size_x": 0.5, "size_y": 0.5, "med_margin": 0.0015}}