{"source": [-118.46174022709023, -121.3350208622709], "intensity": 100, "miu_detector": 0.3, "miu_medium": 1.2, "miu_air": 0.00018, "output": [0.0, 0.0, 0.0, 0.0, 0.0, 0.9237229175581699, 0.07627708244183008, 0.0, 0.0, 0.0, 0.0, 0.0, 0.0, 0.0, 0.0, 0.0, 0.0, 0.0, 0.0, 0.0, 0.0, 0.0, 0.0, 0.0, 0.0, 0.0, 0.0, 0.0, 0.0, 0.0, 0.0, 0.0, 0.0, 0.0, 0.0, 0.0, 0.0, 0.0, 0.0, 0.0], "miu_de": 0.5, "input": [1.6075062853593134, 1.83705748959986, 1.9299935845145113, 2.018994162447161, 1.9954526773021442, 1.9610308141011512, 2.0235842476267956, 1.9434901538794942, 1.9231274954156001, 1.5640924318546257, 1.4626859637269247, 1.090947570684138, 1.1471532251206296, 1.1631201868591838, 1.144963157427364, 1.1536895512116734, 1.158767767874671, 1.1540654001957726, 1.1184815816113511, 0.7542516754005185, 1.2751421522955122, 0.522402707322416, 0.4558317894019382, 0.4434263341135088, 0.45385534335160366, 0.47164645384395626, 0.4013414988964022, 0.39598303196421575, 0.3353292731996577, 0.07944691507249466, 1.2128221458509614, 0.1958711029558821, -0.027634649934734502, -0.14235511300601825, -0.08833056347901934, -0.11420736638838627, -0.09881985712398104, -0.11641085497642362, -0.17536773297672487, -0.39192530069104403, 1.21950520394159, 0.0753737264414188, -0.38338439680812453, -0.4659630748342788, -0.4745084401409142, -0.46570549179214704, -0.46814577540960767, -0.5407253684908967, -0.562354032265452, -0.6733021217262357, 1.2231046652174418, 0.05494476125509644, -0.544767129361985, -0.649352050260223, -0.6951559667016773, -0.7387277696067054, -0.766307286626486, -0.7492898796312069, -0.7625476053528412, -0.8670124453506926, 1.106751718298003, -0.033683888945010315, -0.5980638653056555, -0.7972929148764093, -0.8721889869190113, -0.9014862613497386, -0.9126523753181002, -0.9203222443440767, -0.9683981007978971, -1.0334595034468577, 1.1049800543138006, -0.028492314643468904, -0.5870020395234273, -0.8811605719678656, -0.9715804245480539, -0.9942122642956608, -1.0383411609072553, -1.0409484464111214, -1.0543043916817758, -1.1063857031976534, 1.1189008399974676, -0.11491739952933845, -0.6675652263875015, -0.9590776443326878, -1.0409267777155884, -1.1002003875405464, -1.1042145922643438, -1.1264671801154622, -1.1396748653031776, -1.1729309019552911, 0.8813393426859238, -0.25349707740070077, -0.7471217756985682, -1.012159787500702, -1.124709815938934, -1.158329442657757, -1.1755773725663663, -1.1852317471610232, -1.1953739777746666, -1.2002027793746903], "bean_num": 0.5, "model_info": {"det_num_x": 10, "det_num_y": 10, "det_y": 0.03, "det_x": 0.03, "size_x": 0.5, "size_y": 0.5, "med_margin": 0.0015}}