{"source": [126.22389262298165, -148.06846193740225], "intensity": 100, "miu_detector": 0.3, "miu_medium": 1.2, "miu_air": 0.00018, "output": [0.0, 0.0, 0.0, 0.0, 0.0, 0.0, 0.0, 0.0, 0.0, 0.0, 0.0, 0.0, 0.0, 0.0, 0.5059344493801947, 0.49406555061980534, 0.0, 0.0, 0.0, 0.0, 0.0, 0.0, 0.0, 0.0, 0.0, 0.0, 0.0, 0.0, 0.0, 0.0, 0.0, 0.0, 0.0, 0.0, 0.0, 0.0, 0.0, 0.0, 0.0, 0.0], "miu_de": 0.5, "input": [-0.8984198102738892, -0.8208413806117517, -0.758275992551076, -0.6895797030745896, -0.5367951478131311, -0.33461514019599037, -0.062188209959729415, 0.3095987905951057, 0.9275837626718929, 1.7301516789828373, -1.0246432669153702, -0.9343716639819576, -0.8277015065162402, -0.7126516678034177, -0.5208638435116522, -0.24273210961056618, 0.07291655529383788, 0.6285789549405119, 1.3162450157862673, 2.030155571678707, -1.0053775607557243, -0.913259246633194, -0.8039033039283465, -0.6535480576798967, -0.47075115117925276, -0.2195838497651998, 0.1590358509869996, 0.7198627174525433, 1.4177033135404584, 2.196307963948188, -1.00910489122375, -0.9033170772250236, -0.8138160036224008, -0.677381509259621, -0.46250947728153663, -0.18210093569884858, 0.17653239950916091, 0.7259766288865017, 1.4999856641223932, 2.2183443965450587, -0.9995878430928172, -0.9149206223017543, -0.7827255732844535, -0.65712028570213, -0.437774622648229, -0.13775805049172266, 0.22375898140928022, 0.7588538800326914, 1.5030032816365397, 2.1895004132624325, -1.0081267886256238, -0.927700920438154, -0.8063466530303793, -0.660253038443838, -0.4358983997034316, -0.1450237725815212, 0.2461493943970932, 0.7237840996662825, 1.4553684577144297, 2.1623738014906775, -1.0016531731133236, -0.8988164953143555, -0.8106310061810275, -0.6408070035456344, -0.4770667040265628, -0.16774306955949952, 0.25251050801440483, 0.7653312062936172, 1.5331931107074424, 2.226226829664915, -1.0224566397862138, -0.9287272066627694, -0.8109878776575559, -0.6698997718697488, -0.4789260894073133, -0.21312072532985563, 0.17476661359345397, 0.6912869296462532, 1.4849134580873597, 2.146129987950639, -1.0421313661644254, -0.9452196864148964, -0.8499708333041041, -0.7102748803077642, -0.5310947975356484, -0.27338438466774123, 0.13012452391109172, 0.6454058806774006, 1.3311721349264463, 2.0849728215103807, -1.0672066027681624, -0.9957679984432299, -0.9389776999626727, -0.8367194986288432, -0.7048112047928031, -0.4347066004701923, -0.15424237774219338, 0.34767304964865975, 0.9829585987037733, 1.8084755431870057], "bean_num": 0.5, "model_info": {"det_num_x": 10, "det_num_y": 10, "det_y": 0.03, "det_x": 0.03, "size_x": 0.5, "size_y": 0.5, "med_margin": 0.0015}}