{"source": [87.24313000258729, -186.2353151052325], "intensity": 100, "miu_detector": 0.3, "miu_medium": 1.2, "miu_air": 0.00018, "output": [0.0, 0.0, 0.0, 0.0, 0.0, 0.0, 0.0, 0.0, 0.0, 0.0, 0.0, 0.0, 0.21099523604383508, 0.7890047639561649, 0.0, 0.0, 0.0, 0.0, 0.0, 0.0, 0.0, 0.0, 0.0, 0.0, 0.0, 0.0, 0.0, 0.0, 0.0, 0.0, 0.0, 0.0, 0.0, 0.0, 0.0, 0.0, 0.0, 0.0, 0.0, 0.0], "miu_de": 0.5, "input": [1.2124657587765706, 0.19278940455590157, -0.41553413191481503, -0.8159522596799397, -1.006101637184206, -1.1148657545816116, -1.1897867467265903, -1.2254280474104873, -1.2493812590177729, -1.2551315979580406, 1.4898327864791032, 0.4366509906606274, -0.31082647750109665, -0.69874487143588, -0.9349823483884019, -1.0577208538928284, -1.1454873642015273, -1.1759020992407576, -1.2133895514859807, -1.2221035073093092, 1.5544039687765452, 0.41199956849733277, -0.24014079709452762, -0.6850165318127767, -0.8686145433857503, -1.041914324875096, -1.1095308669521804, -1.1398736116507031, -1.129224174471293, -1.1781416746662883, 1.5042000075666542, 0.4603675167707777, -0.22239311042778595, -0.6691349913627906, -0.8727754002705109, -0.9487578299722559, -1.0288818074685229, -1.0438139550414278, -1.062104172552928, -1.1142542438680456, 1.5033824715634503, 0.5489119204762636, -0.1341439388649759, -0.6037036978610947, -0.7998574600085487, -0.8355814972975929, -0.914834402943864, -0.8658115895116306, -0.8927354933462371, -1.003955051275267, 1.611315143517317, 0.5059532336530633, -0.1736022652877279, -0.4932940547161062, -0.5783520513686042, -0.6132305842494298, -0.6716244048068963, -0.6590299470779343, -0.697457926158252, -0.8221634992097516, 1.588416505460781, 0.5498604153396887, -0.02587283813136303, -0.2611537574262746, -0.2797351710576111, -0.25787253634343177, -0.28790126256113047, -0.3983512921259551, -0.40488717566870497, -0.5244692541253326, 1.5321022195416774, 0.5568503324161099, 0.27376221031000186, 0.2038846136171643, 0.2057849312352691, 0.1621936970524374, 0.1766640174945706, 0.16942251528581073, 0.1284643597956964, -0.08999580997038309, 1.5306239012627318, 1.003317462586802, 0.8729552628419381, 1.0166200043265758, 0.9716925445252695, 0.9226382202114771, 0.9050866063887322, 0.8737168016906802, 0.8580388571159554, 0.5809053486996888, 1.6785955457449022, 1.7248886929131797, 1.7295982082903314, 1.7035674099079265, 1.813616426778595, 1.8605295846206829, 1.7740437778356881, 1.7371109457554457, 1.7580606275577064, 1.3802426872991091], "bean_num": 0.5, "model_info": {"det_num_x": 10, "det_num_y": 10, "det_y": 0.03, "det_x": 0.03, "size_x": 0.5, "size_y": 0.5, "med_margin": 0.0015}}