{"source": [159.42653300063748, -135.95420230881888], "intensity": 100, "miu_detector": 0.3, "miu_medium": 1.2, "miu_air": 0.00018, "output": [0.0, 0.0, 0.0, 0.0, 0.0, 0.0, 0.0, 0.0, 0.0, 0.0, 0.0, 0.0, 0.0, 0.0, 0.0, 0.49517305655419147, 0.5048269434458086, 0.0, 0.0, 0.0, 0.0, 0.0, 0.0, 0.0, 0.0, 0.0, 0.0, 0.0, 0.0, 0.0, 0.0, 0.0, 0.0, 0.0, 0.0, 0.0, 0.0, 0.0, 0.0, 0.0], "miu_de": 0.5, "input": [1.6575134177124289, 1.3974577130527086, 1.360133930078105, 1.2685049089062406, 1.2693795066907114, 1.219618461436839, 1.1891441906244808, 1.184856562773967, 1.1701909121111933, 0.9444696799803591, 1.9160473379662457, 1.0688682800975193, 0.48059697291747877, 0.2073282890653656, 0.1886671701796172, 0.17648658691022204, 0.09858245150154461, 0.07805341607601056, 0.03263664467367133, -0.13937833392610355, 1.9249083146804602, 1.1461298149302797, 0.4019140446132567, -0.12761888040177571, -0.37378783258147136, -0.46731096658170934, -0.5538261091612796, -0.5516185734381249, -0.5763705857792575, -0.6791345504010099, 1.914915057087878, 1.2117529301743348, 0.42028160526379543, -0.12060245992093722, -0.47309971394399336, -0.6646935955394181, -0.7780210037894044, -0.8730593700573627, -0.8915368252917258, -0.9555682305650722, 1.9844556409715741, 1.116282592813082, 0.4694537862040302, -0.10215403781353401, -0.5192622572016127, -0.7097775852783355, -0.868485220033113, -0.9689802408896272, -1.0433273254609896, -1.1150904111879167, 1.9765314410245804, 1.1338732562851412, 0.374695758931031, -0.16848065157818792, -0.48444432777502705, -0.7620130916396692, -0.9029928859376622, -1.0071889211557974, -1.1073675817146036, -1.176372663088331, 1.857813713010111, 1.1508428101130315, 0.37668033164837633, -0.142674574481273, -0.48143753590273997, -0.7628942865134738, -0.9111260849877794, -1.0532697521265224, -1.1293117265329509, -1.179927614237363, 1.9461949378006356, 1.1072728136580154, 0.36963536766511856, -0.1591736746796788, -0.550966773620934, -0.7635858931170636, -0.9634099495789468, -1.0696337759835541, -1.1498163300091993, -1.198475434183271, 1.8872673102554578, 1.0080709039607356, 0.23332834879812253, -0.2244790390582386, -0.5657112351562815, -0.7741412958427276, -0.968103993581811, -1.084943876832437, -1.1547029561815354, -1.206443786838341, 1.5796545014671624, 0.7216605635755933, 0.08048116849810508, -0.40950731127143275, -0.7170565389975155, -0.9313893586914171, -1.0401871835355805, -1.1245363851317534, -1.1904944384338305, -1.2336684085439298], "bean_num": 0.5, "model_info": {"det_num_x": 10, "det_num_y": 10, "det_y": 0.03, "det_x": 0.03, "size_x": 0.5, "size_y": 0.5, "med_margin": 0.0015}}