{"source": [-19.003951922065607, 210.133627512989], "intensity": 100, "miu_detector": 0.3, "miu_medium": 1.2, "miu_air": 0.00018, "output": [0.0, 0.0, 0.0, 0.0, 0.0, 0.0, 0.0, 0.0, 0.0, 0.0, 0.0, 0.0, 0.0, 0.0, 0.0, 0.0, 0.0, 0.0, 0.0, 0.0, 0.0, 0.0, 0.0, 0.0, 0.0, 0.0, 0.0, 0.0, 0.0, 0.0, 0.4258192321983158, 0.5741807678016841, 0.0, 0.0, 0.0, 0.0, 0.0, 0.0, 0.0, 0.0], "miu_de": 0.5, "input": [0.5708722661815941, 0.686369400446788, 0.7133381634983511, 0.704290368116795, 0.8621786420195173, 0.8925337934855287, 0.9559155279315855, 1.0136676685943118, 1.1845553720505915, 1.6381379492009949, -0.5670274818016824, -0.470109916442119, -0.4416360159765205, -0.363839301483298, -0.36802978211062676, -0.19861842061856888, 0.07202183913696346, 0.45866934243617735, 1.215143304327677, 1.9921201754882607, -0.9571455883412128, -0.8930004693606614, -0.8093741580669722, -0.7704599491612281, -0.5467798091850703, -0.31406994438516866, 0.024217042315472913, 0.5007820081839484, 1.284717039393432, 2.147021145719479, -1.087600969224421, -1.0166528919854045, -0.9062115620058987, -0.7962493614337436, -0.5723349060165178, -0.3423008052163611, 0.02662264754627349, 0.579176442393009, 1.2572617697862885, 2.198195441855777, -1.1363992856505283, -1.025681748163657, -0.9586408865410818, -0.8434199954583673, -0.6534591857559642, -0.30643973156469445, -0.12664075786914475, 0.5154694553397365, 1.295800768026803, 2.003643465480833, -1.1395776827337656, -1.0948410058248494, -0.9069057879377972, -0.8180610604659706, -0.6296576074113731, -0.40629575697956816, 0.01002386129544693, 0.5909987652818869, 1.2444878093366274, 2.0411777221477365, -1.1487586128656138, -1.043717280727254, -0.9740018932082111, -0.844747184641301, -0.6460836107127588, -0.3994484500744569, 0.025903523341925933, 0.5937232818230587, 1.345572557007878, 2.0209857911654976, -1.1590937134542825, -1.0941401310698116, -1.0152398020153646, -0.8599842704733233, -0.6667034304047296, -0.34171358562993914, -0.005900715452628916, 0.5313682792465152, 1.2232645843156196, 2.093306698150987, -1.1544720328600395, -1.120421326846677, -1.0324594287453763, -0.8819491399579663, -0.690142959139147, -0.45176875734125327, -0.0023058220652007015, 0.5050933109770042, 1.2262855859742217, 1.9022750208831753, -1.1907348114480434, -1.1254442911630544, -1.0966293830952525, -0.9749216887320828, -0.815802244890527, -0.5812664296331175, -0.20269094747824046, 0.21988495941890054, 0.9114241272841122, 1.709506852691075], "bean_num": 0.5, "model_info": {"det_num_x": 10, "det_num_y": 10, "det_y": 0.03, "det_x": 0.03, "size_x": 0.5, "size_y": 0.5, "med_margin": 0.0015}}