{"source": [-47.43077687890918, -208.66198379030627], "intensity": 100, "miu_detector": 0.3, "miu_medium": 1.2, "miu_air": 0.00018, "output": [0.0, 0.0, 0.0, 0.0, 0.0, 0.0, 0.0, 0.0, 0.42291667577353176, 0.5770833242264682, 0.0, 0.0, 0.0, 0.0, 0.0, 0.0, 0.0, 0.0, 0.0, 0.0, 0.0, 0.0, 0.0, 0.0, 0.0, 0.0, 0.0, 0.0, 0.0, 0.0, 0.0, 0.0, 0.0, 0.0, 0.0, 0.0, 0.0, 0.0, 0.0, 0.0], "miu_de": 0.5, "input": [-1.157403138445839, -1.134522397683321, -1.1335267862400022, -1.125568577761322, -1.1295058591098694, -1.0899667530061654, -1.0780146415599186, -0.9991437112032927, -0.6889118078129121, 0.319627771232455, -1.105963889694006, -1.0705363782279256, -1.0446612478862412, -1.0503430128652245, -1.0329538854491132, -1.0200778889687676, -1.0015920005047625, -0.9262850801422144, -0.6103788210679985, 0.5240810420682814, -1.0355886975309319, -0.9760631513340331, -0.9543693731380112, -0.9654992696826421, -0.9442025587783035, -0.9162678419154511, -0.8918288816292664, -0.8506440474650184, -0.597975464528802, 0.5558713518724879, -0.9422446489642424, -0.8543249875494269, -0.8117689504837199, -0.8129431308812819, -0.8239886429051905, -0.8127289456382505, -0.7669089840480384, -0.7379108145013993, -0.49880824901008974, 0.5775924474833468, -0.7940377967780546, -0.6730725646281734, -0.6391582006900237, -0.6437819488316653, -0.6068130005653828, -0.6042514667557541, -0.591221394304729, -0.563812442356412, -0.4153459550623044, 0.5577164883872494, -0.5655735601429754, -0.41174392279176003, -0.3656183056457385, -0.3580172643482216, -0.3576017635143944, -0.3554620533520762, -0.3422863356632454, -0.33799210198476926, -0.21965190259995174, 0.6868141962764185, -0.22434211228753148, -0.042542687138456194, 0.04531535239710148, 0.03750961501686481, 0.06195716465650523, 0.023973189182363217, 0.0545925050831417, 0.017317205783721114, 0.04668033210037215, 0.770674893171466, 0.1668850675264903, 0.5153149840754855, 0.6039727500388578, 0.5788154657649185, 0.5453374969860418, 0.6143043123836175, 0.61597891875284, 0.5857191260358497, 0.539334625644579, 0.8614732054661184, 0.876195141737693, 1.258299395977105, 1.349401839314607, 1.3123923242984767, 1.3420165014241283, 1.3740103506870693, 1.3342554844077852, 1.3226411492859254, 1.265453554554939, 1.2072359237369525, 1.6904247145466502, 2.0090529260329246, 2.057904317047451, 2.103459819101501, 2.1077711218540194, 2.1355735364289754, 2.1339419827282082, 2.11753997801549, 2.046159324824003, 1.7551604036641284], "bean_num": 0.5, "model_info": {"det_num_x": 10, "det_num_y": 10, "det_y": 0.03, "det_x": 0.03, "size_x": 0.5, "size_y": 0.5, "med_margin": 0.0015}}