{"source": [31.32350265659367, -212.03435975713506], "intensity": 100, "miu_detector": 0.3, "miu_medium": 1.2, "miu_air": 0.00018, "output": [0.0, 0.0, 0.0, 0.0, 0.0, 0.0, 0.0, 0.0, 0.0, 0.0, 0.06628490320569097, 0.9337150967943091, 0.0, 0.0, 0.0, 0.0, 0.0, 0.0, 0.0, 0.0, 0.0, 0.0, 0.0, 0.0, 0.0, 0.0, 0.0, 0.0, 0.0, 0.0, 0.0, 0.0, 0.0, 0.0, 0.0, 0.0, 0.0, 0.0, 0.0, 0.0], "miu_de": 0.5, "input": [-0.6495002246186814, -0.5524752048850271, -0.49477015149507064, -0.48002782873679534, -0.3082566087253786, -0.15364102161843532, 0.07986368186436793, 0.3976255904581298, 1.0561785819826723, 1.7068341580823223, -1.0454952736988592, -0.9646727773924089, -0.8375808540289007, -0.7425228179335001, -0.5350361118199797, -0.2529556257038254, 0.11823898359109034, 0.5534238060369059, 1.3886712930422416, 2.217926782775491, -1.0200406120723104, -0.9370076917475834, -0.8475286597620203, -0.6998825482806943, -0.5458868188250778, -0.17692668004390782, 0.17112731707197867, 0.7493520319770959, 1.40175319867719, 2.1620399512582336, -1.0401627417082338, -0.9717667045820442, -0.8388316769174217, -0.7209623967877229, -0.5038574765820748, -0.1570235386420196, 0.22585349808110403, 0.7580404916732872, 1.4404725836700694, 2.24283001752159, -1.030120398216634, -0.9491941869358262, -0.8149529077526998, -0.6626613884690464, -0.44449643608103945, -0.22717116782059044, 0.20814744421691797, 0.7082996265329605, 1.3526298894129976, 2.206206086084048, -1.0394004175011884, -0.9355199818360712, -0.8248470539913462, -0.6671528681952986, -0.48385115868954226, -0.21721077152531848, 0.20971851839037625, 0.7416492039047236, 1.4428651569209867, 2.2424581975728004, -1.0314816580450992, -0.9383481259743778, -0.8503937079589855, -0.6993320455798232, -0.5016413737596557, -0.23081522832840545, 0.21486488128681014, 0.7646305604703697, 1.453218423116119, 2.1476620554063874, -1.0608422497877923, -0.9519768964801821, -0.8445176417022611, -0.7288099724103657, -0.4748096991722013, -0.20341846997093888, 0.15442373950998922, 0.729790384374432, 1.3718550373185021, 2.1772835475167525, -1.034170715843714, -0.9570380910201542, -0.8807366221841612, -0.7420783530567857, -0.5174296209036343, -0.23984919232335786, 0.06443862000152671, 0.6080691134161046, 1.356399500106723, 2.0134881272323732, -1.1010853037973833, -1.0232101324747869, -0.9284544784239774, -0.8630833410634906, -0.711231699052922, -0.44458204103449606, -0.1235659036293193, 0.3139349154277662, 0.9399159174602182, 1.7641124341571652], "bean_num": 0.5, "model_info": {"det_num_x": 10, "det_num_y": 10, "det_y": 0.03, "det_x": 0.03, "size_x": 0.5, "size_y": 0.5, "med_margin": 0.0015}}