{"source": [-198.09415880143166, 85.70300020713613], "intensity": 100, "miu_detector": 0.3, "miu_medium": 1.2, "miu_air": 0.00018, "output": [0.0, 0.0, 0.0, 0.0, 0.0, 0.0, 0.0, 0.0, 0.0, 0.0, 0.0, 0.0, 0.0, 0.0, 0.0, 0.0, 0.0, 0.0, 0.0, 0.0, 0.0, 0.0, 0.0, 0.0, 0.0, 0.0, 0.0, 0.0, 0.0, 0.0, 0.0, 0.0, 0.0, 0.0, 0.0, 0.0, 0.0, 0.5994586915257709, 0.40054130847422903, 0.0], "miu_de": 0.5, "input": [1.585626058940714, 1.9690106311095088, 2.0202873046209477, 1.9982134832455232, 2.020013960240072, 1.998709389069617, 2.03813958604768, 1.9605852385933833, 2.0046454460171086, 1.7167652092497492, 0.8170559523748404, 1.1523958908929455, 1.235595522096178, 1.2534210308382836, 1.2004280129385534, 1.23021282458896, 1.253582115125467, 1.2263536884419615, 1.2008223350730491, 1.3217949285437016, 0.17897526522712423, 0.40635873770659536, 0.47707098585658214, 0.47881688885729756, 0.4929210023676969, 0.475491193177896, 0.4733844877374045, 0.4954602553896791, 0.4546965851528993, 1.167044586671915, -0.2950839967196393, -0.12373150721332533, -0.05620420527602812, -0.05971996691828375, -0.03384533973682637, -0.03654400374300525, -0.011626404658334059, 0.010431374379146739, 0.12551851487290377, 1.0957181952110577, -0.6383456933415665, -0.4882927501607901, -0.43687625623977916, -0.431441128402156, -0.4289416514405702, -0.4127843949361052, -0.41219052541356, -0.38017279862366476, -0.09306204256913872, 1.0343777079983227, -0.8560151931568701, -0.7688990322707856, -0.7364080514012253, -0.6821319400043373, -0.687043356981045, -0.6995640503016506, -0.6566491279595648, -0.5621041767028416, -0.10746532682483813, 0.9725174856728573, -0.9988021913777216, -0.9240022820202675, -0.9048530086884633, -0.8879486890146058, -0.8652865748650722, -0.8483534543700831, -0.8273895892978851, -0.6707124298222599, -0.1726226707440901, 0.9837885690413063, -1.0802409548195606, -1.0229241057948688, -1.0142339168056433, -1.0127610784697512, -1.0002401614233876, -0.9664034380023977, -0.9320399437093635, -0.7426829456952784, -0.2160312086999573, 0.9425845180413156, -1.1486859452763027, -1.1065253718190462, -1.099541584589735, -1.105190724366605, -1.0820152246610375, -1.040703840509981, -0.9699591783802831, -0.7783867166905442, -0.2586089146335446, 0.9063934852370442, -1.2012099457852037, -1.1839524950446831, -1.1689617294259196, -1.1666565091703622, -1.141095933448966, -1.1247103844225577, -1.0488472125561528, -0.855388847202819, -0.41872772831533606, 0.7066314042683665], "bean_num": 0.5, "model_info": {"det_num_x": 10, "det_num_y": 10, "det_y": 0.03, "det_x": 0.03, "size_x": 0.5, "size_y": 0.5, "med_margin": 0.0015}}