{"source": [-213.356091346888, 26.572327980985833], "intensity": 100, "miu_detector": 0.3, "miu_medium": 1.2, "miu_air": 0.00018, "output": [0.2111868596757976, 0.0, 0.0, 0.0, 0.0, 0.0, 0.0, 0.0, 0.0, 0.0, 0.0, 0.0, 0.0, 0.0, 0.0, 0.0, 0.0, 0.0, 0.0, 0.0, 0.0, 0.0, 0.0, 0.0, 0.0, 0.0, 0.0, 0.0, 0.0, 0.0, 0.0, 0.0, 0.0, 0.0, 0.0, 0.0, 0.0, 0.0, 0.0, 0.7888131403242024], "miu_de": 0.5, "input": [1.3280614723192967, 0.38523491135894333, -0.19857326655491164, -0.6337413458991967, -0.9140644358193748, -1.0412613935100907, -1.1312605459165221, -1.1808183694659824, -1.2391930952854144, -1.263216153596206, 1.6325706803160536, 0.5852658099718046, 0.07208443553677708, -0.5114272488929533, -0.7607755886257328, -0.9794713921545329, -1.113156113701357, -1.175578314283771, -1.2029240110976371, -1.245174009124779, 1.672046601632095, 0.7478607927770783, 0.08710919504726736, -0.49048437785212234, -0.7240583242135025, -0.9848954639753056, -1.0367155570597812, -1.1529390185499426, -1.1873397668523449, -1.2160148267165045, 1.7083959482982625, 0.782998731718836, -0.0939659402128242, -0.4609577813814613, -0.7351824483658348, -0.9036409891171233, -1.0136088326479382, -1.1234220567913156, -1.1171498686100427, -1.1607172933366363, 1.721877817550624, 0.7947172511295261, 0.029394957124334542, -0.40989472799408955, -0.7193016706095475, -0.8556077250319237, -0.9227563294393745, -0.9768696285219063, -1.0357735586619128, -1.084955219622392, 1.6999880743912412, 0.7963291859907151, 0.11913213046135435, -0.44929146998781594, -0.6485706496725031, -0.7655423770947409, -0.7795242991526813, -0.8507614079764444, -0.8240267591436828, -0.9406752861159781, 1.7253469274770852, 0.8085849960632006, 0.06397200146962637, -0.34539581827926996, -0.4702240635212253, -0.4457870024093465, -0.5374560780863901, -0.5250538761912859, -0.5258073737927556, -0.7227897849538735, 1.641757385433219, 0.8132013177624473, 0.15699137545227196, -0.013779783069670657, -0.0016551967629598401, -0.0285198786211095, -0.040976928653227024, -0.0662922856088221, -0.054210688503874095, -0.2537243092275075, 1.6500153266533233, 0.8615666044746182, 0.7298553012495316, 0.6505173263758884, 0.7399512734261127, 0.7545846922727083, 0.5980643062043326, 0.6934990765072004, 0.5950867038313833, 0.3812169451753608, 1.6559221407666864, 1.6108752556734203, 1.660455100355818, 1.6493251581088073, 1.7131290868424522, 1.6594619774542418, 1.707690898988252, 1.631971084953399, 1.6050382018121783, 1.3658035459097113], "bean_num": 0.5, "model_info": {"det_num_x": 10, "det_num_y": 10, "det_y": 0.03, "det_x": 0.03, "size_x": 0.5, "size_y": 0.5, "med_margin": 0.0015}}