{"source": [-75.76141567767472, -201.56007304279638], "intensity": 100, "miu_detector": 0.3, "miu_medium": 1.2, "miu_air": 0.00018, "output": [0.0, 0.0, 0.0, 0.0, 0.0, 0.0, 0.0, 0.2888879201659201, 0.7111120798340799, 0.0, 0.0, 0.0, 0.0, 0.0, 0.0, 0.0, 0.0, 0.0, 0.0, 0.0, 0.0, 0.0, 0.0, 0.0, 0.0, 0.0, 0.0, 0.0, 0.0, 0.0, 0.0, 0.0, 0.0, 0.0, 0.0, 0.0, 0.0, 0.0, 0.0, 0.0], "miu_de": 0.5, "input": [1.3941991934279425, 1.7803025621748803, 1.677152178407136, 1.8578692528387608, 1.7629863953044116, 1.812506618235668, 1.8286260057839085, 1.7588763136219272, 1.5965650677789813, 1.582006009989801, 0.48992704922478336, 0.7651693636921701, 0.7515132733943524, 0.8901672333436437, 0.8319420240310416, 0.8769029288591841, 0.9065101607689392, 0.8939451643928538, 0.9854353619216552, 1.5737867778196746, -0.1255824339566799, 0.008760185244368637, 0.1432993436661029, 0.07163870489738158, 0.08499793938422158, 0.19987682440507892, 0.253207875185658, 0.22957925051360872, 0.6783360186755887, 1.5594725782792156, -0.5518992454522017, -0.42098188235416295, -0.3516564900685495, -0.3248300434751723, -0.36451556834921345, -0.3016001443736077, -0.26073791199522306, -0.0228869762131359, 0.5686565051012129, 1.7079653781142847, -0.8098080107292147, -0.7155433015591005, -0.6939364571121716, -0.7264808102313962, -0.6825606528690967, -0.6274948356493049, -0.4850537405318049, -0.19197835599305296, 0.5320001733269359, 1.58374969935688, -0.987456371638709, -0.9477285813918419, -0.9222028994199742, -0.8761828615425632, -0.805955961485545, -0.7765105253801151, -0.5678402893959689, -0.1450584832726134, 0.5367157501554153, 1.5445891090615247, -1.1065268742776724, -1.058966868171331, -1.024405415833244, -1.0337545048819092, -0.9450843965829901, -0.8448274019650545, -0.5750028083718569, -0.047891467382100227, 0.4809382671093982, 1.5749799216485196, -1.1837519445132694, -1.1729016343521592, -1.117026538748524, -1.1422458431535092, -1.037760043105878, -0.8903086947432464, -0.5939216235116936, -0.2127350588801393, 0.6584590857026975, 1.498238191599958, -1.2279431126582065, -1.2195311328229232, -1.1904985341401313, -1.1399863714419791, -1.0799695360425747, -0.8883811561875132, -0.6516244109062307, -0.23592764868361973, 0.43074041720569106, 1.6210285033654177, -1.2716331837039967, -1.2397126975582928, -1.2194205142297423, -1.1789206773398733, -1.1036476151723393, -1.0225545752073053, -0.7115637605908265, -0.36076500257792865, 0.20811909887152102, 1.2239361262960822], "bean_num": 0.5, "model_info": {"det_num_x": 10, "det_num_y": 10, "det_y": 0.03, "det_x": 0.03, "size_x": 0.5, "size_y": 0.5, "med_margin": 0.0015}}