{"source": [220.65388243005074, -20.856927543237433], "intensity": 100, "miu_detector": 0.3, "miu_medium": 1.2, "miu_air": 0.00018, "output": [0.0, 0.0, 0.0, 0.0, 0.0, 0.0, 0.0, 0.0, 0.0, 0.0, 0.0, 0.0, 0.0, 0.0, 0.0, 0.0, 0.0, 0.0, 0.0, 0.5999712494599725, 0.4000287505400275, 0.0, 0.0, 0.0, 0.0, 0.0, 0.0, 0.0, 0.0, 0.0, 0.0, 0.0, 0.0, 0.0, 0.0, 0.0, 0.0, 0.0, 0.0, 0.0], "miu_de": 0.5, "input": [-0.6414331512125158, -1.0081294157940748, -1.0217533665103122, -1.0304432293147945, -1.0275925524944476, -1.0206461205603932, -1.0286072962005464, -1.0431793765440913, -1.0547466950292663, -1.0895644305475354, -0.5566522066674857, -0.9268033434035261, -0.9469374406829362, -0.9439261933588158, -0.9522898786456425, -0.9393098815752281, -0.9560675843903512, -0.9677252926380877, -0.9928543482125247, -1.0309221263073083, -0.49274909403828937, -0.8290401721641915, -0.8453254807340236, -0.8438049413138673, -0.8326053032555547, -0.8305163729974739, -0.8485643401570798, -0.8495476610639487, -0.885860207438935, -0.9405079809236118, -0.4105647128724044, -0.709378643415652, -0.7044281971815459, -0.6682411701793943, -0.6843629902192033, -0.6897889689800604, -0.710232430701469, -0.7275670044531928, -0.7444237606158614, -0.8410586232154647, -0.31642311329061773, -0.5118001787266222, -0.5131736378316598, -0.497723030579505, -0.5104636872671857, -0.5133221283456987, -0.47682281849525243, -0.5058454593632074, -0.5657728171947902, -0.6890413988013087, -0.1909830783736526, -0.2862319694171091, -0.22515993911354815, -0.22787027065494178, -0.196091412680252, -0.21481172936733292, -0.1764704803551599, -0.23307068639531714, -0.27418539218783283, -0.4392445403332383, 0.051519163909466766, 0.09756269031315437, 0.16095957384376125, 0.19974943864230674, 0.2506718476301635, 0.22657364082354967, 0.1910201309721807, 0.14392303394777883, 0.09689247725218891, -0.12860057520242393, 0.4302940021365093, 0.6163410327603978, 0.687380935545128, 0.7843787767614336, 0.8033403978482152, 0.7122862103715522, 0.7367137377006844, 0.755541603805987, 0.6381123278143624, 0.27815505545473695, 0.9954312577457887, 1.3124893002835023, 1.4081687734098776, 1.42021794928541, 1.4580113090491094, 1.506472677842439, 1.4418451468274502, 1.4127636193911122, 1.3464068129553912, 0.9607180452794366, 1.776583726995735, 2.1178853042844548, 2.0969875295132487, 2.2271894058406616, 2.1715901239761473, 2.156020464219227, 2.1385795733219175, 2.1763730058020765, 2.1641438014068153, 1.811966425024397], "bean_num": 0.5, "model_info": {"det_num_x": 10, "det_num_y": 10, "det_y": 0.03, "det_x": 0.03, "size_x": 0.5, "size_y": 0.5, "med_margin": 0.0015}}