{"source": [158.35350071811686, -172.10382045506893], "intensity": 100, "miu_detector": 0.3, "miu_medium": 1.2, "miu_air": 0.00018, "output": [0.0, 0.0, 0.0, 0.0, 0.0, 0.0, 0.0, 0.0, 0.0, 0.0, 0.0, 0.0, 0.0, 0.0, 0.26474458471159973, 0.7352554152884003, 0.0, 0.0, 0.0, 0.0, 0.0, 0.0, 0.0, 0.0, 0.0, 0.0, 0.0, 0.0, 0.0, 0.0, 0.0, 0.0, 0.0, 0.0, 0.0, 0.0, 0.0, 0.0, 0.0, 0.0], "miu_de": 0.5, "input": [1.310629068832065, 0.21427205674962144, -0.38085019386308394, -0.7513282538749178, -0.9474248663130203, -1.1114800613909146, -1.1514064292822754, -1.2077633632799099, -1.2355098312721862, -1.2624576072078815, 1.5387160035832956, 0.5033137839230101, -0.18851423476363996, -0.6225098822875262, -0.9043474710713489, -1.0310680267284933, -1.1405973794091047, -1.166536312027166, -1.1976699187072415, -1.22392676911819, 1.4736331922395607, 0.5508536260108432, -0.19740329940180687, -0.5924897877628634, -0.8090638897783934, -1.0231617954343015, -1.089923382412337, -1.1106894190212726, -1.154796241181532, -1.1846646909042162, 1.6596527153931082, 0.45958113577741905, -0.19378874155372605, -0.5562961345022943, -0.8381483715422303, -0.9845554868676576, -1.03413856276194, -1.0834843240483385, -1.0748787593603115, -1.1131787677127383, 1.5572042167355677, 0.5968957780974224, -0.14340204287877137, -0.5494648818628083, -0.7563564238361374, -0.8754082961345095, -0.8694475451094078, -0.9294916735127252, -0.87402042943307, -1.032019769823758, 1.5418624367021392, 0.6410689771209677, -0.12626056221240886, -0.5200654606069551, -0.6180914807719005, -0.6826229384658835, -0.6751915396493521, -0.7453636854667629, -0.7029261564757279, -0.8138309012630983, 1.5735077474501025, 0.5572037192633383, -0.08553549760156338, -0.30546374832366396, -0.3135209064492448, -0.3225647165171929, -0.42303258647374425, -0.3643879011403221, -0.47204289704271735, -0.5708145434570683, 1.5909377935402185, 0.6941028114747577, 0.25740990700423494, 0.151827651730671, 0.10332830015676665, 0.020182681510776342, 0.09951179738738009, 0.1076302446374626, 0.12372720431398801, -0.0904994270131565, 1.5653415951618337, 1.0187547554515464, 0.7945523965830353, 0.8722641139672543, 0.7885894190401033, 0.7480554425703757, 0.8482170709876259, 0.9268855499137247, 0.7412162374314489, 0.5405993362215781, 1.5369530332844326, 1.688189277468151, 1.72713792371287, 1.853890566768261, 1.8491470986554217, 1.7595472111546206, 1.9284244674596858, 1.7573299263768398, 1.8252527183048541, 1.3284772762164179], "bean_num": 0.5, "model_info": {"det_num_x": 10, "det_num_y": 10, "det_y": 0.03, "det_x": 0.03, "size_x": 0.5, "size_y": 0.5, "med_margin": 0.0015}}