{"source": [-228.78433876240916, 66.55156949598216], "intensity": 100, "miu_detector": 0.3, "miu_medium": 1.2, "miu_air": 0.00018, "output": [0.0, 0.0, 0.0, 0.0, 0.0, 0.0, 0.0, 0.0, 0.0, 0.0, 0.0, 0.0, 0.0, 0.0, 0.0, 0.0, 0.0, 0.0, 0.0, 0.0, 0.0, 0.0, 0.0, 0.0, 0.0, 0.0, 0.0, 0.0, 0.0, 0.0, 0.0, 0.0, 0.0, 0.0, 0.0, 0.0, 0.0, 0.0, 0.8021443427912976, 0.19785565720870232], "miu_de": 0.5, "input": [-1.2176915807333801, -1.1893393574921431, -1.1670910784969744, -1.1714264327829578, -1.1373329790801259, -1.1138606773597213, -1.0590841454498239, -0.9459491483159435, -0.4865699218061724, 0.6152005596331446, -1.1377750109781177, -1.1181718682116377, -1.1124415686082711, -1.0705744608455667, -1.0731058954770067, -1.020494923068229, -1.0230210473213999, -0.83890359812297, -0.4230518398697131, 0.8672284549839009, -1.068977785540406, -1.0321550552400043, -1.0107622799901679, -0.9627990036182751, -0.9751277094911373, -0.9714488439237857, -0.914948416725002, -0.803218295684704, -0.332739969480593, 0.9014421426637472, -0.9962462796153493, -0.8870521208462516, -0.8599518746365796, -0.8361144712200891, -0.8516006024066627, -0.9094447541005184, -0.8588931526157095, -0.6647059296920298, -0.3398722271665024, 0.8924688314225492, -0.8267397795933238, -0.7058674318431286, -0.6826513613991729, -0.6699956952703104, -0.6589789248573684, -0.633037403785916, -0.6238828231835684, -0.5707870973320341, -0.2534066883664323, 0.8883748370991651, -0.5853002849337255, -0.39196850044956844, -0.3356544503346238, -0.44114179090398703, -0.39596980206450366, -0.37268417012730776, -0.35971361189399526, -0.3356956701034133, -0.13155243360022056, 0.9653429643908655, -0.279906577165505, -0.0743326114575839, -0.031265278049810934, 0.02782536332659739, -0.034188926556056744, -0.05966768107803595, -0.04338618824608274, -0.04944467351583513, 0.013431672899234802, 0.9385569740075959, 0.20437628350196255, 0.49833465819310935, 0.5507910454018751, 0.5056061079788671, 0.5870059056145044, 0.5184126212409887, 0.5385289740383575, 0.5181641428329733, 0.5257432215337898, 1.0287772223559069, 0.8510116841229852, 1.1978662849782489, 1.252092328939846, 1.1840763263788165, 1.3411016254800403, 1.4094627905446255, 1.2379934299531465, 1.2948852235525665, 1.1994165884113404, 1.1033731062187917, 1.603452512548201, 2.1333572802551592, 1.9215370135775178, 2.0342663972159376, 1.9658542400443244, 2.0809881776034267, 2.0511893247220323, 2.028357228677005, 1.962162832952462, 1.691107782829842], "bean_num": 0.5, "model_info": {"det_num_x": 10, "det_num_y": 10, "det_y": 0.03, "det_x": 0.03, "size_x": 0.5, "size_y": 0.5, "med_margin": 0.0015}}