{"source": [207.8212298005698, -118.70564145095857], "intensity": 100, "miu_detector": 0.3, "miu_medium": 1.2, "miu_air": 0.00018, "output": [0.0, 0.0, 0.0, 0.0, 0.0, 0.0, 0.0, 0.0, 0.0, 0.0, 0.0, 0.0, 0.0, 0.0, 0.0, 0.0, 0.30384714325907963, 0.6961528567409203, 0.0, 0.0, 0.0, 0.0, 0.0, 0.0, 0.0, 0.0, 0.0, 0.0, 0.0, 0.0, 0.0, 0.0, 0.0, 0.0, 0.0, 0.0, 0.0, 0.0, 0.0, 0.0], "miu_de": 0.5, "input": [1.7193292130598292, 0.9333485571682901, 0.2814043615664966, -0.23055909491143345, -0.5466265307455712, -0.7611062379274942, -0.8915198170302013, -0.9477067915540377, -1.0726704093179484, -1.1285732505643966, 2.089924446817554, 1.2815871415826483, 0.5897321265874658, 0.09529071762295349, -0.3408590360208107, -0.6211762057126805, -0.7824661739032575, -0.893553622399181, -1.055320536884035, -1.1506595261638886, 2.0773842937462272, 1.3852384938900197, 0.7359100920519136, 0.16035127234858834, -0.3205151341104827, -0.5487087560374875, -0.7644652871475235, -0.92753944337573, -1.0311529770495822, -1.1021343670577852, 2.270586161643664, 1.3432386909794443, 0.6936326114496936, 0.2434128244410278, -0.28271212621369274, -0.5036244584348992, -0.7337834287564159, -0.8911297033045257, -0.9795528560269304, -1.0744299827496755, 2.1184801158358915, 1.4659029061493902, 0.6773933310352488, 0.1509259620012022, -0.2662473262503706, -0.5426077794261321, -0.7512264456542507, -0.9160922251587972, -0.9752593823801032, -1.0637449019461827, 2.1787024171404057, 1.4400351465615098, 0.6611526821044543, 0.3001059443957762, -0.24746360950974167, -0.5132095699004804, -0.7794025205841599, -0.9119314571327302, -1.0087781429374947, -1.0922024211500676, 2.173022969718471, 1.4682757685035897, 0.6902607951510206, 0.14633355969989742, -0.2044691561080764, -0.485020600705943, -0.750603793067637, -0.8448210617028951, -1.037616710642411, -1.079330431323071, 2.179048663417388, 1.4850986361616794, 0.6133173444380068, 0.10843868303099718, -0.28625706712883997, -0.449551086029811, -0.7354452178475763, -0.8796473863402947, -0.9848610278473141, -1.0460431487673572, 2.0075717223840805, 1.337452808933235, 0.530804028340805, 0.09877202812402383, -0.29636328180898197, -0.5874501838047678, -0.6691166314171815, -0.823387483490879, -0.850444610322916, -0.965510314874072, 1.671657256310453, 1.0386729035038673, 0.5213004980660877, 0.3650575063589681, 0.15819175972914298, 0.06768207013171434, 0.054719789485709276, 0.09800021904217601, -0.003738788098597675, -0.07635900395221044], "bean_num": 0.5, "model_info": {"det_num_x": 10, "det_num_y": 10, "det_y": 0.03, "det_x": 0.03, "size_x": 0.5, "size_y": 0.5, "med_margin": 0.0015}}