{"source": [-238.97634539094776, -41.00357998065659], "intensity": 100, "miu_detector": 0.3, "miu_medium": 1.2, "miu_air": 0.00018, "output": [0.0, 0.9182209775166948, 0.08177902248330517, 0.0, 0.0, 0.0, 0.0, 0.0, 0.0, 0.0, 0.0, 0.0, 0.0, 0.0, 0.0, 0.0, 0.0, 0.0, 0.0, 0.0, 0.0, 0.0, 0.0, 0.0, 0.0, 0.0, 0.0, 0.0, 0.0, 0.0, 0.0, 0.0, 0.0, 0.0, 0.0, 0.0, 0.0, 0.0, 0.0, 0.0], "miu_de": 0.5, "input": [-0.23242604408863363, -0.17590824425908233, -0.1436143709299372, -0.09704574009365077, 0.022776882341954467, 0.06269275519796873, 0.31869055103800686, 0.5357332503225076, 1.0810101771521308, 1.7738472119403963, -0.9827206550416029, -0.8870552143978518, -0.8208064230084009, -0.6921321234811308, -0.5624888092082264, -0.2004688258375118, 0.06838505758272072, 0.6032049594556667, 1.3456561188236391, 2.013181612628551, -1.055331457318417, -0.9645637185621558, -0.8632689148261111, -0.7024155929482326, -0.5691482797069589, -0.17485865181708746, 0.10935989924101064, 0.6387994613296696, 1.3897767206737592, 2.1360817594692927, -1.0732439700226453, -0.9799804451864096, -0.8939985685726554, -0.7740169294133299, -0.5116356063258208, -0.2734808955072984, 0.15913468690173088, 0.7570859001796992, 1.4336469308539326, 2.1750187411098896, -1.0558438522646347, -0.9432881286934252, -0.8857200774324474, -0.7780928085250092, -0.5753007204554591, -0.18600870163389252, 0.14040299405392395, 0.7889725206334665, 1.4440548138299156, 2.189884756085566, -1.0623911560003354, -0.9730337698011005, -0.8654798954894258, -0.7623300090635313, -0.5148581250133357, -0.21616207551106545, 0.17082392029349147, 0.7464982947516368, 1.5563088137714542, 2.2496605404015986, -1.088406589019763, -0.9756893585164563, -0.9045457498090724, -0.7496750213062787, -0.5082603310593504, -0.22555066519225708, 0.2305415267576312, 0.6748497858310694, 1.4101914744433195, 2.2176824842998752, -1.0852467618942636, -0.986311681839215, -0.875226426678275, -0.7492316852279216, -0.5785974308137973, -0.2905687990714842, 0.1271586044821494, 0.5913374840056698, 1.3248767722265806, 2.102696056096034, -1.0853660168344317, -1.0006405979853772, -0.9616819482802611, -0.8180503952865182, -0.5652011788423191, -0.29361983025046984, 0.031891281570468354, 0.6046510235198093, 1.264615047528729, 1.9290619724999356, -1.1154674040213797, -1.0521795237233031, -0.9621345258876973, -0.8604086886796856, -0.7200096154988745, -0.42684045991488484, -0.19650312814950263, 0.25603604567328364, 0.9748336601389724, 1.8734200650825348], "bean_num": 0.5, "model_info": {"det_num_x": 10, "det_num_y": 10, "det_y": 0.03, "det_x": 0.03, "size_x": 0.5, "size_y": 0.5, "med_margin": 0.0015}}