{"source": [234.1690533813876, 77.32532444854616], "intensity": 100, "miu_detector": 0.3, "miu_medium": 1.2, "miu_air": 0.00018, "output": [0.0, 0.0, 0.0, 0.0, 0.0, 0.0, 0.0, 0.0, 0.0, 0.0, 0.0, 0.0, 0.0, 0.0, 0.0, 0.0, 0.0, 0.0, 0.0, 0.0, 0.0, 0.0, 0.9695756137747296, 0.030424386225270484, 0.0, 0.0, 0.0, 0.0, 0.0, 0.0, 0.0, 0.0, 0.0, 0.0, 0.0, 0.0, 0.0, 0.0, 0.0, 0.0], "miu_de": 0.5, "input": [-1.1446684936204476, -1.1225302152370802, -1.1159814736370426, -1.10286552645699, -1.1022597983683973, -1.0978405334349173, -1.0992955891138056, -1.03886989707725, -0.8713023449772438, 0.07189657728065715, -1.0821096946717672, -1.0630740191312653, -1.0332324321887898, -1.020424926697746, -1.0209778486622436, -0.9996676126255634, -0.9949777196916184, -0.9663701537178753, -0.762322397884911, 0.21943172380944423, -1.0082926436592974, -0.9478994614889567, -0.9287146142349644, -0.9176165034439903, -0.9170969317808852, -0.9269951637260967, -0.896999879869152, -0.8663076019157324, -0.7285478259991637, 0.29256451106950737, -0.924339227033232, -0.8212706601062166, -0.7886540748432638, -0.781361917146921, -0.7977156033767997, -0.7770586757098402, -0.773964554590173, -0.735366302878558, -0.6421702930743725, 0.2754323576261641, -0.7591479334942915, -0.6294626500089491, -0.6030600018996742, -0.6018740166817408, -0.5834236904858856, -0.5686106025904136, -0.5738386521713028, -0.5416706686128195, -0.49767474925314337, 0.3789471297258382, -0.5282671028199531, -0.39087624689709854, -0.3273316365720492, -0.3169602426324706, -0.2572091596494493, -0.28269165381993067, -0.2813880584579949, -0.26877561883653367, -0.29172349239406553, 0.4016074702604744, -0.1987010994630594, 0.020174481636250595, 0.09155929253701166, 0.10305458413542537, 0.10903417922178706, 0.13673967185874047, 0.08686076003530865, 0.12020467527589881, 0.05521268569288987, 0.5538164381093743, 0.2992523923758954, 0.5484827218253792, 0.6407216083860875, 0.6850591565801637, 0.6282304988765972, 0.6922847805871122, 0.6922913601719075, 0.6532030821908946, 0.5720181114838451, 0.745802944205322, 0.8987842250408706, 1.3127859155327308, 1.3826580467138303, 1.372371937058161, 1.4289675654639713, 1.399150398171271, 1.4085317502424222, 1.3853256059043517, 1.309342299590685, 1.0891010452763226, 1.6534440772990235, 2.1169106880316586, 2.142295052354029, 2.1397630086094876, 2.095463411936767, 2.0805612468618997, 2.0827851578233463, 2.1446660937047084, 2.0546545658666444, 1.7503846023732232], "bean_num": 0.5, "model_info": {"det_num_x": 10, "det_num_y": 10, "det_y": 0.03, "det_x": 0.03, "size_x": 0.5, "size_y": 0.5, "med_margin": 0.0015}}