{"source": [-228.03996406071377, 127.55216651529307], "intensity": 100, "miu_detector": 0.3, "miu_medium": 1.2, "miu_air": 0.00018, "output": [0.0, 0.0, 0.0, 0.0, 0.0, 0.0, 0.0, 0.0, 0.0, 0.0, 0.0, 0.0, 0.0, 0.0, 0.0, 0.0, 0.0, 0.0, 0.0, 0.0, 0.0, 0.0, 0.0, 0.0, 0.0, 0.0, 0.0, 0.0, 0.0, 0.0, 0.0, 0.0, 0.0, 0.0, 0.0, 0.0, 0.24667631653085054, 0.7533236834691495, 0.0, 0.0], "miu_de": 0.5, "input": [-1.0977079504571137, -1.072123071657606, -1.0850390191494994, -1.0417190496966988, -1.0269444947163928, -1.0479932820000482, -1.0264524441012737, -1.02193338181276, -1.0298903407863982, -0.4620967374857788, -1.0162866157380026, -0.9801047696079215, -0.9724412578665995, -0.9658202472304291, -0.981430948018054, -0.9718339994842639, -0.9477283229946319, -0.9659299158175634, -0.9553801449844, -0.38397537550100036, -0.9806848156055374, -0.8838266139282117, -0.8583037940307705, -0.8306253867367136, -0.8576941455843037, -0.8480686054387669, -0.8593701274316956, -0.878843278280502, -0.8480360172394643, -0.3124133274745965, -0.8356266550811277, -0.7607117898569794, -0.7606650164259346, -0.6848495770450729, -0.6992280026111629, -0.6826977891708687, -0.7279195947095592, -0.6476793382546371, -0.7343149287068542, -0.29647535307084977, -0.6798604335249193, -0.5936663397245601, -0.5557492664939545, -0.5187996815275763, -0.517363450358259, -0.49310409650812653, -0.4636758471715825, -0.4753053204323727, -0.5600894085376134, -0.22395449690852184, -0.4847593945225417, -0.3156878416431637, -0.21932856471952072, -0.25759749366301044, -0.19367457983708403, -0.20907546769919028, -0.23456152320233914, -0.30749107829233574, -0.18544370271265007, -0.060485316787158745, -0.12492420583492395, 0.07620857605202691, 0.16831058526230727, 0.23011532775954405, 0.18555224057349934, 0.15250077588518018, 0.10609678823977975, 0.1751183287444834, 0.0871631544010632, 0.23322058477624746, 0.32535582391206846, 0.4665172209975607, 0.66285816808931, 0.7240769539469977, 0.7447542463470267, 0.6736076774298188, 0.8653706252128465, 0.6230706652831797, 0.6376556221046863, 0.39908132886400005, 1.118568976630997, 1.3739929859559272, 1.387944017410892, 1.4289735322171044, 1.3914019504753457, 1.4200674448352621, 1.3698967974458602, 1.4468284486987262, 1.2669685995430258, 1.081903278012635, 1.7980391703291931, 2.0337403037934156, 2.29196510491617, 2.121817758477044, 2.1659312868478846, 2.216369580854061, 2.160712940348776, 2.1895444080742936, 2.086321248310941, 1.827840508832283], "bean_num": 0.5, "model_info": {"det_num_x": 10, "det_num_y": 10, "det_y": 0.03, "det_x": 0.03, "size_x": 0.5, "size_y": 0.5, "med_margin": 0.0015}}