{"source": [-239.97852802198886, 108.0283743009559], "intensity": 100, "miu_detector": 0.3, "miu_medium": 1.2, "miu_air": 0.00018, "output": [0.0, 0.0, 0.0, 0.0, 0.0, 0.0, 0.0, 0.0, 0.0, 0.0, 0.0, 0.0, 0.0, 0.0, 0.0, 0.0, 0.0, 0.0, 0.0, 0.0, 0.0, 0.0, 0.0, 0.0, 0.0, 0.0, 0.0, 0.0, 0.0, 0.0, 0.0, 0.0, 0.0, 0.0, 0.0, 0.0, 0.0, 0.6928107747514953, 0.3071892252485047, 0.0], "miu_de": 0.5, "input": [1.5373971223203577, 1.969094402346756, 1.9305765452038304, 1.9923243475743768, 2.0116259440197926, 2.0432028564070355, 2.072325333814796, 2.013515832002711, 1.8629249282501839, 1.758774530116741, 0.7378954609775086, 1.127219687968523, 1.2349808044835682, 1.2953645108627228, 1.2385041829261532, 1.249419638033339, 1.2421608052578903, 1.197283624568776, 1.101731123538035, 1.2919440743005013, 0.12980915092513987, 0.38141821175040913, 0.47111280981868714, 0.5355671219081589, 0.5200563585086913, 0.4804568083544152, 0.4349278379367635, 0.4376297649629471, 0.4610161863310263, 1.1261909943962944, -0.3449588150617736, -0.13858681324697833, -0.07207533007761074, -0.11591030481463212, -0.08037191823626758, -0.011722971686710609, -0.03719184747442434, -0.04404517551649047, 0.13813657301880272, 1.128302972654987, -0.6318122343933937, -0.47445267322015083, -0.4564889526679666, -0.42534245758448014, -0.4678589306894671, -0.3909310125662693, -0.38870662939706996, -0.33733110264570093, -0.003134522886399155, 1.1005327835256888, -0.8570917030990814, -0.7671329260029736, -0.7293255928871686, -0.6987254680059063, -0.7162241189442901, -0.715928271620096, -0.6648070761686546, -0.5607563515264921, -0.08623027091585057, 1.0711294658634896, -0.9984862716242335, -0.9374053323574583, -0.8990471106072422, -0.8782601788942976, -0.8691073269305166, -0.8697354835811582, -0.8317014851476258, -0.6655645167373196, -0.12925989041722774, 1.0374321016065746, -1.0881389083797777, -1.057741646998916, -1.0208119202565649, -1.0152547790071202, -1.0184794092032212, -0.9600383795635313, -0.9412642806606885, -0.6799223175982974, -0.18729190500870108, 0.9986606215749552, -1.1460728775423787, -1.1315076645134021, -1.1139907562576457, -1.0995830994554796, -1.0910594745148683, -1.052152743971999, -0.9767774231195323, -0.7211735699588796, -0.22765027814962013, 0.9398592731867356, -1.2077895645528522, -1.1764278179135852, -1.1815176445535245, -1.1593071780662492, -1.1525581753622693, -1.1347340939366182, -1.030932824716978, -0.8575617999673526, -0.3232525676232953, 0.7481993771893911], "bean_num": 0.5, "model_info": {"det_num_x": 10, "det_num_y": 10, "det_y": 0.03, "det_x": 0.03, "size_x": 0.5, "size_y": 0.5, "med_margin": 0.0015}}