{"source": [-227.5612059909835, 175.51865202973417], "intensity": 100, "miu_detector": 0.3, "miu_medium": 1.2, "miu_air": 0.00018, "output": [0.0, 0.0, 0.0, 0.0, 0.0, 0.0, 0.0, 0.0, 0.0, 0.0, 0.0, 0.0, 0.0, 0.0, 0.0, 0.0, 0.0, 0.0, 0.0, 0.0, 0.0, 0.0, 0.0, 0.0, 0.0, 0.0, 0.0, 0.0, 0.0, 0.0, 0.0, 0.0, 0.0, 0.0, 0.0, 0.18256795839798456, 0.8174320416020154, 0.0, 0.0, 0.0], "miu_de": 0.5, "input": [1.4567690066671473, 1.788366865681234, 1.7770832938176513, 1.771599534366719, 1.7752035075381685, 1.8287784976093202, 1.8250840911520123, 1.8232278915440727, 1.780053012757755, 1.6425520020522324, 0.553576792111954, 0.842121060885477, 0.9329475316098531, 0.9202297660303546, 0.8689765328580085, 0.9202358945251955, 0.9331670660581994, 0.9310011310514308, 0.97271512380686, 1.5829580460683303, -0.08844642144213337, 0.12320565366492081, 0.2072694391343914, 0.2162518457483857, 0.2320340422249822, 0.19586784785928368, 0.22776796067040067, 0.24178591815539416, 0.6315845562501851, 1.6104609800799117, -0.5147494217139696, -0.3696773302911905, -0.3413736185603708, -0.35074291984202927, -0.3057958956093049, -0.28408275761651536, -0.24884878738931449, -0.10087674596324764, 0.5965287483029508, 1.543608617793399, -0.7873945985172536, -0.6826382798331917, -0.6718788549986292, -0.6641711347076937, -0.6305273836807626, -0.6007543395465826, -0.5165996559579795, -0.1328561885357632, 0.46922213068397245, 1.5375339943727206, -0.9908827824882278, -0.9184500041204104, -0.9007473258753208, -0.868529453969434, -0.8055942396792404, -0.8051716679428971, -0.5924121996681126, -0.22452229354986114, 0.4056623295737445, 1.5404861855686618, -1.0797619563126126, -1.037089838289695, -1.0289784090808978, -1.0076377477811818, -0.9662450496532542, -0.8661189049365617, -0.6841219734086444, -0.24631836084322578, 0.48352245944220795, 1.441437103651242, -1.1631156028779117, -1.1366916969809848, -1.117115392304975, -1.0894768373544037, -1.019273273695083, -0.9276980491343229, -0.7052732126739095, -0.26268133207092037, 0.4157579189983825, 1.4769004269955923, -1.2172355545802096, -1.1912316605224722, -1.1742717723933926, -1.1387328308715599, -1.0714664058206058, -0.9481256338058397, -0.6911594231888043, -0.3109778668641714, 0.38076570411078, 1.4586144538575248, -1.2435438995422807, -1.233548610585719, -1.2201199792560282, -1.1894223199234129, -1.1024798698328397, -1.0057491414834647, -0.7787311576201312, -0.4667614247089423, 0.166821590679275, 1.1891429338876027], "bean_num": 0.5, "model_info": {"det_num_x": 10, "det_num_y": 10, "det_y": 0.03, "det_x": 0.03, "size_x": 0.5, "size_y": 0.5, "med_margin": 0.0015}}