{"source": [149.23343066151722, -267.83938048118296], "intensity": 100, "miu_detector": 0.3, "miu_medium": 1.2, "miu_air": 0.00018, "output": [0.0, 0.0, 0.0, 0.0, 0.0, 0.0, 0.0, 0.0, 0.0, 0.0, 0.0, 0.0, 0.0, 0.7638374700664042, 0.23616252993359582, 0.0, 0.0, 0.0, 0.0, 0.0, 0.0, 0.0, 0.0, 0.0, 0.0, 0.0, 0.0, 0.0, 0.0, 0.0, 0.0, 0.0, 0.0, 0.0, 0.0, 0.0, 0.0, 0.0, 0.0, 0.0], "miu_de": 0.5, "input": [1.6903986512859608, 1.7831767029825494, 1.862359008826834, 1.7571449258428933, 1.762814379268579, 1.737750151715706, 1.702728230817542, 1.7080450252337125, 1.6850993397191247, 1.3696765374976076, 1.6304005430384922, 0.9732102839797816, 0.9278905804338475, 0.8414569047149131, 0.8250247029669947, 0.8383343260571449, 0.761299386146176, 0.7912417531083544, 0.6905113449793607, 0.4545992931406546, 1.688717390159665, 0.7181375915266573, 0.23649366274248454, 0.1644434697200531, 0.11855859865411539, 0.08661259324460556, 0.07869830911123106, 0.05156064913375431, -0.03045943097377337, -0.19728711956667866, 1.6179930287828037, 0.6423323898492781, -0.003887430769009649, -0.28383323349834383, -0.3572702754730198, -0.37767180527638694, -0.4079045632900796, -0.4054120340747955, -0.47965316779305084, -0.6103395310696983, 1.6581803826905879, 0.6341690277662461, -0.050629031698260954, -0.45132721665553305, -0.6353853740791217, -0.678995969894323, -0.7184978343790862, -0.7426595379817194, -0.7716185874262155, -0.856774953300278, 1.6196180114402545, 0.6263326793019705, -0.09791009744592123, -0.5386551807618939, -0.7565040563309866, -0.8556629900652353, -0.8881014668819763, -0.9310467750380828, -0.9212246317706456, -1.0246336129885962, 1.5594872364305274, 0.5880518388813839, -0.10528532695962833, -0.5822283220399718, -0.8160328887140315, -0.9469397519320896, -1.009758512382014, -1.0452077930409855, -1.0658071792806505, -1.1221975695317203, 1.5622081522087865, 0.5451177203318647, -0.19011994347545588, -0.5959463938794076, -0.8536096136434014, -0.9988547314327147, -1.0852159837550992, -1.112545233954173, -1.1337917618373956, -1.1723235887711236, 1.5037591480989951, 0.44944734942707815, -0.1966869484064826, -0.6540417206362696, -0.882657393128783, -1.0277575389766958, -1.1088113198338747, -1.167957394804025, -1.1950637161645659, -1.2206309071361765, 1.2218332007765085, 0.24372991161280036, -0.3921464951545154, -0.7566699346145153, -0.9618546877655332, -1.0861563188716932, -1.1608383351812626, -1.2090546078626818, -1.2304896721186247, -1.2486169198796155], "bean_num": 0.5, "model_info": {"det_num_x": 10, "det_num_y": 10, "det_y": 0.03, "det_x": 0.03, "size_x": 0.5, "size_y": 0.5, "med_margin": 0.0015}}