{"source": [-267.1196492016776, 162.54724450448825], "intensity": 100, "miu_detector": 0.3, "miu_medium": 1.2, "miu_air": 0.00018, "output": [0.0, 0.0, 0.0, 0.0, 0.0, 0.0, 0.0, 0.0, 0.0, 0.0, 0.0, 0.0, 0.0, 0.0, 0.0, 0.0, 0.0, 0.0, 0.0, 0.0, 0.0, 0.0, 0.0, 0.0, 0.0, 0.0, 0.0, 0.0, 0.0, 0.0, 0.0, 0.0, 0.0, 0.0, 0.0, 0.0, 0.48014284954577885, 0.5198571504542212, 0.0, 0.0], "miu_de": 0.5, "input": [1.6395643306891647, 1.4322027062801932, 1.3451578454388076, 1.3126826041214719, 1.2385959881643416, 1.2944510203839714, 1.3254951806043904, 1.294157297681572, 1.214687730145418, 0.9844168135315914, 1.799232521087193, 1.022799252535919, 0.5028549582417845, 0.2764341626538121, 0.26405120358591844, 0.19650427639783535, 0.10713662212625036, 0.15193185045770857, 0.15363895667177452, -0.09441554240380148, 1.9537315215500632, 1.1224796679315368, 0.4375374122328346, -0.11482634136117303, -0.3303539837319027, -0.4286106692020934, -0.4728784166854961, -0.48479889653731617, -0.5295781894536224, -0.6745321591407104, 1.912767686809526, 1.03608206164664, 0.39898718917926024, -0.16685718049436457, -0.4802382181391569, -0.6622040670188055, -0.7814196905755971, -0.8428632704977596, -0.892790904594336, -0.9598444001133675, 2.094428457825436, 1.104200231137338, 0.35301398362864844, -0.15385280565357662, -0.5042023295159849, -0.7502809249331064, -0.8788971849553764, -0.9838535385243139, -1.0390915596082952, -1.0987675771369287, 1.9127314784848108, 1.1357627273834547, 0.3760178378829223, -0.18419149352797937, -0.49499632880611455, -0.7630397646114327, -0.924547345808343, -1.0385671520634658, -1.1065019075942797, -1.1639195583006499, 1.8910548284314157, 1.1218561100675815, 0.36189271052031047, -0.1802997003773213, -0.48047464317394156, -0.7889771266729774, -0.9132082394572312, -1.0477436165372986, -1.135758738861887, -1.1853628618677585, 1.934266311894682, 1.0597035042966043, 0.3283809170010052, -0.16915593262818635, -0.576580349959382, -0.8063038613558124, -0.9586281875778085, -1.064226791838586, -1.1400371545346413, -1.2149176604212812, 1.7864822009291386, 1.0035528916415224, 0.24161318995603276, -0.24964819424001097, -0.5904094560247262, -0.8452089934894657, -0.9988470701805172, -1.0823657291977118, -1.154639747960133, -1.2058357103408663, 1.5503436295757418, 0.7414494940178532, 0.011007929808141702, -0.42554579480532007, -0.6907353066828861, -0.9194227796645404, -1.0475998679249974, -1.1254792539093237, -1.1867527561924658, -1.2402523677651844], "bean_num": 0.5, "model_info": {"det_num_x": 10, "det_num_y": 10, "det_y": 0.03, "det_x": 0.03, "size_x": 0.5, "size_y": 0.5, "med_margin": 0.0015}}