{"source": [-244.8415437532369, -196.4794023573778], "intensity": 100, "miu_detector": 0.3, "miu_medium": 1.2, "miu_air": 0.00018, "output": [0.0, 0.0, 0.0, 0.0, 0.694866899524261, 0.305133100475739, 0.0, 0.0, 0.0, 0.0, 0.0, 0.0, 0.0, 0.0, 0.0, 0.0, 0.0, 0.0, 0.0, 0.0, 0.0, 0.0, 0.0, 0.0, 0.0, 0.0, 0.0, 0.0, 0.0, 0.0, 0.0, 0.0, 0.0, 0.0, 0.0, 0.0, 0.0, 0.0, 0.0, 0.0], "miu_de": 0.5, "input": [1.1430382457611312, 1.3866377398479675, 1.453966365213829, 1.3781915046178514, 1.4713221486426973, 1.4819365568290828, 1.367633954763709, 1.4385874166739712, 1.3709953594773168, 1.5844886135633875, 0.10419455351125079, 0.2869039400244239, 0.2865268884741839, 0.3159229710452775, 0.40669968227244524, 0.3364552129358595, 0.4231327568623206, 0.4867120610381201, 0.9712346883415501, 1.6912542264171884, -0.5376117179777883, -0.4580270481767915, -0.39293307044851855, -0.3382696713981617, -0.3272727238106622, -0.22970072904064237, -0.07736725163077077, 0.3038905821550255, 0.9895173173586387, 1.8193229983094763, -0.9157693954654906, -0.7868027831904747, -0.7898585153636127, -0.7119231992571567, -0.7101935801085736, -0.5292861279324172, -0.2213781561452115, 0.33801166280708306, 1.0890588009066713, 1.883179275370223, -1.0532916173005145, -0.9633476716314896, -0.9533344609792569, -0.926387288438727, -0.7493947187262013, -0.5272262023441933, -0.2054332145961752, 0.31483148711463393, 1.0179631391639783, 1.8697597339514687, -1.157012779157053, -1.0902164551389308, -1.022633077826358, -0.9725533844582367, -0.7581347398987216, -0.5519054206465012, -0.23869615536609512, 0.30263152617572714, 0.9691067481945395, 1.845979899074216, -1.2028138843210268, -1.1288690124742262, -1.0939409071367214, -0.9702633941197683, -0.8457088979200993, -0.6301606090347253, -0.22917106207037666, 0.3062768397028415, 0.9826332664151081, 1.9012356935186598, -1.2163022263289895, -1.1734204281785052, -1.0719061515281498, -0.9888150186153672, -0.8737765154508248, -0.6177093784400549, -0.22641342597135722, 0.26209900945998116, 1.0099359184292274, 1.907998279128691, -1.2313029230120631, -1.155982536096351, -1.1121884423374149, -1.0191955465368479, -0.8520056196287221, -0.6520500442679086, -0.35516939298292044, 0.2689866465860574, 0.9066632979528738, 1.8609871787182601, -1.2641670066337811, -1.2122674553669344, -1.1448913187619205, -1.0486320289747406, -0.963475756586829, -0.7866762734559313, -0.4634877661706341, -0.007745926920697446, 0.6137441720927871, 1.5848217468788728], "bean_num": 0.5, "model_info": {"det_num_x": 10, "det_num_y": 10, "det_y": 0.03, "det_x": 0.03, "size_x": 0.5, "size_y": 0.5, "med_margin": 0.0015}}