{"source": [178.97120877214402, 258.73421270669064], "intensity": 100, "miu_detector": 0.3, "miu_medium": 1.2, "miu_air": 0.00018, "output": [0.0, 0.0, 0.0, 0.0, 0.0, 0.0, 0.0, 0.0, 0.0, 0.0, 0.0, 0.0, 0.0, 0.0, 0.0, 0.0, 0.0, 0.0, 0.0, 0.0, 0.0, 0.0, 0.0, 0.0, 0.0, 0.0, 0.85248019656678, 0.14751980343322005, 0.0, 0.0, 0.0, 0.0, 0.0, 0.0, 0.0, 0.0, 0.0, 0.0, 0.0, 0.0], "miu_de": 0.5, "input": [-1.2448775000563337, -1.1969669010211073, -1.1560239394290734, -1.0559042554937779, -0.9428840181938922, -0.7730727262105828, -0.48331601887817127, -0.05879291108527301, 0.6561023863920319, 1.4843661697095516, -1.2278353805455273, -1.1848408494598426, -1.117249304595698, -1.034489593047474, -0.8661171058878498, -0.6854145946080742, -0.32578462109479617, 0.1967058531101682, 0.9451840558881929, 1.8639181178900026, -1.218231110345223, -1.1589697908618146, -1.111154424079885, -0.9747701668039677, -0.856603539944996, -0.582843447421274, -0.3105262805963463, 0.24582277817207876, 1.0016759922563712, 1.8410202528570339, -1.1747362911170998, -1.1411572654692532, -1.0837463792288367, -0.9895886664067959, -0.8209428828746549, -0.5858400591336214, -0.26455355117679624, 0.2530720489005066, 0.9771517181187447, 1.8102057562064071, -1.1406942026170672, -1.0839788296478683, -1.0383585410758043, -0.969161358231116, -0.8372641780620075, -0.607993564277349, -0.2581568264943325, 0.22226944406064497, 1.0379555110315923, 1.865771289867268, -1.040405520930797, -0.9611102366570259, -0.9314563141961373, -0.890309871471895, -0.7445236045388947, -0.5919023892138207, -0.22962023981929655, 0.22618736345107804, 1.0013631226920536, 1.8550397219287695, -0.8808963851588164, -0.7797947941234676, -0.7365351748169543, -0.7104766681752893, -0.6491906493788018, -0.5080760517583092, -0.1909218889635276, 0.276095111781325, 1.0049437779029715, 1.8545438014554851, -0.5169273976146028, -0.38913505938127546, -0.3755821594585936, -0.34122950197250257, -0.2774200366175533, -0.2377012616675017, -0.09116609526978305, 0.2816815351351582, 0.9686735150043698, 1.8479079874168913, 0.015823974696028153, 0.2893543156552826, 0.2952037792148222, 0.3457165357179645, 0.37563962822040187, 0.45043503370597215, 0.43512517844635656, 0.5833260205219682, 0.9760147977299305, 1.767295558459844, 1.1150474582783914, 1.4148652657900935, 1.447855573412502, 1.420246593868596, 1.400527116038372, 1.4060850097991568, 1.4500279474597089, 1.5357446414066391, 1.5328481669291736, 1.662382470078512], "bean_num": 0.5, "model_info": {"det_num_x": 10, "det_num_y": 10, "det_y": 0.03, "det_x": 0.03, "size_x": 0.5, "size_y": 0.5, "med_margin": 0.0015}}