{"source": [-1.3029054635487667, 317.1890946278469], "intensity": 100, "miu_detector": 0.3, "miu_medium": 1.2, "miu_air": 0.00018, "output": [0.0, 0.0, 0.0, 0.0, 0.0, 0.0, 0.0, 0.0, 0.0, 0.0, 0.0, 0.0, 0.0, 0.0, 0.0, 0.0, 0.0, 0.0, 0.0, 0.0, 0.0, 0.0, 0.0, 0.0, 0.0, 0.0, 0.0, 0.0, 0.0, 0.0, 0.9738499611551935, 0.026150038844806454, 0.0, 0.0, 0.0, 0.0, 0.0, 0.0, 0.0, 0.0], "miu_de": 0.5, "input": [-1.0271543377498218, -0.9556900904384293, -0.9023012074582143, -0.7845292878913345, -0.6690313674740432, -0.4817584596037979, -0.1591461604926263, 0.2747506635223805, 0.9524022586933355, 1.744286396130969, -0.9849941130705304, -0.9108101212698578, -0.8088008559268237, -0.7049953749164793, -0.46988753944811573, -0.27364101036358207, 0.08573593061178986, 0.616570537594007, 1.357987203026043, 2.1083973378501364, -0.9825635417235419, -0.895191538590865, -0.7942866859356896, -0.6813688002136219, -0.45670490435289335, -0.2307373403035487, 0.17946737476453392, 0.7416087278897542, 1.3934717312436613, 2.149357307364989, -0.9743126984848969, -0.8875055509526544, -0.7857583482602656, -0.6528639518468091, -0.4903464204491221, -0.17536775906592153, 0.23779627617938587, 0.7218903161901327, 1.5034444570499708, 2.20815964219802, -0.9692313903817141, -0.8618638994364238, -0.7910425108920203, -0.6466188616536889, -0.4583158258296363, -0.1489984532830784, 0.27232857349953443, 0.6837901586175028, 1.4825731816577912, 2.2478336961912384, -0.967341110618557, -0.8750140769596074, -0.7850857167859575, -0.5927907740521902, -0.4299326136135612, -0.18567035829945971, 0.2377950771679644, 0.7620316786784757, 1.4097020375310767, 2.165011559380104, -0.9592971506901596, -0.9033005543465645, -0.7868748220103502, -0.6247501969788994, -0.44591324008818384, -0.1700791251547235, 0.18182776403544598, 0.7048562027841352, 1.4799622784527469, 2.2282377559468767, -0.9832611559539812, -0.9043181450021474, -0.7895826137288067, -0.6635119806430291, -0.47151731345128417, -0.20625709112868995, 0.1397338131125404, 0.7191431995728723, 1.4236712091651924, 2.290791464775863, -0.9819881394402968, -0.9400971013883412, -0.844203466432542, -0.6972949820299202, -0.5039593968633902, -0.24465841012503498, 0.11373912983124158, 0.5707746827267532, 1.3474159280206308, 2.1670568427458274, -1.0390581736113709, -0.9791170873426249, -0.8975456678772421, -0.8125187396272152, -0.6295625500836288, -0.465342156874858, -0.1438124684854754, 0.3142271589264543, 1.022041225306703, 1.6996040090120756], "bean_num": 0.5, "model_info": {"det_num_x": 10, "det_num_y": 10, "det_y": 0.03, "det_x": 0.03, "size_x": 0.5, "size_y": 0.5, "med_margin": 0.0015}}