{"source": [-16.615601052195952, 325.46027689146473], "intensity": 100, "miu_detector": 0.3, "miu_medium": 1.2, "miu_air": 0.00018, "output": [0.0, 0.0, 0.0, 0.0, 0.0, 0.0, 0.0, 0.0, 0.0, 0.0, 0.0, 0.0, 0.0, 0.0, 0.0, 0.0, 0.0, 0.0, 0.0, 0.0, 0.0, 0.0, 0.0, 0.0, 0.0, 0.0, 0.0, 0.0, 0.0, 0.0, 0.6752708287636988, 0.32472917123630124, 0.0, 0.0, 0.0, 0.0, 0.0, 0.0, 0.0, 0.0], "miu_de": 0.5, "input": [1.0235176481435446, 1.2704448276594773, 1.2130737838308434, 1.3334040743208462, 1.3133608320587011, 1.278576812031666, 1.3654414360865972, 1.193653808790825, 1.4407857437832803, 1.6776540781026104, -0.13140150597209505, 0.09967458507750272, 0.11067307816101606, 0.11375277739899901, 0.1023343247610699, 0.1938169914907667, 0.29973773868931586, 0.3897048349089953, 1.080843378714355, 1.763639682794627, -0.6549499067674852, -0.5526718635312524, -0.4801990909773354, -0.43830134929061987, -0.4862787858928844, -0.36074763333212734, -0.1252880841181964, 0.3768642831367231, 1.1188840433423854, 1.7842252195233992, -0.9819222683487436, -0.8763094747016719, -0.8663560522891806, -0.7784337676736859, -0.6651364279297495, -0.4454088616481342, -0.07411914341971391, 0.3996666736770908, 1.064056703547464, 1.9065510635845664, -1.1049626791874032, -1.0305862442560725, -0.9796023187659227, -0.8828255090702367, -0.7069211501727182, -0.5023608800033933, -0.11912026496004981, 0.41731105340675495, 1.189907726523954, 1.953836174590853, -1.1578841252023553, -1.1052573592264137, -1.011820315225615, -0.9195056778168306, -0.7934531141421226, -0.5740079371239729, -0.13380815047709915, 0.38955170324594657, 1.2005752156175697, 1.9405329737457475, -1.1564843531114168, -1.1607415438123385, -1.0862458583649386, -0.9683847753455761, -0.7722075093102652, -0.5291151900873522, -0.1706904540008855, 0.3729108563854653, 1.087476901539039, 1.924224505328105, -1.2038238310214686, -1.1553192079092576, -1.0603551816246692, -0.9486822599396484, -0.7702395855922685, -0.5615052278314605, -0.1438659800396764, 0.3532287162083651, 1.1223986162744586, 1.962456873742031, -1.2394246545284058, -1.1645940407543731, -1.104020345499163, -0.9893557926240983, -0.824523423706024, -0.5767244170853286, -0.18841717169754815, 0.3176176410426171, 1.0026128924696418, 1.919471554199552, -1.2409045734688209, -1.2111065930139684, -1.1311829173512586, -1.010193270117021, -0.8919303769829938, -0.6936821972053634, -0.43501903616853976, 0.041531643066548246, 0.7105261576607049, 1.5078700810531809], "bean_num": 0.5, "model_info": {"det_num_x": 10, "det_num_y": 10, "det_y": 0.03, "det_x": 0.03, "size_x": 0.5, "size_y": 0.5, "med_margin": 0.0015}}