{"source": [73.20184777057352, 319.6097100783384], "intensity": 100, "miu_detector": 0.3, "miu_medium": 1.2, "miu_air": 0.00018, "output": [0.0, 0.0, 0.0, 0.0, 0.0, 0.0, 0.0, 0.0, 0.0, 0.0, 0.0, 0.0, 0.0, 0.0, 0.0, 0.0, 0.0, 0.0, 0.0, 0.0, 0.0, 0.0, 0.0, 0.0, 0.0, 0.0, 0.0, 0.0, 0.4333608203849982, 0.5666391796150019, 0.0, 0.0, 0.0, 0.0, 0.0, 0.0, 0.0, 0.0, 0.0, 0.0], "miu_de": 0.5, "input": [1.7174387843352676, 2.0136632727936843, 2.01868313402416, 2.132345491633162, 2.008630547855102, 1.9550048953453198, 2.0328674316372597, 2.0387782754922057, 2.0164348577767575, 1.5799476189785298, 0.9238047888741103, 1.2178195062761308, 1.2943165277774777, 1.3174671339334743, 1.3338380733287534, 1.258300752920738, 1.2203846065785064, 1.2589869383414862, 1.234653718022656, 1.1739488556845377, 0.24103847956791738, 0.4635519890830929, 0.5265053683017312, 0.6007815813824436, 0.564013276477016, 0.5997397513135521, 0.5509536377399012, 0.6326037124952705, 0.5027657631881113, 1.0724644388315887, -0.279665880432204, -0.046748069047494754, -0.008533239113127582, -0.03697577761936507, -0.033592771443633464, 0.004462719456626013, 0.051929247849337744, 0.0055778353315322545, 0.11119061824341103, 1.0012050374511043, -0.5449351455874483, -0.44651815757814417, -0.4422441879460524, -0.406087510048648, -0.3980024869140716, -0.35943783023035164, -0.40481759689368124, -0.33952998392741857, -0.1175224710490304, 0.8979165572068404, -0.8250959285552962, -0.7049272042362382, -0.6833159983820678, -0.6702710697169526, -0.6904416174868105, -0.648080352551295, -0.6644149060395659, -0.5916289405306384, -0.2733950696270665, 0.7614540074873622, -0.9748080285457225, -0.8883875223180907, -0.8439009809680993, -0.8561837293933371, -0.8737888903441423, -0.86003268972217, -0.8015314086072888, -0.7247733400390991, -0.3336734835761957, 0.8115772485335399, -1.0858930270934348, -1.0174997205872867, -0.9828130012908638, -0.9773026792068851, -0.9813641075238505, -0.9843155117518938, -0.9144210848577858, -0.7782316958218574, -0.3799588634799095, 0.7198587540099414, -1.141627804315171, -1.090969699417177, -1.0907251975288896, -1.0709885489255568, -1.0653158406688858, -1.0590590128347184, -0.9907124141201414, -0.8726579990942851, -0.4191085224874429, 0.7910360465191186, -1.1779959429046791, -1.1637153936637459, -1.144844493954683, -1.1498177945073382, -1.1479683699558538, -1.1278326039899151, -1.1046890074689466, -0.9296197477656786, -0.5762094456996574, 0.5409785173085153], "bean_num": 0.5, "model_info": {"det_num_x": 10, "det_num_y": 10, "det_y": 0.03, "det_x": 0.03, "size_x": 0.5, "size_y": 0.5, "med_margin": 0.0015}}