{"source": [-193.5790376101711, 272.9285050891606], "intensity": 100, "miu_detector": 0.3, "miu_medium": 1.2, "miu_air": 0.00018, "output": [0.0, 0.0, 0.0, 0.0, 0.0, 0.0, 0.0, 0.0, 0.0, 0.0, 0.0, 0.0, 0.0, 0.0, 0.0, 0.0, 0.0, 0.0, 0.0, 0.0, 0.0, 0.0, 0.0, 0.0, 0.0, 0.0, 0.0, 0.0, 0.0, 0.0, 0.0, 0.0, 0.0, 0.07257780052798767, 0.9274221994720123, 0.0, 0.0, 0.0, 0.0, 0.0], "miu_de": 0.5, "input": [1.5923062505608234, 1.6439353052466161, 1.6092342066771952, 1.7393801194907996, 1.6986883051257704, 1.6685484406522073, 1.695994390788168, 1.7103932821039562, 1.7615156096318159, 1.390239632794618, 1.6245083315356907, 0.8917934437475101, 0.753666687715621, 0.8060622995162345, 0.7709911122837768, 0.6867830516253675, 0.7377564078518437, 0.8042838644913303, 0.6777244073532206, 0.3837349426099103, 1.7914230042991686, 0.7197124682276398, 0.16395247409108846, 0.07020855304860715, 0.04488508635597997, 0.10632575345326048, 0.03601509971762141, 0.029224343426382367, -0.03561552734153525, -0.27188195509636276, 1.7350101246164207, 0.6470457937497874, -0.010165224808510467, -0.2726187058246506, -0.34175626131217507, -0.369368981650099, -0.42039610777931696, -0.4248235750388995, -0.4765818305909601, -0.6406554241257856, 1.5946652718809589, 0.7230931535456475, -0.08207307965153872, -0.44399408437922144, -0.68047014019348, -0.6844611101796053, -0.7405162411242623, -0.7771878821096999, -0.7744213697504092, -0.8816820772274735, 1.7329211544633998, 0.7285734109139191, -0.0852090878287264, -0.49142384441719356, -0.7763653142753295, -0.9287648033584079, -0.9498624511787258, -0.9411287692347267, -0.974326249514453, -1.0234077988707995, 1.614161848405534, 0.7642585988956431, -0.01799514204415329, -0.571161773278675, -0.7302350747614003, -0.9924088614034738, -1.0563761727253667, -1.070584336797583, -1.108235898961648, -1.1627441393325284, 1.601825008807752, 0.6225147281448998, -0.038146335635651875, -0.5074509846612691, -0.8442683015233744, -0.9546717521610696, -1.0653008033265643, -1.1265944917337123, -1.1647705187009134, -1.2058220080794202, 1.6344647741706697, 0.6253873009723114, -0.13231371617730034, -0.539959296598611, -0.8250258205935289, -0.9969644952933876, -1.1160633618020308, -1.1689922385386724, -1.213430354488998, -1.234342844463168, 1.2160350264377866, 0.37181682163074153, -0.2966116406227709, -0.696079119056487, -0.920778229919348, -1.073033403136312, -1.1577370176282245, -1.2158130400551639, -1.2585992223346472, -1.2593915983598793], "bean_num": 0.5, "model_info": {"det_num_x": 10, "det_num_y": 10, "det_y": 0.03, "det_x": 0.03, "size_x": 0.5, "size_y": 0.5, "med_margin": 0.0015}}