{"source": [335.4930743731149, -48.10056985093129], "intensity": 100, "miu_detector": 0.3, "miu_medium": 1.2, "miu_air": 0.00018, "output": [0.0, 0.0, 0.0, 0.0, 0.0, 0.0, 0.0, 0.0, 0.0, 0.0, 0.0, 0.0, 0.0, 0.0, 0.0, 0.0, 0.0, 0.0, 0.0, 0.9065613776010943, 0.09343862239890569, 0.0, 0.0, 0.0, 0.0, 0.0, 0.0, 0.0, 0.0, 0.0, 0.0, 0.0, 0.0, 0.0, 0.0, 0.0, 0.0, 0.0, 0.0, 0.0], "miu_de": 0.5, "input": [-0.3139507245224444, -0.9951863456608258, -1.0654695845140125, -1.0691583693250826, -1.052528655546325, -1.054871730283974, -1.0609185036174085, -1.0765521141458665, -1.0768698957983796, -1.1137894088826503, -0.164264709449096, -0.903949800308459, -0.9595078518320442, -0.9757567139084438, -0.9645217023380813, -0.947283950273764, -0.9697622416544803, -0.9933657859644706, -1.017905422457315, -1.0472694669622291, -0.17823296640789646, -0.8236673028013412, -0.861861598587363, -0.8852489809552675, -0.8745896286852779, -0.8709417816357451, -0.8708542938137654, -0.8945757469865143, -0.9034231752341424, -0.9729064693974283, -0.1465822677368942, -0.6891681085118353, -0.7078171587359698, -0.7434520705030164, -0.7357191588657234, -0.7144724353487231, -0.7535402262795994, -0.734333348544478, -0.7694369443117479, -0.8747452394780291, -0.04210739452657769, -0.4946832593790973, -0.5397414776573262, -0.5319830710753142, -0.5506439570135365, -0.5293027763046868, -0.5085446450304169, -0.5245696154724867, -0.5815446201688987, -0.7128415575711545, 0.05452408713676535, -0.29228079872110646, -0.24511009031232345, -0.24541674727044435, -0.23091225815249958, -0.275891812892272, -0.2765190583094762, -0.2646920381694117, -0.30226377432345236, -0.4953054039305114, 0.2230974341213022, 0.056324975943596735, 0.16044804904261636, 0.15210348700430926, 0.13022644785032408, 0.20641384052251582, 0.20985601707778326, 0.17626387866408363, 0.0632160613222281, -0.18242364940409528, 0.5415188518698506, 0.5505956294507347, 0.7171397854942317, 0.7433649172647308, 0.6960351100111072, 0.7497015980639828, 0.7302321069719585, 0.7165079000420616, 0.5377458670579707, 0.2859639898217713, 1.0413409880507256, 1.4010825648263243, 1.3774601588838984, 1.4863993760469185, 1.4658949899817755, 1.420682677254098, 1.40277364695803, 1.4429725953241332, 1.3334511705138041, 0.9240595310592133, 1.7602678029412933, 2.0995732658311113, 2.1081179368770924, 2.198154645076338, 2.1496704892009815, 2.148852879808638, 2.1890391887629437, 2.159080828106878, 2.1436074837261105, 1.7014676319869853], "bean_num": 0.5, "model_info": {"det_num_x": 10, "det_num_y": 10, "det_y": 0.03, "det_x": 0.03, "size_x": 0.5, "size_y": 0.5, "med_margin": 0.0015}}