{"source": [187.6990915963513, 291.9894142407597], "intensity": 100, "miu_detector": 0.3, "miu_medium": 1.2, "miu_air": 0.00018, "output": [0.0, 0.0, 0.0, 0.0, 0.0, 0.0, 0.0, 0.0, 0.0, 0.0, 0.0, 0.0, 0.0, 0.0, 0.0, 0.0, 0.0, 0.0, 0.0, 0.0, 0.0, 0.0, 0.0, 0.0, 0.0, 0.0, 0.6371179426378467, 0.36288205736215334, 0.0, 0.0, 0.0, 0.0, 0.0, 0.0, 0.0, 0.0, 0.0, 0.0, 0.0, 0.0], "miu_de": 0.5, "input": [-1.2434658785724515, -1.1962495504812996, -1.1475109275575561, -1.0672300381677347, -0.9565084567018342, -0.7651107015867529, -0.4335430778551679, -0.002185483522194841, 0.5725166935295238, 1.5810287389562174, -1.221834846692959, -1.1801044056607617, -1.1011708643495461, -1.012510517247352, -0.8426350235001845, -0.635402177565078, -0.30150765051861406, 0.2411972078396919, 0.997900317140459, 1.871174768596071, -1.2070467392980933, -1.1579006963330556, -1.0908262793826975, -0.9952932998308593, -0.8345166330461496, -0.5750101991690199, -0.22328630055836987, 0.24607983993343027, 1.0036742228078408, 1.882681181061005, -1.1898092737729298, -1.142128643223565, -1.0542563960144777, -0.9946224173323076, -0.8082563173095149, -0.5888106768536324, -0.26048446519969737, 0.29883354611197216, 1.0085723767402746, 1.8710933623717292, -1.16073082165871, -1.1034669169044347, -1.0257946198940002, -0.9310822109898959, -0.7967166039702264, -0.562596917792724, -0.20185646312327624, 0.28989671074776685, 0.9900452584902124, 1.865468923871226, -1.0814857174517314, -1.0144653038636775, -0.9526785468052682, -0.8963935501441226, -0.7648046995549259, -0.5240627169511305, -0.20868669732471043, 0.32256148044938865, 1.0199450902347678, 1.9033877789173181, -0.8778361417457954, -0.8164016037554483, -0.7797350522984672, -0.7454298185184832, -0.6244338822673832, -0.4699451554230964, -0.1829803746464248, 0.2951149894120937, 0.9927515563915588, 1.882689261166777, -0.5687512177123106, -0.47379838181626255, -0.432292534609694, -0.36747403804678014, -0.3524304705582543, -0.2824654873700129, -0.07590364432508045, 0.3410884019307531, 1.0815587783096603, 1.8908606796229595, 0.008414236552695754, 0.20901867474050032, 0.28980800777085736, 0.2635696627719788, 0.31435897337359864, 0.3447827410190065, 0.40454997917642205, 0.5018322274421861, 1.0081760669391966, 1.779843562835675, 1.112725228332767, 1.2809763350440677, 1.3047265407874629, 1.3726025389263499, 1.4222001589288134, 1.4272287297376867, 1.4877053555936028, 1.401031588757198, 1.4686080888735178, 1.651637664589923], "bean_num": 0.5, "model_info": {"det_num_x": 10, "det_num_y": 10, "det_y": 0.03, "det_x": 0.03, "size_x": 0.5, "size_y": 0.5, "med_margin": 0.0015}}