{"source": [-366.77307792029137, 33.202128696587664], "intensity": 100, "miu_detector": 0.3, "miu_medium": 1.2, "miu_air": 0.00018, "output": [0.4252665444053435, 0.0, 0.0, 0.0, 0.0, 0.0, 0.0, 0.0, 0.0, 0.0, 0.0, 0.0, 0.0, 0.0, 0.0, 0.0, 0.0, 0.0, 0.0, 0.0, 0.0, 0.0, 0.0, 0.0, 0.0, 0.0, 0.0, 0.0, 0.0, 0.0, 0.0, 0.0, 0.0, 0.0, 0.0, 0.0, 0.0, 0.0, 0.0, 0.5747334555946565], "miu_de": 0.5, "input": [1.7040762497565076, 1.9298849345987568, 2.0289546585746865, 2.0138048112452847, 2.005853304251686, 2.0180773837366726, 1.9791227317328322, 2.0167898013737053, 1.90043765982575, 1.5576431076738249, 1.2729842589914586, 1.137426211751212, 1.2135305800969485, 1.2381537529614286, 1.1721506080490847, 1.2119555083976725, 1.1990651981414735, 1.167242338382751, 1.1531790332968885, 0.8138991995909185, 1.203717032657184, 0.46303704974087756, 0.4827912639729829, 0.4800088859671414, 0.4389423482910203, 0.4698160648648739, 0.41830733520545155, 0.45570993684154754, 0.36716368002020244, 0.1179903020262506, 1.1498450891984986, 0.11321998783660928, -0.03560473330406631, -0.04913633563508914, -0.05504265063043785, -0.08984559488634074, -0.07466715491725728, -0.10839656691986979, -0.15310147020917994, -0.3195020691077018, 1.0762409144030982, 0.0039754136181404925, -0.3272851604076133, -0.3883767767659127, -0.4485622444802079, -0.4666231328321493, -0.4605969128058249, -0.47730518858431725, -0.5301721711461099, -0.6646203322058494, 1.0910145441801828, -0.040035577187180434, -0.5482314808513081, -0.677943672308116, -0.7037349913356019, -0.705707915345289, -0.7054047479045049, -0.7189697310195589, -0.7701898695157149, -0.8541921487088224, 1.064776027111161, -0.11352002666983761, -0.6476883700618707, -0.8233506140313009, -0.8570870704108016, -0.8746113306126477, -0.9123687498151071, -0.9076989126450639, -0.9356798625392725, -1.0161769147011375, 1.096729676719223, -0.07690355992791087, -0.6824305964306003, -0.9137251057306591, -0.960966257504555, -0.9898490025950035, -1.0282568188028067, -1.0451117199934081, -1.0463016015319813, -1.1044687893880525, 1.0160545576652034, -0.17433928342215108, -0.7160161393932241, -0.955796731526384, -1.058906109187615, -1.0845347992753216, -1.0981649901667, -1.1104780879141198, -1.1221059999202903, -1.1707553309810421, 0.7480814014900294, -0.298048181827618, -0.8333724955510822, -1.0360440704206195, -1.1319374645561213, -1.1565541039076397, -1.1793870914292308, -1.1782961108615406, -1.1780513150268515, -1.1994206064656239], "bean_num": 0.5, "model_info": {"det_num_x": 10, "det_num_y": 10, "det_y": 0.03, "det_x": 0.03, "size_x": 0.5, "size_y": 0.5, "med_margin": 0.0015}}