{"source": [-353.41262900621047, 140.42489165358745], "intensity": 100, "miu_detector": 0.3, "miu_medium": 1.2, "miu_air": 0.00018, "output": [0.0, 0.0, 0.0, 0.0, 0.0, 0.0, 0.0, 0.0, 0.0, 0.0, 0.0, 0.0, 0.0, 0.0, 0.0, 0.0, 0.0, 0.0, 0.0, 0.0, 0.0, 0.0, 0.0, 0.0, 0.0, 0.0, 0.0, 0.0, 0.0, 0.0, 0.0, 0.0, 0.0, 0.0, 0.0, 0.0, 0.0, 0.4077658237834898, 0.5922341762165102, 0.0], "miu_de": 0.5, "input": [0.8562681163221424, 1.0847893624336928, 1.1573219823305623, 1.1813327022529854, 1.1968704686823957, 1.209757452282831, 1.2410977498983171, 1.27783104457561, 1.424763944497139, 1.6576902884786406, -0.24334572434738844, -0.03340926353293226, -0.0030720726018211952, 0.08313641106960833, 0.03674929839815146, 0.11923578908891316, 0.20133653881452176, 0.47332959868910834, 1.129449304901253, 1.9194408671351304, -0.7515866416250685, -0.6401920364260756, -0.6130307816181015, -0.5865648652779271, -0.4981694652933727, -0.321450382012193, -0.050811588433753205, 0.42334347943793005, 1.161110766478749, 1.9005296784747046, -1.0141295158143866, -0.9359265997759157, -0.8896673288453005, -0.8186346742300469, -0.6891836442964757, -0.4511545489349479, -0.097952495827643, 0.3860289918262009, 1.1659239924452653, 2.007462625123876, -1.1260966591757882, -1.048159058940984, -0.9604108328950332, -0.8721460636200962, -0.7364038413078147, -0.4553672290751883, -0.07365189437181892, 0.44641899549578007, 1.1810828132332163, 1.9715562870578638, -1.168597436442048, -1.0949114074686597, -0.9947891663880406, -0.9156893015022853, -0.7383415355031874, -0.4866447689086332, -0.07282540351358531, 0.4472405478602158, 1.1368007919248593, 2.0105061253599525, -1.1770326287097919, -1.120964942554701, -1.046918821477717, -0.9182773682892427, -0.7351306794903076, -0.4866051370820886, -0.13368260469140142, 0.3977632806868414, 1.22697260116297, 1.9634719988784701, -1.1963675741798607, -1.112928874584783, -1.057189490516072, -0.9205288920411326, -0.7686346062223862, -0.5073116300069908, -0.1269681130141308, 0.409824189361986, 1.1890644906891599, 1.903726462649122, -1.2029999004669296, -1.1273315480961017, -1.071949657278644, -0.9612452782877803, -0.8120808605489113, -0.5454214388476469, -0.19065992186708403, 0.28002696573659697, 1.0519050017772265, 1.8484363549429366, -1.2220374048781772, -1.1869648271121491, -1.1263837201543885, -1.0149393037503074, -0.8850711122525231, -0.6765974933076874, -0.38878568804266816, 0.10551690333331785, 0.7167013086583297, 1.5215101733115548], "bean_num": 0.5, "model_info": {"det_num_x": 10, "det_num_y": 10, "det_y": 0.03, "det_x": 0.03, "size_x": 0.5, "size_y": 0.5, "med_margin": 0.0015}}