{"source": [278.3056232891747, 266.16412756533623], "intensity": 100, "miu_detector": 0.3, "miu_medium": 1.2, "miu_air": 0.00018, "output": [0.0, 0.0, 0.0, 0.0, 0.0, 0.0, 0.0, 0.0, 0.0, 0.0, 0.0, 0.0, 0.0, 0.0, 0.0, 0.0, 0.0, 0.0, 0.0, 0.0, 0.0, 0.0, 0.0, 0.0, 0.14194058313570349, 0.8580594168642965, 0.0, 0.0, 0.0, 0.0, 0.0, 0.0, 0.0, 0.0, 0.0, 0.0, 0.0, 0.0, 0.0, 0.0], "miu_de": 0.5, "input": [1.752280359853409, 1.0323248496850899, 0.3738291829380425, -0.018621862886363624, -0.3794937390103769, -0.5071179686116273, -0.6520510742868602, -0.7358323752055904, -0.7589181961024081, -0.8440700277178613, 2.052919285117727, 1.3601058457522501, 0.602724886220051, 0.08735268690174697, -0.2225699455583104, -0.5151935238008086, -0.7051897432825451, -0.7984465598137379, -0.9233203929154772, -1.0116016285414018, 2.2865283582242495, 1.47454103116786, 0.6879417515280098, 0.1783196858858967, -0.20481867264344794, -0.5238442370100473, -0.7041962891428099, -0.8364912401387609, -0.9554995557894607, -1.013388783906609, 2.156700021345222, 1.5070026092434243, 0.7621850140411827, 0.16848034881764334, -0.17764893739436027, -0.47690156539132467, -0.6784698242012714, -0.8081005152720828, -0.915816936603167, -0.9945189556650553, 2.2026161949804157, 1.4225145412198883, 0.7943772446258415, 0.2872801632794963, -0.07989232849813256, -0.4249936444398057, -0.645144073519825, -0.7786351631547247, -0.9366787175433833, -1.0124756132228319, 2.1462484604876404, 1.396394012253825, 0.7078290034709398, 0.18234056077997582, -0.18639947356313818, -0.5074867030866826, -0.6849708557921491, -0.7831932629453445, -0.9127361330463164, -0.972501562091308, 2.0963507206489203, 1.5458465631069231, 0.7494387052908705, 0.20297424817817508, -0.13571467339695645, -0.4873448088527479, -0.664140679690176, -0.8185548500960584, -0.9130122074082377, -1.0209583853407809, 2.2843468628481576, 1.3738609873913472, 0.7503945536459327, 0.1815095831236643, -0.2168065299662915, -0.458353318173303, -0.6920866035335145, -0.8351247146020092, -0.9110332748595072, -1.0233893270203924, 2.1212604513287374, 1.4006167356327384, 0.5695146282511434, 0.09128429481933903, -0.2550156070177846, -0.5465533740823071, -0.7172567929283495, -0.8263229196019152, -0.9813771531926154, -1.0315680897004251, 1.7180363401596765, 0.931613780642516, 0.27314484593021954, -0.18538086210719623, -0.39909966442608347, -0.683978282187093, -0.8123996467242198, -0.9325597745620933, -1.0123768232908092, -1.0653909542619067], "bean_num": 0.5, "model_info": {"det_num_x": 10, "det_num_y": 10, "det_y": 0.03, "det_x": 0.03, "size_x": 0.5, "size_y": 0.5, "med_margin": 0.0015}}