{"source": [278.1350078055773, 273.18192344791356], "intensity": 100, "miu_detector": 0.3, "miu_medium": 1.2, "miu_air": 0.00018, "output": [0.0, 0.0, 0.0, 0.0, 0.0, 0.0, 0.0, 0.0, 0.0, 0.0, 0.0, 0.0, 0.0, 0.0, 0.0, 0.0, 0.0, 0.0, 0.0, 0.0, 0.0, 0.0, 0.0, 0.0, 0.05719299417501376, 0.9428070058249862, 0.0, 0.0, 0.0, 0.0, 0.0, 0.0, 0.0, 0.0, 0.0, 0.0, 0.0, 0.0, 0.0, 0.0], "miu_de": 0.5, "input": [-1.2559413959301262, -1.2403350793308179, -1.2122865522627313, -1.153764506351696, -1.0584380308136294, -0.9067800588510018, -0.6833978787064878, -0.2920006159602995, 0.29651511362168737, 1.2443599306632167, -1.239952680204718, -1.2008003446988749, -1.170457706674277, -1.0987959911546321, -1.0146617904708204, -0.8670420267787307, -0.5433717154099386, -0.0954035984853074, 0.6549484781726009, 1.6458774005208312, -1.2165867403449624, -1.1769303854018776, -1.1469293874338835, -1.0715284484822671, -0.9733390567382485, -0.8180773627757295, -0.45332579645763554, -0.07510569463514592, 0.7025681670897287, 1.6420408826495922, -1.1422731433399267, -1.098729104244878, -1.0679476360456839, -1.037247016877721, -0.9310244475360037, -0.7818836119965785, -0.4445343700150099, 0.017749492152959616, 0.6662458768141896, 1.6338370310955932, -1.0509513139847058, -0.9840241212595072, -0.9637903791999257, -0.9698030282828789, -0.8552908454374293, -0.7198924012856817, -0.45692802392963333, -0.018146142319702456, 0.772517827013567, 1.7419155061890466, -0.8979580520801443, -0.8104020617515055, -0.7846605772981969, -0.7615343675568061, -0.724997612374562, -0.6374642346678074, -0.39986270578014155, -0.012598219446682664, 0.8038868643703766, 1.6445877196465135, -0.6512382643666306, -0.4982511898340034, -0.4864515293643672, -0.4635542370356194, -0.443730430931098, -0.34319249587332074, -0.2813270471099255, 0.03552293750818725, 0.7714950755174207, 1.7017574922319256, -0.3068653700469875, -0.14061710016009113, 0.006912033528549334, 0.03721937388110634, 0.03422882308423466, 0.016227011467184072, 0.059068752057093624, 0.19907114152989328, 0.7670602385427256, 1.6635112535349634, 0.38034156313264267, 0.6344716680480721, 0.7031087058188906, 0.7059655769320852, 0.7450921279391264, 0.7188106975267373, 0.6775910108539116, 0.7070012053605301, 0.893003297516807, 1.7002528017738001, 1.3216414463802404, 1.6242681855096466, 1.6710037726689955, 1.6568409110399887, 1.6543000101449403, 1.7425533795135297, 1.7789982859646265, 1.6687493427263016, 1.6855768745940338, 1.7037286394588989], "bean_num": 0.5, "model_info": {"det_num_x": 10, "det_num_y": 10, "det_y": 0.03, "det_x": 0.03, "size_x": 0.5, "size_y": 0.5, "med_margin": 0.0015}}