{"source": [-191.82796542563312, 340.2759338092967], "intensity": 100, "miu_detector": 0.3, "miu_medium": 1.2, "miu_air": 0.00018, "output": [0.0, 0.0, 0.0, 0.0, 0.0, 0.0, 0.0, 0.0, 0.0, 0.0, 0.0, 0.0, 0.0, 0.0, 0.0, 0.0, 0.0, 0.0, 0.0, 0.0, 0.0, 0.0, 0.0, 0.0, 0.0, 0.0, 0.0, 0.0, 0.0, 0.0, 0.0, 0.0, 0.0, 0.7320223610894327, 0.2679776389105672, 0.0, 0.0, 0.0, 0.0, 0.0], "miu_de": 0.5, "input": [1.683504239794006, 2.17292430550213, 2.1558461199241834, 2.0818910413682516, 2.1867501167433083, 2.1197571024737574, 2.1987348605394885, 2.1885361164560186, 2.0514607237757327, 1.7110965240176441, 1.029693969246424, 1.294899843572389, 1.4415378936232772, 1.4326950031993881, 1.5048779441051578, 1.3790319783866547, 1.3975242775903385, 1.419800482944238, 1.273390646462551, 1.041256109958548, 0.3231452301816705, 0.6000229978753056, 0.6586504990607311, 0.7053086508643539, 0.7207427212033227, 0.695154351231276, 0.7674199977474835, 0.6289034984901418, 0.6633554965540828, 0.5663529116263547, -0.20943502816849463, 0.05380306701798908, 0.1328530583951931, 0.12113540425325074, 0.15092455057066004, 0.2093905828735165, 0.11525360896427947, 0.13018277121026087, 0.03449027947040999, 0.3887462692330848, -0.4625760676477741, -0.311637935872639, -0.30834919843624575, -0.24916033111181504, -0.2605522732498535, -0.1966561446043364, -0.2356775478347319, -0.3201667013399972, -0.3020155292818305, 0.19085878819859176, -0.7086207852497142, -0.6078181933973302, -0.5577873151328152, -0.5247240141765832, -0.5828742133031376, -0.5115179991346988, -0.5624391257582548, -0.5582024741322392, -0.5137219238607337, 0.060931073326924594, -0.9028879452476711, -0.8297329298940612, -0.7513378847222891, -0.7619298643726884, -0.7558202301492611, -0.6957637686601815, -0.7529547446129975, -0.7277971288152152, -0.7044734849445401, 0.021031148978826186, -0.9943248650195226, -0.9217666166871707, -0.9172585803292584, -0.9067920596793557, -0.908218565396252, -0.9040432462479476, -0.8685186734521178, -0.8723195065287009, -0.8136583291507976, -0.09582325970887585, -1.0520219649074807, -0.999008967697284, -0.9705579515385772, -0.9724020129361902, -0.9898727077756556, -0.9744694482619597, -0.9797551002826935, -0.9616110223660347, -0.8819639271372769, -0.10170850227656361, -1.1228145219380536, -1.0925162052961952, -1.0756361297642045, -1.0978409192189218, -1.0657678763056193, -1.056118845389729, -1.0490853243590996, -1.0527809880306078, -0.9453810914251611, -0.19319826479175276], "bean_num": 0.5, "model_info": {"det_num_x": 10, "det_num_y": 10, "det_y": 0.03, "det_x": 0.03, "size_x": 0.5, "size_y": 0.5, "med_margin": 0.0015}}