{"source": [-107.300331184382, -377.1120522926048], "intensity": 100, "miu_detector": 0.3, "miu_medium": 1.2, "miu_air": 0.00018, "output": [0.0, 0.0, 0.0, 0.0, 0.0, 0.0, 0.0, 0.0, 0.764748069783994, 0.23525193021600604, 0.0, 0.0, 0.0, 0.0, 0.0, 0.0, 0.0, 0.0, 0.0, 0.0, 0.0, 0.0, 0.0, 0.0, 0.0, 0.0, 0.0, 0.0, 0.0, 0.0, 0.0, 0.0, 0.0, 0.0, 0.0, 0.0, 0.0, 0.0, 0.0, 0.0], "miu_de": 0.5, "input": [1.6607854616372417, 1.3129172387161563, 1.410669173607511, 1.3777958315653076, 1.3885930435444047, 1.2827028290471767, 1.251971100695998, 1.260680839180281, 1.2924953601451683, 1.0887234286903833, 1.8455700571451152, 1.1022225830721954, 0.46728761085768467, 0.36985798624700417, 0.2170674293083727, 0.17155789564378784, 0.17335238913015819, 0.21999221840112848, 0.12416088762482304, -0.0938337978385121, 1.8719753013396472, 1.079314330126049, 0.3267951383720193, -0.06000238519104879, -0.3317563945310101, -0.399694388124045, -0.44657827257246685, -0.44528963803752025, -0.5101462911883192, -0.6500126580085295, 1.9257553867808965, 1.1497577985093599, 0.3633681826531291, -0.19732705238762435, -0.4841419720642401, -0.6912564786417831, -0.7895160003379088, -0.8113315739724691, -0.8427524283148005, -0.9464063215755757, 1.928399583087671, 1.0363149671145353, 0.35649895285212774, -0.14861428705932717, -0.508422666088092, -0.7340462831604194, -0.8801104552450018, -0.9796397380352346, -1.0424791361353687, -1.0696022995502557, 1.8787328845430913, 1.1408363729408872, 0.3614475367466566, -0.18060556864982608, -0.5098630809475994, -0.75386118506027, -0.9399499134329227, -1.0411421879475888, -1.117324599880811, -1.1503365072928524, 1.9255830004062857, 1.1446653758782621, 0.33802504857617305, -0.1362904704220795, -0.5638692847094731, -0.8261256824127029, -0.9532635486923352, -1.0316728225325953, -1.1390602030201387, -1.198011261024803, 1.8438329523545365, 1.053407068077902, 0.3099207305425168, -0.20897208756296184, -0.5724628426608239, -0.8156118701296337, -0.9786362139821472, -1.0619120467251961, -1.1493549651270207, -1.2086634364786062, 1.8182316735976567, 1.0846562923918435, 0.27463484972009544, -0.22635389247971546, -0.5577452263315655, -0.8060832058644397, -1.0033069489879438, -1.0866775115088996, -1.1795523443011966, -1.2214221964716232, 1.5037076811265435, 0.727854925785004, 0.018044633051481816, -0.4670132764541038, -0.7454870519854774, -0.9214338947772029, -1.0323510847647877, -1.1653668088263514, -1.2034198777528031, -1.2640004135762521], "bean_num": 0.5, "model_info": {"det_num_x": 10, "det_num_y": 10, "det_y": 0.03, "det_x": 0.03, "size_x": 0.5, "size_y": 0.5, "med_margin": 0.0015}}