{"source": [384.8444014972502, 77.8502345520913], "intensity": 100, "miu_detector": 0.3, "miu_medium": 1.2, "miu_air": 0.00018, "output": [0.0, 0.0, 0.0, 0.0, 0.0, 0.0, 0.0, 0.0, 0.0, 0.0, 0.0, 0.0, 0.0, 0.0, 0.0, 0.0, 0.0, 0.0, 0.0, 0.0, 0.0, 0.7293281890791259, 0.2706718109208741, 0.0, 0.0, 0.0, 0.0, 0.0, 0.0, 0.0, 0.0, 0.0, 0.0, 0.0, 0.0, 0.0, 0.0, 0.0, 0.0, 0.0], "miu_de": 0.5, "input": [1.5649859048999843, 1.7608257089885733, 1.8026498603558807, 1.8485022009816952, 1.8992032022055108, 1.8614495859395246, 1.8039456092935156, 1.8425039353062274, 1.7383534468700095, 1.4883641008826158, 1.4917936548900543, 0.9744318791042849, 0.9523096288684305, 0.9917842726256839, 1.0212171836427888, 1.0127137309620486, 1.0578083294208969, 1.0374932469208904, 0.8502943842340633, 0.6424794266192392, 1.5137947811883092, 0.6012307672118614, 0.28800058139182144, 0.28452594045542956, 0.27081098842390006, 0.24310861866026115, 0.2255853733916743, 0.22956284545868225, 0.14601909813185526, -0.04977845950982677, 1.4515617317113458, 0.48851858952281035, -0.17434610611436488, -0.2271984387354077, -0.2690151179368731, -0.2529400608598491, -0.25886977523804033, -0.29542693532533437, -0.34291584845435946, -0.45475246682715975, 1.4945834696223912, 0.49820893294343205, -0.26224757895281914, -0.569120797913926, -0.5995541688691913, -0.5959965466504665, -0.6364004003223827, -0.6191571660753379, -0.6468384051548216, -0.7710509497366819, 1.5150428718148237, 0.43556985575500773, -0.265509853596573, -0.6506459573334621, -0.7412891301605704, -0.8354832506262408, -0.8487299050378897, -0.8488396528191203, -0.8932098953547165, -0.9577065360802844, 1.3773117933338996, 0.43738270511282085, -0.3323034175738809, -0.6980881527375571, -0.9024514445965973, -0.97788327710004, -0.9993888102115005, -0.9965407173578441, -1.048813640752845, -1.0748893937753163, 1.4176745345349453, 0.348234749030789, -0.2758207376182103, -0.7349619430478634, -0.945789615505081, -1.0306466903963014, -1.0707807990427005, -1.0974671878166022, -1.1224111826528793, -1.1609912411495036, 1.3824546429782711, 0.33880230601253536, -0.3562732442795347, -0.7724819288332722, -0.9670587002641196, -1.0990499699426473, -1.1471409120015086, -1.1695411392255202, -1.176715171197741, -1.2167332255170544, 1.141351261487406, 0.10068659232531775, -0.5247263899010399, -0.8349039718986482, -1.0240434503242302, -1.130922043422812, -1.1976207655379878, -1.2205585857776695, -1.2448286829575776, -1.2542824874097271], "bean_num": 0.5, "model_info": {"det_num_x": 10, "det_num_y": 10, "det_y": 0.03, "det_x": 0.03, "size_x": 0.5, "size_y": 0.5, "med_margin": 0.0015}}