{"source": [-385.53621454468407, 109.61940672134078], "intensity": 100, "miu_detector": 0.3, "miu_medium": 1.2, "miu_air": 0.00018, "output": [0.0, 0.0, 0.0, 0.0, 0.0, 0.0, 0.0, 0.0, 0.0, 0.0, 0.0, 0.0, 0.0, 0.0, 0.0, 0.0, 0.0, 0.0, 0.0, 0.0, 0.0, 0.0, 0.0, 0.0, 0.0, 0.0, 0.0, 0.0, 0.0, 0.0, 0.0, 0.0, 0.0, 0.0, 0.0, 0.0, 0.0, 0.0, 0.763558541291379, 0.23644145870862096], "miu_de": 0.5, "input": [1.632186503875631, 2.0069694069667654, 2.0475903465135863, 2.0254977211530587, 2.026439211007635, 2.0185666803648616, 2.154979619683929, 2.111769019436449, 2.0620473571565325, 1.7360301470736947, 0.988909333610691, 1.2577415804654626, 1.399399782606283, 1.3749094310974752, 1.3729725251356415, 1.340850373728595, 1.3941674260231225, 1.3718883845516006, 1.274374038291641, 1.1207920389757084, 0.2694366042054807, 0.4798141900957519, 0.609450811754216, 0.7130337867104222, 0.6293430327254703, 0.6105062402732613, 0.6411625272543494, 0.5755314392028231, 0.5682632107440674, 0.8804170675067735, -0.29954749635876976, 0.006007198710632799, 0.00924496178530734, 0.041829925890372585, 0.10582889727818824, 0.09791389506376505, 0.027708281428695036, 0.016961023699056037, 0.06969977701167258, 0.6551286001200656, -0.5484286993846184, -0.41218596195938795, -0.37435601286370684, -0.35642639088009165, -0.29136130019651485, -0.32939987584153924, -0.3495368131662598, -0.3357812028362373, -0.27035077952192144, 0.632894295394589, -0.7633589215823705, -0.6728740205241757, -0.6208400491670767, -0.5863755080544666, -0.6122065716672027, -0.6233022368584288, -0.5953211759666357, -0.5711064577790257, -0.4222324635234232, 0.6169716723946207, -0.9494085638625117, -0.8552049626918137, -0.8248904312370644, -0.7888190013035649, -0.7947978465737943, -0.8076584405780365, -0.7805448514205436, -0.7712828830881989, -0.5199814142509547, 0.6069214745037345, -1.0430267352957647, -0.9875318444537758, -0.9406713152319295, -0.9505492955661397, -0.9490692683905589, -0.9302405086730428, -0.9127654402248531, -0.8516359014238464, -0.588259503884949, 0.4613636963286532, -1.1221317215828321, -1.079812635917427, -1.065337035255904, -1.0565321563147037, -1.0421375258888497, -1.0260386013162321, -1.0078452568617091, -0.9804491241206043, -0.6075963040685314, 0.5209374159424666, -1.1747389934160215, -1.1477436222390525, -1.1395805843812632, -1.136748242158296, -1.1044034922857362, -1.123864092604532, -1.0917061952384934, -1.0318827653754525, -0.7205783052438715, 0.376005846809922], "bean_num": 0.5, "model_info": {"det_num_x": 10, "det_num_y": 10, "det_y": 0.03, "det_x": 0.03, "size_x": 0.5, "size_y": 0.5, "med_margin": 0.0015}}