{"source": [363.9667556455399, -171.61029078969216], "intensity": 100, "miu_detector": 0.3, "miu_medium": 1.2, "miu_air": 0.00018, "output": [0.0, 0.0, 0.0, 0.0, 0.0, 0.0, 0.0, 0.0, 0.0, 0.0, 0.0, 0.0, 0.0, 0.0, 0.0, 0.0, 0.0, 0.8048747913558786, 0.19512520864412145, 0.0, 0.0, 0.0, 0.0, 0.0, 0.0, 0.0, 0.0, 0.0, 0.0, 0.0, 0.0, 0.0, 0.0, 0.0, 0.0, 0.0, 0.0, 0.0, 0.0, 0.0], "miu_de": 0.5, "input": [1.1476110061740399, 1.4886038462126003, 1.5431794467644095, 1.592374950278681, 1.6082457423974512, 1.6062223115592498, 1.6476490279797993, 1.6505918642668076, 1.5762300442453687, 1.6839667834980454, 0.2558614872388221, 0.5085471567193646, 0.5379564883287261, 0.5933305170041413, 0.5928503971337373, 0.6081439947541993, 0.6577289640548475, 0.6739462096454356, 0.9760426562811286, 1.7467836313885643, -0.3837744627735179, -0.24233784570517536, -0.1734915570436881, -0.17195112440928076, -0.12798307333529774, -0.07794652994649068, 0.006104385670223133, 0.2734558746353697, 0.8866971029161954, 1.7877865622352913, -0.7466987579025919, -0.649575948487907, -0.6044694250168423, -0.5553475288932924, -0.5433452182869621, -0.4863403600687534, -0.28194828859645366, 0.19655273038514065, 0.8974352819856335, 1.8181304244693839, -0.9688869833541098, -0.8698795088082322, -0.8619801967786768, -0.836299694874086, -0.7660018469196945, -0.6350432394664017, -0.33224851042605075, 0.1534061569775608, 0.844034578625239, 1.7863943860354587, -1.0921185292241453, -1.0285865821990678, -1.0093312205400333, -0.9665395756533282, -0.8510175800628951, -0.6859785226445361, -0.37247876658944373, 0.09253543585791764, 0.8500874841876438, 1.7789985091204112, -1.169868959519403, -1.1185780121421196, -1.0871050452915956, -0.9994231476901964, -0.8921459332586399, -0.695580947542976, -0.4219386879807153, 0.0785242210668, 0.7930529707598821, 1.7708560299094285, -1.205918022652471, -1.1681269403249877, -1.1272836788687524, -1.0430297468628098, -0.9141851390737388, -0.697064793110952, -0.4184497207535986, 0.0404063877843872, 0.774650586219231, 1.744495653695602, -1.236775407353431, -1.1982153470291046, -1.1483626260090862, -1.0641082701723092, -0.9465549469513884, -0.7503096528454978, -0.45630366041068277, -0.012601416765689705, 0.7515899357006592, 1.6808302415491685, -1.2463562580510552, -1.2114276310938132, -1.167637958293155, -1.102059614831048, -1.0149823204905046, -0.8561164595987328, -0.613168603784871, -0.2127818505091948, 0.442408064847875, 1.373762146709563], "bean_num": 0.5, "model_info": {"det_num_x": 10, "det_num_y": 10, "det_y": 0.03, "det_x": 0.03, "size_x": 0.5, "size_y": 0.5, "med_margin": 0.0015}}