{"source": [-304.9424340767026, 269.53881506569513], "intensity": 100, "miu_detector": 0.3, "miu_medium": 1.2, "miu_air": 0.00018, "output": [0.0, 0.0, 0.0, 0.0, 0.0, 0.0, 0.0, 0.0, 0.0, 0.0, 0.0, 0.0, 0.0, 0.0, 0.0, 0.0, 0.0, 0.0, 0.0, 0.0, 0.0, 0.0, 0.0, 0.0, 0.0, 0.0, 0.0, 0.0, 0.0, 0.0, 0.0, 0.0, 0.0, 0.0, 0.0, 0.6081651824773056, 0.39183481752269445, 0.0, 0.0, 0.0], "miu_de": 0.5, "input": [-1.2073017257581025, -1.1659508671201828, -1.1154611017508718, -1.019739775097925, -0.8967802186379523, -0.688413223234199, -0.4098030338562228, 0.04996150429310172, 0.7174834890132264, 1.5279242528009345, -1.1856126103853835, -1.1356811374944502, -1.0749322239270993, -0.9610536190086081, -0.7928030864092538, -0.5801705606366448, -0.22845055071151837, 0.27705972962409897, 1.0344947347436444, 1.8729190446859993, -1.1813675767187848, -1.1256503684698322, -1.0386990993335907, -0.9322505224468699, -0.7742636256617649, -0.5320828341317395, -0.15679845984958077, 0.3572292016322727, 1.090773059116723, 1.9721570793990102, -1.1701243754672115, -1.1066085703507207, -1.0356086651216503, -0.908825672243015, -0.7641451335604662, -0.5203572338098056, -0.15171368944957145, 0.3338438138616371, 1.1725787436676318, 1.9260997046251693, -1.1591383736766778, -1.0943117054744285, -1.0219793434689228, -0.9025509312567297, -0.7523514687353787, -0.47714427936506354, -0.14624807087709837, 0.4262475246638815, 1.1543143789247303, 2.0037906066289493, -1.0980743418415728, -1.0465128497221903, -0.9586707944340022, -0.852222641367579, -0.7156040373597653, -0.44629433870171104, -0.12539782011441486, 0.40090616334685863, 1.198527633513872, 2.0083290357147585, -0.9765684613629255, -0.9109410910783137, -0.8595329167402667, -0.7920213829472484, -0.6541051323936296, -0.43455268141758685, -0.08060853898251578, 0.38732761071974536, 1.1550424421668497, 2.0172055348198574, -0.7386859598937917, -0.6276925255827179, -0.599110885320361, -0.5450014241520241, -0.46103823161631874, -0.33790971439326045, -0.04801562760057925, 0.4393242508623733, 1.1767418620884111, 1.9751539681169095, -0.23269221227575174, -0.05082191193340503, 0.012245699310660349, 0.03502105098731593, 0.07995510761623809, 0.1452161414979538, 0.19797922698912668, 0.4838386143176915, 1.0831216339614755, 1.9332310695806092, 0.8158704991219946, 1.0998579896500655, 1.1133413634208167, 1.1181425016948605, 1.1893083775084907, 1.227247859065244, 1.2932088911021462, 1.3175940047591617, 1.4395514140351913, 1.7462824410795619], "bean_num": 0.5, "model_info": {"det_num_x": 10, "det_num_y": 10, "det_y": 0.03, "det_x": 0.03, "size_x": 0.5, "size_y": 0.5, "med_margin": 0.0015}}