{"source": [-385.45370957576387, -139.93489329451882], "intensity": 100, "miu_detector": 0.3, "miu_medium": 1.2, "miu_air": 0.00018, "output": [0.0, 0.0, 0.783011878165597, 0.21698812183440294, 0.0, 0.0, 0.0, 0.0, 0.0, 0.0, 0.0, 0.0, 0.0, 0.0, 0.0, 0.0, 0.0, 0.0, 0.0, 0.0, 0.0, 0.0, 0.0, 0.0, 0.0, 0.0, 0.0, 0.0, 0.0, 0.0, 0.0, 0.0, 0.0, 0.0, 0.0, 0.0, 0.0, 0.0, 0.0, 0.0], "miu_de": 0.5, "input": [1.6303486235733833, 0.935175390937703, 0.24981154883033396, -0.21552190400016236, -0.524664884208708, -0.7522642527192002, -0.9117705903069365, -1.0069219535293439, -1.0831378934809084, -1.1463609606508611, 2.0642901319708487, 1.226359220303855, 0.5463834819479496, 0.07298861079803008, -0.3592566147461316, -0.6627933039207455, -0.8339095719410587, -0.9442241026790965, -1.0448658817076062, -1.1262713571588552, 2.1218926386917567, 1.345436476247193, 0.6138422885436986, 0.07154970577787545, -0.2867984207717988, -0.5567529867065522, -0.7729893419535285, -0.917170798847857, -1.0264633940340564, -1.0966195780598196, 2.145300121440882, 1.4639250336720089, 0.6584840457747528, 0.11675898464005334, -0.27255146407788233, -0.6132366608184618, -0.7589358300357669, -0.9062757137036654, -1.0122132942945996, -1.0951916705710085, 2.138487793447194, 1.4034208703793163, 0.7049717868288708, 0.12222008056962498, -0.27951834551213167, -0.5563455936768296, -0.7558613957103131, -0.9109263964523346, -1.018845093811342, -1.072816316377628, 2.101182868176138, 1.4054602816702562, 0.7129345465858483, 0.1067570750831975, -0.2748517380818183, -0.5511308338905692, -0.761836132985337, -0.8763482790040036, -1.0019709390905944, -1.0877934094979438, 2.150288104607002, 1.4297241124616153, 0.7471912251233673, 0.13910405211762486, -0.2803657057976064, -0.5892778888082216, -0.746069372152659, -0.8892390269304048, -0.9693975874245906, -1.058720437791928, 2.190193966770882, 1.3864634877509896, 0.6380727799584015, 0.07520426568596901, -0.30694353583449824, -0.5494313950217778, -0.7554792494894045, -0.870278017775002, -0.951769914714985, -1.0436632220823763, 2.0459967457958657, 1.31304990086211, 0.5677980807666506, 0.05294223965076963, -0.2845238832507645, -0.5091810338506689, -0.6606278184675922, -0.7383273422854054, -0.8148772023916475, -0.9108369682238653, 1.8516949852045383, 1.1462199187872657, 0.6947264579782741, 0.4171498996314197, 0.37438802728441095, 0.2753587206998929, 0.19379018453256847, 0.13482162668036982, 0.2104494640775723, 0.011806648990502495], "bean_num": 0.5, "model_info": {"det_num_x": 10, "det_num_y": 10, "det_y": 0.03, "det_x": 0.03, "size_x": 0.5, "size_y": 0.5, "med_margin": 0.0015}}