{"source": [422.21181039450215, -52.04443233003667], "intensity": 100, "miu_detector": 0.3, "miu_medium": 1.2, "miu_air": 0.00018, "output": [0.0, 0.0, 0.0, 0.0, 0.0, 0.0, 0.0, 0.0, 0.0, 0.0, 0.0, 0.0, 0.0, 0.0, 0.0, 0.0, 0.0, 0.0, 0.0, 0.7807980764861076, 0.21920192351389248, 0.0, 0.0, 0.0, 0.0, 0.0, 0.0, 0.0, 0.0, 0.0, 0.0, 0.0, 0.0, 0.0, 0.0, 0.0, 0.0, 0.0, 0.0, 0.0], "miu_de": 0.5, "input": [-0.3487605904679139, -1.0075426515291523, -1.0379002826791028, -1.0543600879226795, -1.051526400581663, -1.0760498520170683, -1.0638099459183916, -1.066250709532256, -1.0709563349771285, -1.1078273530106246, -0.31843773748802623, -0.9291961826280872, -0.9440581922477084, -0.9888336884526109, -0.9864267033039428, -0.9799246835286152, -0.9884227630011617, -0.9977867229674046, -1.007861528025901, -1.0635086425817286, -0.29260909263106977, -0.8291060658749366, -0.8492773468642948, -0.8586913159521025, -0.8724598780598999, -0.8617261828612813, -0.869374400192309, -0.8827210505732964, -0.9243501548264202, -0.9945356437464423, -0.17177614486509793, -0.6864392858971254, -0.7656546744218925, -0.7338857122446447, -0.7238043072053748, -0.7189379099823805, -0.7251183173102376, -0.7178973051669313, -0.7610682349894063, -0.8679416229620589, -0.11539670176569615, -0.5002637881537394, -0.4974923332007112, -0.4748515081999389, -0.5142654377631036, -0.4800962187432297, -0.5297440272184009, -0.5057608657264561, -0.5965527605909932, -0.7166067174971028, -0.0024549827165094907, -0.26706378451292095, -0.1981267936476973, -0.1638334619809742, -0.1831434820880427, -0.2092241769275172, -0.23251679049017152, -0.26366985535288406, -0.3522781310742699, -0.48584731950554844, 0.1316640739001229, 0.10794439403134994, 0.15939497389782997, 0.22915149278702787, 0.1537625885406452, 0.2083396865743431, 0.11500735035449323, 0.12285267456343332, 0.1354092668353836, -0.16579813396936338, 0.5489254625581033, 0.5835566044011434, 0.6505546580025201, 0.7367358820180805, 0.7095744693257795, 0.7742623287770819, 0.6772771955497198, 0.6165728224313797, 0.641911618559186, 0.31080939077487185, 1.019709460274131, 1.335121350152208, 1.4219183989612134, 1.4820686717602152, 1.4455541265044016, 1.4999623733931005, 1.4771479797683662, 1.4125118565898431, 1.3300354229879694, 0.9860022882148721, 1.7789515082421168, 2.1763044179576045, 2.1083680478925655, 2.1080740252700827, 2.153386584138023, 2.1677880300784937, 2.167449742336467, 2.1569529989738654, 2.0613874496921882, 1.749401303543414], "bean_num": 0.5, "model_info": {"det_num_x": 10, "det_num_y": 10, "det_y": 0.03, "det_x": 0.03, "size_x": 0.5, "size_y": 0.5, "med_margin": 0.0015}}