{"source": [-349.1247229634743, 254.3843881261263], "intensity": 100, "miu_detector": 0.3, "miu_medium": 1.2, "miu_air": 0.00018, "output": [0.0, 0.0, 0.0, 0.0, 0.0, 0.0, 0.0, 0.0, 0.0, 0.0, 0.0, 0.0, 0.0, 0.0, 0.0, 0.0, 0.0, 0.0, 0.0, 0.0, 0.0, 0.0, 0.0, 0.0, 0.0, 0.0, 0.0, 0.0, 0.0, 0.0, 0.0, 0.0, 0.0, 0.0, 0.0, 0.008708851249495343, 0.9912911487505046, 0.0, 0.0, 0.0], "miu_de": 0.5, "input": [-0.7213495867676768, -0.6261940834058612, -0.5773252279017099, -0.5256137691046148, -0.46198123811924546, -0.20880026294656046, 0.016167885611807466, 0.3580206383267487, 1.0378033991357494, 1.6663913437900728, -1.034166340762758, -0.9277610186635572, -0.8339011130967342, -0.7142071270782947, -0.5479837997576766, -0.2574593836340928, 0.10063856570790147, 0.6460816321310308, 1.3509128488071946, 2.058304686785775, -1.043594171446205, -0.9219657960195912, -0.8357297445786116, -0.6713031772777484, -0.4902799178259923, -0.1712223182149465, 0.20544643622901876, 0.7769138916511843, 1.4221169644685476, 2.161917214576912, -1.013996989813189, -0.9182429288439312, -0.8329279874484533, -0.6913078419090157, -0.4959759831304319, -0.15932215863686483, 0.22233622847935644, 0.8120241130641394, 1.4704021134422594, 2.2260423794350537, -1.0343596794279462, -0.9171972146606219, -0.8491595062059198, -0.6971621052272928, -0.5070899317451512, -0.19701630184415958, 0.2179951104558183, 0.7603884772494974, 1.4452226306753702, 2.066674236806146, -1.0405645493888862, -0.9359809447457725, -0.8175417345207414, -0.7067981736592187, -0.45567778470513215, -0.17526630391595963, 0.15164275687093845, 0.773204514733594, 1.4261627299359647, 2.175011991156168, -1.0534147692118083, -0.956701842428682, -0.8093670627472405, -0.7259663712275457, -0.4407680619980311, -0.15450864843904624, 0.22255312533364005, 0.7003340795942471, 1.4467711311715543, 2.1558795572757163, -1.013069545724904, -0.9375885557477304, -0.8364087275539329, -0.7036083344223666, -0.4784571743084637, -0.22892807612458058, 0.12045041609587143, 0.7218169188479205, 1.4991155092597592, 2.211876360127682, -1.0551993403502167, -0.9791441829466556, -0.8708363920710054, -0.7305848522261236, -0.5003862200998372, -0.2682823525833509, 0.06253083256539964, 0.566025001986108, 1.4173445533461349, 2.1244910063079616, -1.075368357141294, -1.0248621669332318, -0.9265558230701847, -0.8403807936646508, -0.681494289359816, -0.4954371495739581, -0.13262523306862734, 0.30524232620612257, 0.9975729960455524, 1.836543915763931], "bean_num": 0.5, "model_info": {"det_num_x": 10, "det_num_y": 10, "det_y": 0.03, "det_x": 0.03, "size_x": 0.5, "size_y": 0.5, "med_margin": 0.0015}}