{"source": [305.8574058978168, 317.4509396272984], "intensity": 100, "miu_detector": 0.3, "miu_medium": 1.2, "miu_air": 0.00018, "output": [0.0, 0.0, 0.0, 0.0, 0.0, 0.0, 0.0, 0.0, 0.0, 0.0, 0.0, 0.0, 0.0, 0.0, 0.0, 0.0, 0.0, 0.0, 0.0, 0.0, 0.0, 0.0, 0.0, 0.0, 0.0, 0.8816023899817089, 0.11839761001829102, 0.0, 0.0, 0.0, 0.0, 0.0, 0.0, 0.0, 0.0, 0.0, 0.0, 0.0, 0.0, 0.0], "miu_de": 0.5, "input": [-1.0492029954884736, -1.0061331470254204, -0.9227469753632325, -0.8267612416052322, -0.711168849776743, -0.5455203850368586, -0.16516213853886358, 0.30956462772848475, 0.9742306392207943, 1.7279130104698797, -1.0062850902860747, -0.9350703840764099, -0.8562446657341025, -0.6804949178665545, -0.5069180228850901, -0.21225862093836115, 0.08685757854681227, 0.6066882758263574, 1.3000146060646074, 2.072080045557299, -0.9889272491705052, -0.8761982694039712, -0.7939098080472781, -0.6765452662921851, -0.4730684591195636, -0.20438481687167845, 0.20716948263098725, 0.7564791420684, 1.554753709130906, 2.189394556761223, -0.9818054505972938, -0.8895005216789436, -0.8113667106922882, -0.6544820561970441, -0.4514589003776975, -0.19697059294113692, 0.12274722483737747, 0.6833017234745411, 1.4933734975124686, 2.288700306033122, -0.9704357256323439, -0.8733380635671897, -0.7966600106633765, -0.6454716182821796, -0.44364276485560106, -0.19991308424392373, 0.19082263828145388, 0.7222958436867271, 1.432117975174122, 2.096940583624345, -0.9826705747783135, -0.8719137534172735, -0.7487358405786984, -0.6258895397494691, -0.391747889984262, -0.10820074396668027, 0.2785765269985018, 0.8148283989665198, 1.5392074017186872, 2.28733076286874, -0.9899261327053885, -0.9109079751795351, -0.7719002752920332, -0.6925297526194277, -0.3946292106410687, -0.1532151718682302, 0.25661108651990155, 0.6848314909575065, 1.3765318442236258, 2.1312294016395175, -1.0035748524240478, -0.8928515217871231, -0.8017320318002981, -0.6400278723542626, -0.4477720093056975, -0.17864953571164516, 0.213989178860337, 0.7209492672368831, 1.4724296877847476, 2.208166880742095, -0.989225660538548, -0.8976029281314546, -0.8402261253027812, -0.7570725091067292, -0.47144363451741983, -0.21621193266764493, 0.15642673680061384, 0.6227655569371675, 1.4602829749379493, 1.9699121931081223, -1.0488458956561983, -0.9437194717292708, -0.8745706107917173, -0.7893912851220638, -0.6562966522322711, -0.42807769124561074, -0.13717963033304184, 0.2673246898091718, 0.9824267236818763, 1.7495192443719425], "bean_num": 0.5, "model_info": {"det_num_x": 10, "det_num_y": 10, "det_y": 0.03, "det_x": 0.03, "size_x": 0.5, "size_y": 0.5, "med_margin": 0.0015}}