{"source": [-78.0858068071432, 438.4104713551387], "intensity": 100, "miu_detector": 0.3, "miu_medium": 1.2, "miu_air": 0.00018, "output": [0.0, 0.0, 0.0, 0.0, 0.0, 0.0, 0.0, 0.0, 0.0, 0.0, 0.0, 0.0, 0.0, 0.0, 0.0, 0.0, 0.0, 0.0, 0.0, 0.0, 0.0, 0.0, 0.0, 0.0, 0.0, 0.0, 0.0, 0.0, 0.0, 0.0, 0.0, 0.8778761911671743, 0.12212380883282573, 0.0, 0.0, 0.0, 0.0, 0.0, 0.0, 0.0], "miu_de": 0.5, "input": [1.476683652448722, 1.8648387096164816, 1.7362907193778712, 1.8206148139466847, 1.9334610328849617, 1.8906066336352905, 1.8312659272626326, 1.846496653664961, 1.7933989207160848, 1.5308908351479449, 0.6372249741799015, 0.962134127023481, 0.9949202424497207, 1.07307304542573, 1.0047739968117073, 1.041560484269879, 0.9148459765783762, 1.0235723671066634, 1.0593829507695942, 1.4399863953656877, 0.03663054197810637, 0.19019415637336384, 0.2407720882261883, 0.34170125842434246, 0.32790334761217266, 0.2532492607647422, 0.21314531055634353, 0.28881890507867675, 0.5668444961168417, 1.5497008840524424, -0.47010589548769066, -0.3065514308923783, -0.2679268016747965, -0.2671493428196616, -0.24072815166339273, -0.19265816193514002, -0.18469286319220982, -0.10465625430719984, 0.4055960239229991, 1.4587108068404955, -0.7562128538051128, -0.6327920011386484, -0.5864504712792356, -0.5914109126490651, -0.6353344468744403, -0.5879226252414742, -0.5191172072385343, -0.24447472235322115, 0.4149639561687544, 1.4126692841351634, -0.939669491212963, -0.8638485420289054, -0.843657700883845, -0.8050853979744202, -0.7910575109653015, -0.77815079414102, -0.6208312937710997, -0.3090865614372663, 0.3159378566591057, 1.4570791656637014, -1.0873013492034758, -1.0247988118775535, -1.016518670987037, -0.9769700977272708, -0.9717903952452313, -0.8915854763590508, -0.7361752164318585, -0.26001538356067844, 0.38160919194493875, 1.4155984338680314, -1.1539694462109011, -1.1103258448303501, -1.0816741531248506, -1.0732640892663114, -1.0363486015818428, -0.940350731855218, -0.7554374915928338, -0.34695971239154594, 0.32411259233151374, 1.3330810508088238, -1.2172206604711397, -1.1643376651498525, -1.1929972423679063, -1.152490728390725, -1.073193399238012, -1.0168075985871967, -0.7900226888632849, -0.4641246311355482, 0.2134994737670435, 1.4039532942257136, -1.2451537888065467, -1.237125841004709, -1.224257235453901, -1.2021975585183442, -1.161277338234144, -1.0772656941118104, -0.8988375974031511, -0.5439735170223475, 0.07863741555283793, 1.1639088382169456], "bean_num": 0.5, "model_info": {"det_num_x": 10, "det_num_y": 10, "det_y": 0.03, "det_x": 0.03, "size_x": 0.5, "size_y": 0.5, "med_margin": 0.0015}}