{"source": [280.4335834230099, 349.7552538820174], "intensity": 100, "miu_detector": 0.3, "miu_medium": 1.2, "miu_air": 0.00018, "output": [0.0, 0.0, 0.0, 0.0, 0.0, 0.0, 0.0, 0.0, 0.0, 0.0, 0.0, 0.0, 0.0, 0.0, 0.0, 0.0, 0.0, 0.0, 0.0, 0.0, 0.0, 0.0, 0.0, 0.0, 0.0, 0.30251342331387077, 0.6974865766861292, 0.0, 0.0, 0.0, 0.0, 0.0, 0.0, 0.0, 0.0, 0.0, 0.0, 0.0, 0.0, 0.0], "miu_de": 0.5, "input": [1.036289010213346, 1.356745528257354, 1.2546006543553627, 1.2932199717534965, 1.3878032411226033, 1.2970369447876335, 1.372483351394718, 1.4933893342323747, 1.4506134645385678, 1.6833859478732762, -0.1056532668593246, 0.1707183069145817, 0.27206852473284404, 0.23516412482248314, 0.18997023842263325, 0.30509053541815173, 0.29521844267067676, 0.43644964014350246, 1.0863247758860781, 1.8429969547022484, -0.6282241526552276, -0.4596625116091896, -0.44138204223091887, -0.41077414933784107, -0.4316253656849087, -0.33528612264866925, -0.09277253080482534, 0.41924729764792884, 1.0292274289812637, 1.87477887657015, -0.927197657668473, -0.8321599544043448, -0.8105917291082368, -0.7628009620174551, -0.6897481370090981, -0.504189977608776, -0.15153250766223142, 0.32955991900718684, 1.1053917194501863, 1.9046544077816108, -1.0746364833898556, -0.9986537323882074, -0.9543357032332841, -0.8842753995036081, -0.7595971396662191, -0.5325156367666514, -0.17033371600245956, 0.25783972912971, 1.079732674964874, 1.8972927872199516, -1.1584304962103094, -1.0891431502265487, -1.030338602828792, -0.9431151391558079, -0.7695015414314454, -0.5480157759662758, -0.2188668321054878, 0.35831714027545003, 1.1270425525333152, 1.9073599473909921, -1.2019164598053884, -1.1357069445354604, -1.0828878494364653, -0.963521620143175, -0.7923216663259552, -0.542354552096537, -0.2382351524197025, 0.2685829195686515, 1.0185372776741017, 1.9053700662804582, -1.2057056903276846, -1.1649117208941675, -1.0906675583065952, -0.9901309233978383, -0.8281574010583105, -0.5492726565179357, -0.25050308169685914, 0.3135588404312671, 1.05596935007351, 1.8529785174427296, -1.206891405035591, -1.1467035466147193, -1.1065216375792228, -0.9682420118985426, -0.815010975454759, -0.6146704270431943, -0.27038360524794713, 0.28419480404311553, 1.036231175652612, 1.852136652613408, -1.2199866473515688, -1.1888236653944755, -1.1487406400492242, -1.0713091454716681, -0.9099795420477488, -0.7166699197083892, -0.40465795806739646, 0.026451002301429254, 0.6607986341162227, 1.5154221067189626], "bean_num": 0.5, "model_info": {"det_num_x": 10, "det_num_y": 10, "det_y": 0.03, "det_x": 0.03, "size_x": 0.5, "size_y": 0.5, "med_margin": 0.0015}}