{"source": [452.46742451979173, -39.00875821780766], "intensity": 100, "miu_detector": 0.3, "miu_medium": 1.2, "miu_air": 0.00018, "output": [0.0, 0.0, 0.0, 0.0, 0.0, 0.0, 0.0, 0.0, 0.0, 0.0, 0.0, 0.0, 0.0, 0.0, 0.0, 0.0, 0.0, 0.0, 0.0, 0.547497801791296, 0.45250219820870397, 0.0, 0.0, 0.0, 0.0, 0.0, 0.0, 0.0, 0.0, 0.0, 0.0, 0.0, 0.0, 0.0, 0.0, 0.0, 0.0, 0.0, 0.0, 0.0], "miu_de": 0.5, "input": [-1.2661483123785446, -1.2351729502850262, -1.205577987998086, -1.1356072220107194, -1.0826213387113774, -0.9075512041647377, -0.6798915171371542, -0.30558080439117696, 0.3680795455358687, 1.2922630182617385, -1.2397664187235098, -1.2002477910478664, -1.1712589864341745, -1.1085645682230516, -1.0128479613786001, -0.8729561229379307, -0.5606310004997502, -0.11146850469951533, 0.5886062479038758, 1.5739207729417521, -1.1967217638937595, -1.1702038097142253, -1.1369746392580429, -1.0646296310358871, -0.971800190387875, -0.8515410047230406, -0.5038556687239157, -0.06643144152086237, 0.7228853974028265, 1.7788370610336703, -1.152524527077938, -1.088161222463983, -1.0637615242536063, -1.0540485953220056, -0.9910584192250449, -0.7698032073187413, -0.48450777577839377, -0.05087599855687594, 0.6663395637755775, 1.5856636708279612, -1.0303943042661567, -0.9666723050672649, -0.9331774608253135, -0.9535822227170071, -0.9108552625161423, -0.7852872970293999, -0.499358321900276, -0.03612177749069125, 0.698669943001579, 1.568286232887672, -0.8561579043755762, -0.7852106751179421, -0.7544081617569033, -0.767267674812826, -0.7222087525469324, -0.6835077389520002, -0.43573834552610713, -0.03811103811258329, 0.7119272882367949, 1.634253618411252, -0.5911084870017264, -0.531918917952816, -0.4036257222719408, -0.4907052401122244, -0.42816830741503364, -0.4556151436936199, -0.338708709181231, 0.026079391667790587, 0.7737370692245119, 1.7129531095657708, -0.1664300661181217, -0.051974658598525764, 0.07234394481606843, 0.038072287271552374, 0.01647880327031342, 0.022934994552168936, 0.08107537456828909, 0.16536841583932063, 0.6772488928645618, 1.6066697680234758, 0.37629237872434274, 0.7753655667209399, 0.7952416980013073, 0.8171862967812817, 0.8256078375284014, 0.8278239453324318, 0.7032622903630713, 0.7298858831602367, 0.9194410669222464, 1.7126000223756224, 1.407520326110009, 1.695394024953549, 1.7271026990053517, 1.7050428052189381, 1.7177727761739277, 1.726431004203798, 1.6719547552841147, 1.6653661972670897, 1.585142761188344, 1.5619778584343909], "bean_num": 0.5, "model_info": {"det_num_x": 10, "det_num_y": 10, "det_y": 0.03, "det_x": 0.03, "size_x": 0.5, "size_y": 0.5, "med_margin": 0.0015}}