{"source": [-298.716056475976, 343.21732506805114], "intensity": 100, "miu_detector": 0.3, "miu_medium": 1.2, "miu_air": 0.00018, "output": [0.0, 0.0, 0.0, 0.0, 0.0, 0.0, 0.0, 0.0, 0.0, 0.0, 0.0, 0.0, 0.0, 0.0, 0.0, 0.0, 0.0, 0.0, 0.0, 0.0, 0.0, 0.0, 0.0, 0.0, 0.0, 0.0, 0.0, 0.0, 0.0, 0.0, 0.0, 0.0, 0.0, 0.0, 0.44062414267857486, 0.5593758573214251, 0.0, 0.0, 0.0, 0.0], "miu_de": 0.5, "input": [1.2727578222275429, 1.4890254344746752, 1.618027587987627, 1.5863996526406074, 1.6372336129446845, 1.5340015327924794, 1.6627740995596003, 1.626212153072604, 1.5991214091937505, 1.5446193810060609, 0.2550220718127961, 0.49863777378824276, 0.5786157456470357, 0.6090675581798575, 0.5557129275624747, 0.6350222145163136, 0.6364025493424365, 0.7710841782163748, 0.896224921183631, 1.7123565985376579, -0.3713479577775152, -0.159265860260824, -0.18022331301702116, -0.12387735040515975, -0.13211552386961642, -0.07913493092440423, -0.025341064447104978, 0.21684097813492992, 0.8565833345035154, 1.7983049496539374, -0.7235758878957601, -0.6200495125060048, -0.5888237765580162, -0.54742669100904, -0.5274510358803697, -0.5133219850467455, -0.3314460005790522, 0.17243933123655855, 0.8630203753855389, 1.7559307807724913, -0.9331189784499706, -0.8792513065813933, -0.8305972607975508, -0.7725137781490753, -0.7851491162970965, -0.6430048943848445, -0.37596116068996605, 0.16020639718296942, 0.9020476370832058, 1.8092768372751713, -1.1029586545333445, -1.0187003612926797, -1.044843809564777, -0.9737004880596617, -0.8695300620335087, -0.6535737700535171, -0.3413663120669082, 0.05539915744419005, 0.8255433639416553, 1.7583550370401637, -1.181669410730884, -1.1422942406927088, -1.0890556272078629, -1.0113287545857297, -0.8935724104521429, -0.694540090499347, -0.3321941542704712, 0.06319886881600587, 0.7779815373214989, 1.7040364244038797, -1.2152491076574892, -1.1814798200310535, -1.1336558083142259, -1.0441345030191649, -0.9219949625796867, -0.7580538901191081, -0.3838495986325421, 0.09628934873181123, 0.836177483334306, 1.7794531033421934, -1.2447286450897865, -1.2013750112124577, -1.1612699887142686, -1.0743171312790705, -0.9472722537372393, -0.7487493613067068, -0.4512431275172918, -0.038124464925179825, 0.8420185951478979, 1.7101679766710456, -1.2648930047944862, -1.2359359029920312, -1.17871024532796, -1.1432857627867576, -1.0231929054405844, -0.8637808876113848, -0.5989045511641531, -0.1645115648260983, 0.43342017703487384, 1.336027111504499], "bean_num": 0.5, "model_info": {"det_num_x": 10, "det_num_y": 10, "det_y": 0.03, "det_x": 0.03, "size_x": 0.5, "size_y": 0.5, "med_margin": 0.0015}}