{"source": [-93.073087978122, -449.30628536480816], "intensity": 100, "miu_detector": 0.3, "miu_medium": 1.2, "miu_air": 0.00018, "output": [0.0, 0.0, 0.0, 0.0, 0.0, 0.0, 0.0, 0.0, 0.3003563556634148, 0.6996436443365852, 0.0, 0.0, 0.0, 0.0, 0.0, 0.0, 0.0, 0.0, 0.0, 0.0, 0.0, 0.0, 0.0, 0.0, 0.0, 0.0, 0.0, 0.0, 0.0, 0.0, 0.0, 0.0, 0.0, 0.0, 0.0, 0.0, 0.0, 0.0, 0.0, 0.0], "miu_de": 0.5, "input": [1.6908833677591175, 1.0726655676492798, 0.7219034210396329, 0.4505335935284036, 0.37191843086937343, 0.2374321633132959, 0.24761254714720674, 0.1843608899544812, 0.24315780273598042, 0.07966212819328895, 2.071951579096604, 1.337167039921314, 0.6112315533148684, 0.08215211095920835, -0.3037969478911434, -0.509892706826701, -0.6840625232132499, -0.7563990470939499, -0.8126924759878354, -0.898517871757074, 2.1329044428444055, 1.3856481229855966, 0.683570946952928, 0.10548364958705124, -0.3424733530621307, -0.5805001261566308, -0.7635875106569532, -0.8787620707727445, -0.9602228433035866, -1.0256715456933645, 2.0856717388409765, 1.4194446601786304, 0.6268391313849969, 0.0768048504444671, -0.3194577775138647, -0.522669393112387, -0.7251601184678907, -0.9134473303778154, -0.985333204712031, -1.0619762005541258, 2.155662596656263, 1.5111670553822285, 0.6272713390880064, 0.06257927927919849, -0.28206019396013765, -0.5496870741985764, -0.761989969734932, -0.9312462712500302, -0.9979307647149817, -1.083317693848287, 2.212095372345388, 1.3970355795178115, 0.64526597111279, 0.12836795078494487, -0.28638693656028524, -0.5656510493361125, -0.7549271887359569, -0.9295653589109122, -0.9873635756110714, -1.08061914991885, 2.204995727477987, 1.3841932802100512, 0.6886735243564405, 0.0792892509492348, -0.29428795955308074, -0.5479364754824142, -0.768217502109006, -0.9170159864323874, -1.004988370353639, -1.0888191498678306, 2.1067810873189132, 1.327061665694795, 0.6785808949286007, 0.11377288798647385, -0.26408571529815855, -0.5785483114162655, -0.8161417289747666, -0.9256855998569722, -1.0097273691255155, -1.0924600855237838, 2.042033479439093, 1.2646555890418902, 0.6054706884135291, 0.023827792304579255, -0.3620927809249833, -0.6331721129030612, -0.8127280018441393, -0.9361815446132892, -1.0267793287777955, -1.1123047998875473, 1.7541962132332973, 0.8989950095261736, 0.2202699505559579, -0.22687528597297452, -0.48780647563485935, -0.7643934161031392, -0.9007844475975043, -1.0107092813524816, -1.071878289669038, -1.1422536310965044], "bean_num": 0.5, "model_info": {"det_num_x": 10, "det_num_y": 10, "det_y": 0.03, "det_x": 0.03, "size_x": 0.5, "size_y": 0.5, "med_margin": 0.0015}}