{"source": [149.74402022399775, -441.25909844395403], "intensity": 100, "miu_detector": 0.3, "miu_medium": 1.2, "miu_air": 0.00018, "output": [0.0, 0.0, 0.0, 0.0, 0.0, 0.0, 0.0, 0.0, 0.0, 0.0, 0.0, 0.0, 0.9172263235430773, 0.08277367645692267, 0.0, 0.0, 0.0, 0.0, 0.0, 0.0, 0.0, 0.0, 0.0, 0.0, 0.0, 0.0, 0.0, 0.0, 0.0, 0.0, 0.0, 0.0, 0.0, 0.0, 0.0, 0.0, 0.0, 0.0, 0.0, 0.0], "miu_de": 0.5, "input": [1.7414265784226843, 0.8376559542228016, 0.16683607900425032, -0.2713827686189663, -0.5485094684745255, -0.845043244976301, -0.9770290120341221, -1.0709307955675311, -1.1386170935980233, -1.1923747288437814, 2.0997676601665076, 1.3235103613075196, 0.4964003087066097, -0.05120153000757618, -0.45190268542590367, -0.6765526809100815, -0.8616721648344867, -1.0147209443700311, -1.0733392037868992, -1.1632464355772791, 2.0281332400716994, 1.2559051867608975, 0.521051570699113, -0.04499823926839938, -0.37539081242007055, -0.6792081389604291, -0.8517805662191457, -0.9831387246853063, -1.0914866328561994, -1.1648188419414944, 2.1461899987344695, 1.3394175189394293, 0.5578155207225745, 0.04710592739290763, -0.38531671419869196, -0.6711923518140206, -0.8504220251734432, -0.9853301956376516, -1.0675510093263136, -1.1533619649039313, 1.9918867032635144, 1.2543144979516063, 0.6019074909062955, -0.03182352402640383, -0.3281500768166672, -0.6033064606442106, -0.8290747320528105, -0.959992530217833, -1.0554383945606596, -1.131401561308521, 2.120751309876702, 1.2641342736895498, 0.5707449439932822, 0.04342932097722849, -0.34864410954746794, -0.6278796690826167, -0.801283810062726, -0.9497143498293484, -1.0300735549849067, -1.129829654226541, 2.011999736621857, 1.3152786387023667, 0.548948009059986, 0.05586234259978779, -0.37360216932147394, -0.6448467990852342, -0.8156606413637039, -0.9361881305636328, -1.0042844093846777, -1.0677862720546605, 2.0512412925464374, 1.2506079865335755, 0.48887729596084184, -0.0033478554487654773, -0.3521245896764532, -0.5475473647948033, -0.7412912142901682, -0.8342530586226091, -0.8417418956799616, -0.9493592539920146, 1.9510826153644862, 1.1594594499553748, 0.47715100581739894, 0.01624641317896016, -0.21175740112601224, -0.28730162167344103, -0.37808703451055764, -0.44378207961964755, -0.43987689167454963, -0.5758204427474285, 1.726675170884749, 1.2505251979238112, 1.0084735444484176, 0.9101208986977958, 0.8507058379263445, 0.7373351765453923, 0.7525395628393594, 0.7414431737938092, 0.6758445839329885, 0.5269881482776956], "bean_num": 0.5, "model_info": {"det_num_x": 10, "det_num_y": 10, "det_y": 0.03, "det_x": 0.03, "size_x": 0.5, "size_y": 0.5, "med_margin": 0.0015}}