{"source": [455.89401902487674, -124.26225771276518], "intensity": 100, "miu_detector": 0.3, "miu_medium": 1.2, "miu_air": 0.00018, "output": [0.0, 0.0, 0.0, 0.0, 0.0, 0.0, 0.0, 0.0, 0.0, 0.0, 0.0, 0.0, 0.0, 0.0, 0.0, 0.0, 0.0, 0.0, 0.6940711641024799, 0.30592883589752007, 0.0, 0.0, 0.0, 0.0, 0.0, 0.0, 0.0, 0.0, 0.0, 0.0, 0.0, 0.0, 0.0, 0.0, 0.0, 0.0, 0.0, 0.0, 0.0, 0.0], "miu_de": 0.5, "input": [1.5472396311553391, 0.718657739207378, 0.125062273255359, -0.37395416666307374, -0.6302031321210765, -0.8742988482426679, -1.0095287389766625, -1.1022558616771592, -1.1649706382116065, -1.2253212832176736, 1.9193234215065569, 1.1004299392295491, 0.3066257605001197, -0.24854929471940643, -0.5014090051058145, -0.7625752546167495, -0.9846509569124425, -1.0536467736091284, -1.1378781089054888, -1.2038868804047516, 1.9491499929328862, 1.1867298194359406, 0.3950729989778984, -0.22628551719473353, -0.4788869150896645, -0.7317613744025758, -0.8898744407229175, -1.0112335102410694, -1.1256058784086622, -1.1806959664599606, 1.9888007143290645, 1.2421636819767181, 0.429717994025799, -0.10847550193860053, -0.5087332426673274, -0.7165502207942386, -0.86640479360546, -1.0417303687811446, -1.1168335023862688, -1.1928834329391829, 2.0246712275134864, 1.309132851237685, 0.4218534049936601, -0.0834760727391909, -0.42340499525931913, -0.7029874780917331, -0.89862087025452, -0.9980430055787501, -1.1124734442466822, -1.1539515662028719, 1.9579054827212838, 1.2273481404074633, 0.39559054622133794, -0.09048275865207993, -0.477389393224852, -0.6915702901701885, -0.8832235602751496, -0.9748663574324319, -1.0631267694327646, -1.1253211955551656, 1.9825011112564865, 1.1796982153464992, 0.3862075965912218, -0.13223353330560805, -0.36605350056239677, -0.6538982265082808, -0.8091271123839564, -0.8593972579640743, -0.9330418713410283, -1.0268411374224848, 1.9147227447070865, 1.1456639240481845, 0.4021162801470541, -0.026972333282867987, -0.2788795272295577, -0.49993427849543876, -0.640023743805893, -0.7108526440109841, -0.6692356604116587, -0.7874319004998455, 1.8856695765522415, 1.0303293365252884, 0.47122684928522607, 0.2670528940756538, 0.09869369597575181, -0.008401649982882174, -0.07331532843240084, -0.14045550366428788, -0.10959123946913941, -0.2581600333731573, 1.6904160588175272, 1.3932636038057606, 1.2168151589406961, 1.2439300546759666, 1.2017033045686103, 1.1463076940940207, 1.1954812227796556, 1.0549545448959046, 1.1153816494439168, 0.8642567121168808], "bean_num": 0.5, "model_info": {"det_num_x": 10, "det_num_y": 10, "det_y": 0.03, "det_x": 0.03, "size_x": 0.5, "size_y": 0.5, "med_margin": 0.0015}}