{"source": [-60.185771625141115, 469.94072366000177], "intensity": 100, "miu_detector": 0.3, "miu_medium": 1.2, "miu_air": 0.00018, "output": [0.0, 0.0, 0.0, 0.0, 0.0, 0.0, 0.0, 0.0, 0.0, 0.0, 0.0, 0.0, 0.0, 0.0, 0.0, 0.0, 0.0, 0.0, 0.0, 0.0, 0.0, 0.0, 0.0, 0.0, 0.0, 0.0, 0.0, 0.0, 0.0, 0.0, 0.18908912418720505, 0.810910875812795, 0.0, 0.0, 0.0, 0.0, 0.0, 0.0, 0.0, 0.0], "miu_de": 0.5, "input": [1.5159439609310037, 1.7306333565793381, 1.8141908079892735, 2.003852188789413, 2.013282850638115, 1.9826180425922246, 1.8814891986153788, 2.014582273574951, 1.8104523797880159, 1.6426989070553586, 1.3575082270381804, 1.0608660189742876, 1.0788154425962075, 1.094549818392013, 1.1892267286951872, 1.1920625720772182, 1.0826359134549484, 1.0637331832667825, 0.9963688260813046, 0.7229408149091215, 1.310563918929821, 0.523306104812789, 0.3686289812144981, 0.30606673217487346, 0.30667977329748347, 0.30538426746441255, 0.3710308174664259, 0.4175474486067349, 0.3114919767824575, 0.02873509141942222, 1.2910470685713407, 0.32062871646783075, -0.17473482530279316, -0.14517872057155323, -0.17469121453647343, -0.12196287134519927, -0.1415758263130076, -0.16350915614947423, -0.2259077140344268, -0.3915212340726156, 1.3319500004018183, 0.19836709889071172, -0.3542958891865201, -0.4629059302628806, -0.5277197580373032, -0.45540984214163266, -0.47065920446894477, -0.5222905786664059, -0.5984624005162097, -0.7383962911244543, 1.3114723566589301, 0.17475293745939946, -0.46708301330314494, -0.6565371023113737, -0.7770799562335302, -0.7384917229153592, -0.7439080752907196, -0.7469941181877591, -0.8333163543009205, -0.9341252656707094, 1.3049821145500928, 0.14106292630461145, -0.5027012785273026, -0.7649129659793992, -0.8629464478530231, -0.9096188423526809, -0.9391077572271201, -0.9580497550324805, -1.0027362671229716, -1.0625720080438972, 1.2275962959589894, 0.17548656961785764, -0.5093314207933719, -0.882158365093423, -0.9525711183823001, -1.0492579228301095, -1.0539594318464867, -1.0810353814620253, -1.0743652710206002, -1.131663671139625, 1.2967291832048673, 0.014252708643708237, -0.5425898970377665, -0.887735536814636, -1.0293182417693427, -1.110798538503122, -1.0902802419401296, -1.1352641492948459, -1.1617652170284465, -1.206554984992281, 1.0678380233038545, -0.15188304733561067, -0.6935357087119117, -0.9253256489619341, -1.113782119460874, -1.1483500188114606, -1.1814966919684646, -1.1904676698492507, -1.2380542693910526, -1.2431056727199032], "bean_num": 0.5, "model_info": {"det_num_x": 10, "det_num_y": 10, "det_y": 0.03, "det_x": 0.03, "size_x": 0.5, "size_y": 0.5, "med_margin": 0.0015}}