{"source": [394.40631651794945, -264.66164808231235], "intensity": 100, "miu_detector": 0.3, "miu_medium": 1.2, "miu_air": 0.00018, "output": [0.0, 0.0, 0.0, 0.0, 0.0, 0.0, 0.0, 0.0, 0.0, 0.0, 0.0, 0.0, 0.0, 0.0, 0.0, 0.0, 0.7625683068523427, 0.23743169314765736, 0.0, 0.0, 0.0, 0.0, 0.0, 0.0, 0.0, 0.0, 0.0, 0.0, 0.0, 0.0, 0.0, 0.0, 0.0, 0.0, 0.0, 0.0, 0.0, 0.0, 0.0, 0.0], "miu_de": 0.5, "input": [1.6572244427419007, 1.5210511527194701, 1.6265808161239168, 1.601956672327772, 1.6903524114937583, 1.7377474786607043, 1.5769125965032444, 1.5618951759986273, 1.6395812625182289, 1.2997762282342613, 1.7158683347056898, 1.0066769191921512, 0.7497972426655384, 0.5948255490246688, 0.6706097943970872, 0.6568657771439399, 0.6358073427925113, 0.6545180419603046, 0.5969290157892061, 0.32451815695438735, 1.7206547503827603, 0.8117970215264012, 0.15512825359589738, -0.06363627798653217, -0.07347917064754614, -0.024610046300538462, -0.008535388114565523, -0.02617740078246175, -0.06847587063663285, -0.3300912937999393, 1.6963566549875897, 0.7650001715866953, 0.10294750788816447, -0.32332866580868563, -0.47940469581435513, -0.46045408443911323, -0.5199606477221543, -0.5718659738444974, -0.5657614614437826, -0.694619803346357, 1.6869756366943982, 0.8205664566355658, 0.03493086893600624, -0.4414376177535423, -0.5927269481961289, -0.7764462052056242, -0.7800297632051589, -0.8044871641747671, -0.8297483561138101, -0.9080996602265629, 1.7265023921793659, 0.8188990495567535, 0.10957036298785, -0.4265556742117332, -0.6760446791482516, -0.8839479813932133, -0.9674238561483469, -0.9937470981435494, -1.0372485293343334, -1.0834769250918976, 1.747095689089554, 0.7939102455066483, 0.03161810154157525, -0.45369774771899213, -0.7230438985546633, -0.9530915707546243, -1.0688544629560321, -1.0839761679339806, -1.1291432724164037, -1.1882864829645527, 1.7471819322906048, 0.7357586005719442, 0.10399248374640874, -0.4039859809278078, -0.7416893636039998, -0.9600646024858942, -1.0783827421490828, -1.1302085105064663, -1.1907668438373014, -1.221924532704209, 1.5988943322591254, 0.7246479045878278, 0.01437506098979171, -0.5099451606634553, -0.8253067945664373, -0.9652445328393784, -1.1011576543696797, -1.1591925347893055, -1.1980771563170103, -1.2336153696229097, 1.3974742651560637, 0.44864634674138915, -0.24012697153401796, -0.6261537061154375, -0.8778705108732887, -1.008521757744211, -1.1245236286712548, -1.2063050295250821, -1.2360177769004013, -1.2614224983057936], "bean_num": 0.5, "model_info": {"det_num_x": 10, "det_num_y": 10, "det_y": 0.03, "det_x": 0.03, "size_x": 0.5, "size_y": 0.5, "med_margin": 0.0015}}