{"source": [-134.4110129114833, 460.8994858152233], "intensity": 100, "miu_detector": 0.3, "miu_medium": 1.2, "miu_air": 0.00018, "output": [0.0, 0.0, 0.0, 0.0, 0.0, 0.0, 0.0, 0.0, 0.0, 0.0, 0.0, 0.0, 0.0, 0.0, 0.0, 0.0, 0.0, 0.0, 0.0, 0.0, 0.0, 0.0, 0.0, 0.0, 0.0, 0.0, 0.0, 0.0, 0.0, 0.0, 0.0, 0.1935397721971284, 0.8064602278028716, 0.0, 0.0, 0.0, 0.0, 0.0, 0.0, 0.0], "miu_de": 0.5, "input": [1.7248955312623118, 0.9042978830576651, 0.24793733309843763, -0.2329532643190407, -0.5308644364414614, -0.7904660895329904, -0.9116324438968724, -1.0224924627203351, -1.1076004903901862, -1.1597481861982388, 2.1381604948263404, 1.242060737298519, 0.554578309766068, 0.024647091452297345, -0.3435725570317097, -0.6409669234198503, -0.8522244098362161, -0.9610786085676005, -1.0518197914415917, -1.1384335320272039, 2.135617980618916, 1.3828819918041815, 0.5774547618133268, 0.08411486562073868, -0.31091041678313286, -0.6082974275733564, -0.805284689345831, -0.9393568054282146, -1.0278240428058778, -1.1149795427455382, 2.1551018832456226, 1.3941241313563555, 0.6670551480568827, 0.10939124047592157, -0.2959209386781696, -0.5940109095347437, -0.7902569144571063, -0.9289425554337623, -1.0420881822439492, -1.1202681897489555, 2.0725594438209467, 1.408503824527598, 0.6513043641366832, 0.08092484411533514, -0.290669236260436, -0.5771049934890417, -0.7788657193421958, -0.9240334242798129, -1.035197609130887, -1.0960877411931154, 2.0707459774617174, 1.4472989308851456, 0.6337295431371324, 0.09697981963545184, -0.24898757778301356, -0.5486017992263399, -0.7991949892911814, -0.8847640824568744, -1.002153668988892, -1.1130533688780277, 2.097962053377028, 1.4290192074873678, 0.5877383502418752, 0.12419024638975203, -0.30087012933768037, -0.5761684483784176, -0.7695168561820961, -0.8881048043910859, -1.0069530869409826, -1.082137785296828, 2.079192788991905, 1.3824765676588486, 0.6572351808635447, 0.06330815092976336, -0.3038786600552597, -0.5995296773373598, -0.7630076190861125, -0.9037200316738159, -0.9674549240431785, -1.034670775317981, 2.0051795688030327, 1.2618501181330408, 0.5638654280448736, 0.04806518512287154, -0.2871790730465967, -0.4809906277976855, -0.6116667881035853, -0.7012184393061189, -0.7092575111377297, -0.8337351575521087, 1.7060474179235903, 1.1486065115254451, 0.760832435046858, 0.5883041766127374, 0.4829843160532895, 0.4248988885471519, 0.41957605395444225, 0.31190826297906105, 0.36963252892823556, 0.12352884681809807], "bean_num": 0.5, "model_info": {"det_num_x": 10, "det_num_y": 10, "det_y": 0.03, "det_x": 0.03, "size_x": 0.5, "size_y": 0.5, "med_margin": 0.0015}}