{"source": [-93.852055298537, -471.79031325389724], "intensity": 100, "miu_detector": 0.3, "miu_medium": 1.2, "miu_air": 0.00018, "output": [0.0, 0.0, 0.0, 0.0, 0.0, 0.0, 0.0, 0.0, 0.250092511474033, 0.749907488525967, 0.0, 0.0, 0.0, 0.0, 0.0, 0.0, 0.0, 0.0, 0.0, 0.0, 0.0, 0.0, 0.0, 0.0, 0.0, 0.0, 0.0, 0.0, 0.0, 0.0, 0.0, 0.0, 0.0, 0.0, 0.0, 0.0, 0.0, 0.0, 0.0, 0.0], "miu_de": 0.5, "input": [1.8116140548162316, 1.1592116728872122, 0.6201673414887862, 0.44785295265704966, 0.3537661058171437, 0.27170847492269895, 0.22158244775851413, 0.20543390761899932, 0.15818663701527136, -0.0460990490215604, 2.064416313621289, 1.2011198274229362, 0.5819504350197874, 0.02602835358074097, -0.2976144797278395, -0.47109186052484986, -0.6583589213876382, -0.7636331692133314, -0.8360127044587587, -0.9037584642732386, 2.0880788980985105, 1.3094579011200969, 0.586166784292003, 0.06399786928460433, -0.28391243645371866, -0.4845173352006138, -0.7037655921788819, -0.8932899583006041, -0.9403360035027031, -1.0405067411713405, 2.1297902494978427, 1.3212924726704771, 0.7397071528317601, 0.15791457163197523, -0.291970556393582, -0.5877728177761428, -0.7605407096456759, -0.9086372626408057, -0.9966601881668425, -1.0690858636489093, 2.163037054489085, 1.5061498941848275, 0.704008104228698, 0.11479716599143938, -0.27501364134917416, -0.5674355250836701, -0.7731907071005163, -0.8916306157595011, -1.015962374027486, -1.0664375520475435, 2.1456123381382834, 1.338971563215684, 0.7218564596631363, 0.175591023825723, -0.2843755869090919, -0.5737240225950033, -0.8094249802756884, -0.9496675402193898, -1.0115506911721186, -1.0903985968153647, 2.1692943805383416, 1.4579239023285586, 0.7224089156844565, 0.16118038229367768, -0.2625708119009118, -0.5441183400096286, -0.7640290107731241, -0.9119717315787128, -1.022664250877179, -1.0882464776453338, 2.0806751708337794, 1.4129142652298692, 0.6404326877710765, 0.09093001249856275, -0.31842197097461805, -0.5435425094713286, -0.7848628790202311, -0.9505069657683083, -1.0375772531763436, -1.1063274162811636, 2.0563824715797336, 1.3473854260584697, 0.6019600921359267, 0.03294512492038732, -0.30961124798288636, -0.5808216839834678, -0.8099775035864919, -0.96905856265771, -1.0170571372267525, -1.1089383751816508, 1.7347356128402944, 0.9253618805774207, 0.22290845611340987, -0.22277618529022905, -0.5295511840324901, -0.7687435245297148, -0.9114238037467177, -1.0237048144412337, -1.0760486584455546, -1.137978563571398], "bean_num": 0.5, "model_info": {"det_num_x": 10, "det_num_y": 10, "det_y": 0.03, "det_x": 0.03, "size_x": 0.5, "size_y": 0.5, "med_margin": 0.0015}}