{"source": [-275.37071334821627, -421.7562008098113], "intensity": 100, "miu_detector": 0.3, "miu_medium": 1.2, "miu_air": 0.00018, "output": [0.0, 0.0, 0.0, 0.0, 0.0, 0.0, 0.6823444132277919, 0.317655586772208, 0.0, 0.0, 0.0, 0.0, 0.0, 0.0, 0.0, 0.0, 0.0, 0.0, 0.0, 0.0, 0.0, 0.0, 0.0, 0.0, 0.0, 0.0, 0.0, 0.0, 0.0, 0.0, 0.0, 0.0, 0.0, 0.0, 0.0, 0.0, 0.0, 0.0, 0.0, 0.0], "miu_de": 0.5, "input": [1.622049645605841, 1.9766417298126875, 2.0360326791447556, 2.035828963069833, 1.9751493127387776, 2.0344221584797704, 2.0867827610525316, 2.0730039964654132, 1.9499505718793533, 1.6300185468915507, 0.9169626970427545, 1.274893172832023, 1.3461640822136403, 1.2528252236891906, 1.2709011602544502, 1.3679317109803577, 1.298294681702494, 1.3955488560521674, 1.139712786706863, 1.214560319941932, 0.23970188303502798, 0.5208992159371808, 0.621161531988409, 0.6406698076426532, 0.5516546717011949, 0.5305017992064086, 0.6166451020604478, 0.5372709004687135, 0.45962216326649513, 0.9968753635966167, -0.3042162677401282, 0.005651948190983296, -0.015959708809157657, 0.008163265280563634, 0.055697216814931456, 0.03670239255108334, 0.07848555827400194, 0.06429597481530631, 0.0104611238349918, 0.9158209079509555, -0.5998197976910196, -0.4246074883991247, -0.4131837056348956, -0.36583695275701233, -0.37070672715367575, -0.35608319628938145, -0.41668793425969575, -0.37278946164722554, -0.20779092148079073, 0.8776258939149613, -0.8023448015246241, -0.6927264115022799, -0.6616451593856159, -0.6777443486725179, -0.6549319849619333, -0.639408656588235, -0.6179744858797213, -0.531401693678991, -0.27375262375066034, 0.7677406287930477, -0.9792370424262391, -0.8940036075791296, -0.8525472817592795, -0.8429887911834112, -0.861044489228348, -0.823413830907004, -0.8510871684091529, -0.7527243583744975, -0.33083920059007565, 0.7489021166185957, -1.088772234605091, -1.0209175469180944, -0.970782803911343, -0.9779355657978754, -0.9852362920361245, -0.9259754363335944, -0.9290728142733482, -0.8079059900974782, -0.4081892620739218, 0.721253647787285, -1.1265650100037445, -1.0938658582031122, -1.0743858030713853, -1.087484798498247, -1.0613248067441639, -1.0615248602659177, -1.043964697066708, -0.871384620572724, -0.42876386245490017, 0.7455552878721243, -1.1883827654213268, -1.1855215355696214, -1.158891279143045, -1.1639441576782328, -1.1398289610477408, -1.14505523290977, -1.111029261002356, -0.9605843519935179, -0.598033731745395, 0.5537881795442482], "bean_num": 0.5, "model_info": {"det_num_x": 10, "det_num_y": 10, "det_y": 0.03, "det_x": 0.03, "size_x": 0.5, "size_y": 0.5, "med_margin": 0.0015}}