{"source": [483.11768133751696, -191.42600371964974], "intensity": 100, "miu_detector": 0.3, "miu_medium": 1.2, "miu_air": 0.00018, "output": [0.0, 0.0, 0.0, 0.0, 0.0, 0.0, 0.0, 0.0, 0.0, 0.0, 0.0, 0.0, 0.0, 0.0, 0.0, 0.0, 0.0, 0.4016650742946795, 0.5983349257053204, 0.0, 0.0, 0.0, 0.0, 0.0, 0.0, 0.0, 0.0, 0.0, 0.0, 0.0, 0.0, 0.0, 0.0, 0.0, 0.0, 0.0, 0.0, 0.0, 0.0, 0.0], "miu_de": 0.5, "input": [1.539485081933094, 1.8181081333526685, 1.70197296985432, 1.6668668649718108, 1.6858900923610338, 1.716974406883951, 1.6765385732530356, 1.6227094014192205, 1.7423539163999648, 1.3256110134209051, 1.5711635518211395, 0.9305332811861896, 0.8450320828271632, 0.886066192251136, 0.7933426500691305, 0.8788272246728894, 0.7952412914251517, 0.7269604547692445, 0.7712381659491738, 0.5317708909701422, 1.6010336653741173, 0.7851767494160757, 0.1801865478615352, 0.09170247560988491, 0.16190183774597858, 0.06972901957701286, 0.004330443582634462, 0.030110291619982698, 0.04950947133490453, -0.18317025831311193, 1.6265813015989896, 0.6637342592733125, -0.0691165421237695, -0.2471948040207182, -0.31171387375734955, -0.3961004995228015, -0.43434894410530805, -0.45768749951682086, -0.4848723666543671, -0.5566685301427902, 1.6484214482865291, 0.5944905213575318, -0.08832147238630347, -0.4504199942144411, -0.6157949144729422, -0.6811423845925962, -0.7250778836182895, -0.7318256639851815, -0.7505524998192775, -0.8665848767517625, 1.63276265715586, 0.6161485443950327, -0.04623709154145809, -0.4961071772335358, -0.7772448554022282, -0.8821039592142152, -0.9020422340230886, -0.93986236788983, -0.9751119052782454, -1.030915228227227, 1.6920181210741496, 0.6560896765305769, -0.10272374264436873, -0.5478877400281571, -0.8008151057531518, -0.987757728865065, -1.031240925739469, -1.0698176953084595, -1.0715257521653365, -1.1291727319839786, 1.6303980177336528, 0.6778266567864644, -0.14076922693677021, -0.5637048427114053, -0.8293383525218604, -0.9944369298835651, -1.0797428423376698, -1.150143078864467, -1.1473251382560172, -1.1934244999486232, 1.6208691145557717, 0.463082545448446, -0.1920582992930822, -0.6240664827879671, -0.8814873526187583, -1.039058428321327, -1.1050196669177286, -1.185901032130933, -1.2019900280431841, -1.2421542754944808, 1.3925327316357117, 0.3365287284149899, -0.34344143120675186, -0.7336278409857838, -0.9495281302109454, -1.0753273720642917, -1.1642551799233107, -1.2395888091092215, -1.2590002522645194, -1.2753023240321935], "bean_num": 0.5, "model_info": {"det_num_x": 10, "det_num_y": 10, "det_y": 0.03, "det_x": 0.03, "size_x": 0.5, "size_y": 0.5, "med_margin": 0.0015}}