{"source": [-506.9889049791127, 146.83071327992116], "intensity": 100, "miu_detector": 0.3, "miu_medium": 1.2, "miu_air": 0.00018, "output": [0.0, 0.0, 0.0, 0.0, 0.0, 0.0, 0.0, 0.0, 0.0, 0.0, 0.0, 0.0, 0.0, 0.0, 0.0, 0.0, 0.0, 0.0, 0.0, 0.0, 0.0, 0.0, 0.0, 0.0, 0.0, 0.0, 0.0, 0.0, 0.0, 0.0, 0.0, 0.0, 0.0, 0.0, 0.0, 0.0, 0.0, 0.0, 0.7946352989797508, 0.20536470102024915], "miu_de": 0.5, "input": [-1.0652025838819246, -1.0020778184424886, -0.9315258086688566, -0.8373722180753478, -0.614909987663513, -0.41984383889034493, -0.1321667609341405, 0.3722448747568474, 1.0228933989244544, 1.8625868193328825, -1.0309880913891085, -0.9403375783331577, -0.8417327994024444, -0.7592003558899565, -0.5486696492764346, -0.23540445959438505, 0.14625207115935077, 0.5975482428613467, 1.3095248219096451, 2.2067808628148553, -1.0176324003693296, -0.9273671333223736, -0.8288253714290272, -0.6659819951453093, -0.4685750967012523, -0.18355210428248228, 0.20893241669163928, 0.7795933378707044, 1.378857035098754, 2.1925868173599814, -1.009087266287682, -0.9053445382164382, -0.7872388752888576, -0.6972158499562476, -0.43824129908678955, -0.21623414141857292, 0.21667438670934083, 0.6797570146415295, 1.5231864144630727, 2.136576364955583, -0.9741153874080614, -0.9059798810188322, -0.7927157033336896, -0.6580570832320174, -0.5223742583845926, -0.17438675806296133, 0.21545217608972375, 0.7134634178075024, 1.4664703448014498, 2.0952547707098814, -1.0347283554625437, -0.9063495895268722, -0.8001902595834995, -0.6882363357219539, -0.5050598046117744, -0.1288349082209695, 0.23241839392200256, 0.8399146747311828, 1.3893456581097863, 2.147593781036001, -1.0269213409725981, -0.941039775913352, -0.8039971595892378, -0.6408316402235237, -0.464450543151588, -0.1167893307630325, 0.27336026789719076, 0.7277343160229972, 1.4526850400638185, 1.9868799233692394, -1.0229651236273218, -0.8986235478929452, -0.8471845487384513, -0.6925717577680712, -0.4627489265718576, -0.21324838066432433, 0.17616082642355566, 0.7150845989016588, 1.53574935792687, 2.2907137704132237, -1.0427956123014193, -0.9317901714114205, -0.8322258946413551, -0.6664987156219139, -0.5345604494917743, -0.332273869545556, -0.02103258936574354, 0.6688535516493013, 1.3096639942978054, 2.1397033202079823, -0.8613225667682756, -0.8304256062653159, -0.7483310505835792, -0.6505459928305601, -0.4842050141380853, -0.385653464843351, -0.011503817752888293, 0.30395078211560933, 1.0193898640435348, 1.7264555278614706], "bean_num": 0.5, "model_info": {"det_num_x": 10, "det_num_y": 10, "det_y": 0.03, "det_x": 0.03, "size_x": 0.5, "size_y": 0.5, "med_margin": 0.0015}}