{"source": [52.949568949972054, -527.8817087286864], "intensity": 100, "miu_detector": 0.3, "miu_medium": 1.2, "miu_air": 0.00018, "output": [0.0, 0.0, 0.0, 0.0, 0.0, 0.0, 0.0, 0.0, 0.0, 0.0, 0.3635625377211255, 0.6364374622788744, 0.0, 0.0, 0.0, 0.0, 0.0, 0.0, 0.0, 0.0, 0.0, 0.0, 0.0, 0.0, 0.0, 0.0, 0.0, 0.0, 0.0, 0.0, 0.0, 0.0, 0.0, 0.0, 0.0, 0.0, 0.0, 0.0, 0.0, 0.0], "miu_de": 0.5, "input": [-1.1697569915008699, -1.137430194321268, -1.1398253550988968, -1.1377249018225197, -1.1336385872947095, -1.1077788557386252, -1.082082392555012, -0.9804889041644869, -0.6672874091456092, 0.4261643635672755, -1.1187830460641166, -1.0614816420775197, -1.0654689993208573, -1.0352931704524129, -1.0499553952297473, -1.0170600784822441, -1.0063778299994417, -0.915875840283735, -0.5740662752241209, 0.6213504262362615, -1.0453129618344312, -0.9866534928484945, -0.9655113054730614, -0.9519121169772607, -0.9671792825791664, -0.927394971069032, -0.9123180421041851, -0.8407487784573509, -0.4868192349139106, 0.6461810182884505, -0.95210016951577, -0.8840498711993471, -0.8254024253570554, -0.8111362731441683, -0.8356470287072955, -0.8253109320104158, -0.8275637101440504, -0.7487406561307608, -0.4433347947175424, 0.6738208303994679, -0.8010586442574275, -0.6846651641854448, -0.6339797054637469, -0.660003852697017, -0.6228211067758802, -0.6346337082653021, -0.6271520496341012, -0.5810906159834885, -0.3985598975213815, 0.7032109737245498, -0.5923152877546767, -0.4277895430081211, -0.39465519675041705, -0.36490602145420653, -0.3183840291008059, -0.3791495254255805, -0.3519384734198573, -0.2958004665368921, -0.23125094287608877, 0.7649251294953875, -0.25332492908463144, -0.07281968228640001, -0.016714634319081007, 0.04568196187967914, 0.05701848339496428, 0.03905466678357072, 0.03507062222583194, 0.041858672401430104, 0.06587890710705417, 0.8523329587280131, 0.23352317126642502, 0.42487742586052646, 0.5127296117923058, 0.5957868039753537, 0.5972189297262239, 0.5942068604499477, 0.6255087712511063, 0.5523222810446079, 0.49824659197803356, 0.9176278655943951, 0.894690174103521, 1.1892242198362422, 1.3013966924422928, 1.3443782921458232, 1.3040987131509734, 1.3472962818313654, 1.3588037765228984, 1.3135982215016013, 1.2506252822814745, 1.2176302884271493, 1.6956992517529854, 2.041711047674543, 1.9951734424574772, 2.02461387912998, 2.0813529173191583, 2.136035592530802, 2.0986292761332876, 2.1074186494227796, 1.9943464605541517, 1.759205606370689], "bean_num": 0.5, "model_info": {"det_num_x": 10, "det_num_y": 10, "det_y": 0.03, "det_x": 0.03, "size_x": 0.5, "size_y": 0.5, "med_margin": 0.0015}}