{"source": [-491.5303508749038, -203.7883719766727], "intensity": 100, "miu_detector": 0.3, "miu_medium": 1.2, "miu_air": 0.00018, "output": [0.0, 0.0, 0.49790165976805295, 0.5020983402319471, 0.0, 0.0, 0.0, 0.0, 0.0, 0.0, 0.0, 0.0, 0.0, 0.0, 0.0, 0.0, 0.0, 0.0, 0.0, 0.0, 0.0, 0.0, 0.0, 0.0, 0.0, 0.0, 0.0, 0.0, 0.0, 0.0, 0.0, 0.0, 0.0, 0.0, 0.0, 0.0, 0.0, 0.0, 0.0, 0.0], "miu_de": 0.5, "input": [1.647238785000332, 2.148469675404769, 2.1957100987422344, 2.273094890892512, 2.2833804840728, 2.273515579832936, 2.1165353884774123, 2.0854416134586646, 2.097047786307366, 1.7226523183606954, 0.9677379038415145, 1.4133762725456844, 1.4242015529478083, 1.3636692240846782, 1.405921049597602, 1.4309611653424565, 1.4264129431101604, 1.432914059170919, 1.242190684050643, 1.027492974905753, 0.2303818763987931, 0.6826852575904357, 0.6857037125956466, 0.709581539145268, 0.8059108614034082, 0.7778861002653973, 0.7772568668266431, 0.6833096449769411, 0.5912562509040016, 0.4258670340340209, -0.18495027169775094, 0.14070939677149755, 0.21525906028143185, 0.2091374838906933, 0.25494607359616406, 0.19891342084904878, 0.17450086426890019, 0.135179564981261, 0.029678432961931248, 0.16614043667980447, -0.4541366036373532, -0.3438457035227446, -0.25539431601950985, -0.18282376449025983, -0.16649374266256597, -0.2613002979397631, -0.24225696452587075, -0.3065147753721983, -0.26129992965067517, -0.12592696272096346, -0.6931280949416745, -0.5619824751759338, -0.5494814713830304, -0.5249685678617902, -0.4632626980859051, -0.4733410554878182, -0.45766961335456746, -0.5326793523252458, -0.5239665467848399, -0.2065075172328759, -0.83346218816779, -0.7630512217711084, -0.7031211263720856, -0.7315748011321851, -0.6664419797678967, -0.6958067799051593, -0.7006411164205222, -0.7621507559957369, -0.7128593780107421, -0.22466519103556712, -0.9812202894180062, -0.8817373733399569, -0.8363558344386858, -0.8407040617856324, -0.8728196808659163, -0.8670929265900761, -0.8611869590351794, -0.83880952467111, -0.8262778216162787, -0.44128484186578026, -1.0300546338714542, -1.0148289086941036, -0.9709247860838335, -0.9506960886850333, -0.9258022776627954, -0.9677168082488404, -0.9307411350959551, -0.972087777216972, -0.9447212360098267, -0.44371444448725705, -1.0926922284545095, -1.064732656671113, -1.0504357281983343, -1.0471159089092696, -1.026870132374179, -1.018341482400629, -1.0429272468177277, -1.0284548124575725, -0.9858691863526811, -0.5503462727973969], "bean_num": 0.5, "model_info": {"det_num_x": 10, "det_num_y": 10, "det_y": 0.03, "det_x": 0.03, "size_x": 0.5, "size_y": 0.5, "med_margin": 0.0015}}