{"source": [-481.86564361659725, 262.76215483269567], "intensity": 100, "miu_detector": 0.3, "miu_medium": 1.2, "miu_air": 0.00018, "output": [0.0, 0.0, 0.0, 0.0, 0.0, 0.0, 0.0, 0.0, 0.0, 0.0, 0.0, 0.0, 0.0, 0.0, 0.0, 0.0, 0.0, 0.0, 0.0, 0.0, 0.0, 0.0, 0.0, 0.0, 0.0, 0.0, 0.0, 0.0, 0.0, 0.0, 0.0, 0.0, 0.0, 0.0, 0.0, 0.0, 0.17818999077873687, 0.8218100092212631, 0.0, 0.0], "miu_de": 0.5, "input": [1.4446261136020726, 0.7170993754654454, 0.06405476655572884, -0.3908722985930103, -0.6913414920983322, -0.8996154843970804, -1.06615186337898, -1.1230411996091552, -1.170255473394065, -1.2423164769137416, 1.8925109320741518, 1.117775649441217, 0.37194692492977416, -0.20077606156738165, -0.5551578298323654, -0.8187293255626656, -1.039329848729024, -1.0607988638550487, -1.1757677785311387, -1.216851719011658, 1.9092909817568606, 1.2145045553209197, 0.43791694559272515, -0.14357448574848838, -0.5521858788089311, -0.7824458951656035, -0.9384288531448789, -1.056088548729037, -1.1386513133348921, -1.198144499369582, 1.9179896330016668, 1.176645700427164, 0.4207441251307609, -0.16329533326519455, -0.5536385655171824, -0.7251694814433713, -0.9445034850339379, -1.0484592251312108, -1.1072844255062002, -1.181637108213013, 1.8665700797311635, 1.2478887561060035, 0.39549165929923785, -0.17455065320045582, -0.5447603432449079, -0.7079887675412943, -0.9395749565495282, -0.9922946839397423, -1.0664578883686555, -1.1375916726157285, 1.962231979146458, 1.1728257548823238, 0.4077787162105775, -0.09597509317605217, -0.5070103686008688, -0.6983205245327694, -0.8454025449521061, -0.9791580224635398, -1.0563206647998225, -1.1133727679598318, 1.8590794662972345, 1.0736154417818762, 0.33630544620513947, -0.0750803811068886, -0.4098203634479752, -0.7105229463771982, -0.7946203208664743, -0.8390469294801338, -0.9176238333001825, -0.9788244828172438, 1.8805137530785632, 1.1281239720035041, 0.364337966262756, -0.06848348177073427, -0.4221399097220293, -0.4458477216129179, -0.5912102361669053, -0.5867778238926287, -0.6042638837463781, -0.7050377096433141, 1.8831303259508434, 1.153394341500532, 0.4850274930814013, 0.25591122439194675, 0.18960002997730757, 0.11093169775867913, 0.059057126523818664, 0.06484431475840867, 0.036010446242795015, -0.20026852960034036, 1.6626453195110273, 1.367218524955929, 1.4321313259465873, 1.4373789737082587, 1.0787615934159913, 1.2477740432968165, 1.1797933528569686, 1.2147387315142557, 1.2289512250095969, 0.9256915346772926], "bean_num": 0.5, "model_info": {"det_num_x": 10, "det_num_y": 10, "det_y": 0.03, "det_x": 0.03, "size_x": 0.5, "size_y": 0.5, "med_margin": 0.0015}}