{"source": [511.38654097504656, 224.5098897412766], "intensity": 100, "miu_detector": 0.3, "miu_medium": 1.2, "miu_air": 0.00018, "output": [0.0, 0.0, 0.0, 0.0, 0.0, 0.0, 0.0, 0.0, 0.0, 0.0, 0.0, 0.0, 0.0, 0.0, 0.0, 0.0, 0.0, 0.0, 0.0, 0.0, 0.0, 0.0, 0.3663859752746984, 0.6336140247253016, 0.0, 0.0, 0.0, 0.0, 0.0, 0.0, 0.0, 0.0, 0.0, 0.0, 0.0, 0.0, 0.0, 0.0, 0.0, 0.0], "miu_de": 0.5, "input": [-1.1081610753631899, -1.0415729158172413, -0.9625393133873653, -0.8689091078374165, -0.7400468398431105, -0.49588296867950643, -0.18064756098803597, 0.23146075780411154, 0.8976048650981834, 1.7553058074546128, -1.0805083444276757, -1.0210953188952543, -0.9081678363445529, -0.767076621042037, -0.6190537530205593, -0.2974269209633555, 0.06158914114275796, 0.6240286331694328, 1.3560506722979921, 2.053834668468931, -1.063104170824919, -0.9959784557618284, -0.8714729186688652, -0.749007513189651, -0.5318915145311471, -0.2627362397761785, 0.19701951168024123, 0.6961365940868403, 1.4096752146473004, 2.1408563852795868, -1.0627814402732603, -0.9721832418033537, -0.8760612002684344, -0.7166254107109193, -0.5047147964706026, -0.19070045921579468, 0.19066096839236044, 0.7295610429785392, 1.478472883573914, 2.129485651737454, -1.0558500257920964, -0.9679795820946347, -0.8825516183239923, -0.7251687180761897, -0.5270980483600727, -0.2541936330927777, 0.17179537834437675, 0.7906363487935787, 1.516391259137977, 2.1682733811549912, -1.0513067386544264, -0.9942935996932751, -0.8998207959545195, -0.7053129083100095, -0.5326014249111384, -0.24184685464590575, 0.22449940112689612, 0.8038969690195028, 1.4471814442462387, 2.1740150030934213, -1.0492893441372368, -0.9816000371754815, -0.8599660674397702, -0.721840989422993, -0.5021167259917538, -0.22393178019524446, 0.21449260668854545, 0.7593105161905154, 1.407364902452244, 2.2090043018965195, -1.0432293779305384, -0.9508190962171028, -0.83953163942883, -0.7208679232146221, -0.4845231826349271, -0.23330912519197636, 0.20748587003217037, 0.6492466781443506, 1.366550420430278, 2.1314278648909624, -0.9844556183065597, -0.8869385774201913, -0.8155464598668604, -0.7163269363112036, -0.5449330976357436, -0.27895345068438454, 0.08356355858402505, 0.6193966172884194, 1.3612432004096566, 2.10177358637211, -0.40175577678415864, -0.32003177953685247, -0.23565130550201896, -0.2246893391120515, -0.11585818797864032, 0.025968748457754213, 0.16903870641236485, 0.505174518167407, 1.0879010978898223, 1.7151605270960568], "bean_num": 0.5, "model_info": {"det_num_x": 10, "det_num_y": 10, "det_y": 0.03, "det_x": 0.03, "size_x": 0.5, "size_y": 0.5, "med_margin": 0.0015}}