{"source": [-149.76968143556178, 538.4774675087082], "intensity": 100, "miu_detector": 0.3, "miu_medium": 1.2, "miu_air": 0.00018, "output": [0.0, 0.0, 0.0, 0.0, 0.0, 0.0, 0.0, 0.0, 0.0, 0.0, 0.0, 0.0, 0.0, 0.0, 0.0, 0.0, 0.0, 0.0, 0.0, 0.0, 0.0, 0.0, 0.0, 0.0, 0.0, 0.0, 0.0, 0.0, 0.0, 0.0, 0.0, 0.2729849754203209, 0.727015024579679, 0.0, 0.0, 0.0, 0.0, 0.0, 0.0, 0.0], "miu_de": 0.5, "input": [0.36791869575989955, 0.4939624988435283, 0.550190557255192, 0.5721663099861077, 0.5820631264096995, 0.6412447194775216, 0.7609134386182964, 0.8599627438704125, 1.205477741420406, 1.6908739330589528, -0.7320684723309034, -0.633631469980377, -0.5469594341909756, -0.5106304683576882, -0.442162457385373, -0.2802894887859588, 0.018287495988111715, 0.5386093242798953, 1.339418757597916, 1.99545980621463, -1.0204287494846138, -0.9239279733225667, -0.8639558426372278, -0.7779103181609912, -0.5605904707347591, -0.29945519665235765, 0.01992100548541644, 0.6026506878622063, 1.3576226207390791, 2.0173449422490637, -1.0957937314310717, -0.9881993018062171, -0.882269024920801, -0.8026060640150433, -0.5988523886219488, -0.31296664135765967, 0.07663822002367497, 0.5986725066842112, 1.267307788556659, 2.0589249042134674, -1.103865979385262, -1.0277126883096972, -0.8965355469285472, -0.8008285576075995, -0.6165279688099247, -0.36509593416238323, 0.07070441484080069, 0.5838927135780445, 1.327529883750773, 2.1461421270143606, -1.1229090048020922, -1.0447221834604516, -0.9426496505801105, -0.7710283498918306, -0.5582270890482172, -0.30446910712273995, 0.03150786773341961, 0.6843015634078584, 1.3334766589127516, 2.0483286876509923, -1.1359803210059687, -1.0633466896836057, -0.956851041473703, -0.7914681819396587, -0.6422402644810499, -0.3249955493812416, 0.07586391790899874, 0.5780334862513052, 1.3595329492449026, 2.119553740303139, -1.1416082849694706, -1.0461808538423447, -0.9693396375933816, -0.8240569136547744, -0.6348534529467631, -0.3694253024421881, 0.033683153743071716, 0.5722492326447985, 1.329017650515132, 2.114000283699542, -1.1367585225812453, -1.0743276159852706, -0.9981892929755044, -0.8385973264127538, -0.6941541926792502, -0.37296827347631323, -0.03029401955925255, 0.4483013967697945, 1.2550455528912514, 2.155038224014974, -1.1636819391715993, -1.1097604572713609, -1.0387788234537096, -0.9366055941343444, -0.7938979079583537, -0.6135717581553413, -0.24445950483668946, 0.25968150479568375, 0.9043800120253224, 1.7277644300592918], "bean_num": 0.5, "model_info": {"det_num_x": 10, "det_num_y": 10, "det_y": 0.03, "det_x": 0.03, "size_x": 0.5, "size_y": 0.5, "med_margin": 0.0015}}