{"source": [378.81039862376804, 416.0336603184674], "intensity": 100, "miu_detector": 0.3, "miu_medium": 1.2, "miu_air": 0.00018, "output": [0.0, 0.0, 0.0, 0.0, 0.0, 0.0, 0.0, 0.0, 0.0, 0.0, 0.0, 0.0, 0.0, 0.0, 0.0, 0.0, 0.0, 0.0, 0.0, 0.0, 0.0, 0.0, 0.0, 0.0, 0.0, 0.702082901981941, 0.297917098018059, 0.0, 0.0, 0.0, 0.0, 0.0, 0.0, 0.0, 0.0, 0.0, 0.0, 0.0, 0.0, 0.0], "miu_de": 0.5, "input": [-0.6199771460976226, -0.4947931605645234, -0.5379809021581418, -0.4122685453597976, -0.3679898051273343, -0.2397115120037319, 0.021292514638342277, 0.4105899781167708, 1.0101358291398403, 1.7418847142346614, -1.025105737854812, -0.9449176388892833, -0.8687662274715146, -0.71148212921939, -0.5590753587504034, -0.23375767625916274, 0.11317134305579381, 0.7048216172139956, 1.3315006382727863, 2.1057646251887023, -1.0206413122032425, -0.9613515277704779, -0.8680577383064887, -0.7423148353122166, -0.5134772448373108, -0.2377152739530884, 0.10900501110327611, 0.7961194811485466, 1.450395659795234, 2.1810261740536703, -1.0082054980030737, -0.9412501134767488, -0.8333773993226562, -0.6876058384370856, -0.4693908298541616, -0.2261612086719256, 0.20452812370825646, 0.6878791803634121, 1.41345732932595, 2.1736489493616284, -1.0464433391267198, -0.9361563754822692, -0.8110913295553953, -0.7090244616161536, -0.5146403171577958, -0.1808250394691095, 0.18133964076142173, 0.7837628044758345, 1.4527338237403276, 2.232073550709002, -1.0213652483409577, -0.9218577280986725, -0.835295490402973, -0.6776496812766112, -0.49240140980932817, -0.18072779013182458, 0.25280765243379755, 0.7891423887452279, 1.4435612363743435, 2.206333695863072, -1.046114021459405, -0.9704255532097007, -0.8531208320024068, -0.6402748889083517, -0.48693437702086134, -0.18188246372094033, 0.22894621823557845, 0.7727855066105552, 1.4897423569864665, 2.2500614186608727, -1.0584623416212693, -0.9797469135549306, -0.8830453775819848, -0.6809369677523824, -0.5341647070380274, -0.2072336079121535, 0.0987187228340742, 0.6544211963544733, 1.3961827408992986, 2.031101181097367, -1.0379744983275867, -0.9771498569421634, -0.8650855407312182, -0.7323067219163335, -0.5307127628324299, -0.23970574999398953, 0.09441413218889708, 0.5946594332894636, 1.3481818015488156, 2.090782926628364, -1.096853648059625, -1.0036491550615938, -0.9104070391072597, -0.8250802331908956, -0.6849639973893511, -0.46437268257337555, -0.13733837163635285, 0.3074569339970652, 0.9075447784615506, 1.8188198702998593], "bean_num": 0.5, "model_info": {"det_num_x": 10, "det_num_y": 10, "det_y": 0.03, "det_x": 0.03, "size_x": 0.5, "size_y": 0.5, "med_margin": 0.0015}}