{"source": [458.5739231594605, -336.1768542376231], "intensity": 100, "miu_detector": 0.3, "miu_medium": 1.2, "miu_air": 0.00018, "output": [0.0, 0.0, 0.0, 0.0, 0.0, 0.0, 0.0, 0.0, 0.0, 0.0, 0.0, 0.0, 0.0, 0.0, 0.0, 0.02720480705169213, 0.9727951929483079, 0.0, 0.0, 0.0, 0.0, 0.0, 0.0, 0.0, 0.0, 0.0, 0.0, 0.0, 0.0, 0.0, 0.0, 0.0, 0.0, 0.0, 0.0, 0.0, 0.0, 0.0, 0.0, 0.0], "miu_de": 0.5, "input": [-1.052945721340481, -1.0211751150206347, -1.0080729313190142, -1.0213285666300376, -1.0005885177859024, -0.9925037036258688, -0.9823008130986682, -0.9983783552515351, -1.005475195764432, -0.9614445102485318, -0.9999210254178286, -0.9579364212734662, -0.9130739949976439, -0.9324016544632889, -0.9043406180344873, -0.8828262084037077, -0.904873015496082, -0.9064762670473457, -0.9022143540376091, -0.9083256717112952, -0.917541368534831, -0.8412873664046318, -0.8230627522675134, -0.8030913932156493, -0.7931039252333056, -0.7709112050077905, -0.7862290721952108, -0.7957059800625512, -0.7920668380519075, -0.8225384677492605, -0.7889328407246282, -0.7205945729473493, -0.6631217166208909, -0.6548694920948858, -0.6290048744097843, -0.6212999822311245, -0.6376174858379083, -0.6749806021655756, -0.7001578994655817, -0.7497693224105036, -0.665110071144786, -0.5100687485340069, -0.4501133832353889, -0.4348674741194119, -0.45488954843976864, -0.4093232693759228, -0.465551354004701, -0.49837400165569395, -0.5005587616773535, -0.5995337302347604, -0.4552822298052973, -0.3006813977663803, -0.22438711132112843, -0.16038833096466773, -0.16299433135090238, -0.13346312917009528, -0.22363166155690786, -0.2442942675200779, -0.24633580870592342, -0.40694180575679817, -0.1262614270230783, 0.12365620846628433, 0.20161576780919074, 0.21033614852717855, 0.1915663567829934, 0.22018464323176562, 0.18245673849707703, 0.20899194947548705, 0.15602549663252033, -0.08700956809933208, 0.2900542580375117, 0.6951545817450254, 0.6810033538106822, 0.7022398222981957, 0.7737233130653887, 0.7551347812133378, 0.6772395149012616, 0.6769060558167326, 0.6319240362445292, 0.3167025899432586, 0.988149316979017, 1.324148787440307, 1.4136680434688214, 1.450260790801097, 1.4923132099644483, 1.490171786784726, 1.5219976384411618, 1.3966737995218992, 1.308483575488118, 0.9820460521913164, 1.7637054548043527, 2.200890769590837, 2.1738334339451644, 2.184516841667509, 2.10683492334809, 2.1609766395781445, 2.2518651335676934, 2.167094045770185, 2.138845546147691, 1.7911598240621436], "bean_num": 0.5, "model_info": {"det_num_x": 10, "det_num_y": 10, "det_y": 0.03, "det_x": 0.03, "size_x": 0.5, "size_y": 0.5, "med_margin": 0.0015}}