{"source": [486.8474720370374, -305.9758943110342], "intensity": 100, "miu_detector": 0.3, "miu_medium": 1.2, "miu_air": 0.00018, "output": [0.0, 0.0, 0.0, 0.0, 0.0, 0.0, 0.0, 0.0, 0.0, 0.0, 0.0, 0.0, 0.0, 0.0, 0.0, 0.0, 0.5720787109663459, 0.4279212890336542, 0.0, 0.0, 0.0, 0.0, 0.0, 0.0, 0.0, 0.0, 0.0, 0.0, 0.0, 0.0, 0.0, 0.0, 0.0, 0.0, 0.0, 0.0, 0.0, 0.0, 0.0, 0.0], "miu_de": 0.5, "input": [1.6493011200000365, 0.8673390867908476, 0.2419248618935062, -0.18937808022070532, -0.5223483239775747, -0.7472684538430011, -0.8989709553015187, -0.9893437318531545, -1.062736519794294, -1.1307687202717902, 2.01058082128252, 1.2667232722573034, 0.5665875413697606, 0.04769103389927392, -0.3633061445680615, -0.6217690090613965, -0.8252170574919423, -0.9828434238229526, -1.0485358314349913, -1.12011110526805, 2.239970269770928, 1.439831952065649, 0.7071225805018497, 0.12304563549356075, -0.3195659887777785, -0.5997084637975306, -0.7955369128721561, -0.938700983966469, -1.0414610128342507, -1.104554075907757, 2.0698778758425522, 1.4173054704007042, 0.697305626856262, 0.1494624219525293, -0.3136560978323802, -0.5832179373286818, -0.7702015184854089, -0.9156378438773748, -1.0345725750480883, -1.106568263451931, 2.101909607669546, 1.498806052966509, 0.7657754861293744, 0.17460737703171667, -0.27343947702273647, -0.5400322518079052, -0.7385697567407132, -0.9178128902496032, -0.9905954397780836, -1.0947928324386214, 2.0613393128805324, 1.3022516990475141, 0.763509970226732, 0.181623372799047, -0.28318385216192665, -0.5572427395238263, -0.7486578254875981, -0.9016219941839668, -0.9955894121720611, -1.0891039225180499, 2.1431735494065496, 1.3794035269632583, 0.6483108633643792, 0.11573243638453647, -0.2668218732736559, -0.5961148135486862, -0.7803057867952227, -0.8747582414603433, -0.9842958052060049, -1.0697459138427547, 2.180064017799904, 1.4384753259204166, 0.6653344112553369, 0.0009303673669625118, -0.2398001747324452, -0.5979598331171805, -0.7257881881826768, -0.8724354076906468, -0.9786534090877346, -1.0482995448436427, 2.1362134028133912, 1.2546333516376957, 0.6048745783056192, 0.0661874236953417, -0.2578909728263422, -0.5488648436007348, -0.6610763049511228, -0.7744485822120608, -0.8081755467382262, -0.9367742789165578, 1.7252927983754334, 0.968301948739314, 0.7364664133295075, 0.45885198479499417, 0.39674488043719086, 0.22516461033515484, 0.24610652361685198, 0.2892881397058848, 0.1215801540097805, 0.033807788814605506], "bean_num": 0.5, "model_info": {"det_num_x": 10, "det_num_y": 10, "det_y": 0.03, "det_x": 0.03, "size_x": 0.5, "size_y": 0.5, "med_margin": 0.0015}}