{"source": [542.6644326859549, 223.21629199964755], "intensity": 100, "miu_detector": 0.3, "miu_medium": 1.2, "miu_air": 0.00018, "output": [0.0, 0.0, 0.0, 0.0, 0.0, 0.0, 0.0, 0.0, 0.0, 0.0, 0.0, 0.0, 0.0, 0.0, 0.0, 0.0, 0.0, 0.0, 0.0, 0.0, 0.0, 0.0, 0.515663537810862, 0.484336462189138, 0.0, 0.0, 0.0, 0.0, 0.0, 0.0, 0.0, 0.0, 0.0, 0.0, 0.0, 0.0, 0.0, 0.0, 0.0, 0.0], "miu_de": 0.5, "input": [1.1184060333851238, 1.3675436550818656, 1.4005704875700118, 1.43635071194249, 1.4556574065973817, 1.4837219112208875, 1.4823388516082097, 1.45598037976386, 1.4647190432313548, 1.6256026032424447, 0.19041914240599161, 0.3584352839163682, 0.362446029186259, 0.4160070311333092, 0.4756094499285879, 0.48272879917727446, 0.5393822708313339, 0.5826672542764804, 0.9923736540273248, 1.8352171795713095, -0.3838168546234715, -0.3916573857144142, -0.33661926176937945, -0.31357834449825644, -0.2707545146407239, -0.25249181390613706, -0.1380167593023835, 0.32320341067149, 0.9383270448638811, 1.8948136536952687, -0.8329734037525512, -0.7267560542960265, -0.7414826819417466, -0.7209863890533699, -0.5963820077711562, -0.5166848432793838, -0.18386376158684345, 0.24273380572384928, 0.9748239202250174, 1.8921642601026771, -1.0267190044388788, -0.9694299822842071, -0.9244171441226114, -0.9031718969941132, -0.7732532647241129, -0.6087657898627348, -0.2798167504970226, 0.2636102852645275, 0.9383551888060616, 1.8295295324487937, -1.1491528084429539, -1.0627007750951747, -1.0584290179425933, -0.9802788300064871, -0.8359224841926864, -0.5584844583628156, -0.2416175367703464, 0.23624375401773365, 1.0067641602918407, 1.8436378299254392, -1.2021350549862344, -1.1384066651256608, -1.0886302278409845, -1.003101909889472, -0.8483614747637636, -0.6537582642110208, -0.32011525292491116, 0.17772807537453938, 0.9607228738232998, 1.8519070916148783, -1.2126609651249727, -1.191219942875734, -1.0986665625189234, -1.0047191125463948, -0.8311535113614448, -0.6297891568945606, -0.2930729391575925, 0.26572013612869866, 1.0360768665406674, 1.8364127107569554, -1.255019696824325, -1.1737710162376505, -1.1196040441255775, -1.016129994622583, -0.9033568763754937, -0.6545042541739777, -0.3159561998981678, 0.12179492051743436, 0.9333751801615503, 1.7076885679472358, -1.2786724751812222, -1.2142824083279102, -1.17257089056145, -1.0774642615502275, -0.9904834580358081, -0.778267075353605, -0.50411437313788, -0.07350773727131923, 0.574043198157556, 1.445865976614218], "bean_num": 0.5, "model_info": {"det_num_x": 10, "det_num_y": 10, "det_y": 0.03, "det_x": 0.03, "size_x": 0.5, "size_y": 0.5, "med_margin": 0.0015}}