{"source": [574.8194331212333, 114.32121213500471], "intensity": 100, "miu_detector": 0.3, "miu_medium": 1.2, "miu_air": 0.00018, "output": [0.0, 0.0, 0.0, 0.0, 0.0, 0.0, 0.0, 0.0, 0.0, 0.0, 0.0, 0.0, 0.0, 0.0, 0.0, 0.0, 0.0, 0.0, 0.0, 0.0, 0.0, 0.7501862487032247, 0.24981375129677527, 0.0, 0.0, 0.0, 0.0, 0.0, 0.0, 0.0, 0.0, 0.0, 0.0, 0.0, 0.0, 0.0, 0.0, 0.0, 0.0, 0.0], "miu_de": 0.5, "input": [1.5813251496416505, 1.5110109996858208, 1.5657612383701516, 1.5612283167683396, 1.7301105729004298, 1.6179695486353944, 1.6152979135881087, 1.693340772290249, 1.5252639281488605, 1.3162912510900862, 1.7625300243086313, 0.9443325091446356, 0.757156395323718, 0.6746953957473362, 0.5834946491546656, 0.6591299127192246, 0.5855777265141767, 0.591619832460718, 0.6599583725491366, 0.3872458213500133, 1.6762703370691419, 0.8562855176334033, 0.29336562566494145, 0.04669849158863333, 0.02317914388434316, -0.049127822658377514, -0.11961302808045456, -0.15475841545247118, -0.14093741991988315, -0.3208092795746569, 1.7403180507248688, 0.9151687563679015, 0.11506473839891997, -0.201163343379965, -0.44601565977775304, -0.5021681357822063, -0.5268531649819461, -0.5635612875721104, -0.5869346393620263, -0.6935285149340906, 1.666455334754402, 0.8064666983389298, 0.01795651688201215, -0.37284980538168117, -0.6121091868118405, -0.7669137804403208, -0.7980299206226705, -0.8425983642583567, -0.8833300721624664, -0.9482870867661131, 1.7511481009309555, 0.7486116334142916, 0.03269679071281122, -0.4050472029084377, -0.7098405695487607, -0.8986467496553824, -0.9004755241108902, -0.9603822601073896, -1.0339828546624867, -1.0979870070453746, 1.7149421774852187, 0.679638954987803, 0.13157109640862974, -0.45289261953336024, -0.7685398652723535, -0.9808503755994058, -1.0329015759119815, -1.0826423894536525, -1.1108141829180573, -1.1697900576207851, 1.7637517348961318, 0.7430025646321146, 0.03693543353666943, -0.4778998686828053, -0.7705613466605518, -0.9766447246358486, -1.0884097461261053, -1.1396539944090118, -1.200079819774394, -1.2249413866124743, 1.6977486949039504, 0.8580909469010399, 0.02531218757244489, -0.4750153150806501, -0.810314193414237, -0.9456759507725733, -1.0741539209198903, -1.163231919222872, -1.2199265321225696, -1.2385955893548373, 1.3288329173476263, 0.4738278560243117, -0.21836069323916785, -0.5779495073300628, -0.8616195245222681, -1.039698895885435, -1.1327632992210124, -1.189524397875759, -1.2403971077538667, -1.2668807355687357], "bean_num": 0.5, "model_info": {"det_num_x": 10, "det_num_y": 10, "det_y": 0.03, "det_x": 0.03, "size_x": 0.5, "size_y": 0.5, "med_margin": 0.0015}}