{"source": [150.45442123736194, 570.0532042598918], "intensity": 100, "miu_detector": 0.3, "miu_medium": 1.2, "miu_air": 0.00018, "output": [0.0, 0.0, 0.0, 0.0, 0.0, 0.0, 0.0, 0.0, 0.0, 0.0, 0.0, 0.0, 0.0, 0.0, 0.0, 0.0, 0.0, 0.0, 0.0, 0.0, 0.0, 0.0, 0.0, 0.0, 0.0, 0.0, 0.0, 0.0, 0.6427727090645977, 0.35722729093540234, 0.0, 0.0, 0.0, 0.0, 0.0, 0.0, 0.0, 0.0, 0.0, 0.0], "miu_de": 0.5, "input": [1.6245697430241346, 0.7601985240983636, 0.17103358515956862, -0.37627313253874967, -0.5943468098466473, -0.8269369998813124, -1.0008529106484028, -1.0790895546572963, -1.1452983606968674, -1.2201449600784515, 1.8886034424929459, 1.2025412442175099, 0.3965865946048643, -0.09767350352322278, -0.4634821707404526, -0.7684294141152921, -0.9407025646441596, -1.0301033510782487, -1.1488851383841785, -1.171725166305559, 2.065293752195826, 1.2297455628580787, 0.4754877623923905, -0.08224896202779501, -0.4494923198775073, -0.7361085659413072, -0.9394514185965458, -1.0215408645349522, -1.1181724303421423, -1.195581599865758, 2.025163083403245, 1.2470385758859557, 0.522506394278956, -0.0833133951917828, -0.4021707093145558, -0.6802092161887878, -0.8937099015444349, -0.9986573124180722, -1.0878958214232968, -1.1492598843051713, 1.9940015885410227, 1.2732926133443276, 0.5844462307855595, 0.007774247375679715, -0.41716172094759313, -0.6310891800269899, -0.8467166118957544, -0.9989700130012797, -1.0875021777238472, -1.157338582942683, 1.937889916310912, 1.1847666265530419, 0.5441972663369987, -0.01680349905834963, -0.39248765214635734, -0.7445621915985332, -0.810268808856567, -0.9853880113233031, -1.055003018215532, -1.129131795316002, 2.0673316357886793, 1.2385071077218686, 0.5717608344595113, -0.004596012705141755, -0.4373467283163687, -0.6117839510917479, -0.7645259255216109, -0.953401637705849, -1.0279669873676094, -1.0798550436709675, 2.0592024006588874, 1.144503910585445, 0.555712784947954, -0.07230696900803636, -0.34723061437796143, -0.5296397879943183, -0.625738484252043, -0.7393134294965155, -0.8464267295781689, -0.9039021865605495, 1.9650975524105827, 1.159881953753442, 0.5378238047450786, 0.060742567380631426, -0.0187873794957985, -0.10963885709564238, -0.10775862660492609, -0.2805493481756476, -0.3010523528840334, -0.4077880300678833, 1.6178278461737179, 1.1706522211988464, 1.1064451058060147, 1.1888955743006122, 1.0400823902510203, 0.9311936216459032, 0.8801192673310076, 1.0008182694782335, 0.9115749312604745, 0.8004782499772573], "bean_num": 0.5, "model_info": {"det_num_x": 10, "det_num_y": 10, "det_y": 0.03, "det_x": 0.03, "size_x": 0.5, "size_y": 0.5, "med_margin": 0.0015}}