{"source": [-592.4729722984191, 3.323930244405539], "intensity": 100, "miu_detector": 0.3, "miu_medium": 1.2, "miu_air": 0.00018, "output": [0.9642843198987378, 0.0, 0.0, 0.0, 0.0, 0.0, 0.0, 0.0, 0.0, 0.0, 0.0, 0.0, 0.0, 0.0, 0.0, 0.0, 0.0, 0.0, 0.0, 0.0, 0.0, 0.0, 0.0, 0.0, 0.0, 0.0, 0.0, 0.0, 0.0, 0.0, 0.0, 0.0, 0.0, 0.0, 0.0, 0.0, 0.0, 0.0, 0.0, 0.0357156801012622], "miu_de": 0.5, "input": [-0.8321687199307977, -0.7719487636813713, -0.7138018931227188, -0.6323518410258995, -0.5190978228807527, -0.3634788207011834, -0.0629237854619142, 0.3346381954883011, 0.9006297345129265, 1.7728103604386014, -1.020249181124028, -0.9342575368288728, -0.8487864787003669, -0.695240988859868, -0.5170860040594227, -0.2659616165907531, 0.12581669531926531, 0.618456574436807, 1.3048677479832402, 2.1217071741590776, -1.0021216616116335, -0.9235511599135623, -0.849776909459134, -0.6831193865203998, -0.4720764811972935, -0.22026566585342708, 0.16311323534963576, 0.7087660126575158, 1.4905224943709976, 2.1205432326532283, -1.0150826961044648, -0.9399103049492646, -0.8135543782405099, -0.6687266193009203, -0.47324935965252624, -0.14781619934183854, 0.24091969717020978, 0.7221536708821048, 1.4285223260686617, 2.1778516023379324, -1.0121504122560987, -0.9261258313441032, -0.8137432466864492, -0.6648461900286828, -0.47109374971925533, -0.1420143411855385, 0.22736007872550992, 0.7423965059153188, 1.5483835810320221, 2.2461270106353073, -1.0166336260570585, -0.9087289887471948, -0.8104651412153228, -0.6583196648212615, -0.45412492227346396, -0.1512967314917385, 0.22617364377929305, 0.78351834016315, 1.5022164635590278, 2.159099408329246, -1.0022268691143703, -0.9167796973652403, -0.8302851889260933, -0.6762311956476127, -0.4746001910504092, -0.19243700629614485, 0.23851927653208443, 0.7439661775134613, 1.4021064360434599, 2.156382359345863, -1.0162906895108434, -0.9196869493394039, -0.830746741129069, -0.700677411080677, -0.48922497072960797, -0.18478238872304917, 0.1888143618516222, 0.7340079761729738, 1.449201786835061, 2.1583948022640365, -1.0344185900214005, -0.9667081931477287, -0.8610464823936782, -0.7518603934834809, -0.5337145757202837, -0.2918219903560055, 0.14827969920585501, 0.6767616362006114, 1.3598407360444043, 2.096717237888776, -1.0657598747854695, -1.0006207258230966, -0.9272367555857969, -0.8159459018453419, -0.6292773226833294, -0.4466765813835948, -0.10577762716307589, 0.2861391903964643, 1.0106219449516114, 1.764634027030223], "bean_num": 0.5, "model_info": {"det_num_x": 10, "det_num_y": 10, "det_y": 0.03, "det_x": 0.03, "size_x": 0.5, "size_y": 0.5, "med_margin": 0.0015}}