{"source": [-602.7610680189968, -96.11018214411332], "intensity": 100, "miu_detector": 0.3, "miu_medium": 1.2, "miu_air": 0.00018, "output": [0.0, 0.9933842562918358, 0.006615743708164227, 0.0, 0.0, 0.0, 0.0, 0.0, 0.0, 0.0, 0.0, 0.0, 0.0, 0.0, 0.0, 0.0, 0.0, 0.0, 0.0, 0.0, 0.0, 0.0, 0.0, 0.0, 0.0, 0.0, 0.0, 0.0, 0.0, 0.0, 0.0, 0.0, 0.0, 0.0, 0.0, 0.0, 0.0, 0.0, 0.0, 0.0], "miu_de": 0.5, "input": [0.7453631092592242, 0.928243914226023, 1.0718748942466128, 1.0999020728094864, 1.0608674901679744, 1.0240857310245193, 1.1575881472580027, 1.1953181356728255, 1.2721390792652143, 1.6572311729486473, -0.3060782306524457, -0.21785169043825187, -0.1750801308227887, -0.13364689981634423, -0.10892924681352541, -0.01623170108262969, 0.14563731552796844, 0.4028710701495236, 1.0626307823277061, 1.92021347387005, -0.8298937550594604, -0.7394198771936252, -0.7028524570344186, -0.6083004028828306, -0.5769363797351066, -0.3657298070866998, -0.06963119642358208, 0.4600573527404834, 1.2088669062476942, 1.9801968612677736, -1.0379746937110539, -0.9919128746849483, -0.9154692560968594, -0.8247874060780771, -0.6786548359519688, -0.4322690261684744, -0.020526244679487406, 0.47433371372945016, 1.157543885914976, 1.9226403141146642, -1.1379436024182816, -1.0550275216873621, -0.9757519614611373, -0.9004459302313131, -0.7033855799031171, -0.4288720766911164, -0.04533942057988575, 0.43265151370577637, 1.2343873939051033, 2.151155639763641, -1.1590115780677106, -1.0647735729831336, -1.0012126560933527, -0.8945875293533436, -0.7267799231986172, -0.45011336924870643, -0.0625877157110782, 0.44316146005184043, 1.2690916893897053, 2.019662627379031, -1.1570670072271518, -1.1200749148797688, -0.9970129086171408, -0.9006856110252901, -0.692513624089751, -0.4555986457946826, -0.04249867303344053, 0.5541645579919993, 1.2037954744790025, 1.9429440120227264, -1.175890863414204, -1.103718482949282, -1.0148533856005837, -0.9287181432596799, -0.7399896446849431, -0.4593889772005756, -0.14692112201807064, 0.5007683269746622, 1.1689987442573007, 2.027820065720338, -1.2052989992595613, -1.1130374968766865, -1.0441519863290765, -0.9334595588373326, -0.7293604156709063, -0.4705819324928879, -0.0846176868864722, 0.44629044012023106, 1.0274362764663416, 2.0356885213351803, -1.2243574409882638, -1.144373221872368, -1.089680198409257, -0.9919894305974267, -0.8335700244898067, -0.620544578680464, -0.2531394868034974, 0.14774582481259826, 0.8387706387216272, 1.6389643821633675], "bean_num": 0.5, "model_info": {"det_num_x": 10, "det_num_y": 10, "det_y": 0.03, "det_x": 0.03, "size_x": 0.5, "size_y": 0.5, "med_margin": 0.0015}}