{"source": [581.3516015689773, 216.11721615551446], "intensity": 100, "miu_detector": 0.3, "miu_medium": 1.2, "miu_air": 0.00018, "output": [0.0, 0.0, 0.0, 0.0, 0.0, 0.0, 0.0, 0.0, 0.0, 0.0, 0.0, 0.0, 0.0, 0.0, 0.0, 0.0, 0.0, 0.0, 0.0, 0.0, 0.0, 0.0, 0.7341559575915414, 0.2658440424084586, 0.0, 0.0, 0.0, 0.0, 0.0, 0.0, 0.0, 0.0, 0.0, 0.0, 0.0, 0.0, 0.0, 0.0, 0.0, 0.0], "miu_de": 0.5, "input": [-1.2085995490084505, -1.1577653854850727, -1.1559058329401053, -1.1536080058850136, -1.1574694640529786, -1.1149744054819735, -1.0964985755125265, -0.9379354796858282, -0.5074530004250644, 0.6353228096710732, -1.152057819139419, -1.0673287016719617, -1.100101873535405, -1.087326685077124, -1.0884714961151378, -1.0470402542841541, -0.9750378921152599, -0.8169112366030048, -0.3424338385772029, 0.771611733950557, -1.0612544055985091, -1.0213599728863614, -1.0260211558099321, -1.0060479392531392, -0.9594614555057173, -1.01087797685044, -0.9231776926938666, -0.776654543822726, -0.3362188904946281, 0.799548624349262, -0.9719181169464322, -0.8909297330049231, -0.8534638716531551, -0.8714204635673775, -0.8850204551317412, -0.8571153709785072, -0.8277882434171465, -0.7184412594393988, -0.2745747285192384, 0.8305450484375706, -0.8396570840154197, -0.6932378643786812, -0.6604466245386027, -0.6379317770031939, -0.7035021975327532, -0.678514494804024, -0.6044096103097792, -0.6122369236717892, -0.2480772327129239, 0.9343700914262161, -0.628226374645242, -0.4250490403398605, -0.34434027693783553, -0.3971948585270044, -0.38122483335237234, -0.3535737966904704, -0.3892174197228716, -0.34796284906228697, -0.1666318484061133, 0.9707115177597423, -0.348444635726441, -0.08859035195811085, 0.026372592417423055, -0.013921061395340877, -0.00017084763974084974, 0.02702021580786195, -0.007517158676526522, -0.01481049980181839, 0.04980672517922974, 0.8650020348464097, 0.16493626387580018, 0.455730016381259, 0.5086594069829194, 0.5646776924414046, 0.5876434059164097, 0.5673537980149068, 0.5581227280019844, 0.4527830598963519, 0.5151707212229768, 1.0311813642210819, 0.8641192369315863, 1.1429226259761651, 1.3795571677456133, 1.1385390805412867, 1.4217837516449054, 1.3105272385668467, 1.3168942350585837, 1.2540683683932201, 1.1206589347298348, 1.2627177968619803, 1.6399102932559575, 1.8756845037208925, 2.0087200077699796, 2.17053982454596, 2.0454390939991187, 2.0414594174576783, 2.021069515251235, 2.06366739193305, 1.9345801906102373, 1.69412690722354], "bean_num": 0.5, "model_info": {"det_num_x": 10, "det_num_y": 10, "det_y": 0.03, "det_x": 0.03, "size_x": 0.5, "size_y": 0.5, "med_margin": 0.0015}}