{"source": [416.65986538000215, 462.9764786387506], "intensity": 100, "miu_detector": 0.3, "miu_medium": 1.2, "miu_air": 0.00018, "output": [0.0, 0.0, 0.0, 0.0, 0.0, 0.0, 0.0, 0.0, 0.0, 0.0, 0.0, 0.0, 0.0, 0.0, 0.0, 0.0, 0.0, 0.0, 0.0, 0.0, 0.0, 0.0, 0.0, 0.0, 0.0, 0.6651017496648894, 0.3348982503351105, 0.0, 0.0, 0.0, 0.0, 0.0, 0.0, 0.0, 0.0, 0.0, 0.0, 0.0, 0.0, 0.0], "miu_de": 0.5, "input": [1.7338383662945624, 1.175417464029107, 0.98957536693461, 0.9089791901405752, 0.7292796557639117, 0.8234185533952201, 0.7152021298987328, 0.7275428574872057, 0.6821834289034313, 0.5046454489636477, 1.9156581839781617, 1.191975012714986, 0.4936174309292171, 0.10759692093421137, -0.2123672084657822, -0.371932291688209, -0.38496805065298595, -0.43460406791510775, -0.49502739819362146, -0.6310674599958157, 2.0262155881568873, 1.2239771044051533, 0.4055673617230742, 0.04762024721704254, -0.3048991025195402, -0.5862365780757225, -0.7364856770716461, -0.84419353596785, -0.8805259368999333, -0.9745799047010925, 2.135729052286598, 1.2607871128620132, 0.6328178630109887, 0.014643877238203495, -0.3627354729066912, -0.6347677582063347, -0.7994936179239597, -0.9455473139881756, -1.0374651817147211, -1.0950717063151134, 2.0220373792826725, 1.2495729935492716, 0.6244935280790889, 0.04631943864969298, -0.3491095327512336, -0.6434189359354743, -0.8494713709361611, -0.936430008571792, -1.0504537661083169, -1.1066886967270755, 2.1211487420126574, 1.3059609085932102, 0.5417796398006328, 0.02531694218625506, -0.3495789664821183, -0.6124660099562298, -0.8051923043524615, -0.9485063949608561, -1.0610512235889933, -1.1453729101804349, 2.1433477400791925, 1.265540496120464, 0.6108718175438439, 0.048091436543672886, -0.36948147370530465, -0.6414080321318558, -0.8618713554032039, -0.9641394474869649, -1.0909520914239186, -1.1395819483104512, 2.066179043023715, 1.2507862818083255, 0.6661248503806957, 0.012219656085962111, -0.33692083607913714, -0.6460926210336653, -0.8911599566621542, -0.9977858302777044, -1.0581195373605998, -1.162355177834449, 2.0326344691701674, 1.2608102631663547, 0.48380965352390987, -0.026598362814406678, -0.3964117186780424, -0.6886329066185526, -0.8771926844521739, -0.9915337010062028, -1.1032848201035337, -1.170754032240192, 1.6995000098141804, 0.8617911838794269, 0.2188635345539929, -0.2640147192890293, -0.5873594719240275, -0.8211790800057098, -0.9527472636000263, -1.0518620747727343, -1.130344085337552, -1.1919966128099042], "bean_num": 0.5, "model_info": {"det_num_x": 10, "det_num_y": 10, "det_y": 0.03, "det_x": 0.03, "size_x": 0.5, "size_y": 0.5, "med_margin": 0.0015}}