{"source": [342.4118882105886, -537.4601212737814], "intensity": 100, "miu_detector": 0.3, "miu_medium": 1.2, "miu_air": 0.00018, "output": [0.0, 0.0, 0.0, 0.0, 0.0, 0.0, 0.0, 0.0, 0.0, 0.0, 0.0, 0.0, 0.0, 0.3887875439391584, 0.6112124560608416, 0.0, 0.0, 0.0, 0.0, 0.0, 0.0, 0.0, 0.0, 0.0, 0.0, 0.0, 0.0, 0.0, 0.0, 0.0, 0.0, 0.0, 0.0, 0.0, 0.0, 0.0, 0.0, 0.0, 0.0, 0.0], "miu_de": 0.5, "input": [0.989987864229851, 1.3067511002625893, 1.2067666654429823, 1.2028750531837724, 1.3016789525069699, 1.4265409895215073, 1.2694395944916015, 1.1927821382489419, 1.4764106640176213, 1.655486203293473, -0.05369740940147324, 0.1990344510855101, 0.14185982871360195, 0.11961552149474594, 0.2589519436283093, 0.17921336948889258, 0.2880345366292033, 0.5558845332543504, 1.0191091302721667, 1.9046343724038988, -0.7507706621680436, -0.5732528839550923, -0.5792343416805277, -0.45888578177746786, -0.43023942714425123, -0.38318265809002305, -0.056851952522267754, 0.4222081375281334, 1.0375284296935008, 1.9316207264835725, -0.9858240809224211, -0.8767377615865118, -0.8119673754514081, -0.7540317528361377, -0.6808245122760066, -0.4737830255119952, -0.0637984713884098, 0.40641851400888757, 0.957433207117772, 1.795217654350214, -1.096517767603139, -1.0636072377875585, -0.9990989264280971, -0.9037216116840567, -0.7596385763491615, -0.5159125838293761, -0.2110255846206625, 0.3428593431877849, 1.0909975625196116, 1.9759534370555039, -1.1643571964745916, -1.0828220550317564, -1.0496557493469951, -0.918614009888961, -0.8080716930947329, -0.4865069887589206, -0.1937769540856792, 0.372453394957502, 1.1785151185601666, 1.9534166434181255, -1.2106813688420037, -1.1462420293338722, -1.0247199688784911, -0.9582926500923797, -0.7735923259387393, -0.5139859243088307, -0.1625796833325381, 0.3598504747594618, 1.099299912070454, 1.9797811138254557, -1.1973830724350512, -1.1545061396630345, -1.0830329194699013, -0.9684330440678983, -0.8246338604312173, -0.596778817086837, -0.24205944850292907, 0.33148484316275495, 1.0452705514110725, 1.8518044032946455, -1.2213942261414226, -1.1593940651487156, -1.082579103914638, -0.9600539181529302, -0.7548436606181341, -0.5811676606820887, -0.22443228481390787, 0.37730984101237536, 1.0495002132021625, 1.9262072349140587, -1.222970645502886, -1.1785924307442341, -1.1208673242488796, -1.0488317073840274, -0.8393114152952326, -0.7213811781740737, -0.4158986697035056, 0.1619440113808547, 0.7455810895599355, 1.4873358049601433], "bean_num": 0.5, "model_info": {"det_num_x": 10, "det_num_y": 10, "det_y": 0.03, "det_x": 0.03, "size_x": 0.5, "size_y": 0.5, "med_margin": 0.0015}}