{"source": [-637.3584958302122, 161.17123831252553], "intensity": 100, "miu_detector": 0.3, "miu_medium": 1.2, "miu_air": 0.00018, "output": [0.0, 0.0, 0.0, 0.0, 0.0, 0.0, 0.0, 0.0, 0.0, 0.0, 0.0, 0.0, 0.0, 0.0, 0.0, 0.0, 0.0, 0.0, 0.0, 0.0, 0.0, 0.0, 0.0, 0.0, 0.0, 0.0, 0.0, 0.0, 0.0, 0.0, 0.0, 0.0, 0.0, 0.0, 0.0, 0.0, 0.0, 0.0, 0.5767896735545079, 0.42321032644549206], "miu_de": 0.5, "input": [1.5920422679496853, 1.816116854081713, 2.1265377292859466, 2.0810344079867615, 2.1550023354093835, 1.998374669361878, 2.0929763002353927, 2.1427686970489987, 1.945432895850358, 1.7344231497963132, 1.260316759307386, 1.2712688157656917, 1.3008931805722173, 1.3481058924271707, 1.3282698167333302, 1.246314019996143, 1.3301193205372253, 1.3227661561097948, 1.2713500152247572, 0.7653300828120877, 1.0286949631891131, 0.5177651194524704, 0.47776688343037144, 0.5906029633651957, 0.6448193171357843, 0.5627423970013902, 0.5621562117760229, 0.5115928221469407, 0.4277730989340781, 0.1937437744972758, 0.9051125318810143, -0.044126802703551266, 0.0022706123202566033, 0.019241844676283818, -0.016006794474634024, 0.04479956849819937, 0.004279610519186394, -0.011307989955680671, -0.08180166186753553, -0.27999729794009715, 0.8632003700714992, -0.2861072585499642, -0.3367892889587349, -0.39240556357058365, -0.38285105930284935, -0.39478854141708675, -0.3147282152955278, -0.3909522389734921, -0.4345488044372137, -0.5693873939297998, 0.8258929699249662, -0.2891435465202796, -0.5712834606689404, -0.5970402359448099, -0.641461739191198, -0.6553349241896522, -0.5908224254348059, -0.6281119668401097, -0.7357498053709592, -0.8231831420743725, 0.6235673411599646, -0.3303663842845268, -0.7537939605484947, -0.7851931319679767, -0.8389834599925787, -0.7770164658257878, -0.8222259934377861, -0.8390233917787046, -0.8832555559347834, -0.9537117306758883, 0.7997868031292258, -0.40645293618698514, -0.7724340575584536, -0.9528552905409838, -0.9850557841338221, -0.9585849765948505, -0.9865600605842768, -0.9880518566495596, -1.0004217355159377, -1.0514994161045248, 0.7034735558319829, -0.4873064159298661, -0.9112028201585334, -1.0114761123724427, -1.0552187168858047, -1.0417593233425335, -1.0700128848344133, -1.084693254016303, -1.1123204331693641, -1.133117549185781, 0.46807980175252095, -0.5487495724405609, -0.9276816594526363, -1.0991299624555366, -1.1266620755424166, -1.1263290767328433, -1.1175722039024518, -1.151730923107596, -1.1648598702415751, -1.183566727487504], "bean_num": 0.5, "model_info": {"det_num_x": 10, "det_num_y": 10, "det_y": 0.03, "det_x": 0.03, "size_x": 0.5, "size_y": 0.5, "med_margin": 0.0015}}