{"source": [-614.6975577334323, -237.81957650751093], "intensity": 100, "miu_detector": 0.3, "miu_medium": 1.2, "miu_air": 0.00018, "output": [0.0, 0.0, 0.6499006705945946, 0.3500993294054055, 0.0, 0.0, 0.0, 0.0, 0.0, 0.0, 0.0, 0.0, 0.0, 0.0, 0.0, 0.0, 0.0, 0.0, 0.0, 0.0, 0.0, 0.0, 0.0, 0.0, 0.0, 0.0, 0.0, 0.0, 0.0, 0.0, 0.0, 0.0, 0.0, 0.0, 0.0, 0.0, 0.0, 0.0, 0.0, 0.0], "miu_de": 0.5, "input": [1.4549030006805805, 1.8879876628050352, 1.9510457807844503, 1.917561222049394, 2.0160253609019696, 1.9111259180879634, 1.995933429516793, 1.8550634943655229, 1.9344789212472164, 1.626182312527807, 0.7367516318263877, 1.1491110158503177, 1.1434847613536896, 1.1332756444030279, 1.2594360650988723, 1.179260105004948, 1.2528856764463796, 1.1687204416278285, 1.0863739173200584, 1.2938454134250132, 0.10072151115734128, 0.3001899537835195, 0.3493093842701482, 0.36098867109233973, 0.4462649892588503, 0.4424437582428768, 0.4791990447784683, 0.36286289192165117, 0.5587072069058727, 1.2346802858424124, -0.33974249983231225, -0.1738249600507506, -0.18202986553663988, -0.1261470864724612, -0.029874388967573967, -0.11635042488715115, -0.0593960388904602, -0.10157092924475868, 0.17500267015035492, 1.3951766705399784, -0.5901504376575152, -0.5857771965943612, -0.5021624108026399, -0.45644760612494034, -0.44846829061453036, -0.45710203831083246, -0.46617974532663425, -0.3858523777662824, 0.08291250317256425, 1.3347041931367836, -0.8614475539772992, -0.7950217204616464, -0.7801076208692447, -0.781361416460502, -0.7696613100922136, -0.7233640252401337, -0.6701581399919626, -0.5080399940270011, 0.01847045418680154, 1.1205826802624381, -0.9771126113950694, -0.9459303284737852, -0.8979501016216604, -0.875334370573477, -0.9349388154707375, -0.8702905247395898, -0.8537390824576364, -0.5835043248465426, 0.04912738096237575, 1.1040724763869019, -1.14155146691152, -1.0881139484267224, -1.0550475387473501, -1.0439910984166871, -1.0229637520206538, -0.9663230019478932, -0.8991846259599389, -0.5831694675750637, 0.03791335212089568, 1.2214744032705533, -1.1524172089099824, -1.1008038165954008, -1.1467440386617678, -1.1080805797794153, -1.0987782289818202, -1.0571604177688996, -0.9565142061471262, -0.6080252476389769, -0.13916290109855933, 1.087247468650876, -1.211367092183792, -1.213650697546448, -1.207124257062407, -1.180962247884036, -1.1723955202352827, -1.1243792806833053, -1.0291155666337264, -0.7667644169150641, -0.22606341604876393, 0.9333885531416921], "bean_num": 0.5, "model_info": {"det_num_x": 10, "det_num_y": 10, "det_y": 0.03, "det_x": 0.03, "size_x": 0.5, "size_y": 0.5, "med_margin": 0.0015}}