{"source": [-135.152341089377, -649.2152371639381], "intensity": 100, "miu_detector": 0.3, "miu_medium": 1.2, "miu_air": 0.00018, "output": [0.0, 0.0, 0.0, 0.0, 0.0, 0.0, 0.0, 0.0, 0.30663998948742843, 0.6933600105125716, 0.0, 0.0, 0.0, 0.0, 0.0, 0.0, 0.0, 0.0, 0.0, 0.0, 0.0, 0.0, 0.0, 0.0, 0.0, 0.0, 0.0, 0.0, 0.0, 0.0, 0.0, 0.0, 0.0, 0.0, 0.0, 0.0, 0.0, 0.0, 0.0, 0.0], "miu_de": 0.5, "input": [1.7158928387450367, 0.9295975863536616, 0.2380050640553359, -0.24164290468042, -0.5480132734528657, -0.7777678546223723, -0.932165278594924, -1.0376604242552216, -1.1115501908543035, -1.155104368800894, 1.9559999480595276, 1.3519092498601037, 0.5349979649615642, -0.038973061676504946, -0.3754534922686954, -0.6673188756610089, -0.8558145249206723, -0.9658961316419936, -1.0759412969704918, -1.1316626086051498, 2.0218154604628977, 1.3423987818569598, 0.6005464504761988, -0.007095159031632766, -0.34321207414470456, -0.6233509988672056, -0.7872349964837283, -0.9677151648918042, -1.0455357568287864, -1.1235004533243922, 2.082528279090946, 1.3420808542144653, 0.5992021715453894, 0.056356662010735095, -0.3081998172976315, -0.6480862364802947, -0.806855392379063, -0.9458260712857035, -1.0547298440300343, -1.1349867602774828, 2.1345981467425315, 1.4147423062546154, 0.5640150489559072, 0.06095850570223413, -0.27341199565896235, -0.6084528111016915, -0.8116614484200426, -0.9620486016430594, -1.0455898549125413, -1.1331016392823545, 2.115874894576686, 1.4421689441886083, 0.6909073475177375, 0.0969789892706209, -0.3198368645959758, -0.5522188076646188, -0.7852978421084101, -0.915565355936606, -1.0225243837619793, -1.10566659298305, 2.1062703298844467, 1.346750124819084, 0.6096233219258442, 0.0817385933571997, -0.31877011893739154, -0.5706932466696938, -0.790249015381362, -0.924901778435342, -0.9774168404947831, -1.0741787800321088, 2.115949404587883, 1.3381891529399907, 0.6017152798945254, 0.08260002724243044, -0.31323786396036724, -0.5671319888416858, -0.7372284862476761, -0.8668095703313613, -0.9514027985172546, -1.0357890139699442, 2.076861379365457, 1.2877394668819173, 0.543779520345581, 0.06877321713814678, -0.23517981747007696, -0.477669919659141, -0.5573223707316479, -0.6214033963440813, -0.6749461354056365, -0.755579924496988, 1.6829853833406072, 1.1315540762680965, 0.8830391403332897, 0.6313001663532333, 0.6440777402425104, 0.5267883941074928, 0.4637521946225732, 0.4567677371883472, 0.437906035099748, 0.2868440954836402], "bean_num": 0.5, "model_info": {"det_num_x": 10, "det_num_y": 10, "det_y": 0.03, "det_x": 0.03, "size_x": 0.5, "size_y": 0.5, "med_margin": 0.0015}}