{"source": [461.4248481407439, -479.29672656430375], "intensity": 100, "miu_detector": 0.3, "miu_medium": 1.2, "miu_air": 0.00018, "output": [0.0, 0.0, 0.0, 0.0, 0.0, 0.0, 0.0, 0.0, 0.0, 0.0, 0.0, 0.0, 0.0, 0.0, 0.12093081473973279, 0.8790691852602672, 0.0, 0.0, 0.0, 0.0, 0.0, 0.0, 0.0, 0.0, 0.0, 0.0, 0.0, 0.0, 0.0, 0.0, 0.0, 0.0, 0.0, 0.0, 0.0, 0.0, 0.0, 0.0, 0.0, 0.0], "miu_de": 0.5, "input": [-0.8771259204688551, -1.0151895845825354, -1.0204404536343044, -0.9957846727105053, -1.0049837826128807, -1.0133290061648832, -1.0231365885772403, -1.0283453928043993, -1.0381449635471451, -1.058414515705786, -0.8302578537730892, -0.9051864929082392, -0.921861890943326, -0.9227435677522916, -0.9277347989000125, -0.9222678406016941, -0.9304383784125387, -0.940532444910453, -0.9357454380161714, -1.0099619015555747, -0.7640180219487699, -0.842231612973724, -0.8074087814360711, -0.7821522871635344, -0.7936100628507807, -0.7745434765720314, -0.8387647575429247, -0.8297890921997524, -0.8358110462658953, -0.9280715179893901, -0.669243561769195, -0.6862802307154771, -0.6777928218016123, -0.6448775499317176, -0.6760878219049498, -0.6554596688455748, -0.6724204371718451, -0.6870275870570709, -0.6704830853993621, -0.7998916239379458, -0.524257010174829, -0.5586261687723685, -0.5026127866907704, -0.45095883736321846, -0.43578130325500314, -0.47367471032809894, -0.4492144472234137, -0.434528318909276, -0.5266075369136288, -0.6690940732084871, -0.3490031293935242, -0.27213529715454116, -0.2016433414381846, -0.18900429970562574, -0.17921001830178243, -0.19813970795550395, -0.16985532813158494, -0.2158345519928387, -0.2894091910905463, -0.42568733839279255, -0.08710665483537547, 0.10992663241034427, 0.12118650232502881, 0.19123518194932954, 0.23917825910597498, 0.27664756987877437, 0.2716612915259117, 0.20809106379649547, 0.1528298650275937, -0.12718396797393744, 0.2911240543540818, 0.6241520188263237, 0.7179231720259224, 0.7844323417244348, 0.7479289642879224, 0.695298739695682, 0.8014098171024426, 0.7142213561624319, 0.6334146905275474, 0.32917452704138705, 0.993036254342505, 1.3729677560369256, 1.3963907686847246, 1.3851754025052951, 1.4235111584897346, 1.418599727266612, 1.5203159666065575, 1.4157907418193714, 1.3536924150843122, 0.9657351045444803, 1.8008169320403027, 2.0753903255315036, 2.1750861664851784, 2.163720506958748, 2.171202162411291, 2.233074552105385, 2.219067686829082, 2.162021768506923, 2.122464537638294, 1.8092625716100053], "bean_num": 0.5, "model_info": {"det_num_x": 10, "det_num_y": 10, "det_y": 0.03, "det_x": 0.03, "size_x": 0.5, "size_y": 0.5, "med_margin": 0.0015}}