{"source": [-585.0698888848908, 330.46938309851237], "intensity": 100, "miu_detector": 0.3, "miu_medium": 1.2, "miu_air": 0.00018, "output": [0.0, 0.0, 0.0, 0.0, 0.0, 0.0, 0.0, 0.0, 0.0, 0.0, 0.0, 0.0, 0.0, 0.0, 0.0, 0.0, 0.0, 0.0, 0.0, 0.0, 0.0, 0.0, 0.0, 0.0, 0.0, 0.0, 0.0, 0.0, 0.0, 0.0, 0.0, 0.0, 0.0, 0.0, 0.0, 0.0, 0.27326532618187416, 0.7267346738181258, 0.0, 0.0], "miu_de": 0.5, "input": [-1.1572419875679985, -1.1290563934640487, -1.125038129918306, -1.1140445116747897, -1.1070183417644777, -1.0930732520681625, -1.0706820374894812, -0.9962383128006186, -0.7137233130368505, 0.29703005296260804, -1.097246631505197, -1.065006151870106, -1.051167268429088, -1.0323087428090625, -1.0279358184990426, -1.019411619886729, -0.9947871889567933, -0.9085801611980772, -0.5896379602304598, 0.47286282164549337, -1.032419480713052, -0.9737147480711263, -0.9550315162959766, -0.9527250651065856, -0.9331188410147301, -0.9223000460488308, -0.9200243903718992, -0.8440871238011164, -0.567183059183146, 0.5040681633113051, -0.9424601768297791, -0.8643675513809661, -0.8356913507589604, -0.8141541561263067, -0.8083218553727174, -0.7961087697983987, -0.7572685261145355, -0.7236103978585703, -0.49661649687402754, 0.5659328550066387, -0.8097433716686951, -0.6779240104797554, -0.6449975518267658, -0.6264180856567815, -0.6364015741548246, -0.5992081787810586, -0.5955307778427271, -0.5860262643552654, -0.39071565949439513, 0.6382212631808698, -0.5688670910982528, -0.46647326019752205, -0.39476368350079205, -0.3565126455605042, -0.3492288790035362, -0.32695454138293106, -0.34677214249320165, -0.33487251804411505, -0.24999798921731414, 0.6914758985613249, -0.2673527394406864, -0.058118865018543624, 0.0015428306850611584, 0.06676817261427237, 0.023226210925587718, 0.049073320766297494, 0.0617843515132329, 0.06001665762146794, 0.07338094750167107, 0.7645872323607044, 0.19632544106267233, 0.48284174821365533, 0.5263262795655467, 0.6161297729296105, 0.5683542301927179, 0.5950949472832477, 0.6246584611127748, 0.5568687385894456, 0.5641079226828256, 0.894489198665659, 0.8575215031862314, 1.2116831342962182, 1.3063671794490037, 1.3358536053097074, 1.3388555995129345, 1.3542630797250674, 1.3587887173025004, 1.3362428204658248, 1.2886761630222048, 1.2249505731246018, 1.6354765083532363, 1.9695845575283966, 2.0623528316774733, 2.129643230978416, 2.110790737915989, 2.070272526167566, 2.174452948334027, 2.1538636121369383, 2.081837773441473, 1.8216365832251782], "bean_num": 0.5, "model_info": {"det_num_x": 10, "det_num_y": 10, "det_y": 0.03, "det_x": 0.03, "size_x": 0.5, "size_y": 0.5, "med_margin": 0.0015}}