{"source": [37.24940061163029, -684.5855383593445], "intensity": 100, "miu_detector": 0.3, "miu_medium": 1.2, "miu_air": 0.00018, "output": [0.0, 0.0, 0.0, 0.0, 0.0, 0.0, 0.0, 0.0, 0.0, 0.0, 0.6539461813563955, 0.34605381864360446, 0.0, 0.0, 0.0, 0.0, 0.0, 0.0, 0.0, 0.0, 0.0, 0.0, 0.0, 0.0, 0.0, 0.0, 0.0, 0.0, 0.0, 0.0, 0.0, 0.0, 0.0, 0.0, 0.0, 0.0, 0.0, 0.0, 0.0, 0.0], "miu_de": 0.5, "input": [1.794870058177781, 2.121366493888075, 2.1313523958987983, 2.220556594661731, 2.1819708826032644, 2.121958257654531, 2.063098789799961, 2.1176185770327796, 2.0858300033709325, 1.75141569248825, 0.9908199305085269, 1.390635220005986, 1.4084869692258093, 1.486848236830434, 1.4668704017862837, 1.4677204384474807, 1.3541260409245708, 1.5083608405594768, 1.285690191239798, 0.9884623706871434, 0.516970579248567, 0.6488435137795283, 0.7167623727887377, 0.702369785017989, 0.7887963002916392, 0.7314594184489113, 0.7430048352695784, 0.603200432270635, 0.6643406230664296, 0.26723979502054196, 0.16708138350062013, 0.11426201998742785, 0.15116532490622323, 0.1547790284426279, 0.22858521432010592, 0.22499688383061298, 0.16048171104066927, 0.19859479834609314, 0.08802188829335678, -0.14587616641488066, -0.014861299411879705, -0.2772860324483678, -0.23523886794341847, -0.20613533707942575, -0.20714941128586503, -0.22670759173548255, -0.23203401969195897, -0.28057811690468343, -0.29833872689968777, -0.48324081953048215, -0.09716737461238523, -0.5596543612504871, -0.5251717873582277, -0.5221874085821503, -0.4996694294066783, -0.4955470661714862, -0.5584688960467177, -0.5227931136195303, -0.6055945082170482, -0.7085489727625097, -0.20165060379518995, -0.7085217292921581, -0.7041120103584245, -0.6857504512216802, -0.7215385512976656, -0.7384065332030797, -0.7533187579165372, -0.7402135254960178, -0.7667195561803316, -0.8798807582430846, -0.24222897292254136, -0.8258268879518078, -0.8599049930030862, -0.8554883165217032, -0.8751043373212568, -0.8758614514611688, -0.8349887008011156, -0.9049062584266616, -0.9052384802174478, -0.9736430836686326, -0.31016698444804053, -0.9272559847158153, -0.974285769987144, -0.9482037610324628, -0.9777190230858602, -0.9850478905903216, -0.9698735442072092, -0.9932485320555362, -1.0062427803403258, -1.0425813356496918, -0.36775535215075594, -1.010764529535087, -1.0393044346512232, -1.046180893563505, -1.0787950008658875, -1.0588215011179987, -1.044170459669238, -1.0766026749607716, -1.0785384434698246, -1.117902130892238], "bean_num": 0.5, "model_info": {"det_num_x": 10, "det_num_y": 10, "det_y": 0.03, "det_x": 0.03, "size_x": 0.5, "size_y": 0.5, "med_margin": 0.0015}}