{"source": [686.6414365357427, -88.6089959980431], "intensity": 100, "miu_detector": 0.3, "miu_medium": 1.2, "miu_air": 0.00018, "output": [0.0, 0.0, 0.0, 0.0, 0.0, 0.0, 0.0, 0.0, 0.0, 0.0, 0.0, 0.0, 0.0, 0.0, 0.0, 0.0, 0.0, 0.0, 0.0, 0.8170231572094632, 0.18297684279053686, 0.0, 0.0, 0.0, 0.0, 0.0, 0.0, 0.0, 0.0, 0.0, 0.0, 0.0, 0.0, 0.0, 0.0, 0.0, 0.0, 0.0, 0.0, 0.0], "miu_de": 0.5, "input": [1.1251084403769211, 0.11467905799054039, -0.4271808573140317, -0.7969978846472955, -1.029028709668526, -1.1181310614397724, -1.201296828401807, -1.2173536157322664, -1.2359455406952071, -1.253925684871795, 1.4258260238692655, 0.4138039595853557, -0.3483179313119572, -0.7498847407014687, -0.9734901385253457, -1.0759837406567567, -1.153326703668832, -1.1593413654435787, -1.171306756939015, -1.2154385011073832, 1.4419876460096244, 0.38742322353440056, -0.32941996930442297, -0.7121221403701533, -0.8883963513327707, -1.0374516788424546, -1.0988324246175871, -1.0894140789788742, -1.1124751462958848, -1.1610213840399428, 1.4552165628680704, 0.3219148288674077, -0.24028349163492366, -0.6255656880421119, -0.8830924238731692, -0.9593327181468065, -1.0185814378448899, -1.0237796329905071, -1.0336092767849565, -1.089773328820294, 1.513450634061309, 0.4175816627879638, -0.2589996894672009, -0.6109330185052766, -0.7730504452299582, -0.8397438953938657, -0.8909937130060105, -0.8988569535950229, -0.8570482470439671, -0.9646118357893051, 1.4609978448442706, 0.5061269964235456, -0.1541484334865273, -0.5482117927511994, -0.6328167898868753, -0.6620693336283249, -0.6393862528387146, -0.6630457620400538, -0.6611622721412388, -0.791759956696414, 1.6266218428902586, 0.6113510834653169, -0.10837059677819744, -0.23204921900428196, -0.2724605667157108, -0.2289055249074181, -0.3357755887044577, -0.33794124630090566, -0.32724928873566067, -0.5128192072382862, 1.5084902565609455, 0.5568926725453898, 0.30173478071887755, 0.23473172928043437, 0.18588039197008815, 0.2580844815629402, 0.21980074201179092, 0.17542731980755763, 0.10956325283498468, -0.08567477719449174, 1.4864028229439812, 0.925946395414862, 0.9818471102555707, 1.0519825475469011, 0.9883289227662843, 0.9455007242373915, 0.9538150504837253, 0.9276385478428261, 0.8578350632372875, 0.630865175303142, 1.6706454613052157, 1.7023983849960758, 1.865333061052517, 1.8079647536856214, 1.7558937208596062, 1.7865526734933825, 1.828915269930106, 1.8147061153200992, 1.8413016850390675, 1.5216167195432608], "bean_num": 0.5, "model_info": {"det_num_x": 10, "det_num_y": 10, "det_y": 0.03, "det_x": 0.03, "size_x": 0.5, "size_y": 0.5, "med_margin": 0.0015}}