{"source": [191.37443739072725, -667.7509352918075], "intensity": 100, "miu_detector": 0.3, "miu_medium": 1.2, "miu_air": 0.00018, "output": [0.0, 0.0, 0.0, 0.0, 0.0, 0.0, 0.0, 0.0, 0.0, 0.0, 0.0, 0.22310374983591377, 0.7768962501640863, 0.0, 0.0, 0.0, 0.0, 0.0, 0.0, 0.0, 0.0, 0.0, 0.0, 0.0, 0.0, 0.0, 0.0, 0.0, 0.0, 0.0, 0.0, 0.0, 0.0, 0.0, 0.0, 0.0, 0.0, 0.0, 0.0, 0.0], "miu_de": 0.5, "input": [1.658106423164803, 0.8866308071379887, 0.2501450506796464, -0.24827410027170166, -0.6326471305689672, -0.7758705882890818, -0.9372716069757606, -1.0385547926991894, -1.0903843364682138, -1.1612056819883991, 1.952634010799692, 1.279625237015744, 0.4849512374486207, -0.08747379427615679, -0.4353107935593075, -0.6423473289765036, -0.8363918249202774, -0.9886374204841638, -1.085249947333411, -1.133361654590893, 2.181218984288524, 1.402447269233296, 0.5672538899349693, 0.12295870993778807, -0.3872329085815853, -0.6129976317720304, -0.7993026455781939, -0.943288172843207, -1.0507585397027301, -1.1458170513020225, 1.9820991693102161, 1.3204459322376227, 0.6243628647325097, 0.0254369948165455, -0.3114215248551932, -0.6368572348931009, -0.8028155701648525, -0.9476345656345133, -1.0575317821596288, -1.1272042010222043, 2.034301983072096, 1.3776171641295227, 0.6175303121400071, -0.04605614104500016, -0.3443474171970041, -0.6189518382592303, -0.826055511009536, -0.9535363426961919, -1.029588312954521, -1.104797928631874, 2.1862296966946726, 1.3549323433215286, 0.6079138134344328, 0.0495764918538367, -0.33418825135908314, -0.5991629184108856, -0.814291842495155, -0.9394695887880479, -1.0291131920726106, -1.0964946156332562, 2.04275827964211, 1.2807529255930779, 0.6370591003633385, 0.0735642303729158, -0.37384691914268514, -0.6180769949032288, -0.76159894385607, -0.9018429294978033, -1.0142387883838835, -1.0986557922458482, 2.0763020583658083, 1.3334244171107572, 0.5853886512765196, 0.06137900857174371, -0.32374989597889875, -0.5565846402732259, -0.7713022664578844, -0.8886081931207466, -0.9231340021643852, -0.9987382091700144, 2.13081559253819, 1.3082084294823115, 0.5564300244075494, 0.0015130390538681208, -0.27953895986580574, -0.4464372492479628, -0.536639875829272, -0.571480721353453, -0.5867187292485074, -0.7187541448619106, 1.582291469197885, 1.2501771468116396, 0.9428134478043002, 0.7772637403746832, 0.6952218181780537, 0.6095173846890506, 0.6061822117199803, 0.569860345148334, 0.5103607916936013, 0.42414148828548665], "bean_num": 0.5, "model_info": {"det_num_x": 10, "det_num_y": 10, "det_y": 0.03, "det_x": 0.03, "size_x": 0.5, "size_y": 0.5, "med_margin": 0.0015}}