{"source": [695.1459767850546, 12.505163950254168], "intensity": 100, "miu_detector": 0.3, "miu_medium": 1.2, "miu_air": 0.00018, "output": [0.0, 0.0, 0.0, 0.0, 0.0, 0.0, 0.0, 0.0, 0.0, 0.0, 0.0, 0.0, 0.0, 0.0, 0.0, 0.0, 0.0, 0.0, 0.0, 0.0, 0.8854891448179498, 0.11451085518205024, 0.0, 0.0, 0.0, 0.0, 0.0, 0.0, 0.0, 0.0, 0.0, 0.0, 0.0, 0.0, 0.0, 0.0, 0.0, 0.0, 0.0, 0.0], "miu_de": 0.5, "input": [1.8489430544569216, 2.1783487485953494, 2.174835640089753, 2.1387454353040942, 2.2102870914244814, 2.1495246977489337, 2.173075073311869, 2.1147694013373632, 2.0349539887077435, 1.7913316011307967, 0.8882234987252935, 1.4143881492323338, 1.5355083590117287, 1.4857312099871123, 1.515665533500965, 1.4945408485978187, 1.4671190797854876, 1.3857660624685697, 1.278069193128918, 0.9402125143398173, 0.30962090979492984, 0.6099572467528797, 0.6844292392173097, 0.7113712188422116, 0.7605662506873064, 0.7107339891994839, 0.782030108049133, 0.6846359564285112, 0.6442212967669242, 0.4041538945229428, -0.08960632758901059, 0.09949064702800224, 0.15575942630392015, 0.22985397112222566, 0.17117028811493484, 0.24571242291663253, 0.20333707703933518, 0.1934866598550312, 0.14036560699801792, -0.040671158699833704, -0.4477732369041196, -0.27981759944637025, -0.15424216145985886, -0.15386722475448425, -0.1531712790109979, -0.1660105163365933, -0.1915988333979968, -0.22897851714117234, -0.29527803897902294, -0.3408863278450892, -0.6578175672059258, -0.5184335132525296, -0.45900469946871175, -0.4397854996103268, -0.45780803615011817, -0.44803141052107626, -0.45906672649272584, -0.4899463351814949, -0.5204774392715465, -0.5084250664440005, -0.825350639763209, -0.715887914825758, -0.6906926595042987, -0.6781163426292518, -0.6678153114937706, -0.6722321865441332, -0.6713873851170418, -0.686395946699397, -0.6926835658873485, -0.6172063394068816, -0.9349293498191124, -0.8638578617125234, -0.8463063102638975, -0.8241286631257919, -0.7942414949444679, -0.8099002067543791, -0.8253021994919337, -0.813176038612052, -0.8669458945810965, -0.6926766196266794, -1.00557426265285, -0.9400072926573974, -0.9580902735231213, -0.9480900584001059, -0.9302283383321492, -0.9230999863162195, -0.9318979316303856, -0.9483011030235127, -0.9293326357705609, -0.7362896613412719, -1.0785658650847543, -1.0270607071923101, -1.014410431743667, -1.0140370930780205, -0.9887314025639945, -1.0071290187851283, -1.0252334858406065, -1.0202952442719835, -1.022061798744496, -0.8225683536065481], "bean_num": 0.5, "model_info": {"det_num_x": 10, "det_num_y": 10, "det_y": 0.03, "det_x": 0.03, "size_x": 0.5, "size_y": 0.5, "med_margin": 0.0015}}