{"source": [440.1909069046798, 539.1968307192475], "intensity": 100, "miu_detector": 0.3, "miu_medium": 1.2, "miu_air": 0.00018, "output": [0.0, 0.0, 0.0, 0.0, 0.0, 0.0, 0.0, 0.0, 0.0, 0.0, 0.0, 0.0, 0.0, 0.0, 0.0, 0.0, 0.0, 0.0, 0.0, 0.0, 0.0, 0.0, 0.0, 0.0, 0.0, 0.35862240612597535, 0.6413775938740247, 0.0, 0.0, 0.0, 0.0, 0.0, 0.0, 0.0, 0.0, 0.0, 0.0, 0.0, 0.0, 0.0], "miu_de": 0.5, "input": [-1.1034276274874402, -1.043161895684957, -0.9589697072087504, -0.85060769961841, -0.6873703528672154, -0.47769052938372353, -0.09587412488884295, 0.2665060843927722, 0.8864736972397615, 1.6148632711764697, -1.0875192098233093, -0.990522571035839, -0.8751962161893759, -0.7824272551816628, -0.6048726447463685, -0.33809352838613005, 0.06550184723092553, 0.6552051583346532, 1.4359137928185561, 2.119233373003317, -1.0752347013368853, -0.9847211504403874, -0.8780542907792401, -0.7272673647064696, -0.5307861800537652, -0.21975567594304118, 0.18096734141513487, 0.6295339151610116, 1.3914120271239419, 2.2438954855697215, -1.0555154061683536, -1.0072324526605305, -0.8220499141309497, -0.7295169397984076, -0.5393177533857337, -0.235854896045065, 0.21782696896802964, 0.8024502976517786, 1.3944224087626562, 2.2573783694982756, -1.0488667182633482, -0.9744164010981717, -0.8784940906811979, -0.6769292729646894, -0.5014174841899831, -0.21969970798354374, 0.14861123321922812, 0.7195362641493797, 1.3886993669249643, 2.097854051105629, -1.080468871330584, -0.981377627518989, -0.8666194484791278, -0.7373286347321918, -0.5325024607260781, -0.17324337139330942, 0.1969510336934859, 0.7841623595558668, 1.5862998195358697, 2.1566050924648987, -1.066915151324151, -0.9750954480231834, -0.8827802676864794, -0.7194832090457766, -0.5472291114071469, -0.17493676627445787, 0.16991170526110777, 0.7514632614020859, 1.4148805033974332, 2.144455378971687, -1.0289444504990117, -0.9754467162095385, -0.8385593089760289, -0.7180771191304111, -0.4815062173807869, -0.24024032408283033, 0.1888397596592082, 0.7082888318086928, 1.4013331123023032, 2.0153746985923657, -1.0045640558576534, -0.9433329804843417, -0.8108313160145239, -0.7203869303518797, -0.5070167902999536, -0.30922371606078647, 0.14596632581915056, 0.5970780783848219, 1.266002483018099, 2.104811658742557, -0.38126293170620634, -0.33784998525182536, -0.2825478375962889, -0.27750214581296406, -0.11660723533098327, 0.017669142215477156, 0.12936176629051926, 0.43065739706957906, 1.0649218076704658, 1.92142502251739], "bean_num": 0.5, "model_info": {"det_num_x": 10, "det_num_y": 10, "det_y": 0.03, "det_x": 0.03, "size_x": 0.5, "size_y": 0.5, "med_margin": 0.0015}}