{"source": [7.797452922889807, 698.2786742841687], "intensity": 100, "miu_detector": 0.3, "miu_medium": 1.2, "miu_air": 0.00018, "output": [0.0, 0.0, 0.0, 0.0, 0.0, 0.0, 0.0, 0.0, 0.0, 0.0, 0.0, 0.0, 0.0, 0.0, 0.0, 0.0, 0.0, 0.0, 0.0, 0.0, 0.0, 0.0, 0.0, 0.0, 0.0, 0.0, 0.0, 0.0, 0.0, 0.07108632376125974, 0.9289136762387402, 0.0, 0.0, 0.0, 0.0, 0.0, 0.0, 0.0, 0.0, 0.0], "miu_de": 0.5, "input": [1.736587497081052, 2.136613493702095, 2.109978018395341, 2.165002016617389, 2.1727951845342344, 2.3024955140280796, 2.0410316465958114, 2.19105606984198, 2.0954388976668374, 1.805247007672281, 0.9256867986415832, 1.2914551782211372, 1.4574493134422548, 1.3425648445890794, 1.4629326328985854, 1.496966768815897, 1.4242532549861797, 1.382987613307818, 1.2527906115926761, 1.1221192216357008, 0.3530966435818489, 0.6394248965445662, 0.6454555611879078, 0.6801310139256005, 0.8072861546583232, 0.7163537591749481, 0.7121104266832764, 0.6684802420756774, 0.6452503900345921, 0.5466129430058211, -0.14409342403043682, 0.1018316758654868, 0.21271989322664753, 0.16082807515270486, 0.15173126885459204, 0.1714756523017023, 0.19115544429873363, 0.13220264917422753, 0.06859792810425054, 0.14921909791565716, -0.5057615495825156, -0.3067870644350858, -0.2444208350302797, -0.2061892760181094, -0.17594561803060382, -0.23155008004610542, -0.20413947239815958, -0.25665776208692204, -0.22271947549467777, -0.0004288610718165168, -0.6950088933188432, -0.5260683679870204, -0.5210773657031647, -0.5099447438213506, -0.5015763441445809, -0.4965272220837225, -0.4726417336517868, -0.5292920420459278, -0.5117287765034405, -0.1457376218574383, -0.8663803783885624, -0.8047721242280711, -0.7265651463826078, -0.7180315963358364, -0.6902924369994432, -0.7059564217657042, -0.7388127081132398, -0.7219337644159604, -0.7305127233719695, -0.20389525211255866, -0.9606262150318439, -0.9019456298487804, -0.895537001857848, -0.9145386169222116, -0.8529044405659177, -0.8623502192454365, -0.8446841652688505, -0.866694824558815, -0.847540380813727, -0.2866960499875812, -1.0651139354110708, -0.9898649115801416, -0.9898563992028692, -0.973282250829716, -0.972046373176135, -0.9935901770744329, -0.9683879420178692, -0.9711905969259732, -0.9191794674869982, -0.32815882900939564, -1.0988722129757242, -1.0677544568073762, -1.0665062778488008, -1.0733834482567859, -1.0771623961827874, -1.0360019691656681, -1.0647904174869651, -1.056554462137442, -1.0177398807666114, -0.39101227013286494], "bean_num": 0.5, "model_info": {"det_num_x": 10, "det_num_y": 10, "det_y": 0.03, "det_x": 0.03, "size_x": 0.5, "size_y": 0.5, "med_margin": 0.0015}}