{"source": [-183.026540272097, 679.2267223413218], "intensity": 100, "miu_detector": 0.3, "miu_medium": 1.2, "miu_air": 0.00018, "output": [0.0, 0.0, 0.0, 0.0, 0.0, 0.0, 0.0, 0.0, 0.0, 0.0, 0.0, 0.0, 0.0, 0.0, 0.0, 0.0, 0.0, 0.0, 0.0, 0.0, 0.0, 0.0, 0.0, 0.0, 0.0, 0.0, 0.0, 0.0, 0.0, 0.0, 0.0, 0.32434450090619965, 0.6756554990938004, 0.0, 0.0, 0.0, 0.0, 0.0, 0.0, 0.0], "miu_de": 0.5, "input": [1.5783515682053841, 1.5675638962020928, 1.4955554748435065, 1.4892231165990146, 1.3951399194179106, 1.5031176766116432, 1.4167937383822373, 1.40471984122847, 1.3356474535609282, 1.0944904293199824, 1.6700551196943663, 0.9234451221607118, 0.5722718248713936, 0.4712439092378101, 0.39871110551334904, 0.39139636755797197, 0.4186881514701448, 0.3312773555289921, 0.2759998091469475, 0.1325967805067826, 1.8750193719203463, 0.92137186258759, 0.2744781658246159, -0.177804391314538, -0.23919246602115757, -0.272212940521805, -0.26686368652471176, -0.3675530827788509, -0.3692080346641968, -0.509326030134877, 1.7434502523017157, 1.0183443692817715, 0.2829372481945191, -0.22403969611805769, -0.5076020783425443, -0.6263652225055875, -0.6670572191008106, -0.7823482023590957, -0.7430132790990772, -0.8771747243632202, 1.9706707598457716, 1.0721477984123906, 0.2821530906710792, -0.14258166307567835, -0.5422606969398011, -0.8120116739946648, -0.8441928399128826, -0.9302133442860846, -0.9682055641753079, -1.0709856763050363, 1.8685166834263391, 1.0105241519207164, 0.21596122049341668, -0.21266998983523977, -0.563235093067929, -0.8072312883045405, -0.9763584864281407, -1.0572734626989806, -1.0968564257037448, -1.150970057131772, 1.8563684014910027, 0.925806676388201, 0.23792216347700199, -0.255511227004986, -0.6263018469387742, -0.7930298292648339, -1.011172034703573, -1.1011819875515527, -1.1399940192459552, -1.195567528078767, 1.8912259680767367, 0.9464333425771676, 0.2440712981525101, -0.30178539948305105, -0.613221668377695, -0.8169708376279402, -1.0483225843733657, -1.1256722038474398, -1.192224546747019, -1.224034858938626, 1.9288748983634352, 0.8751391188109916, 0.1985590078801797, -0.35087078554900625, -0.6394962661157763, -0.8384645257187805, -1.0242985939653904, -1.1134864950875574, -1.1900403106268465, -1.2418241175611293, 1.507645373968072, 0.5496694955884011, -0.004826000444513824, -0.49915544153475794, -0.7982451082788606, -0.9519864247998263, -1.090645924378316, -1.1242022565702265, -1.19993512504574, -1.2463041161449764], "bean_num": 0.5, "model_info": {"det_num_x": 10, "det_num_y": 10, "det_y": 0.03, "det_x": 0.03, "size_x": 0.5, "size_y": 0.5, "med_margin": 0.0015}}