{"source": [612.2887320213684, 348.3202687429941], "intensity": 100, "miu_detector": 0.3, "miu_medium": 1.2, "miu_air": 0.00018, "output": [0.0, 0.0, 0.0, 0.0, 0.0, 0.0, 0.0, 0.0, 0.0, 0.0, 0.0, 0.0, 0.0, 0.0, 0.0, 0.0, 0.0, 0.0, 0.0, 0.0, 0.0, 0.0, 0.0, 0.7072461231861727, 0.29275387681382725, 0.0, 0.0, 0.0, 0.0, 0.0, 0.0, 0.0, 0.0, 0.0, 0.0, 0.0, 0.0, 0.0, 0.0, 0.0], "miu_de": 0.5, "input": [0.22562676459058054, 0.3963826920006829, 0.39330431695519863, 0.43056576713115263, 0.4835526323156583, 0.6000174097822546, 0.6365154563257065, 0.7506881484143574, 1.137692895731218, 1.7193052400747137, -0.7794807091370725, -0.6986246460259045, -0.6318457524312754, -0.5728294204765536, -0.5274632153571336, -0.281702278036104, 0.055745927836919056, 0.5520469076715195, 1.2671810291390144, 1.9080676372487009, -1.020423081595897, -0.9256556712150228, -0.8544600600089122, -0.7406784632237456, -0.5449715940761852, -0.3079997121133736, 0.11464654960215023, 0.5224375230756934, 1.3844508650309046, 1.96194475607925, -1.083685489588927, -0.9701118375396406, -0.8856471354943464, -0.7910310600302584, -0.6171074422327415, -0.2940015398994224, 0.06619045413568364, 0.687129946996565, 1.511370350620711, 2.142890388949333, -1.1065752554273227, -1.018397149056126, -0.8937112601585664, -0.7912483662653405, -0.5807159916497507, -0.31810336075375034, 0.04543783723975139, 0.7025796907842609, 1.3856076328934612, 2.1980352881988665, -1.1216524916002015, -1.0412713922131145, -0.9155412215569558, -0.7788362437420107, -0.6306422180230468, -0.39055005600034226, 0.11694466813410116, 0.6511110457154284, 1.4630684928095132, 2.2341707844153955, -1.1099099965350097, -1.0463091277069738, -0.964815858789978, -0.7769220916277886, -0.6414145369226727, -0.34528386917336534, 0.05586682421340078, 0.6146266524437779, 1.4027513530662068, 2.2030666825430223, -1.1074373299832458, -1.0257864663657343, -0.9502192291099542, -0.8379606420937881, -0.6121937838189706, -0.31122964489198235, 0.026248032069730694, 0.5859089630425288, 1.2425866747206435, 2.0294420393367805, -1.1005665418169497, -1.0818417169345755, -0.9599197187305546, -0.8554156430685346, -0.6234373615100366, -0.42399793693126425, 0.001067747698677902, 0.6136001562290968, 1.2638273873787036, 2.0215835074603192, -1.1550719518701351, -1.114823529660901, -1.0055547423583637, -0.9438660427281976, -0.7626071829494581, -0.5647580245542609, -0.147966401253818, 0.20390035809046556, 0.9129888455576356, 1.662099162565803], "bean_num": 0.5, "model_info": {"det_num_x": 10, "det_num_y": 10, "det_y": 0.03, "det_x": 0.03, "size_x": 0.5, "size_y": 0.5, "med_margin": 0.0015}}