{"source": [-150.0652477562255, -690.0474520405209], "intensity": 100, "miu_detector": 0.3, "miu_medium": 1.2, "miu_air": 0.00018, "output": [0.0, 0.0, 0.0, 0.0, 0.0, 0.0, 0.0, 0.0, 0.36323654806347533, 0.6367634519365247, 0.0, 0.0, 0.0, 0.0, 0.0, 0.0, 0.0, 0.0, 0.0, 0.0, 0.0, 0.0, 0.0, 0.0, 0.0, 0.0, 0.0, 0.0, 0.0, 0.0, 0.0, 0.0, 0.0, 0.0, 0.0, 0.0, 0.0, 0.0, 0.0, 0.0], "miu_de": 0.5, "input": [1.631317764797576, 1.7383692148026684, 1.911048505973974, 1.877975847221716, 1.9434444420127184, 1.8882226780496123, 1.933912473202804, 1.8721286672657496, 1.88275988268007, 1.5749690086697716, 1.3945974589329968, 0.9920159683674374, 1.078364642966634, 1.1124312465283006, 1.1517256907613775, 1.079396796443638, 1.115848483514426, 1.1210352228352467, 1.0617014617000633, 0.716171453601372, 1.3475370172226007, 0.4830329289802853, 0.29636296110984767, 0.29283317976158035, 0.3776183232326981, 0.34996410210571294, 0.35493798373024044, 0.3862590266286394, 0.23541628539058312, -0.0005660775332336339, 1.248216848508846, 0.2642150952541525, -0.20234636439477552, -0.21722669186056823, -0.14848892626190732, -0.05228956940214903, -0.10533498627873278, -0.20363473699646154, -0.24534113433890656, -0.3896700122431617, 1.4103470217211231, 0.1486555681852752, -0.28804397951529503, -0.49116766877162293, -0.5460478272475623, -0.5009108414736507, -0.53792922810036, -0.538964732515245, -0.6142296112512732, -0.7061155005008233, 1.4009901085327272, 0.23704280117060772, -0.43594347999313493, -0.72497599292701, -0.7612014549825541, -0.7931284923238064, -0.816045293520911, -0.7609594476322225, -0.8339146124211501, -0.9436461390364475, 1.3233276720299183, 0.1388403923276046, -0.4325210721197682, -0.7891649691173482, -0.8870091198013641, -0.872391137224652, -0.9086329270672644, -0.9299071247287022, -0.9665924849579539, -1.0601660777086426, 1.309405847704183, 0.1629211693814617, -0.4678843488758308, -0.8408848381856514, -0.9728432011327242, -1.0483608632477888, -1.0383901469430221, -1.059432285696208, -1.0963089384245432, -1.1584857148466443, 1.2777786527369581, 0.15428000487187832, -0.5204446847658281, -0.8865702884527066, -1.035254221394187, -1.0974752082253099, -1.1447400710418505, -1.155004174150555, -1.1278448306724935, -1.2178867321592917, 1.0583351203621874, -0.05717325587728115, -0.6450437742754825, -0.9209626443675418, -1.0979714711208608, -1.1555559987791921, -1.1784404168568163, -1.2355908339921644, -1.224326858146873, -1.248371505397738], "bean_num": 0.5, "model_info": {"det_num_x": 10, "det_num_y": 10, "det_y": 0.03, "det_x": 0.03, "size_x": 0.5, "size_y": 0.5, "med_margin": 0.0015}}