{"source": [-712.803957575495, -12.964364737707205], "intensity": 100, "miu_detector": 0.3, "miu_medium": 1.2, "miu_air": 0.00018, "output": [0.8842253756289633, 0.11577462437103674, 0.0, 0.0, 0.0, 0.0, 0.0, 0.0, 0.0, 0.0, 0.0, 0.0, 0.0, 0.0, 0.0, 0.0, 0.0, 0.0, 0.0, 0.0, 0.0, 0.0, 0.0, 0.0, 0.0, 0.0, 0.0, 0.0, 0.0, 0.0, 0.0, 0.0, 0.0, 0.0, 0.0, 0.0, 0.0, 0.0, 0.0, 0.0], "miu_de": 0.5, "input": [-1.249989078817391, -1.21122644190256, -1.1680107984060921, -1.108950581255054, -0.9820278142359925, -0.7833232605042667, -0.5077951513056034, -0.07591012248309206, 0.5398538949428542, 1.4770637330952106, -1.2248514162786222, -1.18006554630364, -1.1404160080352064, -1.0141663466507727, -0.8817297858452143, -0.6941327821384065, -0.3414469107108154, 0.10998290363017753, 0.8516703263728084, 1.7562611800309607, -1.2081959968054505, -1.161739819558695, -1.1011677257071024, -1.0071224281768905, -0.8736458691417202, -0.6485519328434287, -0.2888397995568635, 0.17171576389232185, 0.9627636068809963, 1.8122520322318718, -1.1949706030602467, -1.1473050835174852, -1.0738331266121994, -1.0020514584609665, -0.8358460174882926, -0.6303858848033579, -0.2737322770568158, 0.18592404092993295, 0.9388668187355883, 1.8428034026047142, -1.1398224326227429, -1.0985575470216276, -1.026172354956489, -0.9862044531702974, -0.8304340056280987, -0.6379360957679061, -0.2766263169458468, 0.2519098152190221, 0.9625586945328145, 1.7655410493563048, -1.0393693247690012, -0.9468236347302457, -0.91901020986783, -0.8898723973118599, -0.7848278557559655, -0.6089713089946224, -0.23572923469360296, 0.23820117757276457, 1.0054601743410105, 1.9428508015188193, -0.836705189390911, -0.7409636547470868, -0.6926355303283566, -0.660658209974472, -0.6149606145882245, -0.5257523222705562, -0.1541190862913583, 0.24022996874009944, 0.9720609417909383, 1.8792949465894937, -0.46605469882456035, -0.3203368971896772, -0.3375708775083048, -0.28182819742684717, -0.2225031886147755, -0.24517857125071632, -0.05196923203150383, 0.271960324625814, 0.967903712303237, 1.7898624450739893, 0.13627025792763042, 0.35134896543420746, 0.42958633493514575, 0.39505361701920927, 0.4075139159062334, 0.4941954507328074, 0.46963083765668123, 0.5592649334046359, 0.9443838306252262, 1.7976976120463481, 1.1562854472002446, 1.3975902522742445, 1.4423690963791485, 1.4542368215594594, 1.5234157952590355, 1.5024291165956256, 1.5646596998335232, 1.525890977958978, 1.4812127676867035, 1.6129960248889261], "bean_num": 0.5, "model_info": {"det_num_x": 10, "det_num_y": 10, "det_y": 0.03, "det_x": 0.03, "size_x": 0.5, "size_y": 0.5, "med_margin": 0.0015}}