{"source": [518.0604841248387, 506.62795461115326], "intensity": 100, "miu_detector": 0.3, "miu_medium": 1.2, "miu_air": 0.00018, "output": [0.0, 0.0, 0.0, 0.0, 0.0, 0.0, 0.0, 0.0, 0.0, 0.0, 0.0, 0.0, 0.0, 0.0, 0.0, 0.0, 0.0, 0.0, 0.0, 0.0, 0.0, 0.0, 0.0, 0.0, 0.07102522178765686, 0.9289747782123432, 0.0, 0.0, 0.0, 0.0, 0.0, 0.0, 0.0, 0.0, 0.0, 0.0, 0.0, 0.0, 0.0, 0.0], "miu_de": 0.5, "input": [-1.083724970601523, -1.0533332334893828, -1.0419325943920466, -1.014604181492486, -1.017888632478789, -1.024064205833616, -1.0146753508109878, -1.037361368531725, -1.0293954290409555, -0.7241418292408721, -1.019191072602246, -0.9749706510475029, -0.9310354027543453, -0.9551211504611454, -0.9504686611457743, -0.9297081727844457, -0.9217138929617642, -0.939715168498801, -0.9341391025923473, -0.6364776059293258, -0.9394356722138545, -0.8690116400028801, -0.8439002834949718, -0.8289697079742291, -0.8569829091272994, -0.8235583294344963, -0.8401463755465308, -0.8527835441306234, -0.8286520344684369, -0.6104026948089769, -0.8257247561531476, -0.7230721191452405, -0.7155567349099494, -0.684828378358712, -0.654093312845703, -0.6630855035375511, -0.672132155427983, -0.7165025220589519, -0.6879645891380087, -0.515888201435895, -0.657502768192466, -0.5415000388237629, -0.5271313862589733, -0.4912194979685928, -0.4753720406111474, -0.48625327500343213, -0.44998009901799796, -0.5472087661867601, -0.49086291994312364, -0.4263092044108557, -0.4511819316818245, -0.2761769396287543, -0.20677363145038707, -0.18657012862262706, -0.18891231030248745, -0.21988230604719974, -0.20157030935438985, -0.17672994779577247, -0.24469906582245637, -0.25190359322035955, -0.07367594060453739, 0.16817910517035572, 0.2130010892718297, 0.22159103813980924, 0.24952490360278554, 0.20332009643003787, 0.16957579905129883, 0.15204124105195468, 0.11224832174126442, 0.07502863533257116, 0.383823569216879, 0.610644140586943, 0.7005800411999831, 0.6328691930832772, 0.728158395224297, 0.7135794957652811, 0.7396817729572124, 0.7031872359498864, 0.6287931322619212, 0.38491185916400283, 0.9508771761741232, 1.387165942170815, 1.3474626263913314, 1.5129624241860142, 1.377790849793047, 1.5082032104641818, 1.4345868651852192, 1.3800631898359315, 1.3525700091583048, 0.9662023378039823, 1.7939158418165908, 2.103996191351437, 2.2635038368864437, 2.2440192076173804, 2.151444285559622, 2.1427984335444243, 2.200197835397064, 2.1615108672648757, 2.0978939614196883, 1.7898660846293861], "bean_num": 0.5, "model_info": {"det_num_x": 10, "det_num_y": 10, "det_y": 0.03, "det_x": 0.03, "size_x": 0.5, "size_y": 0.5, "med_margin": 0.0015}}