{"source": [714.4128558501006, 139.24161672553], "intensity": 100, "miu_detector": 0.3, "miu_medium": 1.2, "miu_air": 0.00018, "output": [0.0, 0.0, 0.0, 0.0, 0.0, 0.0, 0.0, 0.0, 0.0, 0.0, 0.0, 0.0, 0.0, 0.0, 0.0, 0.0, 0.0, 0.0, 0.0, 0.0, 0.0, 0.774568186705043, 0.22543181329495696, 0.0, 0.0, 0.0, 0.0, 0.0, 0.0, 0.0, 0.0, 0.0, 0.0, 0.0, 0.0, 0.0, 0.0, 0.0, 0.0, 0.0], "miu_de": 0.5, "input": [-1.219081837638031, -1.1766107681699527, -1.1259081981139076, -1.0317017088685587, -0.8907083838055954, -0.6430416658604304, -0.330414259123696, 0.06094294451735939, 0.7560217813452512, 1.591911670720339, -1.2028852989911196, -1.135162917793772, -1.066473094490446, -0.967621042050413, -0.7773341533120375, -0.5718018466323818, -0.17146845621985118, 0.382169244542223, 1.0727972329505668, 1.9442759067857902, -1.2048149510402015, -1.1018946654302564, -1.019593070688381, -0.9353774069073897, -0.7392507194749459, -0.4986703787618603, -0.0191374000729918, 0.42303414160542385, 1.1801914021061486, 1.9000586538419544, -1.1944483759420617, -1.1020924939097474, -1.0287636497374786, -0.8841408758466456, -0.7305648582600648, -0.47174789220556, -0.132777785254507, 0.4248011064136424, 1.2308395763591915, 1.9911041883296772, -1.166963829443806, -1.093050834588493, -1.0250714322214636, -0.8537732757125474, -0.7169229181237874, -0.4879742895814148, -0.04009736063159166, 0.46917638580165466, 1.1604714235666869, 1.911477801337454, -1.136111467681297, -1.043069763400571, -0.9587607603729557, -0.8455182078733521, -0.7047850410093726, -0.45002969186121405, -0.04917121225816854, 0.43610260664273076, 1.2780432700638904, 1.9628337331784844, -1.0164488889128014, -1.010882461216757, -0.9069116400884475, -0.8080062692302995, -0.6613892233744336, -0.47260058494379414, -0.03632282664665773, 0.40917456749049774, 1.1860074575612471, 1.9577815951939055, -0.7925107705862794, -0.7208894786164387, -0.6473118801545613, -0.6037630296104677, -0.5266795479931105, -0.350405498346034, -0.08976354750757304, 0.4327571400995115, 1.190467743152922, 1.8927429154546667, -0.2552892899723582, -0.1274638434344354, -0.03302311908100078, -0.04495389507459381, 0.04455502660215427, 0.07099395138194686, 0.17675600510455527, 0.4403342793508169, 1.1283710899955313, 1.9735361020119504, 0.868101464165646, 1.0416348373899553, 1.1057254281216369, 1.1400424696653513, 1.179234828689611, 1.219923141868247, 1.2188627614740115, 1.1645771642041132, 1.338324443069608, 1.6932465519959865], "bean_num": 0.5, "model_info": {"det_num_x": 10, "det_num_y": 10, "det_y": 0.03, "det_x": 0.03, "size_x": 0.5, "size_y": 0.5, "med_margin": 0.0015}}