{"source": [-360.0797425112762, -632.1105376593802], "intensity": 100, "miu_detector": 0.3, "miu_medium": 1.2, "miu_air": 0.00018, "output": [0.0, 0.0, 0.0, 0.0, 0.0, 0.0, 0.2964292693880964, 0.7035707306119036, 0.0, 0.0, 0.0, 0.0, 0.0, 0.0, 0.0, 0.0, 0.0, 0.0, 0.0, 0.0, 0.0, 0.0, 0.0, 0.0, 0.0, 0.0, 0.0, 0.0, 0.0, 0.0, 0.0, 0.0, 0.0, 0.0, 0.0, 0.0, 0.0, 0.0, 0.0, 0.0], "miu_de": 0.5, "input": [1.662412867098562, 1.4342231341120455, 1.321162719094179, 1.256362614537981, 1.2676276818847416, 1.340429951480726, 1.2452549366314745, 1.2455120607166283, 1.2061033617402153, 0.9539941804424482, 1.9940602268236378, 1.1007463405583933, 0.42481661835089074, 0.2944196966735475, 0.12312187496404724, 0.17111653563422843, 0.1256157406284882, 0.11560061594557554, 0.17447738165746005, -0.0045886965823745355, 2.032030456453065, 1.0898890436695532, 0.35622573824360204, -0.1396645716898452, -0.37279694228462257, -0.4018530005253486, -0.5297899251332098, -0.47550700907301247, -0.48058133605560044, -0.6304358217303776, 1.828214076407841, 1.1523571566417434, 0.30201815247743474, -0.18124633272199944, -0.5119534679068787, -0.6950113522909105, -0.7673773135766472, -0.883385592596147, -0.8696431291863337, -0.9471027149209562, 1.8834869637514846, 1.0737516351805243, 0.328919062114592, -0.09084661118384359, -0.4893850116862312, -0.7471010029586082, -0.8638634963370359, -0.9794977489758393, -1.029967105806541, -1.097609127191363, 2.048013623465663, 1.0688583090529904, 0.28307280797900936, -0.1938099671493097, -0.5189582450678207, -0.7473986109598585, -0.9135064579089256, -1.0541196915503386, -1.119968436965478, -1.166005705830787, 1.948629932593409, 1.0959214183623023, 0.3534252165419671, -0.17068229933660437, -0.5385974457811379, -0.7496100694165577, -0.9160634796005076, -1.0324481937818462, -1.108139124563972, -1.1863476904433452, 1.976635160603045, 1.0437295747501807, 0.27594578942128695, -0.27083668743517675, -0.5523793883160739, -0.756542858779127, -0.913168966612953, -1.0931199746624283, -1.1532680698905715, -1.197454414882439, 1.8539521133554722, 1.0788834092089028, 0.33600447584816895, -0.2526999475930687, -0.5654989918089965, -0.8061921640981903, -0.9891236329363857, -1.10077771131028, -1.1475099648667937, -1.209136272263312, 1.5735779631495477, 0.6479016806537452, 0.014351704036409526, -0.39206438536984656, -0.6712034831127934, -0.8980973579743822, -1.0184319697819317, -1.1036757019906895, -1.180243846760899, -1.2265654837206441], "bean_num": 0.5, "model_info": {"det_num_x": 10, "det_num_y": 10, "det_y": 0.03, "det_x": 0.03, "size_x": 0.5, "size_y": 0.5, "med_margin": 0.0015}}