{"source": [378.76220112551687, 629.6968450957403], "intensity": 100, "miu_detector": 0.3, "miu_medium": 1.2, "miu_air": 0.00018, "output": [0.0, 0.0, 0.0, 0.0, 0.0, 0.0, 0.0, 0.0, 0.0, 0.0, 0.0, 0.0, 0.0, 0.0, 0.0, 0.0, 0.0, 0.0, 0.0, 0.0, 0.0, 0.0, 0.0, 0.0, 0.0, 0.0, 0.44743093800216893, 0.5525690619978311, 0.0, 0.0, 0.0, 0.0, 0.0, 0.0, 0.0, 0.0, 0.0, 0.0, 0.0, 0.0], "miu_de": 0.5, "input": [1.752941060498002, 1.2039782646980497, 0.9750374322922508, 0.8869582123069841, 0.8206869968385329, 0.7668221644216361, 0.7082664869275279, 0.705109366619534, 0.6395993397227097, 0.4145983006751509, 2.039239319560834, 1.2233035614702092, 0.5578298344233567, 0.0647596770560767, -0.23297428920574526, -0.29644533048319904, -0.397507691865146, -0.44816264011213447, -0.4917530261336504, -0.6228934662958753, 2.0578132220954424, 1.309849598744424, 0.5893982581822291, 0.03399156852401133, -0.3287647240359736, -0.5893389218141253, -0.7220652157204924, -0.837210880059438, -0.899783578646497, -0.9657157736819268, 2.1292005639881513, 1.3209405248052895, 0.5976929540333503, 0.00010231971296036022, -0.3359816651741074, -0.6073357655163794, -0.8039413032083019, -0.9188209213533864, -0.992535264353145, -1.0802796186489876, 2.084092109054212, 1.3148072033043743, 0.5855271442901574, 0.01208447032322242, -0.33860445670358635, -0.649053670503061, -0.8239064510326236, -0.9484766547163942, -1.0347433107923292, -1.1072317809851868, 2.1009134628722443, 1.3369760240677764, 0.5481199265342414, 0.03837635568675546, -0.3475107890560379, -0.6483656013001671, -0.8146632343531043, -0.9608124099720384, -1.0524770999964677, -1.1068284125057188, 2.063516574009469, 1.2859721489822598, 0.5722797264470484, 0.02802731999166206, -0.38353314659675286, -0.6669298248136861, -0.840947979618399, -0.9825923603574122, -1.0436887453323698, -1.1308204552299677, 2.0860415308285996, 1.2863139000287642, 0.5427746504120285, -0.03193682027887043, -0.4134247185712809, -0.6673238482188867, -0.8448368131732265, -0.9761648824439769, -1.076134928267318, -1.1443025345905378, 1.9904506751435092, 1.166478345075666, 0.4714943788643171, -0.09139686057316311, -0.45953505977806425, -0.6885965200355546, -0.8702488680973678, -0.9973183120745457, -1.0722700800519784, -1.1507370020519823, 1.6586936064548887, 0.7950917975232246, 0.154129720588483, -0.27564374048687196, -0.6067707003128499, -0.80665792662765, -0.9562557490743794, -1.0400700017695625, -1.1286324230232532, -1.1693258484044877], "bean_num": 0.5, "model_info": {"det_num_x": 10, "det_num_y": 10, "det_y": 0.03, "det_x": 0.03, "size_x": 0.5, "size_y": 0.5, "med_margin": 0.0015}}