{"source": [-733.577315623659, -92.30966424474141], "intensity": 100, "miu_detector": 0.3, "miu_medium": 1.2, "miu_air": 0.00018, "output": [0.20309838023257093, 0.796901619767429, 0.0, 0.0, 0.0, 0.0, 0.0, 0.0, 0.0, 0.0, 0.0, 0.0, 0.0, 0.0, 0.0, 0.0, 0.0, 0.0, 0.0, 0.0, 0.0, 0.0, 0.0, 0.0, 0.0, 0.0, 0.0, 0.0, 0.0, 0.0, 0.0, 0.0, 0.0, 0.0, 0.0, 0.0, 0.0, 0.0, 0.0, 0.0], "miu_de": 0.5, "input": [0.35443773357086955, 0.45000136185060485, 0.5611972535260701, 0.6230319084644705, 0.655516790091229, 0.7427702758935566, 0.819601126874671, 0.9059142567030136, 1.107565513088814, 1.6454692323822118, -0.6995751639057809, -0.6229226721664696, -0.5538390090578588, -0.4719302037172459, -0.39953199900097774, -0.2787839523490574, 0.023535571661617734, 0.5484679846106044, 1.1405955418776725, 2.0006534195882835, -1.014601180165405, -0.9081416053854144, -0.8374544718066076, -0.7674259419963937, -0.5553343960766681, -0.37588044264168097, 0.063128879299904, 0.6374910919151914, 1.3845265435295384, 2.057328867266659, -1.0910250889789062, -0.9960301918059116, -0.9066705835273031, -0.8036907972424173, -0.6185290423645989, -0.31089981065234074, 0.09894649083573842, 0.5897420899912432, 1.3097245938492428, 2.204034696009346, -1.0936634089930675, -1.0165933910598837, -0.9461690880888255, -0.7806040294574889, -0.5880824495942462, -0.3912238355919467, -0.006239100469851226, 0.5696334488089283, 1.3222468630878128, 2.066748153850143, -1.0860761360206261, -1.0467301841323835, -0.9372228146094965, -0.8077361590407139, -0.603461369661344, -0.31804708560334927, 0.045652810837090864, 0.6825689359978311, 1.3979631547746525, 2.1088134137548966, -1.135504746694309, -1.0395887628445422, -0.9586060193498389, -0.8042118553563306, -0.6650856806982285, -0.35146061468647183, 0.04379668895130491, 0.5665843206540793, 1.2696566748501792, 2.0661532686215445, -1.1220015857088241, -1.0630531540918358, -0.962797557420862, -0.8004364394070227, -0.6219364726224422, -0.3653775177233501, -0.023768382073353415, 0.6130732359655714, 1.3219936178368807, 2.15040574451254, -1.1527391932327353, -1.084569714545811, -0.9746436820260959, -0.81785166468548, -0.6592331743001618, -0.43438763317161405, -0.0008546720502763231, 0.49475726540971643, 1.2712024381554314, 2.125607399784059, -1.1686521777580403, -1.1450004003496634, -1.067816547087857, -0.9735099485120882, -0.7933020827115408, -0.5915753411020311, -0.22904979790560487, 0.26570835811746885, 0.9195075440782988, 1.61537586235168], "bean_num": 0.5, "model_info": {"det_num_x": 10, "det_num_y": 10, "det_y": 0.03, "det_x": 0.03, "size_x": 0.5, "size_y": 0.5, "med_margin": 0.0015}}