{"source": [351.79032823862946, 652.7860056070936], "intensity": 100, "miu_detector": 0.3, "miu_medium": 1.2, "miu_air": 0.00018, "output": [0.0, 0.0, 0.0, 0.0, 0.0, 0.0, 0.0, 0.0, 0.0, 0.0, 0.0, 0.0, 0.0, 0.0, 0.0, 0.0, 0.0, 0.0, 0.0, 0.0, 0.0, 0.0, 0.0, 0.0, 0.0, 0.0, 0.14672179637459226, 0.8532782036254077, 0.0, 0.0, 0.0, 0.0, 0.0, 0.0, 0.0, 0.0, 0.0, 0.0, 0.0, 0.0], "miu_de": 0.5, "input": [-1.2335122579222602, -1.1724788205807288, -1.0963076428639087, -1.0346470839295283, -0.8920981409826414, -0.6936274461051094, -0.39656529650714345, 0.020284571198011678, 0.6958159418513331, 1.525936754744704, -1.2068367096981343, -1.1762335377968558, -1.100046200306949, -0.9542777852224321, -0.8571639893994415, -0.5868116956261636, -0.24922989560609335, 0.37815412453207514, 0.9891419236439899, 1.790729415828118, -1.1919277875273175, -1.1293978780879883, -1.0670225480483542, -0.9386872192833046, -0.7590506668536765, -0.5115403420335514, -0.13456128617371696, 0.2980075783100733, 1.137386902376446, 1.9639465528188245, -1.185641193013015, -1.123111348951733, -1.0678159163892045, -0.9479483210507884, -0.7338851566088398, -0.5204826800996935, -0.16694642134720894, 0.3573295205499468, 1.0919164015843568, 2.1184517620115884, -1.1728366729044934, -1.0851442968213112, -1.0316199449737422, -0.9397392955668495, -0.7408901872738473, -0.5110551744072331, -0.07696777287963431, 0.434188596724023, 1.315480720007005, 2.016119529237993, -1.0873229508289133, -1.0317382836807232, -0.9704967981415109, -0.8779824792580381, -0.7328324936421656, -0.49573274174291, -0.14915843503999907, 0.3911593212378797, 1.0880405798694428, 1.9674604212975857, -0.9748748539142134, -0.8810137472605978, -0.851200120451426, -0.7563770659319253, -0.6895016577761587, -0.4410802494565625, -0.16729112547264993, 0.3372066771278186, 1.1452503554774656, 1.8646591290629364, -0.6847616689764375, -0.6152538153555869, -0.5478905788242949, -0.5248510233782576, -0.46840936222067253, -0.3504993088734262, -0.09565562310756245, 0.4226203142000101, 1.0995950117107949, 1.922471899002391, -0.11610448321123691, 0.05711147211350865, 0.08432212176234699, 0.023354683876445206, 0.2397619896770272, 0.19632906882036902, 0.2355755150652394, 0.3817484233334432, 1.0126118457378253, 1.8792655687475053, 0.9808032129575751, 1.195769729528703, 1.1985458280891481, 1.3016614428910478, 1.2431708502408727, 1.374045351441944, 1.293423834360432, 1.2212716795090155, 1.3640733237161675, 1.541937533114739], "bean_num": 0.5, "model_info": {"det_num_x": 10, "det_num_y": 10, "det_y": 0.03, "det_x": 0.03, "size_x": 0.5, "size_y": 0.5, "med_margin": 0.0015}}