{"source": [364.03290497713687, -655.4360458239721], "intensity": 100, "miu_detector": 0.3, "miu_medium": 1.2, "miu_air": 0.00018, "output": [0.0, 0.0, 0.0, 0.0, 0.0, 0.0, 0.0, 0.0, 0.0, 0.0, 0.0, 0.0, 0.0, 0.7724397903581177, 0.2275602096418823, 0.0, 0.0, 0.0, 0.0, 0.0, 0.0, 0.0, 0.0, 0.0, 0.0, 0.0, 0.0, 0.0, 0.0, 0.0, 0.0, 0.0, 0.0, 0.0, 0.0, 0.0, 0.0, 0.0, 0.0, 0.0], "miu_de": 0.5, "input": [1.7582514383515735, 0.9242726542166074, 0.3232438664730956, -0.13918864578702927, -0.4941127906521271, -0.6569152041837275, -0.8642505468441356, -0.9402415942015228, -1.0365954465236, -1.0744625920632314, 2.0927527403779496, 1.4231585471394417, 0.6681843368979995, 0.12420861982944316, -0.2716597761031569, -0.5600402731088855, -0.7415497564008205, -0.8898269572368557, -0.9633748167882397, -1.036319227045675, 2.184023297048382, 1.5750624431174276, 0.8123963304944251, 0.18490209118733683, -0.1926631898837667, -0.4891641695265131, -0.7542012533486919, -0.8433087575421936, -0.9735441926771494, -1.0430305849502624, 2.1681993441042393, 1.487606565609096, 0.7420736892923174, 0.2688095653038007, -0.1913190727334837, -0.47591107473323896, -0.6803191777067258, -0.8785498581073141, -0.9671741969538612, -1.0572820513444041, 2.183046735840445, 1.517485180118435, 0.8476278423701229, 0.21995424641868502, -0.17550339938739493, -0.484557985606686, -0.7005196181969372, -0.8337075594460647, -0.9644514586752111, -1.056265631977246, 2.2112717863124116, 1.392706356972164, 0.7412966665399305, 0.28163884127260097, -0.14755089456361536, -0.45142667825603094, -0.6847981408348138, -0.8253102558618532, -0.9480805539959598, -0.9916300046892965, 2.063877875886723, 1.3491029114094935, 0.6358431200035687, 0.22499681495219612, -0.19406498950389856, -0.5068230805152517, -0.6913534981404742, -0.8604412413440595, -0.93566135437381, -1.0206993949343037, 2.087129430777717, 1.5067666816389722, 0.7718925858653854, 0.1540788390822521, -0.10838086004405637, -0.46354949069829837, -0.6493221645986534, -0.839400983346111, -0.9276773896227377, -1.0473016199884526, 2.0510360626829884, 1.1657851991751143, 0.5963514560453294, 0.11620866269169118, -0.2602743303070694, -0.4958010570171369, -0.6829345308294636, -0.8186552479141571, -0.941492178540223, -1.040427161528319, 1.743376250040104, 1.0903394633816248, 0.4232803759293115, 0.008811470847498615, -0.20280848268489324, -0.47492516923729844, -0.4918114534102848, -0.5670912127201242, -0.6992038389959185, -0.7221422674652226], "bean_num": 0.5, "model_info": {"det_num_x": 10, "det_num_y": 10, "det_y": 0.03, "det_x": 0.03, "size_x": 0.5, "size_y": 0.5, "med_margin": 0.0015}}