{"source": [-747.4311233824759, 69.12780151616066], "intensity": 100, "miu_detector": 0.3, "miu_medium": 1.2, "miu_air": 0.00018, "output": [0.41287853930526164, 0.0, 0.0, 0.0, 0.0, 0.0, 0.0, 0.0, 0.0, 0.0, 0.0, 0.0, 0.0, 0.0, 0.0, 0.0, 0.0, 0.0, 0.0, 0.0, 0.0, 0.0, 0.0, 0.0, 0.0, 0.0, 0.0, 0.0, 0.0, 0.0, 0.0, 0.0, 0.0, 0.0, 0.0, 0.0, 0.0, 0.0, 0.0, 0.5871214606947384], "miu_de": 0.5, "input": [1.8382208495500023, 2.161178297185324, 2.1440556658175742, 2.2889564809229226, 2.13199237670543, 2.117172285543795, 2.1626047052834307, 2.176256835844078, 1.9417790732067872, 1.7485135519521422, 0.9163888287636519, 1.3530906128796767, 1.4566408395155657, 1.4181204421661486, 1.4833238897511696, 1.5021001296250058, 1.4316814105264704, 1.3946961777047004, 1.3358175946868345, 1.100815774127707, 0.28554191551457453, 0.6645020744690904, 0.7082436689586631, 0.7282275763208269, 0.7431964101075405, 0.7478784778986229, 0.6792960525588426, 0.7447337490446403, 0.6652130086890271, 0.4411726042426141, -0.12081522883178401, 0.10105765655723584, 0.18335965350283387, 0.23539124188822996, 0.21351894651744918, 0.1206231245662, 0.1607928898566382, 0.1398208319895202, 0.120212620831281, 0.09972702059954487, -0.4794082735162587, -0.30211394923423984, -0.17362873584218275, -0.24285815141617254, -0.21911430034768187, -0.25198480877785157, -0.2413756175455771, -0.21028303107011942, -0.2536331803728642, -0.13613058672204012, -0.7050687989837807, -0.5838682467978235, -0.5148057008173779, -0.5074059819384309, -0.5130551552331678, -0.5100708789713931, -0.4919654985510139, -0.49362660805191005, -0.4423767760757822, -0.25278973867289095, -0.8754954190762234, -0.78456313415736, -0.7177843977773983, -0.6772930521220829, -0.6673790614337698, -0.7058118068025347, -0.6878578740966602, -0.6752789356221031, -0.6817454799781212, -0.33590536040566926, -0.9650128207184824, -0.9215374160662843, -0.8859156124045272, -0.86661889238608, -0.8474753199102872, -0.8493930006497905, -0.8531009867476961, -0.8429058097176111, -0.8341863408689838, -0.3784792865858447, -1.0332839440077144, -0.9928906479728542, -0.9682689694157508, -0.9282765327884462, -0.9504828246511419, -0.9720156685843008, -0.9567225120395669, -0.9425024716096886, -0.9299182205647045, -0.47393164577813723, -1.1143313427836423, -1.0627909963187583, -1.040944092018989, -1.0723146960748737, -1.0428203929051427, -1.0407247371010024, -1.0384510769686444, -1.0178873327428777, -1.0026763441725965, -0.6045616420750957], "bean_num": 0.5, "model_info": {"det_num_x": 10, "det_num_y": 10, "det_y": 0.03, "det_x": 0.03, "size_x": 0.5, "size_y": 0.5, "med_margin": 0.0015}}