{"source": [635.3126136459902, -401.85916988615287], "intensity": 100, "miu_detector": 0.3, "miu_medium": 1.2, "miu_air": 0.00018, "output": [0.0, 0.0, 0.0, 0.0, 0.0, 0.0, 0.0, 0.0, 0.0, 0.0, 0.0, 0.0, 0.0, 0.0, 0.0, 0.0, 0.590543918720449, 0.40945608127955097, 0.0, 0.0, 0.0, 0.0, 0.0, 0.0, 0.0, 0.0, 0.0, 0.0, 0.0, 0.0, 0.0, 0.0, 0.0, 0.0, 0.0, 0.0, 0.0, 0.0, 0.0, 0.0], "miu_de": 0.5, "input": [0.8670879492823912, 1.0779637645416726, 1.1492437976453316, 1.1881705057481395, 1.1750274199837583, 1.1713361118778973, 1.1670643919086177, 1.2775295938894002, 1.1504157795066026, 1.7302171080843887, -0.1964704668499985, -0.11252236164945763, 0.053727202894378344, -0.04686353328931848, -0.014786681242037641, 0.057971222496946556, 0.22789728514736196, 0.5019419311016775, 1.13455547508687, 1.969939457327046, -0.7978041338482923, -0.6390829603930598, -0.6409196929757971, -0.5904137283444687, -0.554100719227682, -0.41241054847645653, -0.08544936679321669, 0.5222601427068652, 1.194109473993727, 1.900662241043652, -1.0049142618312306, -0.933225331980331, -0.8751577702372332, -0.8156491313084919, -0.6602163466149172, -0.4414555298857706, -0.04474669306582116, 0.48356448084353, 1.113895963950125, 1.9646502966803214, -1.1240245800832185, -1.0767591124437956, -1.0017260964084191, -0.8885655010474997, -0.7002194335728473, -0.4414010129126536, -0.15334144227064483, 0.5009017606395018, 1.1863715965817718, 2.061790869231672, -1.1622406390455646, -1.0756176882580064, -1.0171978385801677, -0.885286618564165, -0.7081908285174071, -0.5151621928901715, -0.1325886066667956, 0.4931290719439782, 1.203653291980465, 1.9373449967036178, -1.1688909676719323, -1.118613766424297, -1.0373901250602655, -0.9035959078430683, -0.7210589818611212, -0.4564741742490622, -0.17908914314765997, 0.48788154241203, 1.1742825310499145, 1.8616882407116524, -1.1825045989049534, -1.1427497957080184, -1.0726026579105965, -0.9328408759390943, -0.727429717921501, -0.5137038978053208, -0.08913188290615329, 0.38128883417721104, 1.172626219393075, 2.0025316182196398, -1.2007884003621332, -1.1356264067427397, -1.077594569298026, -0.945366445816398, -0.8048565677825743, -0.5488463963475494, -0.20828299801242572, 0.3911494921051123, 1.0724145387397521, 1.8766030323516554, -1.2275068079004545, -1.1769461409124893, -1.1360290932422192, -1.0083528975117988, -0.8701785105912327, -0.6515192673836118, -0.3487750712060264, 0.18220014618355063, 0.7090544281396581, 1.5611131094327004], "bean_num": 0.5, "model_info": {"det_num_x": 10, "det_num_y": 10, "det_y": 0.03, "det_x": 0.03, "size_x": 0.5, "size_y": 0.5, "med_margin": 0.0015}}