{"source": [-577.5335307213433, 486.71808267329413], "intensity": 100, "miu_detector": 0.3, "miu_medium": 1.2, "miu_air": 0.00018, "output": [0.0, 0.0, 0.0, 0.0, 0.0, 0.0, 0.0, 0.0, 0.0, 0.0, 0.0, 0.0, 0.0, 0.0, 0.0, 0.0, 0.0, 0.0, 0.0, 0.0, 0.0, 0.0, 0.0, 0.0, 0.0, 0.0, 0.0, 0.0, 0.0, 0.0, 0.0, 0.0, 0.0, 0.0, 0.0, 0.45806809758856865, 0.5419319024114313, 0.0, 0.0, 0.0], "miu_de": 0.5, "input": [-1.2428605806521165, -1.210939754035201, -1.1386002230463794, -1.0341620145635346, -0.9466338310216343, -0.7163173148256451, -0.4079717478326405, -0.027013617893002287, 0.7048058638055491, 1.5880581511423506, -1.2189444033507333, -1.1590592288610337, -1.0759067267937852, -1.0019998119901017, -0.8349070803030476, -0.5865801435941518, -0.2680132605486781, 0.2489241836274343, 0.9793634209902882, 1.8195523732299728, -1.207477793199091, -1.1528484716285257, -1.0840107443728912, -0.961018441198508, -0.8269478730365741, -0.5641348789259621, -0.19160073599650743, 0.3390693621835313, 1.063280999460875, 1.8308742702722227, -1.1844197046851928, -1.1320598642991173, -1.0587929123569488, -0.9593340224995262, -0.7738894844605548, -0.5282719071404981, -0.17820882237719418, 0.36913612722553, 1.060067355484879, 1.8728460441967114, -1.1582134678342746, -1.1093406476295224, -1.0387422116292018, -0.9380564774045266, -0.7887884287235936, -0.5028846493040924, -0.1917461463788225, 0.306917952802099, 1.011693145450681, 1.9494825222821093, -1.0638075379294298, -1.0186288391546652, -0.9811408436272046, -0.8826487004046993, -0.7652753454121829, -0.531432320431915, -0.15370385341960935, 0.3376380913110876, 1.1308631838584247, 1.8305734888337317, -0.9584650932338549, -0.8514437913444937, -0.7939363518292892, -0.8096685835634932, -0.6625310683534598, -0.4851711597477458, -0.1409443070145231, 0.31926410442823483, 1.1672013846180485, 1.957196364997076, -0.6503228056409671, -0.5137985992271683, -0.4928869100984796, -0.43541869433254177, -0.44542623418460037, -0.35541128955373086, -0.12838636675452136, 0.3844797996066798, 1.0175714165010707, 1.8634237268533014, -0.043221447865950405, 0.15996402767665344, 0.24727998473525115, 0.2216971058685787, 0.23257903276391376, 0.29493726852509383, 0.34757846713414814, 0.4842257320586974, 1.0057300087267942, 1.8341784718808145, 1.016983662327792, 1.2229296101281386, 1.3658341480668619, 1.3463674897862363, 1.3404751249085345, 1.3282561863541824, 1.4094890301172882, 1.434029474884485, 1.4243562171936226, 1.6951931912183575], "bean_num": 0.5, "model_info": {"det_num_x": 10, "det_num_y": 10, "det_y": 0.03, "det_x": 0.03, "size_x": 0.5, "size_y": 0.5, "med_margin": 0.0015}}