{"source": [-220.46769022346476, 723.597558281146], "intensity": 100, "miu_detector": 0.3, "miu_medium": 1.2, "miu_air": 0.00018, "output": [0.0, 0.0, 0.0, 0.0, 0.0, 0.0, 0.0, 0.0, 0.0, 0.0, 0.0, 0.0, 0.0, 0.0, 0.0, 0.0, 0.0, 0.0, 0.0, 0.0, 0.0, 0.0, 0.0, 0.0, 0.0, 0.0, 0.0, 0.0, 0.0, 0.0, 0.0, 0.1172139920920849, 0.8827860079079151, 0.0, 0.0, 0.0, 0.0, 0.0, 0.0, 0.0], "miu_de": 0.5, "input": [1.7279846767049225, 0.8617575680002247, 0.32954310588226615, -0.17100272493834634, -0.48239853990309145, -0.7063405588222575, -0.8412588656361671, -0.9534860757960688, -1.0445822254469264, -1.1171179109497626, 2.1276307135630743, 1.2754726391559414, 0.6215540046232699, 0.1264856481575799, -0.33115753925498187, -0.5670468710411994, -0.7651210674492555, -0.9128655871512422, -1.0245818101557351, -1.0798344565754083, 2.095582364840886, 1.3821890440090028, 0.6904355428899281, 0.15210965218302067, -0.23649048062240907, -0.530396154140947, -0.7375362708399812, -0.8859556748976675, -1.0103629831817207, -1.0661232061772135, 2.2157007705381315, 1.441745225579812, 0.7577367851855099, 0.16240347115345224, -0.19616760694810068, -0.5259577113578298, -0.7583989018434479, -0.8861870028034594, -1.002492298476356, -1.0854441303539915, 2.2287973023254612, 1.433308432516176, 0.8022227913381772, 0.22019694046579424, -0.18992080762300373, -0.5207375373043776, -0.7299286065178101, -0.8740122033150576, -0.9717214186269632, -1.0526067624581137, 2.0876629422272743, 1.4144497662288713, 0.7784671482548474, 0.18175966892583784, -0.2141653503790533, -0.5090579321419134, -0.7209886949715361, -0.8399929983994795, -0.9694490548610682, -1.0721465626142825, 2.143122260161358, 1.3789514791170479, 0.7709800896503086, 0.1383424128014568, -0.2657218178781284, -0.48624730883359546, -0.7127022698529798, -0.8774381638718821, -0.9806503155230935, -1.052272062472446, 2.2319724006646045, 1.4142195926622065, 0.6547953951674053, 0.18933336259622455, -0.22024475174239325, -0.5355765961524567, -0.7465794944390047, -0.8424349631647996, -0.9650849666309892, -1.0538656282231385, 2.0784044201075975, 1.331964714883083, 0.6073241943614309, 0.08519940150247587, -0.30093967711279546, -0.5977434088415917, -0.6969106745505187, -0.8273414619209822, -0.9058353327213587, -0.9994843512302074, 1.809771997440765, 1.0698361480213296, 0.5255752290521484, 0.1832670504675134, -0.0013411927457705013, -0.09544870381769038, -0.17338335215945852, -0.17344922688135986, -0.27618773672335817, -0.3583383119401753], "bean_num": 0.5, "model_info": {"det_num_x": 10, "det_num_y": 10, "det_y": 0.03, "det_x": 0.03, "size_x": 0.5, "size_y": 0.5, "med_margin": 0.0015}}