{"source": [681.909799221324, -334.4491452341984], "intensity": 100, "miu_detector": 0.3, "miu_medium": 1.2, "miu_air": 0.00018, "output": [0.0, 0.0, 0.0, 0.0, 0.0, 0.0, 0.0, 0.0, 0.0, 0.0, 0.0, 0.0, 0.0, 0.0, 0.0, 0.0, 0.0, 0.9028978484012381, 0.09710215159876187, 0.0, 0.0, 0.0, 0.0, 0.0, 0.0, 0.0, 0.0, 0.0, 0.0, 0.0, 0.0, 0.0, 0.0, 0.0, 0.0, 0.0, 0.0, 0.0, 0.0, 0.0], "miu_de": 0.5, "input": [1.6849366260114624, 1.7712425892155121, 1.8020027523795614, 1.744477182503723, 1.8624024997537667, 1.8714824107928103, 1.8344968106822168, 1.7528818307397223, 1.7487840021424146, 1.4418881113036055, 1.4667324403221718, 0.9760065551484801, 1.0117321211623802, 0.925667732527282, 0.9804353875206969, 0.9689772063162713, 0.9293133260034755, 0.9382377597732856, 0.8756452628294356, 0.5965449855494875, 1.531965493128569, 0.6091030460032975, 0.2966528261495857, 0.23244453231284534, 0.26771097866208404, 0.27182936258354784, 0.18799465342394792, 0.1668228228968677, 0.18883729867020674, -0.08573419796323303, 1.5363816052773827, 0.5372936601004784, -0.06509310499409264, -0.2553802337368128, -0.2718284682887974, -0.3061059688241615, -0.2509128208146437, -0.2857312943212799, -0.3676469030189632, -0.5023426695634556, 1.4945952820364787, 0.46560625779064957, -0.2247731733965196, -0.5065577656368104, -0.5854070747018952, -0.5750871011779893, -0.6155076080303225, -0.6475773983692528, -0.6837127150221973, -0.8274909647616348, 1.47122562223293, 0.44198470076595187, -0.2846223359401004, -0.6371357187117392, -0.8043206645963835, -0.8422083933658472, -0.8501655894950351, -0.8575691550802342, -0.909083339339807, -0.9810987325914021, 1.4606045743129807, 0.4703018494963479, -0.2959534440677766, -0.6637598762919698, -0.8507607329045211, -0.9525289442851718, -1.0019217054675682, -1.0169063935956741, -1.0322258794519248, -1.083836497458219, 1.4650715729821733, 0.3981681906631063, -0.3142668531458724, -0.7097741358563512, -0.9433581657241427, -1.0477458073461872, -1.0912489143116875, -1.1024018962130704, -1.1152199540436043, -1.1676093213638572, 1.4152949260645498, 0.467174941801082, -0.34585942410259723, -0.7373959742854311, -0.9622799114376168, -1.0853625727947187, -1.1556565325963206, -1.1706096732825433, -1.19454946435576, -1.2136938768233665, 1.1748850478799526, 0.15372821088029645, -0.4721107846175432, -0.8373883882975474, -1.0212503291350017, -1.1278169661435746, -1.1917132653419606, -1.2412136344344176, -1.2517323143614603, -1.2683200235130128], "bean_num": 0.5, "model_info": {"det_num_x": 10, "det_num_y": 10, "det_y": 0.03, "det_x": 0.03, "size_x": 0.5, "size_y": 0.5, "med_margin": 0.0015}}