{"source": [-666.3290113251105, -379.55415460073124], "intensity": 100, "miu_detector": 0.3, "miu_medium": 1.2, "miu_air": 0.00018, "output": [0.0, 0.0, 0.0, 0.7037008027805745, 0.2962991972194255, 0.0, 0.0, 0.0, 0.0, 0.0, 0.0, 0.0, 0.0, 0.0, 0.0, 0.0, 0.0, 0.0, 0.0, 0.0, 0.0, 0.0, 0.0, 0.0, 0.0, 0.0, 0.0, 0.0, 0.0, 0.0, 0.0, 0.0, 0.0, 0.0, 0.0, 0.0, 0.0, 0.0, 0.0, 0.0], "miu_de": 0.5, "input": [1.152609207607023, 1.4413163714548463, 1.4674478166324956, 1.4913549072477255, 1.517903056466647, 1.5542643667897815, 1.4780282882418274, 1.5851373895236327, 1.5829738663581787, 1.6683887183016497, 0.21310763238244002, 0.46148102725837126, 0.44439272127745943, 0.4435945873288807, 0.493783894427991, 0.5727090585254343, 0.5635344120431885, 0.6336154494450544, 0.9613239711431499, 1.7203103534527946, -0.42732923201416223, -0.28127793208431917, -0.25444563622573074, -0.257815133348645, -0.19877474448167745, -0.14808049750755514, -0.020906382947508045, 0.23270977728897896, 0.9636936984907731, 1.8016396663705785, -0.7978092581083555, -0.691326669663543, -0.7035932007356899, -0.6601148729898197, -0.5816974387535918, -0.5317207008245396, -0.2974654012504705, 0.1937364726599815, 0.9508349227810869, 1.8078606451941073, -0.9997926878502532, -0.925976204111089, -0.9303018316123438, -0.8725036976822758, -0.7528803416603712, -0.6537659330769241, -0.30805303870192213, 0.22273110677157307, 0.9156415950669741, 1.8303457739499762, -1.115713431090774, -1.0737245825570894, -1.017997904948829, -0.9475768761700183, -0.8405123887729462, -0.6193362707514845, -0.2830344693435949, 0.20521717732009628, 0.927112708958815, 1.8223138552472684, -1.1863683041728237, -1.1278137947575462, -1.093709392130824, -1.0043386999763606, -0.8649716009770017, -0.6758761789888537, -0.32614975733781776, 0.21663235410901777, 0.9410653736766913, 1.735684882876207, -1.2037164869869674, -1.1685310655324586, -1.1228854793027194, -1.0113452967192356, -0.9112646556385677, -0.6711166951678725, -0.29550483190930893, 0.13814816515586978, 0.8223058674923744, 1.8246119538058627, -1.2427509928033986, -1.1912863408752155, -1.1678662470497385, -1.0451426943863626, -0.9287678220785073, -0.6964568604389855, -0.416601397150047, 0.13842088308779915, 0.8682850775979138, 1.7865801732064284, -1.2508167928655218, -1.2184121794002527, -1.1839278776155866, -1.1085075709971386, -0.9931034823887348, -0.8119585129655418, -0.5299989463490099, -0.12696111931993037, 0.5493140377158244, 1.427514570815098], "bean_num": 0.5, "model_info": {"det_num_x": 10, "det_num_y": 10, "det_y": 0.03, "det_x": 0.03, "size_x": 0.5, "size_y": 0.5, "med_margin": 0.0015}}