{"source": [399.95447440307373, -668.8331583614697], "intensity": 100, "miu_detector": 0.3, "miu_medium": 1.2, "miu_air": 0.00018, "output": [0.0, 0.0, 0.0, 0.0, 0.0, 0.0, 0.0, 0.0, 0.0, 0.0, 0.0, 0.0, 0.0, 0.5690072910016196, 0.4309927089983804, 0.0, 0.0, 0.0, 0.0, 0.0, 0.0, 0.0, 0.0, 0.0, 0.0, 0.0, 0.0, 0.0, 0.0, 0.0, 0.0, 0.0, 0.0, 0.0, 0.0, 0.0, 0.0, 0.0, 0.0, 0.0], "miu_de": 0.5, "input": [-1.250961171167398, -1.2148517924604714, -1.1719171343645236, -1.1080290511852793, -0.9781430543637264, -0.8183496321187791, -0.5166935027183569, -0.05179779576885905, 0.5567676657520708, 1.4269794150254682, -1.2523529401258682, -1.190745760204006, -1.136694036929696, -1.0559168396276024, -0.9044280293747777, -0.7248553570173416, -0.3424837969841352, 0.14212189723784446, 0.7770410225049194, 1.8403802891957388, -1.221212250160309, -1.1676629733316228, -1.0963582770761966, -0.9922745797329691, -0.8418306356605281, -0.656242035057343, -0.34227830352488736, 0.12949036467053904, 0.9398816787646401, 1.807378184481359, -1.1978642437486051, -1.141864524979796, -1.0874807938384847, -1.0153142738460048, -0.83198374150169, -0.6413868503642572, -0.3377816467310642, 0.11767376708160171, 0.9323292580034245, 1.7728762031016516, -1.1594499098492135, -1.0875669934944812, -1.028647948632371, -0.9869300123252215, -0.8436380737996703, -0.6257493743116259, -0.24616347314069928, 0.21893521262565238, 0.9563430468490898, 1.7930325211427178, -1.0266193159862573, -0.9401762008754929, -0.9189736005310576, -0.8458041804138754, -0.8166572641809537, -0.6300739484442266, -0.2565465204845601, 0.2571944128896557, 0.976853982623108, 1.773840210503222, -0.774141409087615, -0.7050725395557202, -0.6665011279498937, -0.6599641368775954, -0.5870544571164258, -0.4826015386887902, -0.26597799394984684, 0.26423585441734815, 0.9545737171358026, 1.819169633447573, -0.3948429412852287, -0.3599649800524453, -0.29217494500584296, -0.31079983934398675, -0.2302822885808367, -0.20000212067643197, -0.06498609556514762, 0.21542243899649244, 0.9313608444606658, 1.8133984507622398, 0.16848376665940829, 0.4317442648542259, 0.39625677423693934, 0.5027827462989052, 0.4243831228260582, 0.4326790033524698, 0.6333870727744845, 0.6089197335697015, 0.96885444957913, 1.665904520241109, 1.2390433594281702, 1.5985129343233788, 1.4828278734815097, 1.5686836604120242, 1.4927201299688233, 1.4770818050606649, 1.4949301587166675, 1.5557946078407305, 1.5605884218693715, 1.576259777003476], "bean_num": 0.5, "model_info": {"det_num_x": 10, "det_num_y": 10, "det_y": 0.03, "det_x": 0.03, "size_x": 0.5, "size_y": 0.5, "med_margin": 0.0015}}