{"source": [-3.588089983898526, -782.5002118397064], "intensity": 100, "miu_detector": 0.3, "miu_medium": 1.2, "miu_air": 0.00018, "output": [0.0, 0.0, 0.0, 0.0, 0.0, 0.0, 0.0, 0.0, 0.0, 0.029191468383583358, 0.9708085316164167, 0.0, 0.0, 0.0, 0.0, 0.0, 0.0, 0.0, 0.0, 0.0, 0.0, 0.0, 0.0, 0.0, 0.0, 0.0, 0.0, 0.0, 0.0, 0.0, 0.0, 0.0, 0.0, 0.0, 0.0, 0.0, 0.0, 0.0, 0.0, 0.0], "miu_de": 0.5, "input": [1.7405499757649647, 0.9936624671512096, 0.37837609067486, -0.09963745401286998, -0.46020203643739, -0.6744734691964877, -0.8036006447460908, -0.8792011659783214, -0.9590473776606417, -1.03776359204825, 2.0949942015351786, 1.332587795228643, 0.5972633894810804, 0.0452304048310703, -0.29137031219061743, -0.5696495067189155, -0.6512007885092469, -0.8030624936095087, -0.9134576896636827, -0.9821198275163628, 2.264031194742649, 1.4489616747933016, 0.6745973065804372, 0.17837382600255874, -0.24007868953384093, -0.5284814163909947, -0.6483952444743888, -0.8021774601637564, -0.8847132226070142, -0.9467645159587339, 2.083828938135503, 1.4178005302553487, 0.716932839247769, 0.2252093122418755, -0.17766018336027753, -0.49309707559919597, -0.6607934485284127, -0.8391334992371756, -0.8885708406779562, -0.9745664290305405, 2.107072694198852, 1.4741185091866296, 0.7435977781554711, 0.1947205344451647, -0.23051191635224064, -0.4502986168323189, -0.6258852205680173, -0.7604699318978624, -0.9072364611822022, -0.9332625580648412, 2.3323609377267243, 1.4972463929479123, 0.7378813521886742, 0.19499048977675865, -0.13274242783346374, -0.4450682920458591, -0.6350625012542833, -0.798950822046917, -0.8668593461490548, -0.9444969420593866, 2.2507140015965583, 1.3950224251170382, 0.6559958217471623, 0.2141656022721995, -0.1973608428093407, -0.4699234015366278, -0.6175785341042627, -0.7579970095980322, -0.8612361497304186, -0.9472614550741608, 2.178918526685981, 1.4723731853797168, 0.6440956694330492, 0.12956380360868103, -0.17744716781991213, -0.4540614142733701, -0.6424299767271873, -0.8094844823981258, -0.8933172098874882, -0.9781578172649262, 2.1999096515359877, 1.3652162285733735, 0.6452395773991432, 0.08085523782033582, -0.26112930446149046, -0.5574759499957592, -0.6899481435360691, -0.8327207030993783, -0.9154754395078092, -1.013095908473476, 1.8329315008977898, 1.0291551869772864, 0.30614986550265644, -0.14982269516088978, -0.4289172416285031, -0.5806342598517495, -0.7920269681437732, -0.9199237721241447, -0.980195603161561, -1.0070100493340153], "bean_num": 0.5, "model_info": {"det_num_x": 10, "det_num_y": 10, "det_y": 0.03, "det_x": 0.03, "size_x": 0.5, "size_y": 0.5, "med_margin": 0.0015}}