{"source": [-51.235710531096544, -787.1909892724931], "intensity": 100, "miu_detector": 0.3, "miu_medium": 1.2, "miu_air": 0.00018, "output": [0.0, 0.0, 0.0, 0.0, 0.0, 0.0, 0.0, 0.0, 0.0, 0.4137715532964918, 0.5862284467035082, 0.0, 0.0, 0.0, 0.0, 0.0, 0.0, 0.0, 0.0, 0.0, 0.0, 0.0, 0.0, 0.0, 0.0, 0.0, 0.0, 0.0, 0.0, 0.0, 0.0, 0.0, 0.0, 0.0, 0.0, 0.0, 0.0, 0.0, 0.0, 0.0], "miu_de": 0.5, "input": [1.776190668758898, 2.136651671674268, 2.0624703689909585, 2.1299103302526237, 2.1865906666512025, 2.1710389235480254, 2.1518756852944736, 2.2977735829836456, 2.1240187849679546, 1.6672656636653749, 0.9816628670595198, 1.3231035375878386, 1.3660084600255142, 1.4532118184682004, 1.478701124019475, 1.418514632715031, 1.3861295525653383, 1.3383854339532364, 1.3529837674941154, 0.8266898386240958, 0.541429808006889, 0.5742370670308384, 0.6860868449950176, 0.6986501224943639, 0.7024707535333896, 0.6803213113691605, 0.6779536429000577, 0.5830853233323425, 0.6288942923052506, 0.35797577123688423, 0.38711813864979105, 0.042854055152525876, 0.15311043441736605, 0.21343072996698853, 0.3119328807452682, 0.13912024720838223, 0.13764733676809945, 0.15969219573287116, 0.08457525024511532, -0.17923832133854667, 0.09753241626369388, -0.2645394133664485, -0.2683162867359764, -0.2259014539137559, -0.2751201691358536, -0.24221699147696601, -0.2845284736974837, -0.24398462395125867, -0.2957999296269956, -0.4460945134382645, 7.701692821611489e-05, -0.5226339234638261, -0.548015076295734, -0.5146161857792348, -0.5207064066249903, -0.6114176828107681, -0.5062394837994556, -0.5387430744163211, -0.5852556080630869, -0.7354786567799368, 0.029339371179320475, -0.6925325285855534, -0.7440106278384698, -0.7261105518937507, -0.7334287001920232, -0.7466235771595818, -0.7322751126983555, -0.7471918219603773, -0.7761845286320206, -0.8839272187393165, -0.017426938555105954, -0.834970752811633, -0.8964776017387301, -0.9263267082712179, -0.881217059342194, -0.9093273034700595, -0.9084230257508743, -0.8968847108129403, -0.9290921441981329, -0.9654517659707935, -0.11019937085037249, -0.8715763547983808, -0.9514308202543214, -0.972808588310589, -0.9478263099141476, -1.0050404050336579, -1.0099386003335655, -1.0242199222984558, -1.0333278903490344, -1.0607186001898934, -0.11102341036308898, -0.9820795050224128, -1.0645632518889228, -1.0442690877482987, -1.059231049429957, -1.0986806824994806, -1.0892337154904486, -1.0771979974287014, -1.1143263979329021, -1.1322914762889504], "bean_num": 0.5, "model_info": {"det_num_x": 10, "det_num_y": 10, "det_y": 0.03, "det_x": 0.03, "size_x": 0.5, "size_y": 0.5, "med_margin": 0.0015}}