{"source": [792.7105008433978, -96.00331067700644], "intensity": 100, "miu_detector": 0.3, "miu_medium": 1.2, "miu_air": 0.00018, "output": [0.0, 0.0, 0.0, 0.0, 0.0, 0.0, 0.0, 0.0, 0.0, 0.0, 0.0, 0.0, 0.0, 0.0, 0.0, 0.0, 0.0, 0.0, 0.0, 0.7672586998552194, 0.23274130014478053, 0.0, 0.0, 0.0, 0.0, 0.0, 0.0, 0.0, 0.0, 0.0, 0.0, 0.0, 0.0, 0.0, 0.0, 0.0, 0.0, 0.0, 0.0, 0.0], "miu_de": 0.5, "input": [-0.6907668079314423, -1.0241131664436969, -1.0502933643934271, -1.0348600551775806, -1.0210289997200084, -1.0143653734209979, -1.0098725044671006, -1.0311057298542066, -1.0315340651287734, -1.0811255447284485, -0.6900322031947755, -0.9281764066952731, -0.950262014897388, -0.946047642843107, -0.9416304891563548, -0.9541750522698206, -0.9322194741229982, -0.9465639180943876, -0.9479011979445237, -1.025130136268651, -0.5781772654753476, -0.8348395168155948, -0.8502113160040724, -0.7897537503153134, -0.8312137230620354, -0.8265719002092276, -0.8653539557710208, -0.7989431531520668, -0.8843234348571585, -0.9620218504902565, -0.5360297841847138, -0.7071442509337802, -0.6995080262379767, -0.6995022997476632, -0.6629999948954167, -0.680036648701664, -0.6921968982022327, -0.723287169368658, -0.7028203527570084, -0.8417201491079693, -0.3801771803040252, -0.5142940909402212, -0.5022631686799405, -0.40741974373166956, -0.4371077977751101, -0.44596415507432924, -0.4964009316226735, -0.5122732831440199, -0.572729522957472, -0.6608007026626755, -0.28702039937389945, -0.2297632009149839, -0.17926645108276387, -0.255947373125787, -0.20586071019840554, -0.11708565998367605, -0.20079247614516652, -0.2204928114323449, -0.2596520642935082, -0.508301170840492, 0.05174814989722801, 0.17406972791812894, 0.12497740520501918, 0.17573407541539762, 0.2348143371514104, 0.18434555800035668, 0.24187193447767477, 0.11676331925307457, 0.08518609420322339, -0.08409743299925222, 0.46709493444097466, 0.5321498816735815, 0.7175994819721324, 0.723487224786389, 0.8148811438542873, 0.738603465864659, 0.7749844892531006, 0.6788742460101942, 0.5907913847124918, 0.27765604478899597, 0.9614642533410263, 1.3281832579002464, 1.4157023167152385, 1.5176649494729006, 1.4667871928496747, 1.4648597809691621, 1.386961717863541, 1.4217167303525775, 1.4105825973184598, 0.9470011062350654, 1.8167634473817522, 2.1051629750254013, 2.0707730749104374, 2.2207106814646376, 2.1519243389900367, 2.1456195249465817, 2.1824047735743237, 2.1838540516569864, 2.1526262286336775, 1.8391740158445467], "bean_num": 0.5, "model_info": {"det_num_x": 10, "det_num_y": 10, "det_y": 0.03, "det_x": 0.03, "size_x": 0.5, "size_y": 0.5, "med_margin": 0.0015}}