{"source": [-720.6674302570059, 352.2741959157428], "intensity": 100, "miu_detector": 0.3, "miu_medium": 1.2, "miu_air": 0.00018, "output": [0.0, 0.0, 0.0, 0.0, 0.0, 0.0, 0.0, 0.0, 0.0, 0.0, 0.0, 0.0, 0.0, 0.0, 0.0, 0.0, 0.0, 0.0, 0.0, 0.0, 0.0, 0.0, 0.0, 0.0, 0.0, 0.0, 0.0, 0.0, 0.0, 0.0, 0.0, 0.0, 0.0, 0.0, 0.0, 0.0, 0.0, 0.8944613220532966, 0.10553867794670332, 0.0], "miu_de": 0.5, "input": [1.5521376550911758, 1.8205475880391104, 1.8949692421637847, 1.856492130539917, 1.8908416464142612, 1.940032660849839, 1.888250391376618, 1.8984857396359769, 1.8462878091806272, 1.6597545731146386, 0.7074432458345841, 0.9694075941362856, 1.0863114547903372, 1.0586188607090417, 1.0371682629181675, 1.0723991326764855, 1.0699040326739648, 1.1185432854525388, 1.0992788912376525, 1.4283506359629201, 0.05171668362422326, 0.3054017764215486, 0.2898352678321906, 0.3538695852782032, 0.3209317956074572, 0.37546172014114615, 0.3224240509317892, 0.3427910794163864, 0.5240511467931087, 1.3771365926402335, -0.4474640299760609, -0.25402829036329194, -0.24876493836931718, -0.16380811331018405, -0.2235816411320527, -0.13600576406228904, -0.15762330298178068, -0.0696089307565577, 0.3019193727026767, 1.4114335851870892, -0.7257311647543839, -0.5918173136858986, -0.5329875395812406, -0.5689121963647591, -0.508586982403831, -0.5037361711800752, -0.5159092720677719, -0.32778573312571785, 0.2558655797811941, 1.266679688845445, -0.9167161945967923, -0.860195007156166, -0.7881731677953158, -0.7919777635801584, -0.7787482833427906, -0.7543560086573935, -0.6813242870914956, -0.3903925593489038, 0.22837305676365, 1.367201030355619, -1.046386348756664, -0.9969580323319206, -0.9642212300514549, -0.930401977053418, -0.9367771312233417, -0.912803066533416, -0.7642329587426677, -0.4468541660113521, 0.15425873287590894, 1.3553169075578273, -1.1469610403393398, -1.0965658121117663, -1.0781973297241731, -1.0614450588688071, -1.03321698947549, -0.9776102633004716, -0.8111463459311399, -0.4860117523380066, 0.17892736085997954, 1.3671698029505042, -1.1855031714897584, -1.1617441756813154, -1.166947577595432, -1.1210532690537212, -1.1090985351514198, -1.026696029223276, -0.8095997636510398, -0.5164156462269072, 0.1307004587745657, 1.2324365678096805, -1.237517143759524, -1.2321508659282432, -1.2147993133394759, -1.2063019625197464, -1.1654793018612744, -1.0613929529418031, -0.9317864175186605, -0.6395392914828111, -0.07515723417247104, 1.0800801341261799], "bean_num": 0.5, "model_info": {"det_num_x": 10, "det_num_y": 10, "det_y": 0.03, "det_x": 0.03, "size_x": 0.5, "size_y": 0.5, "med_margin": 0.0015}}