{"source": [-807.3813648293882, 97.78193975886936], "intensity": 100, "miu_detector": 0.3, "miu_medium": 1.2, "miu_air": 0.00018, "output": [0.2327267284636946, 0.0, 0.0, 0.0, 0.0, 0.0, 0.0, 0.0, 0.0, 0.0, 0.0, 0.0, 0.0, 0.0, 0.0, 0.0, 0.0, 0.0, 0.0, 0.0, 0.0, 0.0, 0.0, 0.0, 0.0, 0.0, 0.0, 0.0, 0.0, 0.0, 0.0, 0.0, 0.0, 0.0, 0.0, 0.0, 0.0, 0.0, 0.0, 0.7672732715363054], "miu_de": 0.5, "input": [-1.1519930029291636, -1.150051440320562, -1.1154906518220349, -1.1647966804698069, -1.1062628310916411, -1.119702905917132, -1.0994020447158845, -0.9765302004906563, -0.7070406281105425, 0.4894166867875333, -1.096581520437214, -1.0905350211006202, -1.0732910149678108, -1.0817858357097614, -1.018925393254608, -1.0375750319581525, -0.9970863887453724, -0.9276996201792542, -0.508181838423629, 0.6955149534004202, -1.0264941248492805, -0.9966743608636326, -0.9704486260651098, -0.9438564030287532, -0.9417151014591363, -0.9235903931342384, -0.9249344877127167, -0.8924486437578509, -0.5240755123751145, 0.7203004518138658, -0.9185780914848727, -0.8445356495907183, -0.8671822591343056, -0.8158216454138677, -0.7878357147519521, -0.7306647836382307, -0.78062325607124, -0.7241225973165994, -0.4535629951178771, 0.6868172777338771, -0.8202479435790588, -0.7191840831829529, -0.6810697902791853, -0.6468659722399714, -0.6293451654177379, -0.6479275300199959, -0.632718412270007, -0.525746100225138, -0.3545732191889069, 0.7368628408315582, -0.5965562894133447, -0.4414753397764646, -0.3785604701587236, -0.34031892094655275, -0.38057764210567785, -0.4057267444722995, -0.34414012575451247, -0.3144353210973213, -0.22129957513979726, 0.8190315034294798, -0.33439140119218014, -0.06457842678714651, -0.006377274671253756, 0.09283110288871095, 0.07848894314625082, -0.03973753225105459, -0.0313314672771994, 0.06544076214199361, 0.06226700198829406, 0.7909842201146995, 0.24060049523431712, 0.5575379186884036, 0.47250017723106325, 0.5414170132504249, 0.6657686681880141, 0.4987809380774419, 0.48009812802451834, 0.5728296244487177, 0.48886792483793057, 0.922757528637154, 0.9534154465358771, 1.2553458260166448, 1.2469049765035656, 1.198689147390223, 1.3750409333482725, 1.3504486737897459, 1.347512313685226, 1.287022542901884, 1.1810334087589816, 1.193071715449744, 1.6405839038131629, 1.998546344245833, 2.1625586805210784, 2.0692328147974752, 2.082657856667037, 2.1083316083945176, 2.0095540299795704, 2.113142399851879, 2.0433674538454873, 1.7517072064649248], "bean_num": 0.5, "model_info": {"det_num_x": 10, "det_num_y": 10, "det_y": 0.03, "det_x": 0.03, "size_x": 0.5, "size_y": 0.5, "med_margin": 0.0015}}