{"source": [447.76997906930336, -691.6264132851975], "intensity": 100, "miu_detector": 0.3, "miu_medium": 1.2, "miu_air": 0.00018, "output": [0.0, 0.0, 0.0, 0.0, 0.0, 0.0, 0.0, 0.0, 0.0, 0.0, 0.0, 0.0, 0.0, 0.3422595419058565, 0.6577404580941435, 0.0, 0.0, 0.0, 0.0, 0.0, 0.0, 0.0, 0.0, 0.0, 0.0, 0.0, 0.0, 0.0, 0.0, 0.0, 0.0, 0.0, 0.0, 0.0, 0.0, 0.0, 0.0, 0.0, 0.0, 0.0], "miu_de": 0.5, "input": [-1.2508508303745596, -1.2138316511155487, -1.1460926145007273, -1.054694196393298, -0.9461178954683721, -0.7559163472715755, -0.3694755126691595, 0.06225861673966704, 0.6583386973429897, 1.5409975646932192, -1.2105889194524617, -1.1673867809555254, -1.0971077169049455, -1.0015756425271027, -0.8416117543248095, -0.6045305918321092, -0.2243947304757982, 0.2704008746323892, 0.9372676200403638, 1.8200073773001966, -1.2186980823361693, -1.171873515392459, -1.0728990322728513, -0.9988369224797711, -0.7742152078458229, -0.5451354259704031, -0.22016249489878248, 0.2728396940962354, 1.0201331080115428, 1.7819803405935077, -1.1924523506292333, -1.147733584397661, -1.0658989437064519, -0.959137167083511, -0.7962541697704322, -0.5693000544861309, -0.1976816102730185, 0.31799158732756777, 1.043330826157411, 1.8618969230442812, -1.1602255059857436, -1.1045478984805774, -1.0263558090760063, -0.9363140031582862, -0.7748137355642027, -0.4955734643027536, -0.12197659339388595, 0.3876262475928426, 1.081255278181717, 1.9599872798231628, -1.075405661204515, -1.0205472813606271, -1.0007802014682388, -0.889861710585729, -0.7051111239204595, -0.4714152468798437, -0.20151696166678987, 0.30673434576515024, 1.1720355577610861, 1.8692556106835778, -0.9243314260750294, -0.8459113715838421, -0.8320481564017298, -0.7955838939560128, -0.7046897305470652, -0.5139239447549974, -0.14987555267808042, 0.3752715998444598, 1.151910627494138, 1.915542013444409, -0.6395782497547632, -0.5573626151674418, -0.37852348780375306, -0.4174233595296916, -0.3960153072088852, -0.3243939642655451, -0.13036858935840615, 0.3490746566021051, 1.094854844208195, 1.754728317897478, -0.10082471560968895, 0.17715231398892858, 0.2105551118517266, 0.23883020499918087, 0.13149403309930194, 0.31893191898508866, 0.32168514299494627, 0.4385428053107688, 1.100411162658739, 1.8631433101407338, 1.0548852786906815, 1.374215227798668, 1.3028230457687258, 1.3648875383782437, 1.4000434430579112, 1.4037767603944062, 1.3562296974019237, 1.3143705173628426, 1.4255910430959535, 1.7064651422948285], "bean_num": 0.5, "model_info": {"det_num_x": 10, "det_num_y": 10, "det_y": 0.03, "det_x": 0.03, "size_x": 0.5, "size_y": 0.5, "med_margin": 0.0015}}