{"source": [537.9779903754096, -629.7105021806162], "intensity": 100, "miu_detector": 0.3, "miu_medium": 1.2, "miu_air": 0.00018, "output": [0.0, 0.0, 0.0, 0.0, 0.0, 0.0, 0.0, 0.0, 0.0, 0.0, 0.0, 0.0, 0.0, 0.0, 0.49909747016075345, 0.5009025298392465, 0.0, 0.0, 0.0, 0.0, 0.0, 0.0, 0.0, 0.0, 0.0, 0.0, 0.0, 0.0, 0.0, 0.0, 0.0, 0.0, 0.0, 0.0, 0.0, 0.0, 0.0, 0.0, 0.0, 0.0], "miu_de": 0.5, "input": [1.7922465552373184, 2.1386916226898265, 2.122473213185576, 2.252073409311745, 2.140921070835955, 2.166883959544081, 2.1590539128263764, 2.164788800211397, 2.1386706962690623, 1.8346286719692206, 0.961665626000472, 1.3826197421701432, 1.4603006914025014, 1.4437619983259993, 1.4056265061447575, 1.3845193003665128, 1.4326731563240551, 1.4176651357836103, 1.3580350118695346, 0.9749087995292128, 0.33711759771272976, 0.6897563415138546, 0.74214288281114, 0.6708690232819273, 0.7254528258543608, 0.8074471324364186, 0.8418902330478953, 0.7074601408673296, 0.656331929585957, 0.2727749623262377, -0.11049213803185154, 0.1339605643707315, 0.22670867793030564, 0.2767634166188428, 0.19180517656937607, 0.22759415234422709, 0.17909115499741146, 0.1986117489822929, 0.04782029035223726, -0.10623594884330491, -0.4729446554555088, -0.25444937899946063, -0.19492675043910274, -0.15203107113796005, -0.18504614255420912, -0.1700553343919726, -0.1802293860919533, -0.21137804165892626, -0.25748641532730293, -0.3701842208628061, -0.6755039284546, -0.5501398647309604, -0.484056020208385, -0.4418002618281082, -0.4353763318020415, -0.4503742634968116, -0.4269001988616369, -0.4859056118936547, -0.517786163398177, -0.5670868447081484, -0.8315462803325744, -0.6996974048951775, -0.681392710061343, -0.6760454037770899, -0.5838404448413673, -0.6927337084579797, -0.6419662155384535, -0.6862124853889033, -0.674306662833492, -0.7007798029773972, -0.9401495333447228, -0.8367852403305921, -0.8277623778046785, -0.7979467092222425, -0.7825424053952176, -0.8163166582878459, -0.8015298428271131, -0.8060941791393266, -0.8190184407983024, -0.7856427322340959, -0.9939536325326175, -0.9673597122460689, -0.9133895018955811, -0.9197372769036675, -0.9160057291108603, -0.9049089073037564, -0.9023034454154114, -0.9079676267072113, -0.9161874485940245, -0.8615119821229403, -1.0717855619501475, -1.034971130983144, -1.0151008053362618, -0.9978347122298609, -1.0096562276459378, -1.0065264330686308, -1.0010230352737093, -0.9997689076738523, -1.0150345267449359, -0.9280813161971923], "bean_num": 0.5, "model_info": {"det_num_x": 10, "det_num_y": 10, "det_y": 0.03, "det_x": 0.03, "size_x": 0.5, "size_y": 0.5, "med_margin": 0.0015}}