{"source": [-743.9335596421115, 369.2138297969135], "intensity": 100, "miu_detector": 0.3, "miu_medium": 1.2, "miu_air": 0.00018, "output": [0.0, 0.0, 0.0, 0.0, 0.0, 0.0, 0.0, 0.0, 0.0, 0.0, 0.0, 0.0, 0.0, 0.0, 0.0, 0.0, 0.0, 0.0, 0.0, 0.0, 0.0, 0.0, 0.0, 0.0, 0.0, 0.0, 0.0, 0.0, 0.0, 0.0, 0.0, 0.0, 0.0, 0.0, 0.0, 0.0, 0.0, 0.932797814626648, 0.06720218537335197, 0.0], "miu_de": 0.5, "input": [-1.2320217315568052, -1.2156863063837495, -1.196763898511187, -1.1928053788296187, -1.1715710591414839, -1.1199058449126222, -0.9964473920725218, -0.7267526218106128, -0.19318252856967613, 0.9398500518271857, -1.1727084829927108, -1.1526551968825758, -1.1436998231832138, -1.1473740159120536, -1.0937966032959403, -1.043605925154195, -0.9197676773361905, -0.6210180597813674, 0.06965619559905746, 1.2379671883853756, -1.1140140107555154, -1.095720943738004, -1.0416631006638157, -0.9977491051318272, -1.0084135792746272, -1.0055352320495843, -0.865898505911837, -0.5573584561738192, 0.05842120193589716, 1.1758152341030523, -1.0013488167344544, -0.9395747747579942, -0.9704586051112961, -0.9322147845315977, -0.9079055361894413, -0.8944736491925789, -0.819289512640745, -0.5126564146930835, 0.13654093038821694, 1.2487081590879994, -0.8643424574637473, -0.774230305887201, -0.7770686848200637, -0.8003300116603447, -0.7405527828429236, -0.7202913687702303, -0.7039329942214803, -0.4621783549625983, 0.10972763778396522, 1.2133793741460008, -0.670807520086389, -0.5456870426386976, -0.5477307159657598, -0.513069391762643, -0.5182229487739989, -0.4644465381612236, -0.4569260112518954, -0.36125351853724846, 0.15924832448889156, 1.2747309984414963, -0.39507817967184644, -0.20864579820535645, -0.19098370114039898, -0.1535140463910315, -0.12654513135332018, -0.09571678107216589, -0.13148471289380229, -0.05244042875003232, 0.2043007932951104, 1.2168171847512423, -0.0009908695955256593, 0.37988334286176706, 0.35205574145618096, 0.3794494507492744, 0.42235400602034795, 0.40985419475985674, 0.41998626153048835, 0.34645897276079374, 0.5243692616703993, 1.299597562758075, 0.7079857609170052, 1.0161887606199924, 1.121940878862081, 1.1910349274108645, 1.14628016750273, 1.112945970172579, 1.1141044219815133, 1.2124973953206664, 1.0667915517748734, 1.3926773094747005, 1.5899880356583618, 1.918633233652085, 1.864744375208483, 1.8566461366103733, 2.036576271917403, 1.970317524671707, 1.8779057763154177, 1.9165414091301007, 1.9257750238137334, 1.661760870941308], "bean_num": 0.5, "model_info": {"det_num_x": 10, "det_num_y": 10, "det_y": 0.03, "det_x": 0.03, "size_x": 0.5, "size_y": 0.5, "med_margin": 0.0015}}