{"source": [-435.9804143252837, 723.2257467044333], "intensity": 100, "miu_detector": 0.3, "miu_medium": 1.2, "miu_air": 0.00018, "output": [0.0, 0.0, 0.0, 0.0, 0.0, 0.0, 0.0, 0.0, 0.0, 0.0, 0.0, 0.0, 0.0, 0.0, 0.0, 0.0, 0.0, 0.0, 0.0, 0.0, 0.0, 0.0, 0.0, 0.0, 0.0, 0.0, 0.0, 0.0, 0.0, 0.0, 0.0, 0.0, 0.0, 0.5463632167066501, 0.4536367832933499, 0.0, 0.0, 0.0, 0.0, 0.0], "miu_de": 0.5, "input": [1.0648577362522083, 1.2574012274291897, 1.328305144282268, 1.3329176004703769, 1.4209818745455125, 1.402591792695245, 1.4163611093322823, 1.2903475490056597, 1.4939693848695126, 1.6354307574758917, -0.08226590779540462, 0.10404133424958394, 0.2263442653552214, 0.22360006776252436, 0.2886211989474224, 0.24738548631899068, 0.3326830375373898, 0.5214140402834208, 0.9614592470321698, 1.845645490529146, -0.6401696437894727, -0.5252712226051821, -0.4488119290090652, -0.41152259296771804, -0.3706362047190899, -0.3457382784808047, -0.06405157172559217, 0.4030980200773382, 1.120649407794038, 1.8260648626535747, -0.9242898523079283, -0.8539037739935945, -0.837377238183255, -0.7345334156373136, -0.7063988809319647, -0.49885868082056906, -0.11920568937148915, 0.3073995896639882, 1.0543235898700107, 1.8288896009665043, -1.0801783034972265, -1.0261754955409543, -1.00281410911969, -0.8959398788914134, -0.8074634852421569, -0.526108783392041, -0.10763577575271444, 0.33473950684420617, 1.1234583794656086, 1.8917708881379118, -1.1472753645078217, -1.083892798646844, -1.0304524537714619, -0.9411365185391624, -0.7885345301137091, -0.4952644844617343, -0.1674545215336093, 0.27823665400866165, 1.037822853680749, 1.858405803139319, -1.2028361154950975, -1.165717578094334, -1.0441297144346926, -0.9200908095594102, -0.7940011808214111, -0.6082128181807673, -0.22202035615990265, 0.30030104118056544, 1.041038402510678, 1.8900037339685702, -1.1938371727390757, -1.1508722167579812, -1.1016945355948373, -0.9915232162143065, -0.8078185266223938, -0.5276010884865409, -0.19452921470635176, 0.27812107622219717, 1.097323530871372, 1.9623814237092068, -1.2160225194008187, -1.1787521018032336, -1.1135045557192642, -0.9983862116793123, -0.8819930993460399, -0.6012878959730048, -0.237596374132148, 0.26420940528074627, 1.127588295796627, 1.9237012394573347, -1.2329997203009175, -1.1958615418124827, -1.0884010803341992, -1.0618640299214284, -0.9067569262863013, -0.7120177814015689, -0.4007555485922558, 0.007971360943544267, 0.6288126212372543, 1.4337756840650449], "bean_num": 0.5, "model_info": {"det_num_x": 10, "det_num_y": 10, "det_y": 0.03, "det_x": 0.03, "size_x": 0.5, "size_y": 0.5, "med_margin": 0.0015}}