{"source": [443.1303138257191, 719.7586826202944], "intensity": 100, "miu_detector": 0.3, "miu_medium": 1.2, "miu_air": 0.00018, "output": [0.0, 0.0, 0.0, 0.0, 0.0, 0.0, 0.0, 0.0, 0.0, 0.0, 0.0, 0.0, 0.0, 0.0, 0.0, 0.0, 0.0, 0.0, 0.0, 0.0, 0.0, 0.0, 0.0, 0.0, 0.0, 0.0, 0.5132397617965715, 0.4867602382034285, 0.0, 0.0, 0.0, 0.0, 0.0, 0.0, 0.0, 0.0, 0.0, 0.0, 0.0, 0.0], "miu_de": 0.5, "input": [1.0613495003565712, 1.3559616524371185, 1.4341829895367555, 1.4942013411205615, 1.4465914043898556, 1.5134775732195447, 1.5245799023147302, 1.5484044915269959, 1.5765814288609248, 1.6748477980620948, 0.1344800141791598, 0.31163791750019876, 0.39643312174580636, 0.4315519175912389, 0.45725705436861014, 0.46814210609286244, 0.5043443512737659, 0.5841847955142587, 1.0060479065970487, 1.822394092653457, -0.513973944554252, -0.36111055581280144, -0.290761147670749, -0.2750526606954849, -0.23715732460133124, -0.20599635268129754, -0.05567988687175423, 0.29924241867487017, 0.9490333631529919, 1.8574340682781687, -0.8190735936542997, -0.7521580369432727, -0.7123406566473742, -0.653872920879461, -0.6063280469682307, -0.4738350706058932, -0.21915714579010656, 0.24370177881764263, 1.0115539685234582, 1.896733355547758, -1.0329995848160274, -0.9554806410869594, -0.9221368759822981, -0.8693376662310578, -0.7723925275793936, -0.5898329445446817, -0.28805383542759916, 0.23559062305003065, 0.9641914729992955, 1.852198047087012, -1.1376331189916766, -1.0784714612975872, -1.0508900370382142, -0.95169233960557, -0.824101204399704, -0.6008807693272643, -0.2696054231687668, 0.17241983280412543, 0.974748634354361, 1.7962787791502686, -1.1856353100071104, -1.1497921644548568, -1.0851212638743497, -0.9848586595549156, -0.8478504703820888, -0.6044638262876568, -0.31674059022066364, 0.18900573995787945, 0.9246340392949606, 1.8691430626601913, -1.2060212473763057, -1.1671470079809738, -1.0966829796150857, -0.9991943005297609, -0.8698058972833858, -0.64105395983344, -0.3252059027215213, 0.17976780114441399, 0.9295689743413851, 1.795072045215076, -1.2298131508177783, -1.1832007285502237, -1.1199160794151894, -1.0509707845175873, -0.9039721841089585, -0.6926498461123971, -0.38119217438312153, 0.1232294683192066, 0.8649516801257754, 1.7288457910354866, -1.249618284578189, -1.2095672078628403, -1.1628295023708177, -1.0859293987809961, -0.9758287605465978, -0.804247984519665, -0.48773728827226803, -0.08868684690132318, 0.5838275239022205, 1.4379157479550464], "bean_num": 0.5, "model_info": {"det_num_x": 10, "det_num_y": 10, "det_y": 0.03, "det_x": 0.03, "size_x": 0.5, "size_y": 0.5, "med_margin": 0.0015}}