{"source": [617.6551620386614, -581.6395080704059], "intensity": 100, "miu_detector": 0.3, "miu_medium": 1.2, "miu_air": 0.00018, "output": [0.0, 0.0, 0.0, 0.0, 0.0, 0.0, 0.0, 0.0, 0.0, 0.0, 0.0, 0.0, 0.0, 0.0, 0.0, 0.8088760905659488, 0.19112390943405128, 0.0, 0.0, 0.0, 0.0, 0.0, 0.0, 0.0, 0.0, 0.0, 0.0, 0.0, 0.0, 0.0, 0.0, 0.0, 0.0, 0.0, 0.0, 0.0, 0.0, 0.0, 0.0, 0.0], "miu_de": 0.5, "input": [1.2545513893032734, 0.48145361658620783, -0.3306537712596247, -0.7312011020311372, -0.9085029881214641, -1.074269129133301, -1.1361352579269925, -1.2162862525458067, -1.2469133899943503, -1.2577504818765994, 1.5029099548156546, 0.649509203689374, -0.12738409585679844, -0.545210746860984, -0.8551708647652287, -1.0149177044242155, -1.135712635444827, -1.196648529985043, -1.2262558608107783, -1.2288145531681265, 1.6480695810630048, 0.7520212175988076, -0.06965416921180256, -0.48507994583537073, -0.8300366000350381, -0.9605396259304759, -1.0945343539189853, -1.1569827390610876, -1.167987097201904, -1.2040106144915994, 1.6258136912074954, 0.6510930880971572, -0.08463729300609946, -0.5436194906539784, -0.7931139805001096, -0.9552293169821013, -1.0372421622531227, -1.096531627249896, -1.0846204531436041, -1.1373982345002205, 1.6632293807736576, 0.7011622502503455, -0.023464736421407683, -0.47566318871185337, -0.7123008884280304, -0.8826163875001948, -0.888780417466228, -0.9638419935457633, -0.9526163261148574, -1.0648717191691266, 1.7099578136501374, 0.6663655585852858, -0.08309723357111766, -0.4600312936820453, -0.6526708167771161, -0.7362591171981799, -0.7388793508500799, -0.753291162364048, -0.8171293823997736, -0.9069638905151266, 1.6426816489086105, 0.7860675377549212, 0.013454811963479371, -0.32058529647949596, -0.4059439006437887, -0.3720845189925997, -0.4714026768710434, -0.4343369842726811, -0.49273365958350535, -0.6440709615976536, 1.6322691462375873, 0.752196211758854, 0.20622634475233487, 0.07261791988392502, 0.0624803011848845, 0.02235606434965697, 0.020575684225957198, -0.023220738985459715, 0.021164767995452735, -0.19601556711025978, 1.5678877893833212, 0.9595542894591966, 0.8319519242151806, 0.803899512849361, 0.7728732241412752, 0.7496119986782297, 0.7751495199516248, 0.7408707270095531, 0.7794647734166672, 0.387749390295962, 1.5599807776070245, 1.7110601138077384, 1.5878618653814862, 1.809370565295494, 1.7655290067739464, 1.713432588825049, 1.7071208642945572, 1.7628156077103394, 1.6133817330955151, 1.268123820604519], "bean_num": 0.5, "model_info": {"det_num_x": 10, "det_num_y": 10, "det_y": 0.03, "det_x": 0.03, "size_x": 0.5, "size_y": 0.5, "med_margin": 0.0015}}