{"source": [-268.5081989683774, 811.334751681275], "intensity": 100, "miu_detector": 0.3, "miu_medium": 1.2, "miu_air": 0.00018, "output": [0.0, 0.0, 0.0, 0.0, 0.0, 0.0, 0.0, 0.0, 0.0, 0.0, 0.0, 0.0, 0.0, 0.0, 0.0, 0.0, 0.0, 0.0, 0.0, 0.0, 0.0, 0.0, 0.0, 0.0, 0.0, 0.0, 0.0, 0.0, 0.0, 0.0, 0.0, 0.0, 0.9653590751797008, 0.034640924820299256, 0.0, 0.0, 0.0, 0.0, 0.0, 0.0], "miu_de": 0.5, "input": [1.513493607625361, 0.5577497846686493, -0.10001629929158978, -0.5351130854987727, -0.8625565140400708, -0.9824760141494685, -1.104263657218695, -1.2044138369291657, -1.2156375383940587, -1.2562818566376126, 1.8194301593322095, 0.8671829552681924, 0.10786362018962103, -0.3993769546059791, -0.6922063533128824, -0.9286330305136804, -1.0557988093743176, -1.1626685652217181, -1.186995790120857, -1.213121757223366, 1.8126183428669753, 0.9474405268853135, 0.19422267309841443, -0.37450790346938945, -0.7021013766660864, -0.8430669647982844, -1.0425516023915808, -1.1053494885647044, -1.1595904878753382, -1.2107308642965426, 1.8081180559614065, 0.9350480248060993, 0.16163429372489552, -0.31794003306144264, -0.6090009837921905, -0.9204804366558932, -0.9781262847286678, -1.0906053090278343, -1.1354025668006842, -1.1815826077013676, 1.7889792689712571, 0.9426793973018796, 0.1868506395626238, -0.33798409568476895, -0.66374499297368, -0.8696947301336277, -0.9608732200224289, -1.0310300873748297, -1.0641140015396708, -1.0909353668340576, 1.7381881627767812, 0.8223740692934146, 0.2510734646967805, -0.2505999560756424, -0.5879144690981392, -0.8035326408797703, -0.8401716552741924, -0.9192137130552119, -0.8913464096844445, -1.0067352842685668, 1.7860626426716537, 0.9015464263547671, 0.21301800144100466, -0.22613165097105176, -0.49749514543668377, -0.5906292282261292, -0.6101453731289318, -0.6659646095095273, -0.7386090502319261, -0.8319826349805307, 1.7840342421505713, 0.8423610865741997, 0.15836305106030743, -0.1066319597838127, -0.19190438855241979, -0.1900349366142204, -0.2294555633093175, -0.21723099406048127, -0.30765436939342916, -0.3769424235759773, 1.699343543654261, 0.9391633251592695, 0.5802296562142599, 0.5322792509774064, 0.5189926610567169, 0.43471187134494327, 0.5392959170116388, 0.5205750934911441, 0.3732661866508722, 0.22835416977267728, 1.7068499199310456, 1.4571574115901762, 1.4564452430153743, 1.5265411894760783, 1.6132123016880464, 1.514170703365619, 1.6322275326165672, 1.5326392019832644, 1.4804822609450985, 1.243029985808866], "bean_num": 0.5, "model_info": {"det_num_x": 10, "det_num_y": 10, "det_y": 0.03, "det_x": 0.03, "size_x": 0.5, "size_y": 0.5, "med_margin": 0.0015}}