{"source": [-692.1314671269444, 513.2683297617289], "intensity": 100, "miu_detector": 0.3, "miu_medium": 1.2, "miu_air": 0.00018, "output": [0.0, 0.0, 0.0, 0.0, 0.0, 0.0, 0.0, 0.0, 0.0, 0.0, 0.0, 0.0, 0.0, 0.0, 0.0, 0.0, 0.0, 0.0, 0.0, 0.0, 0.0, 0.0, 0.0, 0.0, 0.0, 0.0, 0.0, 0.0, 0.0, 0.0, 0.0, 0.0, 0.0, 0.0, 0.0, 0.062195273122905806, 0.9378047268770942, 0.0, 0.0, 0.0], "miu_de": 0.5, "input": [0.9600524872948093, 1.1085736228043739, 1.1689658498939703, 1.2294014277931868, 1.1869937035858655, 1.333189767902216, 1.2444264145440553, 1.3874575191300684, 1.3548880884896801, 1.7701415783624812, -0.21551362741845806, -0.04250610774208848, 0.10386268530270194, 0.01197610161456513, 0.10838795925291408, 0.1203427142769705, 0.23257439880034095, 0.47352490977251266, 1.0846034789092807, 1.9518473799694744, -0.764003120099831, -0.6010637304299253, -0.579313505392265, -0.5982416664935478, -0.48870200281468434, -0.3745809307852188, -0.008240971757697689, 0.31948422300723983, 1.0612073526852541, 2.0446873581418483, -0.9700739107050719, -0.9628311753130903, -0.845190503575384, -0.8072840982491964, -0.6741210760052915, -0.4421060874448312, -0.1466243105975466, 0.4801787284847871, 1.2260315292328567, 1.8610367705688964, -1.0899759799919886, -1.0574816506197142, -0.9829507376096571, -0.8277086046444392, -0.7207187913823431, -0.4692280078485968, -0.1435332978606525, 0.4446483122605567, 1.0826993803493228, 1.9325557850919608, -1.1426585470714106, -1.071385079667198, -1.0380246958491837, -0.9048922089447708, -0.7484072895345063, -0.483070692089546, -0.14070605922517837, 0.3667197537824683, 1.168050701720935, 1.8691699805757613, -1.1848922103956292, -1.1346501213083573, -1.038153714192653, -0.9158808820907707, -0.7751208333722805, -0.49437024748626235, -0.09883418742452303, 0.41399314507176543, 1.1131195085199734, 1.9783957537254735, -1.1856925970049164, -1.1271130194124943, -1.0321995983352232, -0.9545114437480475, -0.7920739178656961, -0.473957076128476, -0.19049328615486621, 0.36656311190528224, 1.16410051348322, 1.871352623531159, -1.2070783010295163, -1.1587890553880345, -1.0461685754571002, -0.9347313724439432, -0.7877555505260945, -0.5729114480425362, -0.2618198573696848, 0.2936697407721538, 1.1303375360600412, 1.79350580895978, -1.2346667066169958, -1.1678097114056523, -1.137519835808914, -1.0199334932262343, -0.9168994794102068, -0.6926271747984671, -0.39336847089339655, 0.08083857557408865, 0.8225152563629159, 1.5550890969330768], "bean_num": 0.5, "model_info": {"det_num_x": 10, "det_num_y": 10, "det_y": 0.03, "det_x": 0.03, "size_x": 0.5, "size_y": 0.5, "med_margin": 0.0015}}