{"source": [772.136719930063, -388.2703071317684], "intensity": 100, "miu_detector": 0.3, "miu_medium": 1.2, "miu_air": 0.00018, "output": [0.0, 0.0, 0.0, 0.0, 0.0, 0.0, 0.0, 0.0, 0.0, 0.0, 0.0, 0.0, 0.0, 0.0, 0.0, 0.0, 0.0, 0.9661796642117343, 0.03382033578826567, 0.0, 0.0, 0.0, 0.0, 0.0, 0.0, 0.0, 0.0, 0.0, 0.0, 0.0, 0.0, 0.0, 0.0, 0.0, 0.0, 0.0, 0.0, 0.0, 0.0, 0.0], "miu_de": 0.5, "input": [0.8382892500149687, -0.18485100088374, -0.7168990885921002, -0.9567960160547219, -1.125633657514949, -1.1411029047039378, -1.193630359068657, -1.1975455452499966, -1.196811084780393, -1.2274650769071709, 1.1384231975986336, -0.04398305881675049, -0.6175802719891361, -0.9072645347719903, -1.0706342773014441, -1.1118126736955407, -1.07748535816043, -1.1639467506127499, -1.1653203256908964, -1.1901883186843585, 1.145448960886908, 0.07204144094842212, -0.579811810843683, -0.8629681633984011, -0.96341913879853, -1.0642337833325388, -1.0410621223405656, -1.0352532591774941, -1.0543089197433138, -1.0993267760948757, 1.1403460720616283, 0.03200242396660943, -0.6088783685161694, -0.834859782215939, -0.846319267346086, -0.9370322539611671, -0.9276589469124532, -0.9164932781181514, -0.945565022281077, -1.0304467282308138, 1.1525650253974837, 0.017853624972169385, -0.5257473311481291, -0.7285437564514085, -0.6712460882007462, -0.7303567211183823, -0.7739407767794267, -0.7463551292979049, -0.7721234803084435, -0.8775777356756604, 1.2645923273617712, 0.1377831835732188, -0.3643148798257234, -0.41332521161616026, -0.4928436454410654, -0.4869038823227256, -0.48107124640426, -0.5461340316664617, -0.4863125762815426, -0.6860686661171485, 1.242713937343357, 0.14987028237296857, -0.06520083830837246, -0.14982029430849272, -0.12044376277435788, -0.17938090419540523, -0.15543910007046105, -0.20159803859199246, -0.18194836286486582, -0.3519160382137928, 1.2618491935224199, 0.426518296255759, 0.3746095512625514, 0.4498325498846543, 0.49734752319141134, 0.5323419102475807, 0.3953351288554247, 0.42808408686567073, 0.32166986206856063, 0.10591353645693609, 1.2763897904409436, 1.058494714698229, 1.1480070986189532, 1.2325180453078852, 1.15556053960721, 1.2052075370861892, 1.1526847996059495, 1.188271468012609, 1.1383316521784004, 0.7677754219424029, 1.6906745156896932, 1.8789883024873797, 1.8142659776955068, 2.0135198368119247, 1.9376937277146071, 1.8950280855165924, 2.119251506987386, 1.8890645498470913, 1.9844723897075842, 1.553569097707514], "bean_num": 0.5, "model_info": {"det_num_x": 10, "det_num_y": 10, "det_y": 0.03, "det_x": 0.03, "size_x": 0.5, "size_y": 0.5, "med_margin": 0.0015}}