{"source": [-863.6235576185297, -87.86318413666328], "intensity": 100, "miu_detector": 0.3, "miu_medium": 1.2, "miu_air": 0.00018, "output": [0.35453773415344736, 0.6454622658465526, 0.0, 0.0, 0.0, 0.0, 0.0, 0.0, 0.0, 0.0, 0.0, 0.0, 0.0, 0.0, 0.0, 0.0, 0.0, 0.0, 0.0, 0.0, 0.0, 0.0, 0.0, 0.0, 0.0, 0.0, 0.0, 0.0, 0.0, 0.0, 0.0, 0.0, 0.0, 0.0, 0.0, 0.0, 0.0, 0.0, 0.0, 0.0], "miu_de": 0.5, "input": [1.6464427626362568, 2.128120797303829, 2.1089272886613166, 2.22822922996812, 2.13614105212578, 2.1462894470371117, 2.1525508889208664, 2.0929026416379735, 2.1049281748276445, 1.7505447887881558, 1.1341765619788542, 1.262096110134236, 1.4999749718222053, 1.4166578751621233, 1.4154723601488306, 1.6074761597603293, 1.4849348055210212, 1.3699464704167206, 1.4196348772595357, 0.8790060426322426, 0.45639075969731085, 0.6491835808726347, 0.7154549613442956, 0.705549857635932, 0.7697950295262477, 0.8502538055972266, 0.7962390193653045, 0.6555658245706338, 0.6901279627974227, 0.30179274124155414, 0.11935223367607309, 0.020877673552493124, 0.07708203325827871, 0.09274076460821823, 0.24296292301052438, 0.28457938441288844, 0.239240789112989, 0.10999671540164913, 0.05082228354085509, -0.10739505673636997, -0.14123304477356236, -0.22383669443499662, -0.18839841910917426, -0.2000447562672866, -0.126792124151282, -0.20718176506180205, -0.21792232936984185, -0.2389583907560324, -0.3345112206057176, -0.4802277206334314, -0.263344254392057, -0.5287068791876335, -0.5172695823839699, -0.48869869132202, -0.4911014208832213, -0.49976634831386896, -0.511053039828566, -0.5368052046137758, -0.5896113443820998, -0.7274226493236269, -0.27524387322621985, -0.752193621535302, -0.7111924681953341, -0.6690413039836707, -0.7014348081133999, -0.696372791704101, -0.7323175287122357, -0.7771977041344268, -0.7816871124250385, -0.8661378770935736, -0.32497517365424455, -0.8668830832771962, -0.8522431710199734, -0.8659034971265397, -0.8552605314790279, -0.880253431624332, -0.8668511071230266, -0.8746309528229342, -0.9450942632746215, -0.9577821929393324, -0.4044709828108549, -0.8939273348032887, -0.9541139543250586, -0.9556426923340264, -0.9766549728555953, -0.969417506951855, -0.9340022711100469, -0.9564401313976307, -0.9718466678411457, -1.0419430810749375, -0.46206504015812344, -1.001026621741229, -1.0461641686083152, -1.0506973920371192, -1.0291173488226075, -1.0340396796546953, -1.0511887427579132, -1.0579022454526976, -1.054906659097243, -1.0939167261364384], "bean_num": 0.5, "model_info": {"det_num_x": 10, "det_num_y": 10, "det_y": 0.03, "det_x": 0.03, "size_x": 0.5, "size_y": 0.5, "med_margin": 0.0015}}