{"source": [871.4575802577392, 95.64636437551216], "intensity": 100, "miu_detector": 0.3, "miu_medium": 1.2, "miu_air": 0.00018, "output": [0.0, 0.0, 0.0, 0.0, 0.0, 0.0, 0.0, 0.0, 0.0, 0.0, 0.0, 0.0, 0.0, 0.0, 0.0, 0.0, 0.0, 0.0, 0.0, 0.0, 0.30406683986787214, 0.6959331601321278, 0.0, 0.0, 0.0, 0.0, 0.0, 0.0, 0.0, 0.0, 0.0, 0.0, 0.0, 0.0, 0.0, 0.0, 0.0, 0.0, 0.0, 0.0], "miu_de": 0.5, "input": [1.73601125310051, 2.1024252629954177, 2.1344770187341084, 2.187172720719627, 2.1373497526546275, 2.137693786855298, 2.135105187551423, 2.208267563380593, 2.0799005606853846, 1.7955324531788037, 0.9978164699807621, 1.4403670998680298, 1.446436560808802, 1.5066113722653716, 1.387591930375569, 1.5178138945917423, 1.5221269133113378, 1.407858489158505, 1.312269472615037, 1.0130558638269276, 0.31031384623722025, 0.5104621840609243, 0.7331640091928201, 0.7805427472053758, 0.8372041298590426, 0.7822638052373508, 0.6935891328249156, 0.6642276244637338, 0.5813951085974308, 0.421044927595121, -0.07850607101557762, 0.10735894720857544, 0.1649291301291994, 0.15515713093415315, 0.2769375615793085, 0.28452729964297246, 0.2356597192290267, 0.1478054335896088, 0.10731164096859434, 0.034176250997788454, -0.43888102827352105, -0.3099961516601898, -0.20630502333926196, -0.17607710457302767, -0.19219496204363962, -0.1541711469817368, -0.22191655468858798, -0.2059851774059478, -0.33643782040144776, -0.2676529625662956, -0.7082071659815337, -0.5604681661392242, -0.47500008187977555, -0.49556960300774927, -0.4431435861526719, -0.4128009497455844, -0.4861812232345707, -0.48197477838654285, -0.4944965954164244, -0.3952508230338924, -0.8580217710247213, -0.7465998597332887, -0.7167763473234788, -0.6814216166202898, -0.6471066386277238, -0.6970528670852109, -0.639379149451065, -0.6836036154653207, -0.6859415977138528, -0.5301962511724021, -0.9403641321940436, -0.860454839338662, -0.8739589308421323, -0.8363714146091915, -0.8116822004467313, -0.8367900520622721, -0.8534772291428268, -0.8477015093993118, -0.8739847415035188, -0.6245071765068405, -1.020737359178618, -0.9914822970396315, -0.9434391206387097, -0.9522628141592326, -0.929099930762761, -0.9345314769999388, -0.9367252086127946, -0.954706274837055, -0.9509945642345157, -0.6301829078255384, -1.0742779727166785, -1.0453330797082563, -1.0280632420562683, -1.0230773053459086, -1.0225557614263565, -1.017086406735844, -1.0291164908756238, -1.026610940334222, -1.023727470247301, -0.713334716285705], "bean_num": 0.5, "model_info": {"det_num_x": 10, "det_num_y": 10, "det_y": 0.03, "det_x": 0.03, "size_x": 0.5, "size_y": 0.5, "med_margin": 0.0015}}