{"source": [-738.927075189155, -483.2634566076934], "intensity": 100, "miu_detector": 0.3, "miu_medium": 1.2, "miu_air": 0.00018, "output": [0.0, 0.0, 0.0, 0.3127815810321107, 0.6872184189678893, 0.0, 0.0, 0.0, 0.0, 0.0, 0.0, 0.0, 0.0, 0.0, 0.0, 0.0, 0.0, 0.0, 0.0, 0.0, 0.0, 0.0, 0.0, 0.0, 0.0, 0.0, 0.0, 0.0, 0.0, 0.0, 0.0, 0.0, 0.0, 0.0, 0.0, 0.0, 0.0, 0.0, 0.0, 0.0], "miu_de": 0.5, "input": [1.6900899461871204, 1.7996999778601994, 1.8135185492548027, 1.7843610738457407, 1.8227794536520068, 1.8432244050118864, 1.8429212784040967, 1.858779844282964, 1.8981978284126855, 1.4052016207904627, 1.4455773296918841, 0.9379755391564729, 1.1449202298733088, 0.9759470563650177, 1.0019142442363917, 1.0535955838152435, 1.0488014737807898, 0.9664702406018782, 0.9172460537890721, 0.6406690247395251, 1.4982472393662711, 0.5373752696101266, 0.3489943405750377, 0.29622830791899757, 0.3029832217983248, 0.2863210045820859, 0.2812973463921111, 0.3176986003297505, 0.25236700685676233, -0.01681620035924632, 1.4899332484816896, 0.4632448366287937, -0.08165669013931984, -0.2014417153157461, -0.236476371063293, -0.22808197826004564, -0.2384935331066758, -0.24205700667364027, -0.3080147631076927, -0.4329027689159375, 1.565113751278756, 0.33870719288516604, -0.2946820907589748, -0.4774274075270708, -0.6097439301999252, -0.6202676940581168, -0.5742722855819079, -0.6173201483147791, -0.6194688122432008, -0.738468328848011, 1.5059671896662503, 0.3124740800806412, -0.3571543612939768, -0.6131616438512432, -0.7763563496378194, -0.8163572431628194, -0.8358352977593139, -0.8274403469527493, -0.8794687503677331, -0.9337618044774998, 1.4366582317569554, 0.30061141986356377, -0.40812569833645623, -0.7252520511338387, -0.9100635866716672, -0.9468651544682543, -0.9842014962554255, -1.0134197145119805, -1.0264508045191794, -1.0502133352705036, 1.3500086290361366, 0.21912926055369433, -0.4316625689769272, -0.7929646746188477, -0.9257664948144132, -1.0344856510480482, -1.0755425788131872, -1.086955916181275, -1.0823325755783877, -1.146688384231038, 1.3316773008531744, 0.2343363119387185, -0.3687753728452401, -0.7848975424440928, -1.020391809110239, -1.1015596434441228, -1.1097478691181473, -1.1627345638201463, -1.1903369529078176, -1.1986540415676008, 1.041446684952825, 0.09461759663310128, -0.5551154782321562, -0.861288300822467, -1.0738170568791665, -1.1555664939794403, -1.2074741958841153, -1.229562449665609, -1.2247941546021175, -1.234494693061815], "bean_num": 0.5, "model_info": {"det_num_x": 10, "det_num_y": 10, "det_y": 0.03, "det_x": 0.03, "size_x": 0.5, "size_y": 0.5, "med_margin": 0.0015}}