{"source": [835.2219746657742, -326.57642102578586], "intensity": 100, "miu_detector": 0.3, "miu_medium": 1.2, "miu_air": 0.00018, "output": [0.0, 0.0, 0.0, 0.0, 0.0, 0.0, 0.0, 0.0, 0.0, 0.0, 0.0, 0.0, 0.0, 0.0, 0.0, 0.0, 0.0, 0.3728637569061117, 0.6271362430938884, 0.0, 0.0, 0.0, 0.0, 0.0, 0.0, 0.0, 0.0, 0.0, 0.0, 0.0, 0.0, 0.0, 0.0, 0.0, 0.0, 0.0, 0.0, 0.0, 0.0, 0.0], "miu_de": 0.5, "input": [1.333581045348154, 1.6459013225077683, 1.7254440398957744, 1.7175071012812835, 1.7901592992668014, 1.820612114450263, 1.8006572409643309, 1.7882836315029744, 1.7248721755141871, 1.724751618150898, 0.4455337605040594, 0.7412269893567955, 0.7637410497722247, 0.8602328181844007, 0.8797806264163264, 0.8463268440099848, 0.8922112772857235, 0.9229657920468881, 0.9620047414226618, 1.6492885397003656, -0.19700919332124817, 0.006556176901919042, 0.07098069116439408, 0.08298577525238328, 0.07257186460105666, 0.13573147568194097, 0.145042066928546, 0.23215027117149908, 0.677820876765438, 1.667210728241936, -0.6095383458734928, -0.47007056205343695, -0.4316875981740064, -0.3964793939635842, -0.38533174463415104, -0.3426944142649256, -0.26400520226597524, -0.005129146203023244, 0.6364142542686116, 1.6162372772369045, -0.8319067169508493, -0.7576922953229265, -0.7347468780088289, -0.67694176509599, -0.6729822042146897, -0.6328317687448904, -0.47591043661773075, -0.07460474180214174, 0.604622125602949, 1.6459789490980123, -1.0135992289627216, -0.9577793549101677, -0.9072099411692963, -0.9007104858472376, -0.8555674021086883, -0.7532025679893106, -0.5206407078837595, -0.11430003840101587, 0.5548100676624598, 1.568268410782294, -1.1051531653272688, -1.0721471594524, -1.031606383557809, -1.0075178928443744, -0.9542845147311165, -0.8222347587400023, -0.5615301062267288, -0.14937168793483424, 0.5589917901056746, 1.5958890308759326, -1.1805085790890213, -1.1359274548653533, -1.1106078795022887, -1.0876145529584493, -1.013046854191618, -0.8602744548152628, -0.5936719304189529, -0.17813498152232612, 0.49208070634512696, 1.5498043300062667, -1.2201637923989659, -1.1929718584539162, -1.1636750394062314, -1.1186066782984734, -1.046221577473072, -0.9136171852367442, -0.6495367410078284, -0.2372044017679666, 0.46328944992242793, 1.4902149665749393, -1.2483114953622472, -1.228636526348339, -1.2083808344842708, -1.1649441951842257, -1.0878428948643524, -0.9575156107758029, -0.7421922296917451, -0.3779327962641056, 0.25334295072315877, 1.2478820844844314], "bean_num": 0.5, "model_info": {"det_num_x": 10, "det_num_y": 10, "det_y": 0.03, "det_x": 0.03, "size_x": 0.5, "size_y": 0.5, "med_margin": 0.0015}}