{"source": [-397.6669954556557, -808.6800804600101], "intensity": 100, "miu_detector": 0.3, "miu_medium": 1.2, "miu_air": 0.00018, "output": [0.0, 0.0, 0.0, 0.0, 0.0, 0.0, 0.0, 0.909507857966857, 0.09049214203314303, 0.0, 0.0, 0.0, 0.0, 0.0, 0.0, 0.0, 0.0, 0.0, 0.0, 0.0, 0.0, 0.0, 0.0, 0.0, 0.0, 0.0, 0.0, 0.0, 0.0, 0.0, 0.0, 0.0, 0.0, 0.0, 0.0, 0.0, 0.0, 0.0, 0.0, 0.0], "miu_de": 0.5, "input": [1.5799244044778458, 1.3266600383959046, 1.2562715835132747, 1.1710700785578412, 1.1508331659499627, 1.1706283439283571, 1.1502240508379582, 1.175470890721641, 1.1907758096428867, 0.9229891398378514, 1.9312739074500094, 1.1255110533940014, 0.36427878863041885, 0.20391214765526072, 0.10036172030833193, -0.11123194544091446, -0.028225078608655925, -0.06428131464756102, -0.08054330904719742, -0.21197592647010405, 1.9634225285557099, 1.132374670474589, 0.41365213066126033, -0.05893783143135541, -0.37086343380774706, -0.5245652447071604, -0.598070013219611, -0.5744629498008814, -0.5885557319215986, -0.7738075199582375, 2.0136752642286018, 1.204026428005489, 0.374265695718229, -0.09740001265736715, -0.4192657172374588, -0.6604614955322434, -0.8261551674506201, -0.9202018421759076, -0.9369314087739672, -1.006183755963601, 1.9793173419639216, 1.1740963166647518, 0.45086863651771375, -0.06613110505296885, -0.5150204685429993, -0.7075189239197828, -0.8473488083202755, -0.9772596720872774, -1.0364907501196328, -1.1183407935781549, 1.9663787542938687, 1.0705440126529577, 0.47238527345402237, -0.0487208789827391, -0.4757280398792658, -0.7544153739408974, -0.902870665027722, -1.024263702726413, -1.0853399537672312, -1.181517753800629, 2.0068703515302593, 1.1048292350393516, 0.41005904917331476, -0.041330757290564596, -0.3985023349580582, -0.773645591257947, -0.9022370664733175, -1.0417771850694775, -1.108409389521223, -1.1803279990631763, 1.9262695142091681, 1.225370137719192, 0.3400128378238583, -0.11496513477870338, -0.5373523800295262, -0.7908197907730267, -0.9046189109615884, -1.0139504347071973, -1.137677551759856, -1.1645330267323295, 1.9232995853263266, 1.1831426292386296, 0.3619845788965772, -0.2145951724643374, -0.5208255517808079, -0.8354002362366819, -0.9507733194057297, -1.0720976572667174, -1.1450626572192353, -1.2092018637377973, 1.5926366943309482, 0.7610177911116519, 0.1281798877770585, -0.2947972811188868, -0.622605865380324, -0.8761033085328843, -1.0612545560801634, -1.1105374875014336, -1.1741025136616152, -1.2082728563082106], "bean_num": 0.5, "model_info": {"det_num_x": 10, "det_num_y": 10, "det_y": 0.03, "det_x": 0.03, "size_x": 0.5, "size_y": 0.5, "med_margin": 0.0015}}