{"source": [-811.1208321573922, -399.0557483646083], "intensity": 100, "miu_detector": 0.3, "miu_medium": 1.2, "miu_air": 0.00018, "output": [0.0, 0.0, 0.08930076530912447, 0.9106992346908755, 0.0, 0.0, 0.0, 0.0, 0.0, 0.0, 0.0, 0.0, 0.0, 0.0, 0.0, 0.0, 0.0, 0.0, 0.0, 0.0, 0.0, 0.0, 0.0, 0.0, 0.0, 0.0, 0.0, 0.0, 0.0, 0.0, 0.0, 0.0, 0.0, 0.0, 0.0, 0.0, 0.0, 0.0, 0.0, 0.0], "miu_de": 0.5, "input": [1.6981912427226855, 1.2719621227279143, 1.08795144361818, 0.9784393090520627, 0.9775205027115208, 0.969522429584116, 0.8911136395956576, 0.9099017126098604, 0.7671359482060983, 0.585999686626131, 1.9910758205021855, 1.1717045453870774, 0.4864163139931189, 0.05875525988952564, -0.10856945561005582, -0.22301604744942033, -0.23609366610296795, -0.315444307522147, -0.3340235762896227, -0.47943727081976034, 2.058110711994421, 1.216946913270101, 0.5509268952080685, 0.039035226568539916, -0.3590456982736957, -0.5880470309402456, -0.7222523540014417, -0.7781027166434054, -0.815424988467113, -0.8924174575843667, 2.0432673257506697, 1.3208287350544856, 0.5270676700231927, -0.004753740910741664, -0.3567727773518089, -0.645266450634298, -0.8090582783729965, -0.9110255059766115, -0.9850305124493691, -1.071685057091715, 2.0676245532128843, 1.2788024355426004, 0.5383138017493649, -0.006424013748467292, -0.36982477849024087, -0.645467154962522, -0.8560905899841107, -0.9608467598773975, -1.0501667305507745, -1.1331198293774787, 2.0729504682371136, 1.2891133360735323, 0.513674966186529, -0.027955126242211525, -0.41198036415092787, -0.6675766407837088, -0.8576838497291431, -0.994215749806093, -1.0690509976656002, -1.1250229892977233, 2.065413511851813, 1.2501595960988277, 0.5196649053027762, -0.035791654770561274, -0.43572542920631013, -0.6876314052728294, -0.8533928015749574, -0.9842671908111927, -1.0837780144807987, -1.1563346014931972, 2.002086316245374, 1.2339568313639377, 0.4878544595191665, -0.04474071682130258, -0.45866926583025136, -0.7110090655249818, -0.8643449044297573, -1.006168283658547, -1.0972496140392753, -1.1559280338328344, 1.948709981557913, 1.1288876239228183, 0.411453532502061, -0.12515389148587938, -0.4791011569662604, -0.742800979922723, -0.9025481803167085, -1.0436475804184402, -1.0905068941938523, -1.1675115975772439, 1.6294124434682173, 0.8429538176064835, 0.1615898313146845, -0.31438276290908745, -0.6099628879594714, -0.8157345223750134, -0.9706315639411714, -1.0710707175174996, -1.1377285421039889, -1.1877911402593915], "bean_num": 0.5, "model_info": {"det_num_x": 10, "det_num_y": 10, "det_y": 0.03, "det_x": 0.03, "size_x": 0.5, "size_y": 0.5, "med_margin": 0.0015}}