{"source": [-902.5489811361273, 147.50559897560478], "intensity": 100, "miu_detector": 0.3, "miu_medium": 1.2, "miu_air": 0.00018, "output": [0.0, 0.0, 0.0, 0.0, 0.0, 0.0, 0.0, 0.0, 0.0, 0.0, 0.0, 0.0, 0.0, 0.0, 0.0, 0.0, 0.0, 0.0, 0.0, 0.0, 0.0, 0.0, 0.0, 0.0, 0.0, 0.0, 0.0, 0.0, 0.0, 0.0, 0.0, 0.0, 0.0, 0.0, 0.0, 0.0, 0.0, 0.0, 0.031324181959686156, 0.9686758180403139], "miu_de": 0.5, "input": [0.6807224860573728, 0.8575013189858557, 0.8822900355395314, 0.9266089417558053, 0.9097835009095077, 0.9866995059737017, 1.012553560371645, 1.0853239287283076, 1.2601280849744656, 1.6087216320401971, -0.46311759635291183, -0.3267045009830848, -0.3002797227689296, -0.22882178206668116, -0.1820979621313707, -0.0960789097424688, 0.11471765473022652, 0.4714834933503798, 1.2324051843801163, 2.040238649151115, -0.9226957685628188, -0.7995209910824445, -0.726114175715089, -0.7018659063835377, -0.5608351268079927, -0.36439731971469486, -0.013250218451365587, 0.4767065803865034, 1.2871378328075824, 2.003128822595042, -1.0699187970163726, -1.0006126094500298, -0.9008235418710112, -0.8120126356617956, -0.6714217586160446, -0.39286336745169176, -0.028006718506374696, 0.49991614636038323, 1.2453914018112913, 1.9989639619928055, -1.1171484809067094, -1.0447620629087833, -0.9714030084376966, -0.8451348154648505, -0.6684355411180049, -0.37777708788590936, -0.04444209402140461, 0.5174118738366149, 1.2550696537959587, 2.0049010600506647, -1.137165706942947, -1.0702194283476156, -0.974770480768679, -0.8464182413133795, -0.7104699184571096, -0.39423130276021806, -0.007127489300057253, 0.5193311280062946, 1.2778184338306495, 2.118611265401112, -1.159264165899435, -1.07287704964519, -0.9858014888519845, -0.8388496828896522, -0.687695688510911, -0.42941338176765037, 0.0006354432288370888, 0.5094527918463694, 1.2416992338959947, 2.021710392383471, -1.1699840965583117, -1.1156364203725682, -0.9972612190177755, -0.8735647535550233, -0.7059811756254063, -0.4770431274787922, -0.08231324730112807, 0.5010764974852997, 1.2618717039244547, 2.0478649582384763, -1.1785910396434716, -1.1042308071427032, -1.0448051754166943, -0.9146130185201138, -0.7252945128473585, -0.45823927522786434, -0.1294055704137955, 0.40047568872152584, 1.1183604777564853, 1.9911235355601506, -1.203441923995262, -1.150933926574971, -1.0758570542121497, -0.9838111046027288, -0.8241691340845055, -0.5950778227764532, -0.2889401319663066, 0.16045979915664615, 0.8388047867704798, 1.6769396160769308], "bean_num": 0.5, "model_info": {"det_num_x": 10, "det_num_y": 10, "det_y": 0.03, "det_x": 0.03, "size_x": 0.5, "size_y": 0.5, "med_margin": 0.0015}}