{"source": [-918.3103999649377, 13.162212834369303], "intensity": 100, "miu_detector": 0.3, "miu_medium": 1.2, "miu_air": 0.00018, "output": [0.9087590513891616, 0.0, 0.0, 0.0, 0.0, 0.0, 0.0, 0.0, 0.0, 0.0, 0.0, 0.0, 0.0, 0.0, 0.0, 0.0, 0.0, 0.0, 0.0, 0.0, 0.0, 0.0, 0.0, 0.0, 0.0, 0.0, 0.0, 0.0, 0.0, 0.0, 0.0, 0.0, 0.0, 0.0, 0.0, 0.0, 0.0, 0.0, 0.0, 0.09124094861083842], "miu_de": 0.5, "input": [0.7733733691760347, 1.1593063999671775, 1.1380845084023135, 1.091657059286665, 1.1554659288216294, 1.1758677228436412, 1.2900947785103107, 1.2135803108401693, 1.2907288392176748, 1.564921305930983, -0.26604693344921454, -0.16993649797432656, -0.0380616150959322, -0.0030834179348422633, -0.1094904377279881, -0.02339068751125799, 0.11569871078849737, 0.4422864945227256, 1.1173972107446695, 2.01276031358361, -0.7959005722521111, -0.7259927479183562, -0.6919320731418084, -0.612708653385434, -0.5283414341975079, -0.38658367814626393, -0.09915018977193053, 0.445094470634361, 1.1347696841596076, 2.0223358092467283, -1.0150847686477502, -0.9694480195988513, -0.9265102558090209, -0.8342425263397165, -0.6990771782719928, -0.3861575474073132, -0.08063400734489329, 0.5346077518191817, 1.2513146338280938, 1.9274492087136017, -1.111159564632333, -1.0889760977139993, -0.9643418982984142, -0.8755470413396751, -0.687886871865765, -0.42248777042592384, -0.07588356827777488, 0.45929714028614255, 1.1657053381782494, 1.973941112620944, -1.1715198869577852, -1.0643206431310053, -0.9966499111560206, -0.8940377820390091, -0.7187435147138878, -0.43117251763732195, -0.08310887189362369, 0.3903080375949772, 1.189391438070866, 2.051857511088557, -1.1891811698649364, -1.1059102255699207, -1.0332309960041732, -0.8767554520898555, -0.7144734551760432, -0.5009095695883992, -0.07049537560933317, 0.4759190068217971, 1.2192879826104701, 1.937230642004834, -1.174796631417792, -1.0967157953670617, -1.0224195203410917, -0.8947985669620655, -0.7400551060905493, -0.4789175320515133, -0.10423178483864713, 0.4414394258414422, 1.1875136571981693, 2.0978159455690433, -1.2017545627298745, -1.1475166220141464, -1.0468174023298245, -0.9211462042144157, -0.7346591078784315, -0.5230052779438134, -0.1938132386706716, 0.29571087197377044, 1.0343482218299795, 1.9245648506427508, -1.2237506908426772, -1.163793442926519, -1.101708742025367, -0.9732122141924149, -0.8595306933710408, -0.6187555148264033, -0.3183123752397599, 0.13694183726161313, 0.6839284693063931, 1.4562804522480988], "bean_num": 0.5, "model_info": {"det_num_x": 10, "det_num_y": 10, "det_y": 0.03, "det_x": 0.03, "size_x": 0.5, "size_y": 0.5, "med_margin": 0.0015}}