{"source": [-450.4984831667542, 816.2801847004629], "intensity": 100, "miu_detector": 0.3, "miu_medium": 1.2, "miu_air": 0.00018, "output": [0.0, 0.0, 0.0, 0.0, 0.0, 0.0, 0.0, 0.0, 0.0, 0.0, 0.0, 0.0, 0.0, 0.0, 0.0, 0.0, 0.0, 0.0, 0.0, 0.0, 0.0, 0.0, 0.0, 0.0, 0.0, 0.0, 0.0, 0.0, 0.0, 0.0, 0.0, 0.0, 0.0, 0.789560723976901, 0.21043927602309898, 0.0, 0.0, 0.0, 0.0, 0.0], "miu_de": 0.5, "input": [-1.2381414112772153, -1.1977446038704318, -1.160097323025005, -1.0867427893187125, -0.9882472934603878, -0.8237961665670472, -0.5434609694244033, -0.13550516448341493, 0.5190822766682586, 1.4100695081776458, -1.2174243281998902, -1.1866593514744206, -1.1138896182801004, -1.0412608352712787, -0.8895085170583583, -0.6990687254496353, -0.38731004361234245, 0.09221275556297238, 0.8459230965399905, 1.772356594230147, -1.2073985004642251, -1.1602251058076858, -1.0983925140320954, -1.0191892895214179, -0.878811167753062, -0.6584606925702929, -0.3382650547128345, 0.17922742773564146, 0.8881517339246074, 1.7876484947120734, -1.1782803561566086, -1.1303144786816848, -1.071650635347738, -1.0042186612815094, -0.8601161057703625, -0.6299978591413282, -0.31322061384740185, 0.18814380566071118, 0.945853086249459, 1.780279577792735, -1.1264991663173611, -1.0660248500134413, -1.0329500096834656, -0.963720394780607, -0.8334877427985503, -0.6231609513024257, -0.28928307311076495, 0.18808833445801845, 0.9760594820758896, 1.8253319110458548, -1.0071325733310421, -0.9564218614242838, -0.9100429816533427, -0.8627081136274658, -0.7631945233315038, -0.5878519332575499, -0.2545453146198908, 0.20462914911343189, 0.9643911701399307, 1.862703976449061, -0.8265564437924877, -0.7428489432201739, -0.6896330146634368, -0.6394395979392005, -0.6142843671011093, -0.49305453259372833, -0.23377039434101612, 0.20765479463393732, 0.9687634268877974, 1.9118663941229332, -0.48748208004237104, -0.32809867743075216, -0.2778735056254009, -0.2657440024147309, -0.23384144521273442, -0.16858053750726745, -0.049289152211271746, 0.2959156925215332, 0.9305817218677168, 1.8584611235458086, 0.1280909351927986, 0.35448267867333333, 0.3925545708641005, 0.4359032373689189, 0.414204211520185, 0.4424376134851281, 0.5349511323592684, 0.6228418317402189, 1.0298129078997282, 1.7935127225612224, 1.1366637580763883, 1.4034434428707177, 1.506567344210843, 1.45559150921827, 1.471159281821496, 1.5200427152045342, 1.541834151142539, 1.5565861550636662, 1.5856514512479754, 1.6551911745707877], "bean_num": 0.5, "model_info": {"det_num_x": 10, "det_num_y": 10, "det_y": 0.03, "det_x": 0.03, "size_x": 0.5, "size_y": 0.5, "med_margin": 0.0015}}