{"source": [931.7076042188244, -170.30636344234043], "intensity": 100, "miu_detector": 0.3, "miu_medium": 1.2, "miu_air": 0.00018, "output": [0.0, 0.0, 0.0, 0.0, 0.0, 0.0, 0.0, 0.0, 0.0, 0.0, 0.0, 0.0, 0.0, 0.0, 0.0, 0.0, 0.0, 0.0, 0.1509676200712962, 0.8490323799287038, 0.0, 0.0, 0.0, 0.0, 0.0, 0.0, 0.0, 0.0, 0.0, 0.0, 0.0, 0.0, 0.0, 0.0, 0.0, 0.0, 0.0, 0.0, 0.0, 0.0], "miu_de": 0.5, "input": [-0.05987411751714209, -0.9623293395318958, -1.0339644650992792, -1.0673600381046877, -1.0949204664583272, -1.0749079761183993, -1.072401353571957, -1.1241808645470994, -1.117389115546091, -1.1464088586303727, 0.009704727723282609, -0.8851954626477762, -0.9762357475948634, -1.0127758537560705, -0.9983711747714008, -0.9913099454342618, -1.014360924821849, -1.0499589412062718, -1.0128362506231896, -1.0836947544419366, 0.08218828735196372, -0.79512853394031, -0.8623569972076014, -0.8620689958674723, -0.8605126082611047, -0.903299909766394, -0.880175775457647, -0.9344549538570553, -0.9372746765364732, -0.9971770047823757, 0.1586321193424044, -0.705243520321701, -0.7542904469354114, -0.7126908056092138, -0.7251969329092389, -0.7597100121783802, -0.8207978320181948, -0.7852143094019829, -0.8187141103700301, -0.9132537539137038, 0.1692088872852028, -0.5676371756415095, -0.4748286167781479, -0.5213316857696598, -0.5477258294521015, -0.5153956953916861, -0.6090497502482368, -0.5868512358186747, -0.590184279168037, -0.7063322156349395, 0.1822556421464065, -0.23095998595671577, -0.2586748201523264, -0.28002996085878745, -0.2996323229896736, -0.25565271227261815, -0.3287557011051371, -0.2855153553830366, -0.2467106746908654, -0.5303709398696341, 0.3838832608734186, 0.14861145578452614, 0.07118690503024717, 0.13996928714585574, 0.2006537989548396, 0.11973055590690904, 0.11366364652265681, 0.09880988401737849, 0.02487346775424058, -0.24052096858084848, 0.7266388086514478, 0.612463334842468, 0.6813377433357434, 0.6649666199324875, 0.6679764592757151, 0.7563648376892607, 0.8376571595145517, 0.6953423789402519, 0.5102535082105195, 0.2895076644057679, 1.1692131490579294, 1.2907460941479445, 1.6097892393626454, 1.4706754224058554, 1.4608040723980071, 1.39018611008468, 1.3601373920064712, 1.453256245074629, 1.3349144343049755, 0.8491342013033765, 1.690583908119651, 2.0451846860444354, 2.175612831252665, 2.1579224114970263, 2.0402458135015777, 2.0484812314218313, 2.049405725501886, 2.2281583514212833, 1.9371909227187807, 1.7746740732565993], "bean_num": 0.5, "model_info": {"det_num_x": 10, "det_num_y": 10, "det_y": 0.03, "det_x": 0.03, "size_x": 0.5, "size_y": 0.5, "med_margin": 0.0015}}