{"source": [895.6038791227717, -316.51478019090825], "intensity": 100, "miu_detector": 0.3, "miu_medium": 1.2, "miu_air": 0.00018, "output": [0.0, 0.0, 0.0, 0.0, 0.0, 0.0, 0.0, 0.0, 0.0, 0.0, 0.0, 0.0, 0.0, 0.0, 0.0, 0.0, 0.0, 0.16265379048568682, 0.8373462095143132, 0.0, 0.0, 0.0, 0.0, 0.0, 0.0, 0.0, 0.0, 0.0, 0.0, 0.0, 0.0, 0.0, 0.0, 0.0, 0.0, 0.0, 0.0, 0.0, 0.0, 0.0], "miu_de": 0.5, "input": [-1.2557071299706477, -1.1896724355574213, -1.1441035751010251, -1.062335508500168, -0.9593060625429631, -0.7536681825586263, -0.4685912560784415, -0.08886948021600191, 0.6438572341488719, 1.5337230305562548, -1.231116004318855, -1.2014479076568785, -1.1049044491531328, -0.9882976080206608, -0.8294558247982088, -0.656137579924158, -0.292874722300131, 0.1805896638854483, 0.942165876587016, 1.8084013069327063, -1.2283273358290856, -1.1289626036991012, -1.0686665014524985, -0.9572382508664389, -0.8529546467481042, -0.5893758778618131, -0.22299549924761872, 0.3015305013841562, 0.9924403741048261, 1.8894217291050803, -1.1786475169465416, -1.160287345497468, -1.0570130037960135, -0.9890377877684944, -0.789186850023769, -0.6747840156250487, -0.2629525554426059, 0.28323088656612233, 1.0867558293743385, 1.8832495591352292, -1.1577716310733108, -1.0982931055675498, -1.0252260423409, -0.9363857128257256, -0.8171286700867987, -0.5743647936295229, -0.2396979078268675, 0.33693292623424353, 1.0709121045862118, 1.9243888641425753, -1.0251634528533342, -0.990889094943941, -0.9657913998130047, -0.8986377319599573, -0.8083496798036426, -0.5131269821679836, -0.240990359981186, 0.27083437826357676, 1.0078145540172905, 1.8953446589122278, -0.8887481734113538, -0.798407149005442, -0.6962462530204688, -0.6755391707107155, -0.641006487230559, -0.515431783579404, -0.22448274796475542, 0.27892124597526163, 0.9898545122600696, 1.8978890099893548, -0.5529844052279751, -0.4385526119751735, -0.38620615952802595, -0.32240919471458895, -0.3693883844776726, -0.26790348077710385, -0.1501653052301871, 0.2999244784540548, 1.123957097984098, 1.863772473744669, -0.029340212575611195, 0.27436070348496, 0.3591585039475999, 0.24071716314668096, 0.30622115830989743, 0.3395470740708857, 0.3835873386007708, 0.6335559932307662, 0.9181957260350605, 1.8035166939162657, 1.0078502807737943, 1.384626796863047, 1.4143443412331782, 1.3719353024736622, 1.3016490561952327, 1.3571990131668463, 1.3933127197293216, 1.382951817575192, 1.5151460281962965, 1.7417575945115404], "bean_num": 0.5, "model_info": {"det_num_x": 10, "det_num_y": 10, "det_y": 0.03, "det_x": 0.03, "size_x": 0.5, "size_y": 0.5, "med_margin": 0.0015}}