{"source": [52.108397928448746, 961.4555611498475], "intensity": 100, "miu_detector": 0.3, "miu_medium": 1.2, "miu_air": 0.00018, "output": [0.0, 0.0, 0.0, 0.0, 0.0, 0.0, 0.0, 0.0, 0.0, 0.0, 0.0, 0.0, 0.0, 0.0, 0.0, 0.0, 0.0, 0.0, 0.0, 0.0, 0.0, 0.0, 0.0, 0.0, 0.0, 0.0, 0.0, 0.0, 0.0, 0.34469417333859587, 0.6553058266614041, 0.0, 0.0, 0.0, 0.0, 0.0, 0.0, 0.0, 0.0, 0.0], "miu_de": 0.5, "input": [-1.1312178305131797, -1.0956259921141054, -1.0045160638029706, -0.9113692332371136, -0.7775988442136087, -0.5174420081903933, -0.174266164433094, 0.21018684884721123, 0.9252315229106673, 1.8033671016775812, -1.109026145824363, -1.0554524650664088, -0.9770861040990969, -0.8219263904831006, -0.6447740144528892, -0.3453509094245988, 0.04785216472436271, 0.5645010052676576, 1.340887689946042, 2.0549798901929477, -1.1103403764335813, -1.0136625212598185, -0.9413917726010971, -0.7372840526738901, -0.6049192556318141, -0.3293462582484719, 0.10808305099405054, 0.625742950299024, 1.4245843586528477, 2.1216544944287423, -1.085966740174387, -1.025855861647646, -0.9148750206289951, -0.7771037894269401, -0.5881296663348453, -0.309452499687746, 0.1467099231178579, 0.7456193460567218, 1.4100156090039058, 2.1083833429119685, -1.101521784398017, -1.0164783037234952, -0.9165439762841346, -0.7400010846066553, -0.5991075259668819, -0.22773017082106867, 0.1502425765755058, 0.670934157991892, 1.39495922296592, 2.145161924344364, -1.0849107122680341, -1.0162130148698116, -0.9011298541483984, -0.7650602972886816, -0.5800474783150614, -0.2635159165333025, 0.1700944350576632, 0.7108806797542181, 1.4187996201467548, 2.0743281352642224, -1.0823892941961957, -1.0067959592773983, -0.9009820781086808, -0.7671353243610776, -0.5759092472710046, -0.2938751914778096, 0.1757317969732635, 0.6569054638980946, 1.3816820500669187, 2.1309619889496214, -1.0445763894833846, -0.9888203821821522, -0.90359958800596, -0.7310154122939762, -0.5971135388739148, -0.32760539121431825, 0.13142847184787385, 0.5759874123894717, 1.3833270789960717, 2.122155766459091, -0.8884369405184297, -0.7923653077634738, -0.7013862343331464, -0.6572852158066151, -0.5521927717731533, -0.24734070986722967, 0.03662308400928902, 0.573027740599397, 1.243245089167267, 2.020000168304173, 0.09037040245451414, 0.19525899753864556, 0.26784929401975, 0.2535148153649898, 0.3068161514592653, 0.34838070249454256, 0.4940829852147247, 0.67273570363327, 1.05983810937507, 1.781941752288185], "bean_num": 0.5, "model_info": {"det_num_x": 10, "det_num_y": 10, "det_y": 0.03, "det_x": 0.03, "size_x": 0.5, "size_y": 0.5, "med_margin": 0.0015}}