{"source": [-733.0856729246009, 626.963669851662], "intensity": 100, "miu_detector": 0.3, "miu_medium": 1.2, "miu_air": 0.00018, "output": [0.0, 0.0, 0.0, 0.0, 0.0, 0.0, 0.0, 0.0, 0.0, 0.0, 0.0, 0.0, 0.0, 0.0, 0.0, 0.0, 0.0, 0.0, 0.0, 0.0, 0.0, 0.0, 0.0, 0.0, 0.0, 0.0, 0.0, 0.0, 0.0, 0.0, 0.0, 0.0, 0.0, 0.0, 0.0, 0.5042624333696042, 0.49573756663039575, 0.0, 0.0, 0.0], "miu_de": 0.5, "input": [1.7361713650754158, 2.084078643934972, 2.1443599285989756, 2.1976378762909485, 2.147144261840494, 2.0963596505644797, 2.1279902371881825, 2.1176448220720103, 2.0231302148375474, 1.683048541578035, 1.1532802645158526, 1.2458779509076474, 1.3883243601214712, 1.3889898168332884, 1.3944682938870991, 1.4239424759332406, 1.3764701158612391, 1.3331374409826506, 1.2231680032375851, 0.8955008352168642, 0.8121767837024145, 0.5963956206955179, 0.6185176296201539, 0.6383580784342409, 0.6583303327739675, 0.636965776339433, 0.6248139644302002, 0.5723129345639567, 0.5277219963746664, 0.21735673009076234, 0.6451707677307336, 0.0639521290746818, 0.06668692554468725, 0.09764751868985119, 0.09964396127978689, 0.0723861463183458, 0.07342062379423357, 0.035643821380019355, -0.03355555746878695, -0.23261628212746369, 0.5398959813866953, -0.2653463427364937, -0.29977341429123916, -0.3042516376434301, -0.318312426649892, -0.34235461159045316, -0.32848224213009214, -0.33732253175284094, -0.41565441685355675, -0.5596806328585502, 0.4657058713515942, -0.46447423200358995, -0.5704800607720373, -0.5682971200848256, -0.5810570582578307, -0.5724119720463552, -0.6111086360598742, -0.6048766074395275, -0.6583927350730925, -0.7751830621010569, 0.38096244368296395, -0.5948454269355128, -0.745510672409247, -0.7732411368780244, -0.7748802044253299, -0.7842904646956272, -0.8045407404904837, -0.8002995622560908, -0.839460021137106, -0.9153308508082172, 0.31354108118660545, -0.6680725192335697, -0.8513832667821856, -0.886154170802787, -0.9173772205683368, -0.9257736088326519, -0.9383908183249111, -0.9495601404259252, -0.9688930384182527, -1.012166980138398, 0.30961918619690615, -0.7129162047177671, -0.9468943507202279, -0.9882607014600486, -0.9835599440159325, -1.0238358721962506, -1.0184831696705487, -1.0412169358346866, -1.0541661059286105, -1.0855875745184231, 0.17409084133883207, -0.8040652105690408, -1.0305473164532573, -1.0619997947688695, -1.096003017556981, -1.0978090559812081, -1.1006851118367478, -1.1151546172736184, -1.1241037759916561, -1.1429510624617403], "bean_num": 0.5, "model_info": {"det_num_x": 10, "det_num_y": 10, "det_y": 0.03, "det_x": 0.03, "size_x": 0.5, "size_y": 0.5, "med_margin": 0.0015}}