{"source": [246.78436346679624, 942.6527512727606], "intensity": 100, "miu_detector": 0.3, "miu_medium": 1.2, "miu_air": 0.00018, "output": [0.0, 0.0, 0.0, 0.0, 0.0, 0.0, 0.0, 0.0, 0.0, 0.0, 0.0, 0.0, 0.0, 0.0, 0.0, 0.0, 0.0, 0.0, 0.0, 0.0, 0.0, 0.0, 0.0, 0.0, 0.0, 0.0, 0.0, 0.0, 0.6300727666625914, 0.3699272333374087, 0.0, 0.0, 0.0, 0.0, 0.0, 0.0, 0.0, 0.0, 0.0, 0.0], "miu_de": 0.5, "input": [1.5555814846719502, 1.9026301025990944, 2.04238545132878, 1.9491610570785125, 2.0772657443058016, 2.0703655011769446, 1.9800704869080483, 1.9584226685559698, 1.8906401636869419, 1.758743571194708, 0.880365452192053, 1.1763083345761833, 1.2778054503915541, 1.2699633850078937, 1.3286232522180856, 1.204480610349986, 1.2177484950510924, 1.2269548174464173, 1.1628367179866335, 1.3045362636144129, 0.12064996558695876, 0.44740876417860326, 0.49804687930934444, 0.4656119804030682, 0.5453013302191003, 0.4932638057807725, 0.5076987499642877, 0.4553867602532325, 0.5032021597819536, 1.1032566065175902, -0.274083293222846, -0.12546149348900484, 0.00972151786558202, -0.020501928592408663, -0.027485310659994638, -0.020270075596437034, -0.01455014320188756, -0.020341355330027216, 0.020392951857362597, 0.9988030279408643, -0.6669913577178816, -0.41440200720368736, -0.4375744934726792, -0.4319150627528877, -0.44224294334702946, -0.39370943313525725, -0.44634581745362134, -0.3559037087472894, -0.0707548270460921, 1.0561640937948886, -0.8388068164990466, -0.7353794563061491, -0.7231590553131448, -0.6866221936449657, -0.7207498201132384, -0.6776665817110072, -0.6311560975863859, -0.5487245711910717, -0.1611225540339396, 1.0171920199863957, -1.014648175864422, -0.9205556536517551, -0.8842446871030046, -0.8989705514247217, -0.8683302134981566, -0.8310566022521062, -0.8001548746203564, -0.7098432796856328, -0.20290031013419924, 0.9114389955346129, -1.1014553715711952, -1.0344652543611987, -1.0204191139334406, -1.0001036260411156, -0.9511792521373172, -0.9784166408329144, -0.9425025161630259, -0.7716583424614015, -0.23152933525001912, 0.9740692097456297, -1.1475212005591573, -1.0974457745326425, -1.107238554327196, -1.097742565424678, -1.092082169290524, -1.0562529581813735, -0.9837678620307488, -0.7935957838381906, -0.2829838330766674, 0.9611701121355734, -1.2072361861765255, -1.1732167799198006, -1.171282420658826, -1.149122673032221, -1.1638703481668033, -1.1388453799799056, -1.0523981258889938, -0.8824010791130512, -0.4337597399905501, 0.7554496913449464], "bean_num": 0.5, "model_info": {"det_num_x": 10, "det_num_y": 10, "det_y": 0.03, "det_x": 0.03, "size_x": 0.5, "size_y": 0.5, "med_margin": 0.0015}}