{"source": [-431.03145107029906, 888.6303592571243], "intensity": 100, "miu_detector": 0.3, "miu_medium": 1.2, "miu_air": 0.00018, "output": [0.0, 0.0, 0.0, 0.0, 0.0, 0.0, 0.0, 0.0, 0.0, 0.0, 0.0, 0.0, 0.0, 0.0, 0.0, 0.0, 0.0, 0.0, 0.0, 0.0, 0.0, 0.0, 0.0, 0.0, 0.0, 0.0, 0.0, 0.0, 0.0, 0.0, 0.0, 0.0, 0.12491421825743967, 0.8750857817425604, 0.0, 0.0, 0.0, 0.0, 0.0, 0.0], "miu_de": 0.5, "input": [-1.1007822109578713, -1.0436396723804655, -0.9510707488766532, -0.8566244478760671, -0.7122514467374612, -0.4463575450239033, -0.12603201338009892, 0.32539531399827576, 0.99495756872245, 1.760779431078372, -1.0658209214748842, -0.9913945376363992, -0.8796956363506988, -0.767090580669996, -0.5735052012237062, -0.2769282850124604, 0.08138387385567238, 0.617944053052799, 1.3466531851348917, 2.096021844821382, -1.0541448396613857, -0.9860263375618551, -0.9027706850481818, -0.7308677122834568, -0.5271127194398206, -0.22368060217191826, 0.19156367352345666, 0.7208314903504259, 1.4480540832397748, 2.1002291002016036, -1.039622609353221, -0.9735002460424045, -0.86938252984172, -0.7158001009534006, -0.5236551219477816, -0.1922528171813597, 0.24831466460069962, 0.7141067524677923, 1.4173564584043827, 2.1774564821416744, -1.0316939382026784, -0.9264768998323981, -0.840180489266718, -0.6878116627735539, -0.48406909526303094, -0.17585255397568272, 0.21690385472148327, 0.7448611888173072, 1.469012963012086, 2.2385243602971094, -1.0307830797823903, -0.9337845304181719, -0.8559906567847366, -0.7140979526045551, -0.5094757761253284, -0.1817793689517099, 0.19955132507646522, 0.7151223544076468, 1.4750810810090331, 2.136348121867302, -1.033534870497161, -0.9527349572496906, -0.8206235112416812, -0.6899197222774376, -0.4790473204236829, -0.2029794071429227, 0.17128671663504755, 0.7241035222871139, 1.4529006185365363, 2.176892041932609, -1.0576658336899023, -0.9641170707380469, -0.850619764584737, -0.686972422373189, -0.4965813413908449, -0.19933653463665368, 0.11497442237090189, 0.6809763479849579, 1.4201522293348838, 2.0849252965837017, -1.0066184271774503, -0.9459507972806408, -0.8390663849649729, -0.7287571100485738, -0.5178641078889773, -0.2487037354847043, 0.11767283746514777, 0.6633072041956439, 1.2918920943630559, 2.143398350223011, -0.5984055573406759, -0.499448982569899, -0.4145818629016877, -0.3671245126694469, -0.28934211448775793, -0.10251898324850277, 0.06098963241888187, 0.507179341386329, 1.0214838158436146, 1.8259332090138274], "bean_num": 0.5, "model_info": {"det_num_x": 10, "det_num_y": 10, "det_y": 0.03, "det_x": 0.03, "size_x": 0.5, "size_y": 0.5, "med_margin": 0.0015}}