{"source": [-54.974140073854954, -103.43217267402365], "intensity": 100, "miu_detector": 0.3, "miu_medium": 1.2, "miu_air": 0.00018, "output": [0.0, 0.0, 0.0, 0.0, 0.0, 0.0, 0.1100687326514736, 0.8899312673485263, 0.0, 0.0, 0.0, 0.0, 0.0, 0.0, 0.0, 0.0, 0.0, 0.0, 0.0, 0.0, 0.0, 0.0, 0.0, 0.0, 0.0, 0.0, 0.0, 0.0, 0.0, 0.0, 0.0, 0.0, 0.0, 0.0, 0.0, 0.0, 0.0, 0.0, 0.0, 0.0], "miu_de": 0.5, "input": [1.7198300667126936, 1.998186775590577, 2.2306136284960223, 2.282018003392141, 2.171855906371828, 2.1543079758465784, 2.198517931824943, 2.2520973894175156, 2.103288170064961, 1.8206849535455991, 0.9981962373374059, 1.2998549706416327, 1.4458888411789124, 1.5097241220524404, 1.507749852108129, 1.3190036586572653, 1.4462132127420462, 1.4382969843318498, 1.380104231051332, 0.9615506502449397, 0.3565630164063304, 0.682642252798776, 0.7402670548562071, 0.7638403949810479, 0.620379000706466, 0.7097418232134899, 0.7202676530369577, 0.7308358264963757, 0.6395107315012287, 0.3581096630109129, -0.10080739314034477, 0.08966808757568026, 0.1939391634412383, 0.21819491410970676, 0.21329837110009167, 0.19290136534153512, 0.2174987147162449, 0.15672066298851692, 0.05843619530102951, -0.06636963273573536, -0.3795365228758238, -0.24094654607046656, -0.20105968227230975, -0.16650952073079292, -0.15047482164263917, -0.14613442941954388, -0.1929522435019662, -0.24498814832511695, -0.24321887266535003, -0.4245931706818963, -0.5257358828542026, -0.5539611222437142, -0.47801236347513254, -0.4792791161479337, -0.4384802292955704, -0.4473156632680708, -0.45698646985287655, -0.47406510157459436, -0.5011275897645517, -0.6420518665191005, -0.6861593621030092, -0.6981572087607634, -0.6795614872591462, -0.629705281718558, -0.6515635696911676, -0.6504915400048572, -0.6100943808321092, -0.6890449196316938, -0.7227006091461085, -0.8276415836697195, -0.7597002309006657, -0.8350732091074784, -0.8181695176338487, -0.8030760663725315, -0.7797822597476656, -0.820260743879864, -0.8397570327389782, -0.8094041023884745, -0.8581984232468786, -0.8993167780723347, -0.8083225974923924, -0.9248189379341104, -0.9317820419343322, -0.8816139827619208, -0.9205784926454854, -0.9365315861803583, -0.9321341232571567, -0.9427451128351528, -0.9512632847165912, -0.9987945835618136, -0.8765653809071151, -1.0281585812354177, -1.0265413502386167, -1.004931608851955, -0.996537197161944, -0.9943519522871379, -1.016924177137166, -1.0130567033942912, -1.0235555881096048, -1.0691264745844982], "bean_num": 0.5, "model_info": {"det_num_x": 10, "det_num_y": 10, "det_y": 0.03, "det_x": 0.03, "size_x": 0.5, "size_y": 0.5, "med_margin": 0.0015}}