{"source": [-113.83246440845464, -84.66735918464344], "intensity": 100, "miu_detector": 0.3, "miu_medium": 1.2, "miu_air": 0.00018, "output": [0.0, 0.0, 0.0, 0.0, 0.9287252561831126, 0.07127474381688734, 0.0, 0.0, 0.0, 0.0, 0.0, 0.0, 0.0, 0.0, 0.0, 0.0, 0.0, 0.0, 0.0, 0.0, 0.0, 0.0, 0.0, 0.0, 0.0, 0.0, 0.0, 0.0, 0.0, 0.0, 0.0, 0.0, 0.0, 0.0, 0.0, 0.0, 0.0, 0.0, 0.0, 0.0], "miu_de": 0.5, "input": [-1.1592369830536446, -1.1178081928133141, -1.0455387318888265, -0.9443747333613033, -0.8101274619477007, -0.5655418167797687, -0.2534931872424942, 0.17913038896918854, 0.8367479340005737, 1.609538389012586, -1.1396452451368346, -1.0778831144906063, -0.9867503257694297, -0.8827067229136133, -0.6860484031389532, -0.42936875577864353, -0.036001049342414645, 0.4397568475444447, 1.2498747654669262, 2.036664476205998, -1.1251181426251722, -1.061837007683485, -0.9670462554732375, -0.832797330644279, -0.6693442143142959, -0.38330287301830057, 0.02371458215603388, 0.5273753774901508, 1.2712629079542916, 2.099622361177064, -1.124094767972339, -1.0569225879395319, -0.9582995631408152, -0.8107061267317537, -0.641171394582328, -0.3737848226552435, 0.008241994317321949, 0.570088770214932, 1.3270729915453852, 2.0819408446956937, -1.1121987744162631, -1.0406064573302019, -0.9429235748675533, -0.8218740810232048, -0.6332677675873408, -0.3453574429128497, 0.03474273402435895, 0.602732310696889, 1.3359538132460302, 2.0950151283678773, -1.0970081513555174, -1.0266709049780254, -0.9268954157517109, -0.8095769221594517, -0.6228026764016001, -0.34559326523665074, 0.026476889453738023, 0.5749520747978336, 1.3262198013558657, 2.1103863159629235, -1.0761348199112015, -1.008468789899813, -0.8957551910695162, -0.7744508184365574, -0.6086263138672342, -0.3439257166291885, 0.03881987298157495, 0.5809017850151086, 1.3116205138984067, 2.1390230508182504, -0.9982228574170539, -0.8911909715839736, -0.8408282296748368, -0.7354730127877364, -0.5595994414935356, -0.3341479871074685, 0.042337149318791414, 0.5611204623013634, 1.3100397648208537, 2.079989501431275, -0.6817662421583354, -0.5482823223021204, -0.5173682951915727, -0.429992696640627, -0.36057831702474, -0.2227463135298169, 0.04643711437282039, 0.5704519561472481, 1.242084532367667, 2.0922811660157437, 0.3489196834329131, 0.5161063055267474, 0.5797521575710929, 0.624495035271101, 0.690347766547795, 0.7535609932143211, 0.8110990240827128, 0.94400449050764, 1.226702819648619, 1.8136767372358877], "bean_num": 0.5, "model_info": {"det_num_x": 10, "det_num_y": 10, "det_y": 0.03, "det_x": 0.03, "size_x": 0.5, "size_y": 0.5, "med_margin": 0.0015}}