{"source": [6.645632611926839, 557.7758997346033], "intensity": 100, "miu_detector": 0.3, "miu_medium": 1.2, "miu_air": 0.00018, "output": [0.0, 0.0, 0.0, 0.0, 0.0, 0.0, 0.0, 0.0, 0.0, 0.0, 0.0, 0.0, 0.0, 0.0, 0.0, 0.0, 0.0, 0.0, 0.0, 0.0, 0.0, 0.0, 0.0, 0.0, 0.0, 0.0, 0.0, 0.0, 0.0, 0.07584660697867127, 0.9241533930213287, 0.0, 0.0, 0.0, 0.0, 0.0, 0.0, 0.0, 0.0, 0.0], "miu_de": 0.5, "input": [1.1466074970658808, 0.08412461583410685, -0.5391045850409302, -0.8371295726640537, -1.031739998560937, -1.1326089363725695, -1.1970503853441694, -1.21091234963652, -1.2234732815537992, -1.2526317752086051, 1.3440148319622975, 0.34536097745834937, -0.3801987576772327, -0.7477264648858839, -0.9593683416642751, -1.0883245079550738, -1.1385425526568205, -1.150067531903504, -1.1769991623279867, -1.2026737121380762, 1.4054831936380603, 0.3931634047287886, -0.32317401732582246, -0.6976170388222558, -0.9310513232043285, -1.0255793392955437, -1.0773002328790622, -1.0981717561854007, -1.1104088119835347, -1.1468055895288054, 1.4389962275331365, 0.41040441641083647, -0.2985088256675669, -0.6915391239202575, -0.8821124059773033, -0.9558177073470872, -0.9962983278419929, -0.9919592995100086, -1.0227986838827867, -1.087771034196642, 1.444803907257979, 0.4456308583263842, -0.24366732779325298, -0.6261926425464764, -0.7975661068058931, -0.8180056048091509, -0.845308000667162, -0.8648550335608192, -0.8957687890715493, -0.9608182337473148, 1.4596088440848873, 0.426872127428655, -0.22131874091219025, -0.5031051444360527, -0.5940095536964974, -0.6081712966091354, -0.6231991610416097, -0.6479021438915736, -0.696043413980332, -0.7897334437364404, 1.499629418282996, 0.5012765997893014, -0.12074145598489948, -0.2076275578451226, -0.2435445212612968, -0.22690011249710998, -0.3120555346344048, -0.3206428430702919, -0.347970423065962, -0.4895492796462115, 1.5021369144496235, 0.5656133772311113, 0.3017157399928969, 0.27219703150779023, 0.2676927976887312, 0.24595846008559794, 0.21170807453373894, 0.16514100637206092, 0.12307637521182774, -0.09070723080986003, 1.5302747380708734, 0.9875652990757467, 0.995504476673747, 1.029511411963838, 0.9795336521019573, 0.9838806067599992, 0.972431190794463, 0.945759030145009, 0.8872459094692859, 0.5571512787811066, 1.6606355592053061, 1.7885140470853802, 1.8479637974729277, 1.918148949665081, 1.885160090933366, 1.9304300986897243, 1.8560204201302062, 1.815796017538311, 1.7201051533446092, 1.40802060450345], "bean_num": 0.5, "model_info": {"det_num_x": 10, "det_num_y": 10, "det_y": 0.03, "det_x": 0.03, "size_x": 0.5, "size_y": 0.5, "med_margin": 0.0015}}