{"source": [290.7619772525137, -842.0141057177015], "intensity": 100, "miu_detector": 0.3, "miu_medium": 1.2, "miu_air": 0.00018, "output": [0.0, 0.0, 0.0, 0.0, 0.0, 0.0, 0.0, 0.0, 0.0, 0.0, 0.0, 0.0, 0.8832582954009954, 0.11674170459900453, 0.0, 0.0, 0.0, 0.0, 0.0, 0.0, 0.0, 0.0, 0.0, 0.0, 0.0, 0.0, 0.0, 0.0, 0.0, 0.0, 0.0, 0.0, 0.0, 0.0, 0.0, 0.0, 0.0, 0.0, 0.0, 0.0], "miu_de": 0.5, "input": [1.682534103592874, 0.867515672770796, 0.1747709150337969, -0.24860715123775867, -0.5679725385141893, -0.7762738929753097, -0.9913129337234667, -1.0597092421369494, -1.1482477184544169, -1.1568256142630533, 2.0379470068905388, 1.230350663409724, 0.487103817378091, -0.026559878543880318, -0.4778664658185587, -0.7143321849441728, -0.8743110043537183, -0.9894832240221977, -1.105766490966823, -1.1433363775360363, 2.157041193645784, 1.3281567713083444, 0.5390270681043114, -0.04771052279506452, -0.3946802169378318, -0.6847665452647543, -0.879549537687415, -0.9811874903366842, -1.1063750226950015, -1.1813169286595744, 1.9480309086802872, 1.3361845239748713, 0.556566987632206, 0.014604578572468926, -0.36217402832866136, -0.6234003820842601, -0.8422926874425678, -0.9704755467022164, -1.0436999288346405, -1.147612015746634, 2.082231881206911, 1.3156993594404336, 0.6188095339163993, -0.015754403626146902, -0.2724565337137236, -0.5266436935212079, -0.8347576591354865, -0.9703754664503538, -1.0262353266461777, -1.1469995158268327, 2.0936752711002904, 1.2872396948223506, 0.5614299385075263, 0.017894275570588303, -0.39661728562790377, -0.6462319894912171, -0.7789176176538598, -0.9597144780967313, -1.044837580793409, -1.1395611162067887, 2.072973596228278, 1.3881235859918277, 0.5208412499105184, 0.007394663533023853, -0.43036844696473375, -0.677309018164614, -0.7928309131035693, -0.8862263062616125, -0.9982660417335871, -1.102176603770958, 2.0231887181043864, 1.2598493701596636, 0.43101395334252063, 0.025622450302623084, -0.31670163282771147, -0.6406899402024836, -0.7278622605943363, -0.8522908381889273, -0.8684066265725545, -0.9680393351461449, 1.959355727150042, 1.1961870923407365, 0.4076270944336938, 0.011605163740325452, -0.17947530393863656, -0.2999596660322691, -0.3121548590176141, -0.4425258969917122, -0.398962311920651, -0.5965081509558104, 1.7550169991703426, 1.1815940105064549, 1.0361651300330117, 0.8384020380186589, 0.7975683823335549, 0.7849097035894748, 0.7051251895049138, 0.7930375040875141, 0.7275764962728515, 0.5357101058705749], "bean_num": 0.5, "model_info": {"det_num_x": 10, "det_num_y": 10, "det_y": 0.03, "det_x": 0.03, "size_x": 0.5, "size_y": 0.5, "med_margin": 0.0015}}