{"source": [799.1870794639386, 423.88314511965865], "intensity": 100, "miu_detector": 0.3, "miu_medium": 1.2, "miu_air": 0.00018, "output": [0.0, 0.0, 0.0, 0.0, 0.0, 0.0, 0.0, 0.0, 0.0, 0.0, 0.0, 0.0, 0.0, 0.0, 0.0, 0.0, 0.0, 0.0, 0.0, 0.0, 0.0, 0.0, 0.0, 0.8954265339998296, 0.10457346600017034, 0.0, 0.0, 0.0, 0.0, 0.0, 0.0, 0.0, 0.0, 0.0, 0.0, 0.0, 0.0, 0.0, 0.0, 0.0], "miu_de": 0.5, "input": [-1.2433787238317513, -1.1964193732491, -1.186441151068197, -1.198774872679713, -1.1659222102338538, -1.1227096653014492, -1.0120116582479328, -0.7613667161796943, -0.10894045363414068, 1.0648301818645205, -1.2011508718160995, -1.1258699751575771, -1.1430055027572497, -1.1528370604569627, -1.1034235315526746, -1.0470809412504092, -0.9042010465167004, -0.5936734946650343, -0.02748172297255872, 1.1630391497204122, -1.109621997043049, -1.0702555367873685, -1.0416628506932195, -1.0421003421046562, -0.9835502572798602, -0.9768210843737695, -0.8309553279013481, -0.5917994650738054, -0.02011757203193298, 1.200327669393289, -0.9987142855590334, -0.9554803535991765, -0.9388128430447168, -0.9472652673889296, -0.9148947941894654, -0.9025893062784803, -0.8405513121045181, -0.503812426590032, 0.060764559875133774, 1.1853434874540338, -0.9229136488957077, -0.7969048254719763, -0.771154625841951, -0.7324279203772815, -0.7271610351648435, -0.6759400251263559, -0.6789732938723231, -0.489523081643401, 0.1892547460170989, 1.1856652225970488, -0.6671182665980351, -0.5872159418678138, -0.5061438772470422, -0.49819796495302227, -0.5030322074745157, -0.4915149918062479, -0.48859232895866334, -0.39538959018337405, 0.2087276138124683, 1.2288535153505116, -0.41782415290346, -0.2337520188632844, -0.2354379270608033, -0.10949079934846717, -0.11676830544951071, -0.1455839835061126, -0.14599272414918815, -0.10255186500736797, 0.20341431476994848, 1.2611703585545833, 0.09688399216665229, 0.28086725648776156, 0.4463501719328914, 0.40275179963761204, 0.46933899914586885, 0.47398982897126224, 0.3661550264631755, 0.3609305105129806, 0.5460931603077869, 1.3618908923765463, 0.7405796767220012, 0.993331373488029, 1.1326985430561647, 1.127538525383424, 1.1583901314285108, 1.2271931475449096, 1.1873320364468318, 1.0578249898763037, 1.093956684711376, 1.3883385816259164, 1.5038795118528043, 1.9700634624158764, 1.953407513968496, 1.8095699089101418, 1.9387891014243366, 1.9292911270263613, 1.977335423335209, 1.9578624448796362, 1.7911841949854284, 1.7080905588918787], "bean_num": 0.5, "model_info": {"det_num_x": 10, "det_num_y": 10, "det_y": 0.03, "det_x": 0.03, "size_x": 0.5, "size_y": 0.5, "med_margin": 0.0015}}