{"source": [-298.6627931342157, -936.1925776468948], "intensity": 100, "miu_detector": 0.3, "miu_medium": 1.2, "miu_air": 0.00018, "output": [0.0, 0.0, 0.0, 0.0, 0.0, 0.0, 0.0, 0.0, 0.9659608036449067, 0.03403919635509332, 0.0, 0.0, 0.0, 0.0, 0.0, 0.0, 0.0, 0.0, 0.0, 0.0, 0.0, 0.0, 0.0, 0.0, 0.0, 0.0, 0.0, 0.0, 0.0, 0.0, 0.0, 0.0, 0.0, 0.0, 0.0, 0.0, 0.0, 0.0, 0.0, 0.0], "miu_de": 0.5, "input": [-1.2554953879055148, -1.2392443589968951, -1.2117329543882616, -1.1430441780678413, -1.0128159724319545, -0.9171358618291868, -0.6472335580140965, -0.19865537434194816, 0.497183867823283, 1.3416090203094726, -1.2471564920536724, -1.1745745959152385, -1.154742586919782, -1.0843770683836744, -0.9646208593774336, -0.7629083734515266, -0.4981720028574482, -0.047163043802732584, 0.7485025422521996, 1.7194542802624424, -1.2158236441969854, -1.1701115470836045, -1.1128736917569235, -1.0598374065724034, -0.9390002677677011, -0.7743369850227726, -0.43294304617917767, 0.044629333458163875, 0.708770232631073, 1.7330421797382092, -1.146783756702562, -1.1483373001194204, -1.0819188583943127, -1.0249229204323318, -0.9422536746099558, -0.7486080999971203, -0.4193224810951353, 0.09863911743710883, 0.7714288733183339, 1.7021048135531254, -1.0843198977222355, -1.0390588597600738, -0.9907039890258796, -0.9557843522122063, -0.8834023838058025, -0.6947338693935644, -0.36743489585267963, 0.06407500223269728, 0.6910053108091914, 1.6914158243361415, -0.9153418093439416, -0.8399877450442579, -0.8129454649656678, -0.7852264984832031, -0.7593095221810556, -0.6636304154198508, -0.35984540580306923, 0.1107166114788001, 0.7588801280774233, 1.7461907358698763, -0.7058095494010553, -0.5529796774225708, -0.5806977251643826, -0.5548346135383043, -0.5016297986157932, -0.46570199588507755, -0.3411773760579918, 0.08554143500140372, 0.820874301521114, 1.71801456235447, -0.3633601100570575, -0.17103452403396835, -0.08171983694263157, -0.12360767721650785, -0.07812272182031697, -0.01752089745532456, 0.03251661305370181, 0.23555545081642693, 0.8581926715239537, 1.7018044627552704, 0.34089776112947073, 0.5361402876769209, 0.6303567845119525, 0.739795100335031, 0.6894245887614944, 0.6696818395214454, 0.7314299883571822, 0.6797899254885154, 0.850838193121839, 1.6517403826523582, 1.401797606770667, 1.5752317659749748, 1.5087372321118993, 1.6725952303920388, 1.7088175470105436, 1.6669160593134347, 1.6192009635295574, 1.5970329947014796, 1.6673418429570417, 1.6481544963603598], "bean_num": 0.5, "model_info": {"det_num_x": 10, "det_num_y": 10, "det_y": 0.03, "det_x": 0.03, "size_x": 0.5, "size_y": 0.5, "med_margin": 0.0015}}