{"source": [928.1289154192821, 338.43302463900585], "intensity": 100, "miu_detector": 0.3, "miu_medium": 1.2, "miu_air": 0.00018, "output": [0.0, 0.0, 0.0, 0.0, 0.0, 0.0, 0.0, 0.0, 0.0, 0.0, 0.0, 0.0, 0.0, 0.0, 0.0, 0.0, 0.0, 0.0, 0.0, 0.0, 0.0, 0.0, 0.7740129176409708, 0.22598708235902926, 0.0, 0.0, 0.0, 0.0, 0.0, 0.0, 0.0, 0.0, 0.0, 0.0, 0.0, 0.0, 0.0, 0.0, 0.0, 0.0], "miu_de": 0.5, "input": [1.724389645790632, 1.9175519139776718, 1.9100144329315472, 2.08372110928183, 1.9566728134909424, 1.960067447619782, 1.9876190534875993, 1.9040497179278897, 1.935570429003241, 1.621553366284323, 1.3202029190373548, 1.1199806189898263, 1.1958739385118022, 1.1590310870579226, 1.1721472673317939, 1.2169803892358733, 1.2021570655779934, 1.149125990532477, 1.1279183834261208, 0.758310610180112, 1.2751331391219527, 0.5212034937393719, 0.4699110828042136, 0.41150521361842474, 0.43599664780608566, 0.43345644901681696, 0.43667397659776275, 0.4620834169770761, 0.42097421902581944, 0.07685147031615877, 1.1785122121511862, 0.13423668321546653, -0.05501093061691456, -0.07641320342936683, -0.04944571493385617, -0.059687491497390825, -0.11231387743808166, -0.07914612879678216, -0.20031937215648463, -0.3884239501459601, 1.1673459903095562, 0.037138373443933816, -0.402344680766471, -0.39460755006284065, -0.47583920454030176, -0.45516917290401787, -0.5104172659863164, -0.47760464864126767, -0.5725813091799363, -0.6716277430358403, 1.1665407411572308, -0.022405800776799895, -0.5122715049596641, -0.6347778894201396, -0.7140486787347099, -0.7355452929286035, -0.7204092917777776, -0.7279829307426983, -0.7935729748681606, -0.8734330820736728, 1.0600173593102045, -0.0524526308209269, -0.6267747317611947, -0.8185739618844625, -0.8877271461513064, -0.9005276214884675, -0.9131056940071554, -0.9168406447659413, -0.9477478548596292, -1.0202498750408888, 1.0853044484862995, -0.05475296928156372, -0.6438353318851, -0.9036568336591386, -0.9654080521927769, -1.0004224091056233, -1.012140911676057, -1.0318205110141212, -1.0573732323758, -1.1128118143383592, 1.08474654920844, -0.09668387925165398, -0.6778658357870059, -0.9653912990820667, -1.0558147773639834, -1.0887008883329876, -1.1059069466856026, -1.1175566098784822, -1.1345038039977977, -1.1441098480343712, 0.788427769168467, -0.2779825572617687, -0.7827407979075023, -1.0081098710066343, -1.1250517587608464, -1.1642325136382439, -1.1622087613974799, -1.1788881863910299, -1.1842779943920154, -1.2173491892591335], "bean_num": 0.5, "model_info": {"det_num_x": 10, "det_num_y": 10, "det_y": 0.03, "det_x": 0.03, "size_x": 0.5, "size_y": 0.5, "med_margin": 0.0015}}