{"source": [745.672416045377, 657.3855244531865], "intensity": 100, "miu_detector": 0.3, "miu_medium": 1.2, "miu_air": 0.00018, "output": [0.0, 0.0, 0.0, 0.0, 0.0, 0.0, 0.0, 0.0, 0.0, 0.0, 0.0, 0.0, 0.0, 0.0, 0.0, 0.0, 0.0, 0.0, 0.0, 0.0, 0.0, 0.0, 0.0, 0.0, 0.40006312869346394, 0.5999368713065361, 0.0, 0.0, 0.0, 0.0, 0.0, 0.0, 0.0, 0.0, 0.0, 0.0, 0.0, 0.0, 0.0, 0.0], "miu_de": 0.5, "input": [-1.2597917720806053, -1.2460391741703511, -1.2116138622202446, -1.1544772395842493, -1.0543357738482626, -0.9415923889706383, -0.7311584977627706, -0.33590628540798334, 0.4013903367873965, 1.3229660722234877, -1.222123385067931, -1.202635208514925, -1.1838832613872754, -1.1070991961886183, -1.0314712823025651, -0.8742144433465904, -0.5961044396292556, -0.18328557818288296, 0.49107174196659825, 1.6333015363538874, -1.1769004461586714, -1.1338770977274206, -1.098120267664136, -1.1011106236554289, -1.0082494906195663, -0.8448946105942916, -0.622753730365637, -0.1064666532190815, 0.5766197876590603, 1.5792214555282467, -1.1421036134459766, -1.075889712639821, -1.0493465137886169, -1.014053030473672, -0.9543936676151918, -0.8458296137302667, -0.5744374097840148, -0.1805806874745089, 0.6146356020694405, 1.5735199509372229, -1.0384039671296235, -0.9479240218866798, -0.9479695859096238, -0.9004304266850854, -0.8599784915800982, -0.7871663555614141, -0.5209232117290753, -0.07341680866467563, 0.5924082315886834, 1.5764313090567275, -0.8626710743011636, -0.8124206268667061, -0.7334196275059837, -0.6607114232052443, -0.6740189472800705, -0.6688010183215678, -0.517151082015196, -0.11562006360439225, 0.5229113158947202, 1.620539784718564, -0.5818540990219176, -0.4456984500360166, -0.4268860466182774, -0.4146415927074974, -0.35005654742512016, -0.4060918474711634, -0.33372057841518504, -0.08106858790419987, 0.7217858223072264, 1.6001478855499667, -0.169182260497412, -0.01405342496112512, 0.10679360441208575, 0.06564632810326299, 0.10289121089152059, 0.16179865672248409, 0.16492325451063333, 0.2225071970374096, 0.6958120373304573, 1.582304389187929, 0.4613309210657971, 0.6606640041445646, 0.9188549531437814, 0.7086907271909788, 0.9227814200821012, 1.0786794279709273, 0.7719354866392938, 0.8006637099178251, 0.8877685541232625, 1.5870502985006325, 1.4077327665736188, 1.725789111232579, 1.7416789628776213, 1.7377489633722365, 1.7081447551353437, 1.682193995235267, 1.8580445301446482, 1.7365428984952507, 1.7266307703268613, 1.5564653579163683], "bean_num": 0.5, "model_info": {"det_num_x": 10, "det_num_y": 10, "det_y": 0.03, "det_x": 0.03, "size_x": 0.5, "size_y": 0.5, "med_margin": 0.0015}}