{"source": [84.68974786987631, 68.5804056003367], "intensity": 100, "miu_detector": 0.3, "miu_medium": 1.2, "miu_air": 0.00018, "output": [0.0, 0.0, 0.0, 0.0, 0.0, 0.0, 0.0, 0.0, 0.0, 0.0, 0.0, 0.0, 0.0, 0.0, 0.0, 0.0, 0.0, 0.0, 0.0, 0.0, 0.0, 0.0, 0.0, 0.0, 0.6666666666666669, 0.3333333333333331, 0.0, 0.0, 0.0, 0.0, 0.0, 0.0, 0.0, 0.0, 0.0, 0.0, 0.0, 0.0, 0.0, 0.0], "miu_de": 0.5, "input": [-1.522692403685764, -1.4910721281242334, -1.453428165493157, -1.3598884008033447, -1.303071964917146, -1.1001082844171968, -0.8740732758911478, -0.5142465936719449, 0.07778003021130728, 0.9737300860678828, -1.4785639388102816, -1.3869163080479443, -1.3251391881133916, -1.2491334135669196, -1.1667435996889108, -0.9335414944714079, -0.6094294357489283, -0.22324453422665258, 0.40704083747629405, 1.2719511685841987, -1.3460659311948895, -1.2373494155594424, -1.2200573186487143, -1.1612104844697606, -1.040398640649621, -0.9543093863435783, -0.6262035604658234, -0.058278162566242936, 0.504952401411692, 1.346902067003655, -1.1985361221865711, -1.1869909050211798, -1.1215290983458217, -1.0852029383132693, -1.023736318186947, -0.7933300693228685, -0.4958071184078507, 0.06606519044630361, 0.6785543198221125, 1.4401470598340926, -1.0415958449516372, -0.9838103770102526, -0.9139977491576964, -0.7963924150212432, -0.7313243490252621, -0.6590002254243991, -0.4416532724175562, 0.06708516850002352, 0.7532250876737548, 1.3709158149523943, -0.8167852042752071, -0.6454676522575495, -0.6773153315695495, -0.5560257289151767, -0.449439290938108, -0.49712491494741035, -0.318705959665339, 0.07130462725023695, 0.6209551277996079, 1.4314871900731767, -0.609456221895379, -0.16451564140469815, -0.246864742956485, -0.256201600707527, -0.10840954562391009, -0.09830080941415432, -0.029662771078104964, 0.182554092442948, 0.6272469907890573, 1.3665732940522692, -0.14116590611661586, 0.25686914750724815, 0.21980923817994502, 0.4438499922397611, 0.24285852787124484, 0.38618886270170694, 0.4450532218702945, 0.5410007403482234, 0.7930849505597893, 1.4310013741380911, 0.49382246282857367, 0.8148631650376787, 1.0459802860410463, 1.0240681476117297, 1.0228750680702776, 1.059805649048711, 1.0275965131636802, 1.045779426256907, 0.8940760147093322, 1.4993803162033255, 0.9506060273541268, 1.5941510332994135, 1.7318399065853758, 1.5402691723995785, 1.7820039794058251, 1.711311720998448, 1.6792104090097455, 1.7404053957299612, 1.485739982111511, 1.5615428684616632], "bean_num": 0.5, "model_info": {"det_num_x": 10, "det_num_y": 10, "det_y": 0.03, "det_x": 0.03, "size_x": 0.5, "size_y": 0.5, "med_margin": 0.0015}}