{"source": [-80.70886164017512, -89.63627179519621], "intensity": 100, "miu_detector": 0.3, "miu_medium": 1.2, "miu_air": 0.00018, "output": [0.0, 0.0, 0.0, 0.0, 0.0, 0.6666666666666704, 0.33333333333332954, 0.0, 0.0, 0.0, 0.0, 0.0, 0.0, 0.0, 0.0, 0.0, 0.0, 0.0, 0.0, 0.0, 0.0, 0.0, 0.0, 0.0, 0.0, 0.0, 0.0, 0.0, 0.0, 0.0, 0.0, 0.0, 0.0, 0.0, 0.0, 0.0, 0.0, 0.0, 0.0, 0.0], "miu_de": 0.5, "input": [0.7591347479020878, 0.18339226239286577, -0.5346150746610044, -0.9069601498313569, -1.205168210102733, -1.2106386940320846, -1.4612239970441137, -1.4944996828079635, -1.4739811862727707, -1.519186935416501, 1.3051195790328975, 0.4105621539259156, -0.3108832460416616, -0.6352651689956157, -0.9723286351687165, -1.198802371858343, -1.2935392137009585, -1.3485517840213326, -1.3255158523438872, -1.4323166013836903, 1.23581782399528, 0.494715334168987, -0.07984269022909002, -0.5926107771168144, -0.9338140090041418, -1.1728843408348704, -1.1522219413820058, -1.2933158029806837, -1.255685572076774, -1.327615367905479, 1.125711977103089, 0.5523287820140926, -0.16305237705538875, -0.6333280472136129, -0.8545845180059843, -0.9747639218017714, -1.0539932091744018, -1.059240979295157, -1.1223983440158167, -1.2160940658380075, 1.1591415953767603, 0.453785241918988, -0.04845579816251429, -0.5311488291266052, -0.6694389999425961, -0.7107971003115934, -0.7946536008890701, -0.7546077831523696, -0.8808631170780953, -1.0120741557349973, 1.2202717818326048, 0.7976981957117566, -0.03372970458739665, -0.3369238030328117, -0.43590877919354143, -0.5494929987053044, -0.5030169019272578, -0.5579089284645931, -0.5736767882806756, -0.868060565201575, 1.3518034350962973, 0.7004413761716927, 0.20100707235989357, 0.04057520857811889, 0.03930920335527329, -0.25372910619026373, -0.07014210415440093, -0.17554942544431718, -0.2306026450639127, -0.4734596010607104, 1.5188580605657531, 0.7798301392951068, 0.5008227826490481, 0.4496987311705246, 0.4123040070769725, 0.43666144702754744, 0.581686388176204, 0.36516745251487964, 0.14095351000745637, -0.13024068288341975, 1.3697808437717578, 1.0905100930938871, 0.9933906280975252, 1.2686598624246, 1.1672971806563386, 1.1802211796934075, 0.844428363037295, 1.1406787943080368, 0.9216477297193527, 0.472606200708238, 1.3334883170808856, 1.58189971361993, 1.8483181134623936, 1.746349986790913, 1.7995648695566058, 1.7274428840698801, 1.7214776890057746, 1.6614807846162878, 1.5278669534453697, 1.1894957096221987], "bean_num": 0.5, "model_info": {"det_num_x": 10, "det_num_y": 10, "det_y": 0.03, "det_x": 0.03, "size_x": 0.5, "size_y": 0.5, "med_margin": 0.0015}}