{"source": [-117.78282434391608, -88.75572431690388], "intensity": 100, "miu_detector": 0.3, "miu_medium": 1.2, "miu_air": 0.00018, "output": [0.0, 0.0, 0.0, 0.0, 0.8888888888888902, 0.11111111111110986, 0.0, 0.0, 0.0, 0.0, 0.0, 0.0, 0.0, 0.0, 0.0, 0.0, 0.0, 0.0, 0.0, 0.0, 0.0, 0.0, 0.0, 0.0, 0.0, 0.0, 0.0, 0.0, 0.0, 0.0, 0.0, 0.0, 0.0, 0.0, 0.0, 0.0, 0.0, 0.0, 0.0, 0.0], "miu_de": 0.5, "input": [-1.364586911055135, -1.3343979130653203, -1.3652607148271754, -1.2243512833978056, -1.249446580088021, -1.1526490831297256, -1.2787044219307813, -1.0582616259406576, -0.739771267435905, 0.5767991642792732, -1.316461021053777, -1.1026273239882571, -1.1053186477799755, -1.1026795558133196, -0.9449629870318914, -1.1909861818987741, -1.1403532441990636, -0.9388079007393819, -0.7485357433382743, 0.2671953721631564, -1.198903424521782, -0.9279379512133249, -1.0429272767984206, -0.9653241537382293, -0.8455727675683476, -0.9386909432943525, -0.8912446687052255, -0.9678696791016118, -0.6679102310872218, 0.4137384817303378, -0.9406053255080884, -0.8235590885912569, -0.8682493965027265, -0.6304080661704188, -0.7664303791005389, -0.6121646732902071, -0.5222221473365335, -0.5379706844530403, -0.4955635667471646, 0.19335821159173255, -0.9085536500512963, -0.6673053872692752, -0.5212232656982101, -0.6733128669848976, -0.5821685916647015, -0.4419917494551701, -0.42426133894193313, -0.565645926201678, -0.43558175042334557, 0.569905911157878, -0.5796047490012394, -0.42382356563310297, -0.33142564588147266, -0.3542728377232007, -0.18452096032561308, -0.04240684582052678, -0.15067245323475725, -0.2492570697463625, -0.4521801017955705, 0.2981585174409916, -0.35829114776960647, 0.0997063874452343, 0.15946164936269855, 0.2478110231452648, -0.04093673815726781, 0.38750672816073345, 0.1437664639573907, 0.34954598666840686, 0.2639326877507095, 0.6758714960500732, 0.2511521843054982, 0.6691967138824523, 0.8193174997891376, 0.9127441231541175, 0.7665293473376473, 0.760670994631187, 0.9509145480852318, 0.6159920749879868, 0.8545096800695077, 0.6999304428664788, 0.9775098611505394, 1.6785017973715033, 1.5408947837697238, 1.4362460101969414, 1.5718659548689795, 1.4641729792147393, 1.3527024940195183, 1.1024888363093723, 1.312367693729054, 1.234402937055634, 1.1687231883480456, 1.6730879252821604, 2.112263415086779, 1.7996862050986806, 2.140920083437731, 1.914495796988885, 1.9659786353013597, 2.0609023618774014, 1.6738901462828044, 1.2603366768179611], "bean_num": 0.5, "model_info": {"det_num_x": 10, "det_num_y": 10, "det_y": 0.03, "det_x": 0.03, "size_x": 0.5, "size_y": 0.5, "med_margin": 0.0015}}