{"source": [152.41710302759407, 5.322522521426578], "intensity": 100, "miu_detector": 0.3, "miu_medium": 1.2, "miu_air": 0.00018, "output": [0.0, 0.0, 0.0, 0.0, 0.0, 0.0, 0.0, 0.0, 0.0, 0.0, 0.0, 0.0, 0.0, 0.0, 0.0, 0.0, 0.0, 0.0, 0.0, 0.0, 0.7777777777777778, 0.22222222222222224, 0.0, 0.0, 0.0, 0.0, 0.0, 0.0, 0.0, 0.0, 0.0, 0.0, 0.0, 0.0, 0.0, 0.0, 0.0, 0.0, 0.0, 0.0], "miu_de": 0.5, "input": [1.2973225662423065, 1.3290218645202827, 1.3203147077926836, 0.9984418519104727, 0.7684020311702583, 0.6290686865064384, 0.5149398838831046, 0.6101457939344233, 0.8152117922950656, 0.3305756956964896, 1.8547217171511108, 1.5449899148222033, 0.7480204783879605, 0.14706444112337874, 0.04624066921583564, -0.22009478122519127, -0.16431103519476287, -0.13314488421384274, -0.31359539767565026, -0.4792636844668455, 2.0248047439657895, 1.250200636887809, 0.9153426679699244, 0.44219151895015596, -0.3404555392347172, -0.5042602220967244, -0.7350841442360669, -0.7317330527067056, -0.8342029068814673, -1.0144120146766442, 1.8501277867278993, 1.2845321101071059, 0.9631233025799822, 0.11870626355983889, -0.1935494436862208, -0.7025237125153954, -0.8139997453522143, -0.9156282624326784, -1.1279889667902525, -1.1978374452240108, 1.9798637018118646, 1.3921396418938266, 0.7106393737513306, 0.23556742748986495, -0.29499788200592614, -0.6173915527618943, -0.7814929848518688, -0.8377926173832092, -1.1829074927489251, -1.3299937034204736, 1.601203463855367, 1.2276706966738353, 0.7246854782752751, 0.25144434815374866, -0.14742013303243606, -0.6504741056763211, -0.8488698203009666, -1.0168445035926739, -1.0842581706138927, -1.293028813525485, 1.7650019156362229, 1.289067481829226, 0.6305992919634297, 0.07082745419587239, -0.23705697675931175, -0.45280812828572053, -0.86872780136089, -1.0625258017158732, -1.2245258940442472, -1.3116141624250173, 1.6476321761722483, 1.2534559243775578, 0.7218614515230344, 0.0888175594499009, -0.12679930123149236, -0.7262914329534742, -0.904582035379881, -1.0695038074056888, -1.2439518318853737, -1.3553795290768578, 1.7259171865102452, 1.262842979781547, 0.5200185126214909, 0.03256528973108933, -0.33170428882383984, -0.7175045561805578, -0.9214734461353923, -1.1424584386234171, -1.084227983324717, -1.4429467610153897, 1.6082932000364654, 0.6692920714386061, 0.249371989892921, -0.23009667725847158, -0.6001779903855203, -0.7979624026579596, -1.0516943228504634, -1.2265460356767288, -1.3390137557586428, -1.4851593627271142], "bean_num": 0.5, "model_info": {"det_num_x": 10, "det_num_y": 10, "det_y": 0.03, "det_x": 0.03, "size_x": 0.5, "size_y": 0.5, "med_margin": 0.0015}}