{"source": [153.9382007864789, 32.72057466884344], "intensity": 100, "miu_detector": 0.3, "miu_medium": 1.2, "miu_air": 0.00018, "output": [0.0, 0.0, 0.0, 0.0, 0.0, 0.0, 0.0, 0.0, 0.0, 0.0, 0.0, 0.0, 0.0, 0.0, 0.0, 0.0, 0.0, 0.0, 0.0, 0.0, 0.0, 0.6666666666666669, 0.3333333333333331, 0.0, 0.0, 0.0, 0.0, 0.0, 0.0, 0.0, 0.0, 0.0, 0.0, 0.0, 0.0, 0.0, 0.0, 0.0, 0.0, 0.0], "miu_de": 0.5, "input": [-1.5746077452699823, -1.4641500498502058, -1.5473761676680444, -1.1975068784349079, -1.258676170471123, -1.1834226314211906, -0.5387085985311135, -0.4475117761872918, 0.07797970777521335, 0.9345662864200177, -1.6188630498575696, -1.222374899755555, -1.25179339078764, -1.2229391393813356, -1.0319446928454041, -0.9182131642985831, -0.5860724524460972, -0.0402762639147599, 0.8335464666503648, 1.315287136922357, -1.3817452822559668, -1.4357541489725005, -1.2051120694411228, -1.087020918760032, -0.8487997207649856, -0.7388301560727161, -0.44476260025776526, -0.08343022199128956, 0.7381603895185004, 1.2362164047212119, -1.2418870611746822, -1.0572891728050184, -1.2107263340516643, -1.083195900004344, -0.8113453267273861, -0.8310465228754444, -0.41408901356371836, 0.0674538130955169, 0.8633438911459689, 1.432474663705295, -1.2330620085822543, -0.7898936225930738, -0.9962612018511295, -1.003271961049866, -0.9370621257219021, -0.6620586412062412, -0.2733167812299766, -0.07983218012981125, 1.137523245862555, 1.2975588654234493, -0.9260393543863118, -0.6787674928897782, -0.6943633234103532, -0.6382390131441172, -0.39712135720356, -0.564883374208205, -0.19999527418894303, -0.00903487207470925, 1.0756664912112708, 1.7878023350719625, -0.6845125389502713, -0.47574272935198764, -0.233392594292443, -0.26105363685694466, -0.1081142733716891, -0.07470694538057408, 0.00630788139124306, 0.4989371572006969, 0.720024120135013, 1.3905654467466266, -0.12854534031085282, 0.12694282996099512, 0.49008524592418945, 0.09262676512302849, 0.25522931330629245, 0.1258848566299912, -0.310176086607513, 0.5046748752696507, 0.6148442534916835, 1.5238762072343703, 0.4406515604217474, 0.6552892368775608, 1.00268883155386, 0.3972933031589526, 1.1048852542770782, 1.1530733381206746, 0.8167568665156913, 1.0091433857579537, 1.3117307317603653, 1.6866379778175127, 1.1645473152392067, 2.2203274618330275, 1.257768893397324, 1.345310720202658, 1.6175078364161624, 1.677762991742066, 1.6761282355964622, 1.270693621749612, 1.0165170708305786, 1.3666249666259787], "bean_num": 0.5, "model_info": {"det_num_x": 10, "det_num_y": 10, "det_y": 0.03, "det_x": 0.03, "size_x": 0.5, "size_y": 0.5, "med_margin": 0.0015}}