{"source": [-135.18308293930755, -87.78892053263516], "intensity": 100, "miu_detector": 0.3, "miu_medium": 1.2, "miu_air": 0.00018, "output": [0.0, 0.0, 0.0, 0.3333333333333352, 0.6666666666666647, 0.0, 0.0, 0.0, 0.0, 0.0, 0.0, 0.0, 0.0, 0.0, 0.0, 0.0, 0.0, 0.0, 0.0, 0.0, 0.0, 0.0, 0.0, 0.0, 0.0, 0.0, 0.0, 0.0, 0.0, 0.0, 0.0, 0.0, 0.0, 0.0, 0.0, 0.0, 0.0, 0.0, 0.0, 0.0], "miu_de": 0.5, "input": [0.8596812651787735, 1.0668247325568652, 1.4083550838939345, 1.3601898836538564, 1.5112645453300908, 1.3633695509615922, 2.110113620408242, 0.9706579209941346, 1.3247248268344332, 1.5259940894363404, -0.022418497976105175, 0.145579452401401, 0.12212688591042645, 0.11129596365707801, 0.9067345250410868, 0.3976636059571291, 0.8436616832908782, 1.2405162975216673, 0.9029753226836582, 1.521189535349826, -0.4273477982898949, -0.25285440610920884, -0.2544039130736036, -0.1356993910240991, 0.22062362604609054, -0.10244557060945034, -0.33970070026240434, 0.45904871352779986, 1.4537920935271242, 1.9097644663210587, -1.0111472604515899, -0.6744847540509217, -0.4857426010912688, -0.6103022524310863, -0.18555433964287837, -0.09240998998727687, -0.22872080732805028, 0.20955158409505806, 1.5332850877938142, 1.6646200464518344, -1.1615792612328983, -0.924150948893481, -1.0124748195921554, -0.8364899143871728, -0.7832827273381132, -0.49348039094449503, -0.13813803391204973, 0.23401751046906225, 0.9359883731994045, 1.5136820761162972, -1.2870039773324131, -1.2350578735755968, -1.0380621242952472, -0.8098203885863888, -0.6278781939056389, -0.47582608557758577, 0.12954596836120763, -0.21250485979021125, 0.8093633865213083, 1.589690079627662, -1.30886962716597, -1.1091914902472946, -1.1911783092281287, -1.1492450887604946, -0.8451571757682589, -0.5782068908487521, -0.053229111480071103, 0.2809321296335903, 0.8112121719632658, 1.4749437306538868, -1.5115496352461297, -1.346554399477885, -1.400927326794546, -1.030006676538978, -1.0716712139068263, -0.5720732379797534, -0.09602815805337331, 0.5146175504116209, 1.1107403965617506, 1.1361950831045102, -1.340569701633568, -1.4389641610347723, -1.3280006019310706, -1.110498315197631, -0.7432923586983091, -0.4145804270100417, -0.22761789658077705, 0.6061552728351643, 1.0454101162648057, 1.6060996371679757, -1.627950883569107, -1.3536539140419575, -1.2905628225804557, -0.8723210147754172, -1.0695669660995173, -0.8897134267433905, -0.19032130414179038, 0.101010228206043, 0.8145331888480235, 1.1627427084557758], "bean_num": 0.5, "model_info": {"det_num_x": 10, "det_num_y": 10, "det_y": 0.03, "det_x": 0.03, "size_x": 0.5, "size_y": 0.5, "med_margin": 0.0015}}