{"source": [6.465447760775514, -185.1461996650255], "intensity": 100, "miu_detector": 0.3, "miu_medium": 1.2, "miu_air": 0.00018, "output": [0.0, 0.0, 0.0, 0.0, 0.0, 0.0, 0.0, 0.0, 0.0, 0.0, 0.777777777777776, 0.22222222222222396, 0.0, 0.0, 0.0, 0.0, 0.0, 0.0, 0.0, 0.0, 0.0, 0.0, 0.0, 0.0, 0.0, 0.0, 0.0, 0.0, 0.0, 0.0, 0.0, 0.0, 0.0, 0.0, 0.0, 0.0, 0.0, 0.0, 0.0, 0.0], "miu_de": 0.5, "input": [1.3188646482300763, 0.8937827395077773, 0.27154906853127186, -0.09818854198725951, -0.39073837216296, -0.6484122050560762, -0.8407530062542632, -1.0919036709367056, -1.1096316834059567, -1.2523800673191754, 1.8356302532358404, 1.4312420685981773, 0.8646980266330689, 0.3360723010763185, 0.0521923292646705, -0.4429611298849657, -0.70415349831715, -0.9627279543649815, -1.109426105680643, -1.247088921277157, 1.973403106777652, 1.3827467867393277, 0.88156385121685, 0.4171451571696727, 0.0748040343345511, -0.32107304635825235, -0.6390825641010082, -0.7411529682255746, -1.027135313253294, -1.1654915057773858, 1.8996786911080432, 1.5527924659480257, 1.0084444028117834, 0.25504956145887675, -0.01882396409339038, -0.22979467870382855, -0.6385115983272831, -0.9228131893462898, -1.0156894724627632, -1.1103342565856011, 1.9685846042224233, 1.3900545408224034, 1.029839881464074, 0.5104968337267958, 0.20520748991242346, -0.25640424335480116, -0.5616075070355943, -0.9205759684580129, -0.9335952175166434, -1.1704721387069896, 1.9022145029883388, 1.4160596938773653, 0.7765598374432048, 0.4129322943136463, 0.04552344597579709, -0.2998562896079177, -0.5228888380314973, -0.760759743496398, -0.9275818396761196, -1.1087223797666357, 1.9855903913150397, 1.2892586130467873, 0.8994030946010565, 0.462486413071188, 0.023595267907900404, -0.24434089294022332, -0.5612444792409133, -0.9254378265783866, -0.9710579109691599, -1.0909139061264985, 2.126658544795848, 1.475312531842866, 0.8347131060802068, 0.3037398407718306, -0.04704903922877286, -0.4504200089689718, -0.51932779203993, -0.7761689891248701, -1.011286604000441, -1.1892322478685315, 1.8706576901375294, 1.4928406553163842, 1.0574548430177118, 0.3553757314105294, -0.2798336097533378, -0.5171930691350323, -0.727794017795045, -0.8294692005634903, -1.0326146028844017, -1.1787285910249423, 1.4827601514721906, 0.8624514505799896, 0.43421435992770463, -0.10294886060309832, -0.5096983606389838, -0.6795263891464901, -0.8041208225943547, -1.0186779841733873, -1.157846205542873, -1.2479820122084957], "bean_num": 0.5, "model_info": {"det_num_x": 10, "det_num_y": 10, "det_y": 0.03, "det_x": 0.03, "size_x": 0.5, "size_y": 0.5, "med_margin": 0.0015}}