{"source": [6.714456360830306, -192.27687300581871], "intensity": 100, "miu_detector": 0.3, "miu_medium": 1.2, "miu_air": 0.00018, "output": [0.0, 0.0, 0.0, 0.0, 0.0, 0.0, 0.0, 0.0, 0.0, 0.0, 0.777777777777776, 0.22222222222222396, 0.0, 0.0, 0.0, 0.0, 0.0, 0.0, 0.0, 0.0, 0.0, 0.0, 0.0, 0.0, 0.0, 0.0, 0.0, 0.0, 0.0, 0.0, 0.0, 0.0, 0.0, 0.0, 0.0, 0.0, 0.0, 0.0, 0.0, 0.0], "miu_de": 0.5, "input": [0.4724820026544877, 0.7885516912794986, 0.9247433708800332, 0.9492871900191087, 0.8862641526882182, 0.9725724966335831, 0.960706210011702, 1.1807672402707248, 0.8791368409957959, 1.2833032491419922, -0.4371290941086031, -0.2687100899643859, 0.004489915421896011, -0.1327421475004653, -0.08361383940421425, 0.1421611629108482, 0.33240916610229687, 0.5599241700682386, 1.0539104154648837, 2.0100644986752734, -0.9410271316329427, -0.7367824638420997, -0.5755597545941734, -0.5325501994462425, -0.5746820980068448, -0.20389994865890693, 0.14529236106689988, 0.746546624522499, 1.4213902692830602, 1.7983800054622983, -1.2143636654356418, -0.9948563126854627, -0.842538964908869, -0.7095003777617239, -0.4883217193578535, -0.1894907863483912, 0.04684239347909665, 0.6363688246052661, 1.3733436126259169, 1.7714544884694143, -1.2412827421226362, -1.1959328019559066, -0.8766764825922015, -0.7729377338729448, -0.5278405183353313, -0.18933253331102998, 0.21674549000851204, 0.8855068350674116, 1.3638565855112892, 1.8852197972871911, -1.3595119715251214, -1.1389633169198332, -1.0490640173058003, -0.8702826574274626, -0.5091198374208394, -0.18843430627596341, 0.22031383391837953, 0.6613845956218902, 1.3021445004488814, 1.8140680993577085, -1.4045222589301611, -1.2740559992876315, -0.9775787980674141, -0.82034035465352, -0.6093609224208942, -0.343494231819301, 0.03696817710277395, 0.6914814450397602, 1.4188534801106831, 2.014370699397673, -1.4105202112829744, -1.2325589466284501, -1.159830233545827, -0.9536675104881435, -0.7040547416535632, -0.36877127076315636, 0.11589160350684229, 0.6881864105445141, 1.3048128456137111, 1.7328725926067476, -1.3996050843980772, -1.3139394109957983, -1.17052283282019, -0.9426978542732325, -0.7703800203555731, -0.38027478491881145, -0.010833145919559273, 0.40177522113734426, 1.1770691906356923, 1.822190781500593, -1.516352399252014, -1.339944775569285, -1.2003864305615437, -1.092860177374361, -0.9651395694553236, -0.5808366255894448, -0.41141192724992404, 0.10864727460391041, 0.7028404655666933, 1.2934957536748377], "bean_num": 0.5, "model_info": {"det_num_x": 10, "det_num_y": 10, "det_y": 0.03, "det_x": 0.03, "size_x": 0.5, "size_y": 0.5, "med_margin": 0.0015}}