{"source": [10.207250820090637, -194.76594810407488], "intensity": 100, "miu_detector": 0.3, "miu_medium": 1.2, "miu_air": 0.00018, "output": [0.0, 0.0, 0.0, 0.0, 0.0, 0.0, 0.0, 0.0, 0.0, 0.0, 0.6666666666666662, 0.3333333333333338, 0.0, 0.0, 0.0, 0.0, 0.0, 0.0, 0.0, 0.0, 0.0, 0.0, 0.0, 0.0, 0.0, 0.0, 0.0, 0.0, 0.0, 0.0, 0.0, 0.0, 0.0, 0.0, 0.0, 0.0, 0.0, 0.0, 0.0, 0.0], "miu_de": 0.5, "input": [1.1486868673142199, 1.7283487358591545, 1.8664707289589266, 1.5568392236295836, 1.6598815623590388, 2.0324037311495506, 1.7941611246922815, 1.8964381636782375, 1.7236549671141383, 1.3972637482140422, 0.867987527913102, 1.1502151708234802, 1.2866670690723114, 1.3597087093231504, 1.1380843440414556, 1.5593689899370478, 1.3905854830900688, 1.508363891196204, 1.3588507464352957, 1.0296391714400706, -0.006760113504992177, 0.28792352399353177, 0.3956641500876241, 0.7762238949064495, 0.6969216262275798, 0.6703849116595815, 0.5920928750603555, 0.8396021519232033, 0.7601809141629595, 1.0159235833908289, -0.4711948776333452, -0.19894000428043568, -0.00031130715519540344, 0.2998965303240803, 0.3957907653948537, 0.1161450430078567, 0.18822966952794246, 0.1585549136969584, 0.35994923590604977, 1.210684243235053, -0.5880017940564939, -0.49882103765373187, -0.3576333053982267, -0.34190920917752077, -0.1571195140033997, -0.3033055867103629, -0.41672580331068326, -0.12594494123818847, 0.22498018623490354, 1.1816927964483877, -0.9098549025174666, -0.7784953403152127, -0.7714743986888215, -0.5886387644341898, -0.6217711632376703, -0.6670617529197282, -0.4308425057294982, -0.33512360111325284, -0.0022997347518140775, 0.9533383782112347, -0.9536994258644268, -0.9544809298469603, -0.9141853871024095, -0.8894297618673253, -0.7641958994507679, -0.7056330994944459, -0.7568422785657337, -0.673065040561968, -0.07463647735898467, 0.9815442946443342, -1.2610372573921853, -1.1370455905819017, -0.9669618704656044, -1.043965936004548, -1.0339373441272492, -1.0244713371935528, -0.9647608603433738, -0.6901634428872371, 0.007553883850482914, 0.865052630382032, -1.4011185401041808, -1.3126661965983137, -1.2742507704147719, -1.2234373558740264, -1.0282921178635245, -1.118539808349757, -1.048097278004404, -0.5016535767591254, -0.20003681724924954, 0.6797842105993859, -1.4445138635473886, -1.5167098179385656, -1.4206891630210026, -1.323575418592688, -1.3536154375039888, -1.2835685480671888, -1.1727894814110122, -1.0744365190216552, -0.3840852437596643, 0.3510831819023511], "bean_num": 0.5, "model_info": {"det_num_x": 10, "det_num_y": 10, "det_y": 0.03, "det_x": 0.03, "size_x": 0.5, "size_y": 0.5, "med_margin": 0.0015}}