{"source": [-178.96462237262614, 79.68018353570302], "intensity": 100, "miu_detector": 0.3, "miu_medium": 1.2, "miu_air": 0.00018, "output": [0.0, 0.0, 0.0, 0.0, 0.0, 0.0, 0.0, 0.0, 0.0, 0.0, 0.0, 0.0, 0.0, 0.0, 0.0, 0.0, 0.0, 0.0, 0.0, 0.0, 0.0, 0.0, 0.0, 0.0, 0.0, 0.0, 0.0, 0.0, 0.0, 0.0, 0.0, 0.0, 0.0, 0.0, 0.0, 0.0, 0.0, 0.6666666666666676, 0.33333333333333237, 0.0], "miu_de": 0.5, "input": [1.2196708633824345, 1.6415748933747543, 2.039279697612601, 1.754856325714945, 1.6879852679336065, 1.948303812253175, 1.7651538689480095, 1.938470312476632, 1.960692620667771, 1.1648219865899183, 0.6419603696891917, 1.1012289159815363, 1.4994121942571255, 1.5037571469073256, 1.3680127110959661, 1.3862296285370632, 1.4166525483465826, 1.3486540681430197, 1.1894115064866069, 0.9881184376568134, 0.16839659653145414, 0.4767948292517817, 0.7949506974922764, 0.7123019786975874, 0.6372106179510817, 0.5536059903834256, 0.7302661921575131, 0.5837170539629688, 0.5574757027733187, 0.9387062645943943, -0.296359591157666, -0.031301864860460944, 0.14841538446253064, 0.21005850766913345, 0.23836465631356887, 0.09835648280314649, 0.14611784703899067, 0.14685397503364003, 0.2679786768855093, 1.0414823488592262, -0.6475321488849329, -0.27753021398016187, -0.3001350263043362, -0.16621681131500246, -0.36210870849552906, -0.2832077376721263, -0.2716420660334232, -0.2320128271622895, 0.10790014365655981, 1.0568204971003432, -0.9068595233542367, -0.7777008949607933, -0.6725980112835928, -0.4982942330127744, -0.6536428771737429, -0.696964591791488, -0.47781273116928663, -0.354882337097311, 0.11360664272135877, 0.8302184125589075, -1.0853830248871732, -0.9346202831821929, -0.9510385039345061, -0.7778261891469587, -0.8415809099367703, -0.8107392479408593, -0.7680770467619263, -0.631769702267036, -0.029291741646216868, 0.9281172786423236, -1.1769627101956663, -1.0799136989510831, -1.0080691246188587, -1.0132293180164587, -1.08874774230568, -1.0292787434486645, -0.9760240050890171, -0.6330784158659449, -0.2056587101978529, 0.9811059051652369, -1.3735456803985762, -1.3206132081275814, -1.2638999315167654, -1.1810749884101182, -1.1277210897616745, -1.1470417043997034, -1.049054679434588, -0.69992217944298, -0.1220193796121566, 0.8229507061006199, -1.494616876371162, -1.4701670837245238, -1.4254911360105713, -1.3978273290069023, -1.2836824510830624, -1.3332195106750295, -1.2138114501684134, -0.912135773848813, -0.4690193084703848, 0.37693450970307224], "bean_num": 0.5, "model_info": {"det_num_x": 10, "det_num_y": 10, "det_y": 0.03, "det_x": 0.03, "size_x": 0.5, "size_y": 0.5, "med_margin": 0.0015}}