{"source": [-159.39447643009007, -120.11235327790865], "intensity": 100, "miu_detector": 0.3, "miu_medium": 1.2, "miu_air": 0.00018, "output": [0.0, 0.0, 0.0, 0.0, 0.8888888888888902, 0.11111111111110986, 0.0, 0.0, 0.0, 0.0, 0.0, 0.0, 0.0, 0.0, 0.0, 0.0, 0.0, 0.0, 0.0, 0.0, 0.0, 0.0, 0.0, 0.0, 0.0, 0.0, 0.0, 0.0, 0.0, 0.0, 0.0, 0.0, 0.0, 0.0, 0.0, 0.0, 0.0, 0.0, 0.0, 0.0], "miu_de": 0.5, "input": [1.3799655995860816, 2.2538474018627292, 1.5942664390019314, 2.065969931983645, 1.876269576377537, 2.1292954486826803, 2.3295733731501813, 2.2184309835270706, 1.7341655538039515, 1.150668006998451, 0.7273347806706884, 1.1299798925369087, 1.3567195877891063, 1.085453131944621, 1.3925753326884887, 1.7306632867099545, 1.256881663099875, 1.162248431219237, 1.4254130729039671, 0.8201027219939385, 0.6847186176272644, 0.6692805246439464, 0.8858359485101405, 1.0270141590259736, 0.6557713576627452, 0.6241633926553255, 0.45609923599218916, 0.4930504916799121, 0.6246069373905034, -0.15741294886567817, 0.5372330762014093, 0.21532932372476357, -0.026506015132326543, 0.4122242440813013, 0.13449595937040068, 0.19315802343753724, 0.10417126414929838, 0.1730487683329316, 0.1979108750817513, 0.11155157384363405, 0.755415425834928, -0.06777914233566161, -0.12878356619934025, -0.2735097561246698, -0.10262265120475969, -0.1357133772382391, 0.3997046408736803, -0.01852438590298219, -0.047648539953727684, -0.4240016332359161, 0.17433897145115457, -0.38288003005163757, -0.3615943502718152, -0.4216119247211355, -0.4158951162120326, -0.3786917043626392, -0.30309353812517437, -0.33065250044026917, -0.783037698018366, -0.8588649041054179, 0.46991114696669073, -0.516182770332836, -0.8077562296678038, -0.8814341733738614, -0.6866375857685124, -0.9391750223751462, -0.5967857839164245, -0.8320491940238385, -0.9433698485454788, -0.9907372151591349, 0.451363679955226, -0.30558776133905546, -0.9357134150568625, -1.0060653323735567, -0.8915955758781008, -0.7933226966814663, -0.8538529490752146, -1.166139685374613, -1.0850792951413326, -1.147844219239524, 0.39802900773021466, -0.6917336280886901, -0.9139101774828744, -0.9172715286969283, -1.1951948971398565, -1.0792266856370831, -1.168373543571189, -1.0488454690837794, -1.2260928273029321, -1.2435282335225333, 0.2183588158672324, -0.7885611506573736, -1.2414496289237205, -1.3276804202639922, -1.412239583619765, -1.326751493739028, -1.2814931664699543, -1.2683835454700587, -1.331972029942849, -1.4257491331840426], "bean_num": 0.5, "model_info": {"det_num_x": 10, "det_num_y": 10, "det_y": 0.03, "det_x": 0.03, "size_x": 0.5, "size_y": 0.5, "med_margin": 0.0015}}