{"source": [14.207450281024625, -203.17600482776152], "intensity": 100, "miu_detector": 0.3, "miu_medium": 1.2, "miu_air": 0.00018, "output": [0.0, 0.0, 0.0, 0.0, 0.0, 0.0, 0.0, 0.0, 0.0, 0.0, 0.5555555555555564, 0.44444444444444364, 0.0, 0.0, 0.0, 0.0, 0.0, 0.0, 0.0, 0.0, 0.0, 0.0, 0.0, 0.0, 0.0, 0.0, 0.0, 0.0, 0.0, 0.0, 0.0, 0.0, 0.0, 0.0, 0.0, 0.0, 0.0, 0.0, 0.0, 0.0], "miu_de": 0.5, "input": [1.5866613367423155, 0.8499172871430601, 0.340782962454698, -0.20177433845192805, -0.5365636211281787, -0.718029094010283, -0.8153626360862761, -1.0166577377042527, -1.1762919051905323, -1.3454763146335844, 2.0218185863009928, 1.3624967296475783, 0.7608320143699264, 0.20648647993682434, -0.26068031020780214, -0.5025003401223078, -0.6002828983898402, -0.8565288633730691, -0.9726240911270451, -1.2617308285172786, 2.015108647454492, 1.4216456471978862, 0.8697495476816169, 0.4277187519734916, 0.06406845714468365, -0.45541849400911183, -0.6880050441583825, -0.8880527105811717, -1.0739009455177018, -1.111935852429455, 1.8925758813417628, 1.4988059466551253, 1.2201085546913273, 0.49289418527621937, -0.06436583057072379, -0.3277983750251651, -0.6764942631673859, -0.7911324839818686, -1.0156790315646909, -1.22605671376779, 1.7704757616754407, 1.5648738949880672, 0.9026063830502389, 0.4095804889657195, -0.054962530596578574, -0.3830134617957952, -0.6737638414653904, -0.7385109604152412, -1.0142936571888683, -1.1879758348855942, 1.9565158744496043, 1.4494236277720507, 0.8929351915002762, 0.5618105101836723, 0.07536988521056114, -0.32733947303380034, -0.646326869645609, -0.8624598612881895, -0.8782126894964793, -1.2411451392073427, 2.0381145361905215, 1.569489120487536, 0.8424821168333545, 0.31165329680788273, 0.05054777756551101, -0.3116834743097912, -0.550749895061957, -0.6697957348938244, -1.0095903566677988, -1.1878086972509923, 1.9302315337377496, 1.500522723388459, 0.8422481507670595, 0.414014102661823, -0.014775374853054076, -0.5034831741544474, -0.672620751312481, -0.8841020768237496, -0.9818511704232706, -1.26001998878629, 1.6240058424100745, 1.4564669446348844, 1.0314510310184233, 0.2892116307115574, -0.07570970299457228, -0.34577965043216546, -0.651162158574271, -0.95469428906601, -1.0244244053645515, -1.1420606556137178, 1.4544607985268685, 0.7415770465000234, 0.2745207863894347, 0.09567708455685002, -0.30563566868454134, -0.544601133757574, -0.6829838577843808, -0.7429755570163983, -0.9620516550079498, -1.012030685427192], "bean_num": 0.5, "model_info": {"det_num_x": 10, "det_num_y": 10, "det_y": 0.03, "det_x": 0.03, "size_x": 0.5, "size_y": 0.5, "med_margin": 0.0015}}