{"source": [202.5687731917819, 32.08374176920831], "intensity": 100, "miu_detector": 0.3, "miu_medium": 1.2, "miu_air": 0.00018, "output": [0.0, 0.0, 0.0, 0.0, 0.0, 0.0, 0.0, 0.0, 0.0, 0.0, 0.0, 0.0, 0.0, 0.0, 0.0, 0.0, 0.0, 0.0, 0.0, 0.0, 0.0, 1.0, 0.0, 0.0, 0.0, 0.0, 0.0, 0.0, 0.0, 0.0, 0.0, 0.0, 0.0, 0.0, 0.0, 0.0, 0.0, 0.0, 0.0, 0.0], "miu_de": 0.5, "input": [1.4231308128069788, 0.8997422716434942, 0.49502321394090465, 0.372981513005421, 0.5134398802050704, 0.30112492511806566, 0.11838313608925692, 0.16295752318827056, 0.04903956715737453, -0.1563226827913106, 1.9448770921074765, 1.4584271337439259, 0.6743299082435295, 0.0541358797916809, -0.06830111859471716, -0.311463412561564, -0.633115961249892, -0.7370031752689019, -0.9178066037736221, -1.0611037566279407, 1.8129693791145358, 1.3390264961621205, 0.8710034002452679, 0.2010262647535671, -0.2739740925383744, -0.46388779119546253, -0.7693737582609147, -0.8580629784956937, -1.0289320395376955, -1.193254471895936, 1.945173759803112, 1.715820341089659, 0.6548678928603138, 0.3419953468343946, -0.11571162612773675, -0.5138800930756767, -0.737704294120713, -0.9153166465904954, -1.0613125317664867, -1.2350030134526646, 1.927228993900535, 1.5177263571040294, 1.0504397576321383, 0.42869817481304334, 0.03029830634015013, -0.6010626751355105, -0.6264136082357233, -0.856827585436233, -1.1662692359020206, -1.2708959747968458, 1.6782162891947456, 1.592231840870492, 1.0865063378715014, 0.4253815451603903, -0.0023646798918342577, -0.418354486046294, -0.6851696174942448, -0.9546871120839119, -1.0965668377757074, -1.2637507822320406, 1.7875276018970818, 1.4005926389651944, 0.9626979084582711, 0.6683018629533148, -0.19627325550126637, -0.5400931998357121, -0.6930787748401559, -0.8470949010709462, -1.0836348599423289, -1.2742612372127966, 1.72692734466721, 1.5574164284885814, 0.798497959017973, 0.2741436223243402, -0.1453240798803703, -0.5421743545177059, -0.7767337711082509, -0.9842461272244948, -1.1954715271913683, -1.3084955290304505, 1.9091872081007255, 1.347129927381594, 0.8410027918157544, 0.06353055312136191, -0.27289640898731315, -0.48639560745385185, -0.7716070270776197, -0.9030199091656596, -1.1828681621983588, -1.334204579207036, 1.2956801740623884, 0.8690122358456138, 0.308920925745398, -0.19187966270465634, -0.46608309893254724, -0.8125001683153842, -1.0802114259648194, -1.1318120565674374, -1.2747305175891157, -1.4077896391604208], "bean_num": 0.5, "model_info": {"det_num_x": 10, "det_num_y": 10, "det_y": 0.03, "det_x": 0.03, "size_x": 0.5, "size_y": 0.5, "med_margin": 0.0015}}