{"source": [-71.50347959790982, -207.66118323992097], "intensity": 100, "miu_detector": 0.3, "miu_medium": 1.2, "miu_air": 0.00018, "output": [0.0, 0.0, 0.0, 0.0, 0.0, 0.0, 0.0, 0.11111111111111127, 0.8888888888888887, 0.0, 0.0, 0.0, 0.0, 0.0, 0.0, 0.0, 0.0, 0.0, 0.0, 0.0, 0.0, 0.0, 0.0, 0.0, 0.0, 0.0, 0.0, 0.0, 0.0, 0.0, 0.0, 0.0, 0.0, 0.0, 0.0, 0.0, 0.0, 0.0, 0.0, 0.0], "miu_de": 0.5, "input": [0.97652193969674, 0.5167410988025221, 0.26345522423505635, -0.46797634183548886, -0.8084445642784966, -0.9780603743867775, -1.248977658369955, -1.2575497430905784, -1.4066023239277328, -1.3496212561344911, 1.4404273667176306, 1.1998893779619304, 0.5420950553017881, -0.2623422492604814, -0.45489189231090266, -0.6474716112220632, -1.0343240685756903, -0.9934435403098468, -1.3178671224703193, -1.319725956654724, 1.5835930541606895, 1.3997145350150189, 0.5867548371317272, -0.01541589315930727, -0.41861431021735, -0.8381961776214029, -1.0650693562326494, -1.233740667311567, -1.3556806017122693, -1.4438159698682551, 1.8425709546227493, 1.5891270122296621, 0.6008991370440142, 0.14881761036934585, -0.3709192520119854, -0.7176474526788386, -0.7584977521741636, -1.129905621186697, -1.1425932829747385, -1.3583663942307003, 2.2540790987900525, 1.3537224427470886, 0.5378945116995659, 0.10658961767853366, -0.355156088031678, -0.7565568606013189, -0.7269397303780067, -1.0421602130552448, -1.1199036725342548, -1.3790594942678944, 1.840650234728195, 1.1630616696771714, 0.6934668937556788, 0.03483933780014833, -0.5441114064774093, -0.6380386905656353, -0.8977828689565756, -1.2125691153939977, -1.0374188327218037, -1.1697590723756608, 1.7910026051862256, 0.8983655003198054, 0.5620808498331303, -0.025935190767091606, -0.10084752535579788, -0.4189481370114344, -0.38555143197312236, -0.9733771926925555, -0.9324101985750012, -1.0209324350273201, 1.606758395372424, 1.0547964145571573, 0.6726454072781315, 0.1322147935509946, -0.26776561882049177, -0.23129397392392176, -0.43211684069036715, -0.4606662229558541, -0.633245075749843, -0.8571343715508514, 1.4665220390609448, 0.829678831810426, 0.5942431758542265, 0.3821062279320049, 0.3059552497718143, 0.15548903640891665, 0.2352203785844693, -0.04947106644489287, 0.05712727752201969, -0.3269753414740631, 1.5598114159792258, 1.199593348880032, 1.256745111904256, 1.2464905528342527, 1.7002810672683364, 0.8057705671576381, 1.3161599138197055, 0.8068884066559723, 1.4124709722737567, 0.6685595525984056], "bean_num": 0.5, "model_info": {"det_num_x": 10, "det_num_y": 10, "det_y": 0.03, "det_x": 0.03, "size_x": 0.5, "size_y": 0.5, "med_margin": 0.0015}}