{"source": [197.62624344949484, -109.54601554866343], "intensity": 100, "miu_detector": 0.3, "miu_medium": 1.2, "miu_air": 0.00018, "output": [0.0, 0.0, 0.0, 0.0, 0.0, 0.0, 0.0, 0.0, 0.0, 0.0, 0.0, 0.0, 0.0, 0.0, 0.0, 0.0, 0.22222222222222113, 0.7777777777777789, 0.0, 0.0, 0.0, 0.0, 0.0, 0.0, 0.0, 0.0, 0.0, 0.0, 0.0, 0.0, 0.0, 0.0, 0.0, 0.0, 0.0, 0.0, 0.0, 0.0, 0.0, 0.0], "miu_de": 0.5, "input": [-1.4197919957796619, -1.2955379753652334, -1.1813817367937884, -1.0132260187467976, -0.7859771382099725, -0.60136332679626, -0.23323915738924633, 0.187662961799843, 0.9076409545226387, 1.3554120493024329, -1.331197405201769, -1.1857230612577492, -1.0038072412455015, -0.8962318941782154, -0.6132830519474464, -0.29305850643982306, -0.054871070546069295, 0.48763292649985523, 1.1964878949598465, 1.6189627865704932, -1.2712249368873798, -1.2086039929955925, -0.9909952994804102, -0.8334704209603112, -0.4934188150183813, -0.2510116942282388, 0.24811087845165594, 0.8087977398578673, 1.397452182710311, 1.9493573896422522, -1.3779406424758684, -1.1508673987113804, -0.9019947972820469, -0.829943434187957, -0.5389158311279886, -0.13275261708799274, 0.47333097588740736, 0.694721989797915, 1.4374344337744858, 1.811931487155912, -1.3092722850428025, -1.1570191186177463, -0.9515995883937105, -0.7225803247617157, -0.45877048029720296, -0.19102604984428825, 0.35391109757075445, 0.8697215491302763, 1.3906231928338775, 1.9500170662652454, -1.256797105238592, -1.116215473437792, -0.9579357091096413, -0.7541625617241083, -0.45909020494005254, -0.06840792016189597, 0.3351160453011771, 0.8753776045688905, 1.5473932330851878, 2.0491578517467146, -1.1948524949119284, -1.0834752057930592, -0.9033277849500561, -0.7668849117590781, -0.45972080735691107, -0.1374667425214582, 0.388766047578416, 0.9330144914374117, 1.4644022792368638, 1.8580683804500473, -1.192717328382709, -0.9943664160417317, -0.8338594597096475, -0.7248782359853503, -0.43281577929537485, -0.19496443608120617, 0.17988869875144706, 0.718597168364933, 1.277640344712478, 1.9728926415846157, -0.9146406078510411, -0.6486378075703516, -0.5335866407304213, -0.48227970056561265, -0.21472305843099465, -0.12479904589237227, 0.32179314871284753, 0.7796168625980089, 1.3842025416843655, 2.0084247144641085, -0.015198989033477746, 0.2065145079057799, 0.3366121067645606, 0.4421569182291984, 0.429013572085015, 0.5173734098358546, 0.6009461150709002, 0.8714426250714143, 1.0378496383958222, 1.4704312304042786], "bean_num": 0.5, "model_info": {"det_num_x": 10, "det_num_y": 10, "det_y": 0.03, "det_x": 0.03, "size_x": 0.5, "size_y": 0.5, "med_margin": 0.0015}}