{"source": [-150.10742337358903, 172.67883753832524], "intensity": 100, "miu_detector": 0.3, "miu_medium": 1.2, "miu_air": 0.00018, "output": [0.0, 0.0, 0.0, 0.0, 0.0, 0.0, 0.0, 0.0, 0.0, 0.0, 0.0, 0.0, 0.0, 0.0, 0.0, 0.0, 0.0, 0.0, 0.0, 0.0, 0.0, 0.0, 0.0, 0.0, 0.0, 0.0, 0.0, 0.0, 0.0, 0.0, 0.0, 0.0, 0.0, 0.0, 0.44444444444444225, 0.5555555555555578, 0.0, 0.0, 0.0, 0.0], "miu_de": 0.5, "input": [1.0691601295974673, 1.276374633474081, 1.4615065551402013, 1.5278592276777836, 1.2675175640252305, 1.592584425534361, 1.2052355601241518, 1.5461187849114486, 1.696957616573346, 1.3181890622956722, 0.26899723127902253, 0.7221635341024231, 0.8097407166499874, 0.5204370479482515, 0.924480625680067, 0.6939737157967937, 0.9075498956071696, 0.7465245304532734, 1.1036296447675393, 1.629324784673763, -0.4189126949931055, -0.028289849514161323, 0.07305678844640497, 0.01005978269153869, 0.27608517142295813, 0.1591263196949783, 0.18266728639534877, 0.4841419230941821, 1.2013082581454102, 1.6465088003853607, -0.7003507743689162, -0.5596153453453655, -0.40734134368296515, -0.40551695094190016, -0.3248348643692728, -0.33881482398533724, 0.06309535169807687, 0.34226217321748903, 0.8633835266198804, 1.495548649512256, -1.023279737997384, -0.894648697866806, -0.8020092467207075, -0.7620949704231534, -0.7561027888977683, -0.3951954489622977, -0.05343892258134494, 0.46113599681148426, 0.9652054713470499, 1.8780350226115623, -1.1986374745127766, -1.116983088852547, -1.093482011325501, -0.8184301831250933, -0.7529126371067197, -0.7001430191387119, -0.1869730065125112, 0.1337171725037178, 0.8144244102329207, 1.646004678807766, -1.3385042369596687, -1.2047259615774335, -1.136875589476198, -1.0617704442648475, -0.8497788649529132, -0.5908130654192825, -0.22742150839822597, 0.22053586756417543, 0.9480116641269966, 1.4961712270458933, -1.5603549383031523, -1.4692901200829287, -1.2162460885201989, -1.081707189895412, -0.8946541552895182, -0.6981643408288549, -0.3597112565340849, 0.14691405736056845, 0.758515731119919, 1.3030632702787521, -1.497477422820694, -1.3691756467849787, -1.2894752793034656, -1.1490730206013575, -1.070773181490296, -0.7712614357304612, -0.39884390868710856, 0.1438350246308414, 0.618927240939072, 1.447222856893555, -1.5350270708337892, -1.5001736519088231, -1.4487260315372887, -1.3143239602793824, -1.1234433561874202, -0.9918419366067774, -0.5318533359777012, -0.38577605987048486, 0.4636026591007541, 1.2743792713361557], "bean_num": 0.5, "model_info": {"det_num_x": 10, "det_num_y": 10, "det_y": 0.03, "det_x": 0.03, "size_x": 0.5, "size_y": 0.5, "med_margin": 0.0015}}