{"source": [230.84427936999404, 57.55594314309388], "intensity": 100, "miu_detector": 0.3, "miu_medium": 1.2, "miu_air": 0.00018, "output": [0.0, 0.0, 0.0, 0.0, 0.0, 0.0, 0.0, 0.0, 0.0, 0.0, 0.0, 0.0, 0.0, 0.0, 0.0, 0.0, 0.0, 0.0, 0.0, 0.0, 0.0, 0.4444444444444442, 0.5555555555555558, 0.0, 0.0, 0.0, 0.0, 0.0, 0.0, 0.0, 0.0, 0.0, 0.0, 0.0, 0.0, 0.0, 0.0, 0.0, 0.0, 0.0], "miu_de": 0.5, "input": [-1.482650964313067, -1.3461573114196754, -1.144504522242159, -1.0901783477977505, -0.889330583399737, -0.8586652499594528, -0.3269292342746773, -0.08597525317478881, 0.370448079300965, 1.2774232790196736, -1.5379476037404811, -1.3175310000709546, -1.1324677682505853, -1.0703492189968598, -0.6209454697719248, -0.5683810022530066, -0.3725793770402104, 0.2869717095840195, 1.0153576501304726, 1.6548027193338526, -1.0926682403772845, -1.1360612413388662, -1.1541230411383727, -0.7981563868097414, -0.6079367073463362, -0.4111986725524269, 0.07872318250272436, 0.7577371477983901, 1.4656478214348987, 1.5408886774774242, -1.3331748257007328, -1.2664050671918563, -1.0470308976057365, -1.0333619044871931, -0.5628237055225013, -0.22095273926440226, -0.06808120658283424, 0.6019603238954697, 1.3305434843631294, 1.958394355120465, -1.3381761416795557, -1.2144415500140333, -0.9185990522124429, -0.8520877532751611, -0.7118292465871258, 0.08823609166957341, 0.40601030281999795, 0.6409347158270635, 1.5159466144549627, 1.8512439620163992, -1.2034629567514608, -1.131630427799967, -1.1301674685315526, -0.8757750775029717, -0.7037006936210541, -0.22040962197682554, 0.008265641915701899, 0.8659855580813764, 1.629891935750405, 1.914200631752977, -1.042450033439303, -1.0228679639106242, -1.0934387742893632, -0.8290838389008268, -0.638016191443254, -0.41249013848236343, 0.18062384043274166, 0.5807471125584623, 1.038221812416594, 1.5644705168585638, -0.7573188505615142, -0.5553197684428333, -0.7118682319597118, -0.5509552065599755, -0.4701126024124823, 0.03331265297042503, 0.3305168517242938, 0.9774744303591395, 1.2182636275167997, 1.3844896143377543, -0.26162702978397906, -0.299962267038746, 0.08099136873669509, 0.26728543126078236, -0.06444427738583652, 0.22232587876787083, 0.17008287628015661, 0.4990743561011758, 1.652718293823787, 1.7046447756387944, 0.22340392302941797, 1.0338674559803787, 0.9654506179866053, 1.1592829246641274, 1.1567486758919414, 0.9621933766093951, 1.1040967629766139, 1.1484685557839578, 1.2929255154853847, 1.3755075747447734], "bean_num": 0.5, "model_info": {"det_num_x": 10, "det_num_y": 10, "det_y": 0.03, "det_x": 0.03, "size_x": 0.5, "size_y": 0.5, "med_margin": 0.0015}}