{"source": [234.43438806456288, 80.72223331529412], "intensity": 100, "miu_detector": 0.3, "miu_medium": 1.2, "miu_air": 0.00018, "output": [0.0, 0.0, 0.0, 0.0, 0.0, 0.0, 0.0, 0.0, 0.0, 0.0, 0.0, 0.0, 0.0, 0.0, 0.0, 0.0, 0.0, 0.0, 0.0, 0.0, 0.0, 0.0, 0.8888888888888887, 0.11111111111111127, 0.0, 0.0, 0.0, 0.0, 0.0, 0.0, 0.0, 0.0, 0.0, 0.0, 0.0, 0.0, 0.0, 0.0, 0.0, 0.0], "miu_de": 0.5, "input": [-1.426055577482408, -1.1198195672346565, -1.0800888423485728, -1.1015167721763592, -0.8921833214766579, -0.3851393715387152, -0.2144598288594567, 0.23644582035275352, 0.9370263232455814, 1.2033202126867208, -1.3272345626186504, -1.1544818973322881, -1.0837338228100597, -0.8824883300871808, -0.6380373462049991, -0.3075170284646602, 0.22147072221767183, 0.6332983339388519, 1.1467678598788185, 1.8501020008824693, -1.3106608911520568, -1.1282822555995267, -0.9495381347529258, -0.8185336751236749, -0.5919024434607189, 0.04889943982689893, 0.5593882553978519, 0.6056018042081153, 1.241750060727433, 1.9181268948809056, -1.2759582909687717, -1.0166901790711154, -0.909838541280076, -0.6147276594661304, -0.4964924366406627, -0.3406695878212721, 0.41250125349741945, 0.6508449890408425, 1.3052741720986887, 2.043850468055026, -1.1892451619657705, -1.0754009123074657, -0.9109774541124963, -0.6669458446660413, -0.5628899709785411, -0.24077328285653168, 0.10029150968211142, 0.8201938124438585, 1.925930329744486, 1.7521055216034265, -1.2959020131648935, -1.1096690838327226, -0.8928808147302102, -0.837263615106748, -0.4242518784973975, -0.09689099798762338, 0.1839278941637175, 0.9699990264509128, 1.7749359586638067, 2.3647213901340436, -1.2749896550092354, -1.2293384616706686, -0.9435303247827759, -0.6456626294792733, -0.0765190212856456, -0.05953447718198763, 0.05400568203521933, 1.0378078548922434, 1.6280019502331542, 1.7590811982701695, -1.2397611027759965, -1.1009696917140672, -0.7141087280296393, -0.8876627072169716, -0.4716060277216343, -0.03505358107383485, 0.2510120109953465, 0.7290563824125458, 1.7008803094120297, 1.4404247012974378, -0.9167289412531413, -0.6601038422602372, -0.4881469496009891, -0.466553862280543, -0.35858572606694555, -0.37006949736926503, -0.06330168849902267, 0.5591169168139141, 1.5420685797337472, 1.5685846506572614, -0.006390104342587161, 0.3052798012031202, 0.48399170185431023, 0.11040220353561998, 0.1688197641430539, 0.5005812540365624, 0.41165732351787265, 0.7143990123269541, 1.217544456134468, 1.288268606465051], "bean_num": 0.5, "model_info": {"det_num_x": 10, "det_num_y": 10, "det_y": 0.03, "det_x": 0.03, "size_x": 0.5, "size_y": 0.5, "med_margin": 0.0015}}