{"source": [-246.91772636299896, -61.56350358066546], "intensity": 100, "miu_detector": 0.3, "miu_medium": 1.2, "miu_air": 0.00018, "output": [0.0, 0.4444444444444479, 0.5555555555555521, 0.0, 0.0, 0.0, 0.0, 0.0, 0.0, 0.0, 0.0, 0.0, 0.0, 0.0, 0.0, 0.0, 0.0, 0.0, 0.0, 0.0, 0.0, 0.0, 0.0, 0.0, 0.0, 0.0, 0.0, 0.0, 0.0, 0.0, 0.0, 0.0, 0.0, 0.0, 0.0, 0.0, 0.0, 0.0, 0.0, 0.0], "miu_de": 0.5, "input": [1.3736053441444898, 1.5363004338394752, 1.8940538065959356, 1.8662492011822127, 2.1303268232158414, 2.0884620560644183, 1.4976252574663482, 1.8725195199925522, 1.6453430588795885, 1.3123170377141526, 1.0732396842644156, 1.2011470995120548, 1.5198899567332405, 1.34421470576931, 1.2818795678948702, 1.5206504066056346, 1.7053567569603407, 1.460786357518145, 1.1386405953080885, 0.7525048463065244, 0.8282318308314849, 0.6977003310964899, 0.7989530769660312, 0.8275220176421275, 0.9054024675064838, 0.8691105343496548, 1.1603382272287028, 0.84651522643971, 0.8618826054756206, 0.36948943425991243, 0.720245134589405, 0.2395536820606151, 0.239611118532271, 0.3763677360198602, 0.44522255754463913, 0.2845095943928298, 0.45945859177512055, 0.2370622942739644, 0.09955509220130947, -0.1268908775296122, 0.36567258455155915, -0.09018847410120324, -0.15087226055673397, -0.04360380080859625, 0.0037716471715554807, 0.06043480537996206, 0.0898749826959192, -0.006246919491513713, -0.4339105977087788, -0.6087195497203546, 0.458987024879458, -0.47330807889759524, -0.5175207595014296, -0.46059266680036637, -0.39797677899080347, -0.6671216625500059, -0.48789030496635094, -0.555288217787661, -0.35706378360869095, -0.8417935583027183, 0.3347055964099394, -0.5906302191632069, -0.6881430877632767, -0.5736241668623356, -0.7612278293378576, -0.7787174307580077, -0.6123621444188719, -0.7339548183998068, -0.9681001056767042, -0.9896503174497565, 0.23580824621957275, -0.7639607141800147, -1.0273228116653237, -0.9025952272097617, -0.9294575685611667, -0.9801548464863985, -0.9678837890843418, -0.9333782726161679, -1.058841102079678, -1.303277397356895, 0.2315906926703048, -0.8310218805089018, -1.0551435351499323, -1.1617767003827981, -1.0867345710693423, -1.195714632524019, -1.1705747534992115, -1.118370296929245, -1.1816204027042838, -1.2591988856412075, -0.0958957878714563, -0.9804539458876261, -1.1932846168772682, -1.2361810733268777, -1.3533837372524633, -1.341092817013515, -1.2411464623270572, -1.3199760432487702, -1.3060442505093495, -1.3528051160168617], "bean_num": 0.5, "model_info": {"det_num_x": 10, "det_num_y": 10, "det_y": 0.03, "det_x": 0.03, "size_x": 0.5, "size_y": 0.5, "med_margin": 0.0015}}