{"source": [-222.77983766558341, -167.8766489541433], "intensity": 100, "miu_detector": 0.3, "miu_medium": 1.2, "miu_air": 0.00018, "output": [0.0, 0.0, 0.0, 0.0, 0.8888888888888902, 0.11111111111110986, 0.0, 0.0, 0.0, 0.0, 0.0, 0.0, 0.0, 0.0, 0.0, 0.0, 0.0, 0.0, 0.0, 0.0, 0.0, 0.0, 0.0, 0.0, 0.0, 0.0, 0.0, 0.0, 0.0, 0.0, 0.0, 0.0, 0.0, 0.0, 0.0, 0.0, 0.0, 0.0, 0.0, 0.0], "miu_de": 0.5, "input": [-1.2537324237914367, -1.2846971806548524, -1.1238411335419638, -1.2178193175293357, -1.1810234265217099, -1.2396631645148075, -1.1677538346167957, -1.2069825963418883, -1.2361824449590038, -0.8814781314242282, -1.2155567979487034, -1.1114449742027261, -1.1459617935033934, -1.090413699851868, -1.1620808702386725, -1.0262009054373695, -0.9807361177958938, -1.0897521485718626, -0.9334906016624663, -0.6607679335556952, -1.194312385333333, -0.8099399490998358, -0.8101549872353296, -0.8663722628734531, -0.8525134259387225, -1.0664497137697642, -0.8943335534857216, -0.7985390346060879, -0.7144891439097221, -0.7746680281198352, -1.084207436737237, -0.6983062764202791, -0.6270416004022464, -0.6722600512094343, -0.7624089051377853, -0.525035766630845, -0.6285217979083675, -0.6735841007478041, -0.6657695079008389, -0.5227997931387556, -0.7565912445737727, -0.38034102276547993, -0.4494416925999844, -0.2796072227833587, -0.1418658373993875, -0.42772768494261987, -0.42873046604401704, -0.2019695611473399, -0.4889225900827822, -0.4834930154828371, -0.2559490836166858, -0.24517986450285778, 0.029221246992023803, 0.0872072898431155, 0.036938629638011464, 0.2295605221535934, 0.07634517806222067, -0.004948836068194624, -0.35142256582111703, -0.2895526517700975, -0.06175089563958754, 0.12589873826304765, 0.3166202922631872, 0.5791913860959551, 0.4325285265024961, 0.6788507687506514, 0.26022845105184933, 0.4256592348722386, 0.40019611379310516, -0.008211861964268114, 0.46173587047057973, 0.5169766648762132, 0.6458025851637527, 1.1907620206434981, 1.2315065138695809, 1.1430186273856882, 0.9788227886012422, 0.9278702126198376, 0.6004804134690795, 0.4901925596736306, 1.307643187230135, 1.469194511067008, 1.1503337322254314, 1.413548024838568, 1.3245823922654199, 1.7026282470764802, 1.6466475870603294, 1.4108327560672012, 1.2966338128132358, 0.9876326498204319, 1.239382926306403, 1.4457763371317702, 1.7799820384088438, 1.8155122978843352, 2.081842132916039, 1.8191432869433197, 1.9984416267919891, 2.0881483224098845, 1.8331122614168656, 1.430360548746167], "bean_num": 0.5, "model_info": {"det_num_x": 10, "det_num_y": 10, "det_y": 0.03, "det_x": 0.03, "size_x": 0.5, "size_y": 0.5, "med_margin": 0.0015}}