{"source": [-124.05330541236333, -254.346968647578], "intensity": 100, "miu_detector": 0.3, "miu_medium": 1.2, "miu_air": 0.00018, "output": [0.0, 0.0, 0.0, 0.0, 0.0, 0.0, 0.0, 0.888888888888893, 0.11111111111110702, 0.0, 0.0, 0.0, 0.0, 0.0, 0.0, 0.0, 0.0, 0.0, 0.0, 0.0, 0.0, 0.0, 0.0, 0.0, 0.0, 0.0, 0.0, 0.0, 0.0, 0.0, 0.0, 0.0, 0.0, 0.0, 0.0, 0.0, 0.0, 0.0, 0.0, 0.0], "miu_de": 0.5, "input": [-1.5128782863035721, -1.4635464861898937, -1.4907262253314297, -1.5210253890461718, -1.3596969714615958, -1.3719990239679725, -1.2332393927327983, -0.9556175664507774, -0.28872429126048227, 0.49014860727048565, -1.4021982589887663, -1.3535229543806828, -1.3373716239160738, -1.2816655433594073, -1.2117314699319979, -1.2229586885922124, -1.0612425893805906, -0.7082390473840723, 0.07823980995913542, 0.8417765959326542, -1.2884119252396813, -1.190406806021572, -0.9709577429084758, -1.0801239609072266, -1.0709974846826755, -1.1310358021413234, -0.8181195069936777, -0.6892349354614298, -0.11846429191747009, 1.080885665592675, -1.105701422773136, -0.8442685320698057, -0.8535853178379951, -0.7995064384644268, -0.754599985759637, -0.8775897588223439, -0.6188197472500248, -0.7019539970554043, -0.1461033667542878, 0.8028633850850012, -0.56978984838259, -0.7135350579681325, -0.8268600568639094, -0.7002298179722647, -0.5287300129834402, -0.33273125715646323, -0.7211955759977444, -0.3091718854328334, 0.36133513020378005, 0.91888729367416, -0.43268518902839825, -0.43558723770968444, -0.26132976360940713, -0.39217258083420603, -0.36379022136291284, -0.18252042626159232, -0.3195921868319072, -0.24580882560986253, 0.09396908463811675, 1.326138150892976, -0.3236216549074633, -0.04155150419196758, 0.1201717846101129, 0.23182772683184555, 0.30529879908597746, 0.4093064048390519, 0.04741194926179203, -0.0862867524496798, 0.37759487256234214, 1.0934986049044328, 0.16197029754046427, 0.3722511124781034, 0.651317294287911, 0.576487859206926, 0.6436559812151287, 0.7829939818231653, 0.638970806150393, 0.712576236599991, 0.80918033141596, 1.0397136464789878, 0.9742294128525346, 1.1632123433228445, 1.4998963362461153, 1.211720451458537, 1.4098746096628194, 1.1924184065807268, 1.0834379563064707, 0.9929451754744887, 1.3550787559205515, 1.2678386526842083, 1.269963300264601, 1.6593556041502113, 1.7700636931253202, 1.857629662675445, 1.5146284248060458, 2.0354146394973274, 1.6170819050043899, 1.7538347014740072, 1.7649401323487774, 1.2614191108965518], "bean_num": 0.5, "model_info": {"det_num_x": 10, "det_num_y": 10, "det_y": 0.03, "det_x": 0.03, "size_x": 0.5, "size_y": 0.5, "med_margin": 0.0015}}