{"source": [-19.925520370490574, 284.94821680970057], "intensity": 100, "miu_detector": 0.3, "miu_medium": 1.2, "miu_air": 0.00018, "output": [0.0, 0.0, 0.0, 0.0, 0.0, 0.0, 0.0, 0.0, 0.0, 0.0, 0.0, 0.0, 0.0, 0.0, 0.0, 0.0, 0.0, 0.0, 0.0, 0.0, 0.0, 0.0, 0.0, 0.0, 0.0, 0.0, 0.0, 0.0, 0.0, 0.0, 0.5555555555555549, 0.4444444444444451, 0.0, 0.0, 0.0, 0.0, 0.0, 0.0, 0.0, 0.0], "miu_de": 0.5, "input": [0.7417228373953798, 0.4726916966353614, -0.22742639310259524, -0.35487662037851875, -0.9809880566823589, -1.1254342235183965, -1.172308196954389, -1.406113996173588, -1.4319947565523075, -1.5601112980922243, 1.8335401683001347, 1.2946712384122159, 0.20875381693408565, -0.006679389968502443, -0.7323523840283618, -0.9609914174301962, -1.108315098171027, -1.1291340977994377, -1.3848617857720222, -1.5046863880149386, 1.928158827823777, 1.0234727026653543, 0.058197305064925896, -0.11217743646222778, -0.3942435823214905, -0.7511528688547465, -0.8697694170762561, -1.2237562865551654, -1.4288405818722858, -1.5442898314272837, 1.822299119203275, 1.4290000775693557, 0.5875391525974442, 0.12997122527501562, -0.5484545025892149, -0.6572125317202329, -1.064303040776518, -1.3142586889724335, -1.16175426262443, -1.3756338904844827, 1.1800810484044348, 1.148483155508611, 0.6418442767515254, -0.06826003118740465, -0.7844948067972045, -0.5284166112842619, -0.7694681456668391, -1.0378998976697849, -1.227819542284471, -1.2825582510325102, 1.3325296688945198, 1.311041598740389, 0.29233193863019863, -0.2755139174197813, -0.6026507439763322, -0.544634298390042, -0.6475565777933443, -0.8032809109584259, -0.9547787487754307, -1.0638010410685101, 1.8060318252801766, 1.0929006913317827, 0.747207118078721, 0.0010539461891681111, -0.37730416980138864, -0.7020100135407845, -0.674881892311425, -0.5314184881103546, -0.6027491260185205, -1.1064577730824388, 1.147791274154311, 0.8194718815714515, 0.5427625743189115, 0.24464230685222785, 0.1984201383857792, 0.016609095795235704, -0.13577663534290074, -0.21019898817610427, -0.3458600386015792, -0.5737366797640224, 1.6016461211262096, 1.0652876119645984, 0.37333655252490594, 0.3463027652937065, 0.6030481901804959, 0.3650413055275645, 0.5500109145777178, 0.3820565945077608, 0.47828298758282356, 0.011774800957672513, 1.3280193875902637, 1.5428373485015234, 1.1354000893314613, 1.3668980240228563, 1.5821112589843713, 1.444025855524252, 1.542241254301308, 1.2544312945327012, 1.4270491678846569, 0.930626121748878], "bean_num": 0.5, "model_info": {"det_num_x": 10, "det_num_y": 10, "det_y": 0.03, "det_x": 0.03, "size_x": 0.5, "size_y": 0.5, "med_margin": 0.0015}}