{"source": [-248.24536194622272, 155.12091843383263], "intensity": 100, "miu_detector": 0.3, "miu_medium": 1.2, "miu_air": 0.00018, "output": [0.0, 0.0, 0.0, 0.0, 0.0, 0.0, 0.0, 0.0, 0.0, 0.0, 0.0, 0.0, 0.0, 0.0, 0.0, 0.0, 0.0, 0.0, 0.0, 0.0, 0.0, 0.0, 0.0, 0.0, 0.0, 0.0, 0.0, 0.0, 0.0, 0.0, 0.0, 0.0, 0.0, 0.0, 0.0, 0.0, 0.5555555555555549, 0.4444444444444451, 0.0, 0.0], "miu_de": 0.5, "input": [0.650415371159648, -0.8033784129866857, -1.0357804865560503, -1.326162153637885, -1.0467112158301866, -1.2957778043863002, -1.1826159868240527, -1.3038068219381558, -1.3147196007999944, -1.4404842860265692, 0.4793192720440276, -0.37836583165155124, -0.8373951929021427, -1.0777242010388837, -1.0194410127360503, -1.1241553825811719, -1.1078645487635754, -1.3060351396692875, -1.1885451520133476, -1.3352330118667333, 0.32397901091819264, -0.45995876047775686, -0.9114132940688336, -1.1053445998180211, -0.8049870478049723, -0.9910502197523205, -0.8864944605611745, -1.0701143615185031, -1.03421795904619, -1.2901223325249576, 0.6367526459709784, -0.22291568769772233, -0.7137575134509027, -0.7117461712886926, -0.9217099361631976, -0.9632474251686561, -0.6319427438611991, -0.9365149808403678, -0.6089427054567961, -1.115761335855097, 1.1407686657315788, -0.2321988004449381, -0.5300980268503571, -0.6168674610352181, -0.5326019195855862, -0.3386992480514703, -0.43872758765483144, -0.7615887634047077, -0.3513553070882354, -0.9558912316758891, 1.1320416322826623, -0.2268369201969176, 0.04089543640324626, -0.19162618946556614, -0.2632540149898, -0.05438721465471481, -0.19800417439159568, -0.03089230491588738, -0.5100264152538511, -0.42706641952625635, 0.7561980130404566, 0.017144846333254228, 0.5252355385805728, -0.12248239572130176, -0.11808776783598543, -0.04254715915118842, 0.23923615622918076, 0.015015323177240266, 0.35891907220137875, -0.2135303983863167, 0.9443945863634217, 0.23087834306637592, 0.464242836121476, 0.8061779644185285, 0.5370392103384211, 1.11674814011287, 0.84613972596124, 0.8552534642874687, 0.6932577981014909, 0.0014412984009885353, 1.0952716033979195, 1.2019854280756817, 1.254839705397616, 1.2463487774341422, 1.624054442079319, 1.2825713020863592, 1.2318505601437064, 1.6620026739388092, 0.9438354702917331, 0.8704948688888438, 1.592504418464579, 1.7812115702772946, 2.047423655604795, 2.2197404824846236, 1.916661388656068, 1.8939898888634574, 2.102398483971432, 1.7409564838018792, 1.618097874421856, 0.5234740683198056], "bean_num": 0.5, "model_info": {"det_num_x": 10, "det_num_y": 10, "det_y": 0.03, "det_x": 0.03, "size_x": 0.5, "size_y": 0.5, "med_margin": 0.0015}}