{"source": [292.17091994373277, -51.51761616449331], "intensity": 100, "miu_detector": 0.3, "miu_medium": 1.2, "miu_air": 0.00018, "output": [0.0, 0.0, 0.0, 0.0, 0.0, 0.0, 0.0, 0.0, 0.0, 0.0, 0.0, 0.0, 0.0, 0.0, 0.0, 0.0, 0.0, 0.0, 0.1111111111111171, 0.888888888888883, 0.0, 0.0, 0.0, 0.0, 0.0, 0.0, 0.0, 0.0, 0.0, 0.0, 0.0, 0.0, 0.0, 0.0, 0.0, 0.0, 0.0, 0.0, 0.0, 0.0], "miu_de": 0.5, "input": [-1.3274685311968897, -1.3648788404589185, -1.1764340908154054, -1.2555526333144142, -1.178978436850758, -1.2297710120661833, -1.2769637975007455, -1.2339030106808724, -1.1062263346113603, -0.465498634592046, -1.2408678924408574, -1.0405843695749064, -1.1793772746295916, -1.1709932176777955, -1.0765271637624838, -0.9469383512977307, -1.0938045464786534, -1.0875964029496201, -1.0165309986681441, -0.40682972219655683, -1.1058622608729276, -1.0130986127173738, -0.9552745362527191, -0.8537086573719703, -0.7932804008873321, -0.8288066483552267, -0.9928959344706897, -0.741058519754086, -1.0132522306101934, -0.3889722622378925, -1.0377921120717184, -0.7107242592214454, -0.525040835660491, -0.7835082108119337, -0.6295948363354159, -0.49749617936228663, -0.666003804580573, -0.7616267576771126, -0.7054452548557166, -0.26890451474137644, -0.8478420991669487, -0.6345691159592711, -0.44952107287311377, -0.4597357245089651, -0.2782038279291022, -0.23067773689786628, -0.3557915544751368, -0.24647929864959842, -0.6432091866123953, -0.10650774299749115, -0.48305882274414047, -0.18286347693251848, -0.20438856249452617, -0.26903698025726996, 0.014460804512494724, 0.23985960735062628, -0.01082188286674165, 0.06338279689848399, -0.27162759263129677, 0.12721669568538355, -0.0584745811733081, 0.19126286075181334, 0.14956812719357376, 0.297391090683729, 0.4135046353580217, 0.7058981005608296, 0.3434916989427631, 0.4448205287352624, 0.3649126390203971, 0.205731289595911, 0.4274259078204507, 0.5452990290592387, 0.8320825939749933, 0.8905103802242585, 1.3353219729360515, 0.8853909969663069, 1.2378768303165437, 1.0357606642599728, 0.6608762582716777, 0.3688207564289684, 0.6626278323287261, 1.2224784399615667, 1.3990424491221853, 1.647791303469921, 1.4878312271837482, 1.7210306525818078, 1.5955143252044082, 1.2192434053824577, 1.2029582085875137, 1.1755387207235821, 1.410089166879533, 1.666569054889626, 1.8365785989491994, 1.864338773826238, 1.7579275895377713, 1.9674514719507252, 1.7663517158094904, 1.9452978639208804, 1.8454432235998888, 1.705911060325094], "bean_num": 0.5, "model_info": {"det_num_x": 10, "det_num_y": 10, "det_y": 0.03, "det_x": 0.03, "size_x": 0.5, "size_y": 0.5, "med_margin": 0.0015}}