{"source": [247.28942350356135, -173.1539184567272], "intensity": 100, "miu_detector": 0.3, "miu_medium": 1.2, "miu_air": 0.00018, "output": [0.0, 0.0, 0.0, 0.0, 0.0, 0.0, 0.0, 0.0, 0.0, 0.0, 0.0, 0.0, 0.0, 0.0, 0.0, 0.0, 0.8888888888888923, 0.11111111111110773, 0.0, 0.0, 0.0, 0.0, 0.0, 0.0, 0.0, 0.0, 0.0, 0.0, 0.0, 0.0, 0.0, 0.0, 0.0, 0.0, 0.0, 0.0, 0.0, 0.0, 0.0, 0.0], "miu_de": 0.5, "input": [0.940841678332466, 0.24809269040380844, -0.6211095481424704, -0.9506780511503492, -1.0758878182430667, -1.2409653416526527, -1.386431393988957, -1.6265888501231558, -1.5003776900192283, -1.591105156813745, 1.5277129635738498, 0.6048438156352096, -0.2836223993960221, -0.6247598603124432, -1.0058042963647076, -1.1377541816760965, -1.307104804375754, -1.4950796268600612, -1.3891358535984373, -1.5185897933191381, 1.0754082257206292, 0.3495794451152982, -0.19960601761894584, -0.7121474011907207, -1.1744672963560354, -1.1218381659461194, -1.1421016303246976, -1.2982869870608382, -1.2633473050671047, -1.2875005848203842, 1.1879468337948427, 0.43511381029124085, -0.34545963130289936, -0.5286396818294551, -0.8106627140894204, -0.845598899044134, -0.9785505116582626, -0.9281184243103799, -1.032063089528322, -1.1773135295438084, 1.4544021839812724, 0.4172549174626036, -0.22744328427293, -0.6071237428070713, -0.46161446906861314, -0.8351099952151247, -0.7067449549174448, -0.8144841345307411, -0.9219200090438704, -1.0097649423747004, 1.3764228953103572, 0.5883519900752276, -0.06056097222082782, -0.4557534436460105, -0.6337768419475776, -0.3085211928320781, -0.27316504887376963, -0.3740361090290263, -0.70825199293304, -0.7562994641673577, 1.268656749217012, 0.8487460755881824, -0.06698581771374333, 0.09598895730582276, 0.11955565111290034, -0.15448120334682663, -0.0008134211127456652, -0.021393479556012614, -0.060968476807892115, -0.5162903284854486, 1.4713109407148208, 0.8711843990005551, 0.3703329709602559, 0.4844933396669452, 0.6015008709450518, 0.49845941818188005, 0.41183434843489075, 0.3511380250819984, 0.4496537612189439, -0.2694429247662897, 1.3252589864137452, 0.631658139329432, 1.0607396056723677, 1.0143685976681334, 1.2436943953467965, 1.170604503995012, 1.2482922988158673, 1.0776191826796093, 1.031491090972831, 0.7098205634403898, 1.0624068803837352, 1.4571044337630057, 2.1909872133959074, 1.4201655982415151, 1.7472689395585703, 1.400284820606199, 1.5703978739763635, 1.598296334448472, 1.583413985849463, 1.2529423837134763], "bean_num": 0.5, "model_info": {"det_num_x": 10, "det_num_y": 10, "det_y": 0.03, "det_x": 0.03, "size_x": 0.5, "size_y": 0.5, "med_margin": 0.0015}}