{"source": [-303.07471214510923, -53.440248921634286], "intensity": 100, "miu_detector": 0.3, "miu_medium": 1.2, "miu_air": 0.00018, "output": [0.0, 0.8888888888888902, 0.11111111111110986, 0.0, 0.0, 0.0, 0.0, 0.0, 0.0, 0.0, 0.0, 0.0, 0.0, 0.0, 0.0, 0.0, 0.0, 0.0, 0.0, 0.0, 0.0, 0.0, 0.0, 0.0, 0.0, 0.0, 0.0, 0.0, 0.0, 0.0, 0.0, 0.0, 0.0, 0.0, 0.0, 0.0, 0.0, 0.0, 0.0, 0.0], "miu_de": 0.5, "input": [1.466014980841647, 2.0505243468854664, 2.0544324923312245, 1.9630835438680951, 1.8509281177892187, 1.8037287981744146, 1.899993906814126, 1.8888574370459692, 1.6430959795062723, 1.4434219027295963, 1.0117017412005198, 1.4213887933993237, 1.5773033956476419, 1.4273540072606203, 1.5869235078497042, 1.2457073361097735, 1.6228964595350315, 1.5693103899678391, 1.3893927979629836, 0.8976882224458606, 0.6631251123164827, 0.47119584180334617, 0.5423559129954967, 0.7429122053607625, 0.782026532003144, 1.0033950648441383, 0.9877978473992961, 1.029611623268944, 0.7239476114787855, 0.17086280377918156, 0.3883240177966749, -0.022830714984585027, 0.35442395918543257, 0.40522002415989805, 0.32685960973316724, 0.31372210901151365, 0.2849709097691746, 0.5118541718702888, 0.12957615730597546, -0.2486536712192915, 0.012522783064678815, -0.23421131777576198, 0.11828966547317502, 0.24006172200839404, 0.14987808422049592, 0.019954273355353807, -0.029950632983398204, -0.21983985908428344, -0.45714764761745336, -0.5739054678433327, 0.17449922824360034, -0.5147126343692487, -0.3740970773404354, -0.4756986798220219, -0.3691189204474777, -0.4340639714840006, -0.438510149347736, -0.5314739643804355, -0.5207359653564199, -0.7534120622995959, 0.00947623236004906, -0.6864421654798285, -0.7811196640830066, -0.8055059993914718, -0.558709849908536, -0.5658909986272082, -0.6067284577478492, -0.7348372722089891, -0.7189238745355867, -1.0054813880096152, 0.0074614833349099, -0.6567943394053692, -0.7805938344805435, -0.9085560910359086, -0.8648564696164243, -0.7665239386447135, -0.8247952376098757, -0.881468569076014, -0.9532316337339014, -1.1669419434675188, -0.06677657711840457, -1.0834372203438234, -1.0741776745828076, -1.0383695956997694, -1.0932603904585962, -1.185936262919835, -1.1626665292331293, -1.1200825839979776, -1.1406711885486724, -1.2405468792816232, -0.3786145884349134, -1.1494658170124468, -1.2203105065550648, -1.2216766506729366, -1.2280400488325218, -1.245026271451418, -1.263631844542023, -1.2480486339897623, -1.3126623460843492, -1.438907070329757], "bean_num": 0.5, "model_info": {"det_num_x": 10, "det_num_y": 10, "det_y": 0.03, "det_x": 0.03, "size_x": 0.5, "size_y": 0.5, "med_margin": 0.0015}}