{"source": [154.7753318391031, -268.07873850365945], "intensity": 100, "miu_detector": 0.3, "miu_medium": 1.2, "miu_air": 0.00018, "output": [0.0, 0.0, 0.0, 0.0, 0.0, 0.0, 0.0, 0.0, 0.0, 0.0, 0.0, 0.0, 0.0, 0.6666666666666662, 0.3333333333333338, 0.0, 0.0, 0.0, 0.0, 0.0, 0.0, 0.0, 0.0, 0.0, 0.0, 0.0, 0.0, 0.0, 0.0, 0.0, 0.0, 0.0, 0.0, 0.0, 0.0, 0.0, 0.0, 0.0, 0.0, 0.0], "miu_de": 0.5, "input": [-1.4438820172868099, -1.4522850930754834, -1.1633113320650403, -1.1649850850553836, -0.6997261348649061, -0.49866598385018523, -0.41531790816907166, 0.0879076288971172, 0.6483834845699397, 1.5474265319666043, -1.4172732152880756, -1.295368843803749, -1.2418422192244107, -1.0643596715524148, -0.6416227202647242, -0.4263069887235036, 0.04973112357394277, 0.4724425561257054, 1.072086302323102, 1.891302868771726, -1.3167553992022942, -0.9924040262455426, -1.1607345116042762, -0.9231155466277472, -0.7592705739664197, -0.51346479195493, 0.06824118554706296, 0.3920804273875744, 1.3640165563910056, 1.6002091397558151, -1.3033447325597878, -1.0990819916613517, -1.0231075542547639, -0.832131086286678, -0.8237254320201003, -0.2321790305983621, -0.017220517619128812, 0.7082298373402864, 0.8789902276055753, 1.4815072221421492, -1.425233669234859, -1.0825132202928838, -1.1100740147722128, -0.726807680368893, -0.453682567978823, -0.36370721188515676, 0.2823042332161505, 0.4465891119855619, 1.2458964365146736, 1.6522629103186872, -1.362867432185663, -1.1395686050789557, -1.1114299307428515, -0.9438752962760912, -0.5673261810194289, -0.24909848236040788, 0.0019355313146309733, 0.6022996477178126, 0.8984812015198576, 2.173644473964517, -1.2507934487642558, -0.8479153031503519, -0.9271195721301013, -0.8556541466271463, -0.5463107662522988, -0.3210649714826669, 0.4038053838657336, 0.4599967628368685, 1.2771653598967179, 2.341674829858635, -1.0600122702107384, -0.7385403136384986, -0.5308938380245766, -0.5441109896504499, -0.3928998495573288, -0.06995270876741778, 0.07677088063692541, 0.5772759374247924, 1.0821462715755923, 2.099400341780299, -0.47603068893170686, 0.050339498868363176, 0.07530061988989063, 0.24394939588878453, 0.10396715337730501, 0.3666755265684568, 0.3703793331226034, 0.9118073755023604, 1.4134899502267806, 1.8126676060677662, 0.5657863530797957, 0.984731519148544, 0.7869338818302192, 1.02853284097581, 0.9647432813833842, 1.1916069543379966, 0.9926051017379374, 0.8875689244817789, 0.934822504181062, 1.4488533397149934], "bean_num": 0.5, "model_info": {"det_num_x": 10, "det_num_y": 10, "det_y": 0.03, "det_x": 0.03, "size_x": 0.5, "size_y": 0.5, "med_margin": 0.0015}}