{"source": [-120.11172376210878, -312.9017381141918], "intensity": 100, "miu_detector": 0.3, "miu_medium": 1.2, "miu_air": 0.00018, "output": [0.0, 0.0, 0.0, 0.0, 0.0, 0.0, 0.0, 0.33333333333333665, 0.6666666666666634, 0.0, 0.0, 0.0, 0.0, 0.0, 0.0, 0.0, 0.0, 0.0, 0.0, 0.0, 0.0, 0.0, 0.0, 0.0, 0.0, 0.0, 0.0, 0.0, 0.0, 0.0, 0.0, 0.0, 0.0, 0.0, 0.0, 0.0, 0.0, 0.0, 0.0, 0.0], "miu_de": 0.5, "input": [1.0156526124399985, 1.7557602686322353, 1.477393267353463, 1.5179617692190197, 1.791030900960886, 1.7088272942099079, 1.4576600980028442, 2.2208973366565954, 1.8255537129332857, 2.001377359732356, 0.4673512661665741, 0.9223555832779275, 0.9691188141568194, 0.949479997171798, 1.4676343035081378, 1.5007308361737997, 1.3854239985184842, 1.2138290250877841, 1.3747178086753116, 1.6142483329388622, 0.10132574170276804, 0.442031412450662, 0.6133097382624897, 0.9564422734697174, 0.8120206163737453, 0.4887470555566559, 0.7912800053866239, 0.7291357409414632, 0.6231277983913077, 1.1171254080100126, -0.48540758925727223, 0.13022137035023687, 0.13979878136744672, 0.3458280580834985, 0.43043471219239, 0.46341579939630306, 0.03723628515741774, -0.1292884398965751, 0.13772806908640312, 1.1678725887924375, -0.8175792403746087, -0.3425752149138462, -0.42687784901278447, 0.018751979697987052, -0.3667590617058004, -0.16233769175618146, 0.0928874289279534, -0.0870374549928582, 0.014119032036142535, 0.40953123516246465, -0.7578363657093209, -0.623080844309848, -0.5047189702644803, -0.7151754883685421, -0.4488430927908324, -0.7039967872948645, -0.4839735043958328, -0.5115337158927757, 0.3443036157811764, 0.931620092838239, -1.1188117154137436, -0.9908375206119517, -0.5683160689105561, -0.92005252432408, -0.7727081893492351, -0.8141843711514066, -0.8959861843650564, -0.6659524456145416, -0.14106758769159322, 1.0497385665814394, -1.2021194697046362, -0.8197895624535464, -1.2137087541175218, -1.0185184856992144, -1.1870335288267853, -0.885484090538054, -0.9449669683016918, -0.8232457269642809, -0.22440983158676733, 0.7095220509329253, -1.3145160479559879, -1.2735340518350389, -1.2302374859516203, -1.143083040487223, -1.2199367457194359, -1.166005692459184, -1.0204771733407136, -0.6064139131774424, -0.35402159147028295, 0.871370623717375, -1.4056065182040616, -1.4288557121201129, -1.3990814939838934, -1.4087697509763233, -1.503072769028889, -1.4496284934907988, -1.1984586194472309, -1.0362363830920915, -0.5065495903629046, 0.8327687432009565], "bean_num": 0.5, "model_info": {"det_num_x": 10, "det_num_y": 10, "det_y": 0.03, "det_x": 0.03, "size_x": 0.5, "size_y": 0.5, "med_margin": 0.0015}}