{"source": [-58.35259169887188, -330.9339924293874], "intensity": 100, "miu_detector": 0.3, "miu_medium": 1.2, "miu_air": 0.00018, "output": [0.0, 0.0, 0.0, 0.0, 0.0, 0.0, 0.0, 0.0, 0.11111111111111127, 0.8888888888888887, 0.0, 0.0, 0.0, 0.0, 0.0, 0.0, 0.0, 0.0, 0.0, 0.0, 0.0, 0.0, 0.0, 0.0, 0.0, 0.0, 0.0, 0.0, 0.0, 0.0, 0.0, 0.0, 0.0, 0.0, 0.0, 0.0, 0.0, 0.0, 0.0, 0.0], "miu_de": 0.5, "input": [1.1134169825914093, 1.7124320295772142, 1.9510133349849312, 1.6251487922241707, 1.9900491647953296, 1.595375820276132, 1.7330724146067225, 1.7809330840788924, 1.4429951648170674, 1.218625357050266, 0.1928215280454937, 0.8231186915470398, 1.0820673345549314, 0.7956779853685515, 1.4288002755821272, 1.2306564898600567, 0.994926999944941, 0.5946570570263151, 1.2186473350438543, 1.1752557894067064, 0.1322623673567614, 0.395592732061923, 0.6969591072036012, 0.20604821932046172, 0.40409927873459695, 0.7515189340167875, 0.6451334057722456, 0.6222337335798801, 0.9164635004716222, 1.004413024137534, -0.46308954244552564, -0.3008979857019776, -0.2224458790430273, -0.29738911205965607, -0.5541994144859913, -0.20051359836191632, -0.029127974514687436, -0.17267918409263078, 1.0028591327609286, 1.2997848681900876, -0.9597377274422969, -0.5093023579701826, -0.21112880768618883, -0.6845563417930656, -0.6085125068047109, -0.6511382240757287, -0.3503822872028355, 0.1524537089851667, 0.7291545281006607, 0.862385974603966, -1.2303409470726352, -1.0273747839785532, -0.9204153765117592, -0.7023410966489982, -0.564332589682805, -0.49036190034723165, -0.47229030762617347, 0.12724455708705457, 0.662054272002499, 0.9981897743193315, -1.260656412652287, -0.9603286627660883, -1.213192315682934, -1.1254141565033515, -0.9196219042798882, -0.5798358894785716, -0.39606863300270245, 0.10089250170179881, 0.690076046275745, 1.215630867380289, -1.4452862593988087, -1.3703387632747466, -1.3681014689541031, -1.0569315976229519, -0.9548581404387638, -1.0339265819593506, -0.5823359092241321, 0.13856583759677166, 0.40275234363887685, 1.6192848496346144, -1.5352525916880548, -1.367672410942214, -1.3605730633982123, -1.2444468243564106, -1.2604085339828077, -0.784779659806451, -0.5284793666088254, -0.11413092300734683, 0.3504092750883289, 1.2254815812469075, -1.6347775153066761, -1.5182397819277271, -1.4449502115776893, -1.3627507758135946, -1.2912607430680014, -1.0987307006838978, -0.7677416651923337, -0.29294114610836663, -0.12799334667768186, 0.5729478482829536], "bean_num": 0.5, "model_info": {"det_num_x": 10, "det_num_y": 10, "det_y": 0.03, "det_x": 0.03, "size_x": 0.5, "size_y": 0.5, "med_margin": 0.0015}}