{"source": [299.3045964697606, -194.37067762637932], "intensity": 100, "miu_detector": 0.3, "miu_medium": 1.2, "miu_air": 0.00018, "output": [0.0, 0.0, 0.0, 0.0, 0.0, 0.0, 0.0, 0.0, 0.0, 0.0, 0.0, 0.0, 0.0, 0.0, 0.0, 0.0, 0.6666666666666662, 0.3333333333333338, 0.0, 0.0, 0.0, 0.0, 0.0, 0.0, 0.0, 0.0, 0.0, 0.0, 0.0, 0.0, 0.0, 0.0, 0.0, 0.0, 0.0, 0.0, 0.0, 0.0, 0.0, 0.0], "miu_de": 0.5, "input": [-1.3046304062540686, -1.2443399707966643, -1.233532033317864, -1.168418419647466, -1.1775423032841479, -1.1586075215457277, -1.2034075338239907, -1.1780966730325648, -1.1420613602069842, -0.7857065052617839, -1.153733284129842, -1.1523155684777378, -1.1030595662040412, -1.0495454492902405, -1.0404540150433745, -1.0315863197038553, -1.0372963044055015, -1.0400816324483366, -1.0526044459660409, -0.6093327120880448, -1.0724726407736, -0.9869972280435811, -0.866594989811812, -0.8358611591395434, -0.8729988131289134, -0.8883767192313513, -0.9191339331353541, -0.8602648910493301, -0.8624399131886834, -0.47901984666987935, -0.9487277470804072, -0.7398602025898233, -0.7018273035835909, -0.6561344391595553, -0.6856971946201085, -0.59943439678692, -0.5282497942052276, -0.7247187724438373, -0.6740036898495827, -0.373696131329075, -0.7046775311618626, -0.40974869975766476, -0.46127097205915985, -0.3566292502876752, -0.3250593163404822, -0.24107973843081343, -0.3750655510934468, -0.3916817217338439, -0.5116083337892678, -0.224352776259661, -0.5169368249171346, -0.2208155569641553, -0.0334628628017406, -0.14937912217629232, -0.04285598238754634, -0.09356565866686838, 0.01755004735258357, -0.1060427614929351, -0.17183888533381672, -0.1586029103393039, -0.06569585275364666, 0.22944241687419886, 0.31634776254789204, 0.406293773354263, 0.3745999663066523, 0.46673128070073494, 0.24821644864761716, 0.3098631455227092, 0.2413857053996746, 0.06840333043651761, 0.490453026967517, 0.8348262869246114, 0.9473503666432902, 0.9463938442377475, 0.9090253546386381, 1.0198589006117202, 0.8638655837641392, 0.7425590075536148, 0.7723103362696881, 0.5095325441647448, 0.9078076307175819, 1.2885629889723984, 1.5248593545234463, 1.615193936908585, 1.7230302494805596, 1.4981530690394538, 1.5068426164169606, 1.5884489293897714, 1.3271263421502912, 0.7672735550449382, 1.4267131446922325, 1.7338499914339633, 1.819375963345068, 2.0053641756487615, 1.9137237008305386, 2.03212052716656, 1.974170079905799, 1.8814113122846197, 1.9986983941073413, 1.4554970485183611], "bean_num": 0.5, "model_info": {"det_num_x": 10, "det_num_y": 10, "det_y": 0.03, "det_x": 0.03, "size_x": 0.5, "size_y": 0.5, "med_margin": 0.0015}}