{"source": [-172.0863138578622, -323.6472847963767], "intensity": 100, "miu_detector": 0.3, "miu_medium": 1.2, "miu_air": 0.00018, "output": [0.0, 0.0, 0.0, 0.0, 0.0, 0.0, 0.11111111111111269, 0.8888888888888873, 0.0, 0.0, 0.0, 0.0, 0.0, 0.0, 0.0, 0.0, 0.0, 0.0, 0.0, 0.0, 0.0, 0.0, 0.0, 0.0, 0.0, 0.0, 0.0, 0.0, 0.0, 0.0, 0.0, 0.0, 0.0, 0.0, 0.0, 0.0, 0.0, 0.0, 0.0, 0.0], "miu_de": 0.5, "input": [1.2353858171868466, 1.5307458614868703, 1.1734259704346357, 1.4497898698531682, 1.514251745679119, 1.4976278880121543, 1.3004790953533023, 1.1023682477622314, 1.1935120610478995, 1.127657390648731, 1.6345909168318136, 1.3714371503725284, 0.7078205812085839, 0.5604425967371994, 0.34865031532040364, 0.3453359064852304, 0.4665546673999639, 0.5382757583242247, 0.4392119091499719, -0.08590140060319225, 1.9068707267944225, 0.9491366969098, 0.38683589096758203, 0.005072103362822657, 0.02504119767995357, -0.051687728012010575, -0.09858443648048863, 0.11765904509424577, -0.11318210335634744, -0.4509538245762915, 1.6442962835656036, 0.8180333747443523, 0.19668017698314735, 0.07529539011481856, -0.31262288702465374, -0.5766084296580861, -0.6051415926419306, -0.6351330030576532, -0.7089400664590203, -0.9499813278949883, 1.4397815126572535, 1.0253928697947765, 0.21731768775077856, -0.19305118349661393, -0.4900353305535691, -0.6737905337716065, -0.830440628188726, -0.7928871924641879, -0.9969606262169424, -1.3277441933333354, 1.8385080262393834, 0.9308034080150276, 0.8303335919367271, -0.15800091388590523, -0.4942317981642483, -0.7550961883282564, -1.1119984043328328, -1.0657121750667504, -1.1369603299967432, -1.4016551333038079, 1.637312253281208, 0.9341580489044048, 0.5784997912090265, 0.07134046779340446, -0.4646700159149407, -0.7199027687059187, -0.9929334322581869, -1.1565703544139527, -1.3206747297864416, -1.4374020832522845, 1.9306032959482746, 1.337795787454109, 0.541880348023857, -0.17689483162739203, -0.7162082068938295, -0.6852946194133178, -1.0402047813761048, -1.1528698061115552, -1.4528740639597306, -1.4802874714372805, 1.5223995714544647, 0.8600003612931674, 0.13355966651673992, -0.24276785721402408, -0.5794615939864467, -0.6915821979617864, -1.0464354310154074, -1.2432258106688823, -1.3553918395236877, -1.5689903486271448, 1.0525496348697803, 0.6057283512890985, -0.12310661767144895, -0.35645165853194855, -0.6824537885489388, -0.9295986912834413, -1.2230304547149788, -1.1935853015635838, -1.5151933352980411, -1.5850857873142277], "bean_num": 0.5, "model_info": {"det_num_x": 10, "det_num_y": 10, "det_y": 0.03, "det_x": 0.03, "size_x": 0.5, "size_y": 0.5, "med_margin": 0.0015}}