{"source": [-369.50465979393454, 99.00847519132161], "intensity": 100, "miu_detector": 0.3, "miu_medium": 1.2, "miu_air": 0.00018, "output": [0.0, 0.0, 0.0, 0.0, 0.0, 0.0, 0.0, 0.0, 0.0, 0.0, 0.0, 0.0, 0.0, 0.0, 0.0, 0.0, 0.0, 0.0, 0.0, 0.0, 0.0, 0.0, 0.0, 0.0, 0.0, 0.0, 0.0, 0.0, 0.0, 0.0, 0.0, 0.0, 0.0, 0.0, 0.0, 0.0, 0.0, 0.0, 0.6666666666666676, 0.33333333333333237], "miu_de": 0.5, "input": [1.5406126948592964, 1.0340567293961993, 0.9354933061843433, 1.3610424394037348, 1.3367593512639584, 1.233364654880643, 1.8419289752531802, 1.2921966756363559, 1.3856693003245049, 1.166051814514161, 1.2686577126015146, 0.9674843782494916, 0.6639534731598442, 0.7427828276686521, 1.1530170986889041, 0.5489959845732072, 0.8983556565181507, 0.9977067533813114, 0.4084177827141912, -0.07721444066205613, 1.820167518784281, 0.8544237257388343, 0.37092558201054815, 0.6380853423771886, 0.13917708503827086, -0.06457144735056516, -0.008575436317219996, -0.13847350107863132, -0.31057292931280606, -0.3229662616544085, 1.7928586173525567, 0.748167804158978, 0.2711691141756105, 0.0312506774954539, -0.32425186938352757, -0.4523985976645946, -0.5121060187984893, -0.4613564270018689, -0.7455813213305968, -0.7520566060104328, 1.5035199303572722, 0.9213053250278251, 0.3674012909554585, -0.12112028710624202, -0.4719598079238371, -0.4415352659870123, -0.8561272689838603, -0.7472569892352682, -0.827041293763207, -0.7615324197364806, 1.7065005144899854, 1.407277786348428, 0.17143370566105148, -0.017384849418363053, -0.547509862561177, -0.7943896064767201, -1.1557676663700973, -0.9719310439873577, -1.1183407305635222, -1.2430498488986075, 1.6881650835746023, 1.224965811323231, 0.004702497593544333, -0.0031798011835053332, -0.5765314161897437, -0.6282823082958388, -1.1035584338151492, -1.2285927355438975, -1.3115433893817434, -1.2560055502726755, 1.3014956417169496, 0.5400481799037764, 0.16104308071355883, -0.17635678498353174, -0.8817561427783245, -0.8582732272665804, -1.2240128745227405, -1.3371137950020207, -1.443995796829664, -1.4496190391023065, 1.9995458844662144, 0.6244834827933874, 0.4422488423968748, -0.25614318478719916, -0.7479864218428702, -0.8568579350551344, -1.1838624569197507, -1.4373602745019134, -1.5197399190226941, -1.537409866834205, 1.2229139335144217, 0.2654004945004508, -0.07805644611517862, -0.3711281722644475, -0.7043264050608479, -1.027350753620401, -1.3107204455331147, -1.177314829946529, -1.4445363161467983, -1.618538041344632], "bean_num": 0.5, "model_info": {"det_num_x": 10, "det_num_y": 10, "det_y": 0.03, "det_x": 0.03, "size_x": 0.5, "size_y": 0.5, "med_margin": 0.0015}}