{"source": [-138.15455997101625, -359.904933418078], "intensity": 100, "miu_detector": 0.3, "miu_medium": 1.2, "miu_air": 0.00018, "output": [0.0, 0.0, 0.0, 0.0, 0.0, 0.0, 0.0, 0.33333333333333665, 0.6666666666666634, 0.0, 0.0, 0.0, 0.0, 0.0, 0.0, 0.0, 0.0, 0.0, 0.0, 0.0, 0.0, 0.0, 0.0, 0.0, 0.0, 0.0, 0.0, 0.0, 0.0, 0.0, 0.0, 0.0, 0.0, 0.0, 0.0, 0.0, 0.0, 0.0, 0.0, 0.0], "miu_de": 0.5, "input": [-1.3419066984292334, -1.4496254890108415, -1.2078220018953347, -1.056769777662978, -0.6974055736836652, -0.5938175936160697, -0.5698412415405998, 0.1697825014682303, 0.7389474939243715, 1.410687743596244, -1.336384418565323, -1.1493198936975522, -0.7367189157201707, -0.7836369524575693, -0.44743749535124183, -0.27126320781012103, 0.0733529528477629, 0.7090477003462844, 0.9856482362511767, 1.866336443080916, -1.3955599024389287, -1.1091762424844887, -1.0134320841195643, -0.9009333645653229, -0.6471028838169942, -0.15269648188560972, 0.4545696619165095, 0.8858972180982471, 0.976097328496611, 2.2027208719827844, -1.4106751560949968, -0.9140181418772575, -0.896529077925256, -0.8313973331713214, -0.5653875787955519, -0.1864518093980964, 0.5070314483212282, 0.762317562927117, 1.3045560784584191, 2.0114677491954507, -1.2962809442269234, -1.181571843822969, -0.9762413901400414, -0.5595874974683186, -0.39312336534017556, -0.08901006940261778, 0.5761162699390066, 1.20136795627565, 1.1600829588976398, 1.711743074987896, -1.2615230781274522, -1.0696438475990466, -1.2042642780519095, -0.8138963156395809, -0.7273599816739035, -0.27013995895187876, 0.2354136428630586, 0.8845530088546099, 1.077085774952626, 1.8574330652061146, -1.2817705574191343, -0.9377277512848224, -0.7658933440328377, -0.7402770055441551, -0.7170146995858381, -0.11134230979404512, 0.0053034442416156945, 1.033447337162265, 1.4447181927138655, 1.7750746650576181, -1.0396200809137108, -1.1104535816969705, -0.7559063656077525, -0.7589590587965032, -0.4070059793952083, -0.11352844729394224, 0.29861881479295976, 1.078144019245902, 1.2046666277434548, 2.0289783077162347, -0.8692440117390039, -0.715590975625805, -0.705836511391866, -0.6663191126721454, -0.39897505107501063, -0.08815833234137013, 0.6555399699999316, 0.570191974788244, 1.1126091013911708, 2.025116624330333, -0.13546796023583835, 0.8083844104572984, 0.43492777544595956, 0.6575785819091227, 0.4817958547456497, 0.564186299099022, 0.5607464770441112, 1.0852140812282691, 0.9469062437216532, 1.292637477182224], "bean_num": 0.5, "model_info": {"det_num_x": 10, "det_num_y": 10, "det_y": 0.03, "det_x": 0.03, "size_x": 0.5, "size_y": 0.5, "med_margin": 0.0015}}