{"source": [151.44282646577827, -374.8341488296534], "intensity": 100, "miu_detector": 0.3, "miu_medium": 1.2, "miu_air": 0.00018, "output": [0.0, 0.0, 0.0, 0.0, 0.0, 0.0, 0.0, 0.0, 0.0, 0.0, 0.0, 0.0, 0.5555555555555564, 0.44444444444444364, 0.0, 0.0, 0.0, 0.0, 0.0, 0.0, 0.0, 0.0, 0.0, 0.0, 0.0, 0.0, 0.0, 0.0, 0.0, 0.0, 0.0, 0.0, 0.0, 0.0, 0.0, 0.0, 0.0, 0.0, 0.0, 0.0], "miu_de": 0.5, "input": [1.5705767819019965, 1.7957723524041873, 1.937855574488474, 1.8477106264742742, 2.0019325834735153, 1.8602072029632488, 1.786423705695995, 1.9329070289955528, 1.8714169669162848, 1.3783722652666728, 1.0767666671501157, 1.426637885094634, 1.5724519660829752, 1.4911731537749637, 1.3647100097989873, 1.7125826242242874, 1.6019384155848888, 1.472082629857827, 1.3530053873318673, 0.9275310562918176, 0.29833270883505547, 0.6784932615449583, 1.1434387717613848, 1.0250263293863575, 1.192131077652482, 0.7532382792924862, 0.9506492348557771, 0.8313190738614167, 0.5841552379803566, 0.5187940442990342, -0.0741920526329729, 0.025658061310244226, 0.2315845386094841, 0.16817035867690655, 0.5499053612343727, 0.5445141516379978, 0.46851991450224445, 0.37126979696176376, 0.0892811509874419, -0.03224554558372077, -0.5038995000516151, -0.14922239395416578, -0.04522578753233968, 0.05943910329681103, -0.045424462989875874, 0.14080786109206164, 0.17364600619074458, -0.03528303082043602, -0.224119691104009, -0.4311592651692146, -0.5799137451952009, -0.3799477849577858, -0.3849677992796299, -0.5309165218266407, -0.20702902119949715, -0.3655156284066702, -0.25607125007881626, -0.21427662188202387, -0.4206142589153569, -0.5678668042122579, -0.9136071779880635, -0.5947560242931765, -0.6505798435277073, -0.5761105655136819, -0.571120941039761, -0.5921095021370558, -0.5329931327554699, -0.55228109602638, -0.6971906428890031, -0.9289952381064694, -1.084264688792183, -0.9457273714701967, -0.9307003658427392, -0.8021535263435883, -0.8688852133848721, -0.6549702248945851, -0.6680108507069006, -0.8779530140796339, -0.8245549640320938, -0.9424911251764865, -1.1571587063172288, -1.1340496460746385, -1.0613568651071437, -0.9370015145686699, -0.9720823988159295, -0.9446446446695764, -0.9831895716080026, -0.9366017921460109, -1.0386972586644998, -1.11886991823125, -1.2266185186315857, -1.218471395670903, -1.0987240498110262, -1.1400709178206054, -1.147710197993976, -1.151845786212527, -1.2191751013848255, -1.1127698245478057, -1.198394748402465, -1.3256496762710357], "bean_num": 0.5, "model_info": {"det_num_x": 10, "det_num_y": 10, "det_y": 0.03, "det_x": 0.03, "size_x": 0.5, "size_y": 0.5, "med_margin": 0.0015}}