{"source": [161.82115188835505, -381.2267435165064], "intensity": 100, "miu_detector": 0.3, "miu_medium": 1.2, "miu_air": 0.00018, "output": [0.0, 0.0, 0.0, 0.0, 0.0, 0.0, 0.0, 0.0, 0.0, 0.0, 0.0, 0.0, 0.4444444444444465, 0.5555555555555535, 0.0, 0.0, 0.0, 0.0, 0.0, 0.0, 0.0, 0.0, 0.0, 0.0, 0.0, 0.0, 0.0, 0.0, 0.0, 0.0, 0.0, 0.0, 0.0, 0.0, 0.0, 0.0, 0.0, 0.0, 0.0, 0.0], "miu_de": 0.5, "input": [1.2113950912018334, 1.8955335351122893, 1.7171738842338529, 1.5326768857565372, 1.7533766061395912, 1.7637220316061517, 1.675189578368892, 1.8255437410953013, 1.8140273840705834, 1.0989595885918122, 1.0174180058843814, 1.0930854119528914, 1.5863052555380253, 1.4287149108032664, 1.3246123962154788, 1.639578015581743, 1.2248580249843153, 1.3402642576284067, 1.495781155562818, 1.0951440888369242, 1.0362805858461224, 0.5436391861409215, 0.8894120292121144, 0.8370493623011012, 0.7021228507845607, 0.7656057972252482, 1.1531636623443278, 1.1214829540921054, 0.5989166358549589, 0.11527724654162433, 0.853706776411674, 0.19038319308755636, 0.009073732215646514, 0.20383748173351798, 0.40111548049239626, 0.5976118609882464, 0.6999879843487117, 0.09605143595074227, 0.24383950478981678, -0.3040418790381338, 0.7409998726385665, -0.28168422634780604, 0.2642388087731831, 0.030950421707979535, 0.03771065637933227, -0.03483467274352655, -0.05218499179974304, -0.12661482411298625, -0.41965946687077943, -0.7461224617557818, 0.4969262478166345, -0.20030179742656215, -0.2939091716858193, -0.6401254617157497, -0.3634784583591571, -0.2432691799752135, -0.33950027115769515, -0.4301772512239782, -0.8144790145951551, -0.8924705473314714, 0.4400568932969138, -0.5398506444615803, -0.7536810247865753, -0.8682034897667013, -0.5826397730022131, -0.7477493055265874, -0.6946369103375292, -0.6084770125117357, -0.9347730391273367, -1.0233375545063037, 0.8323466413202396, -0.5499137392359954, -1.0231890130122925, -1.0052421791243613, -0.8817814529732099, -1.0314459889807344, -0.9966756912680067, -1.0497684698247571, -1.1407120215026985, -1.1996221470321404, -0.05104426078188504, -0.6362199054649356, -1.0970999368779564, -0.8706221238342754, -1.081726198005639, -1.2457024371749175, -1.2046221579629623, -1.2037281300914364, -1.3021837763416633, -1.3197194870860482, 0.010177337528686476, -0.9815717931429826, -1.2279946088068914, -1.3308092583450188, -1.3645794690391095, -1.240054257483077, -1.3182504750175812, -1.2946356417786506, -1.3669289124055681, -1.4932785262270993], "bean_num": 0.5, "model_info": {"det_num_x": 10, "det_num_y": 10, "det_y": 0.03, "det_x": 0.03, "size_x": 0.5, "size_y": 0.5, "med_margin": 0.0015}}