{"source": [381.179633847039, 177.7469823955926], "intensity": 100, "miu_detector": 0.3, "miu_medium": 1.2, "miu_air": 0.00018, "output": [0.0, 0.0, 0.0, 0.0, 0.0, 0.0, 0.0, 0.0, 0.0, 0.0, 0.0, 0.0, 0.0, 0.0, 0.0, 0.0, 0.0, 0.0, 0.0, 0.0, 0.0, 0.0, 0.22222222222222182, 0.7777777777777781, 0.0, 0.0, 0.0, 0.0, 0.0, 0.0, 0.0, 0.0, 0.0, 0.0, 0.0, 0.0, 0.0, 0.0, 0.0, 0.0], "miu_de": 0.5, "input": [0.2884296266308647, -0.44519260142550815, -0.9632986669718103, -1.1601984970677464, -1.252799314337585, -1.1998409002474568, -1.3148661371832173, -1.3026761665443685, -1.4844317755085414, -1.3846317293606067, 0.7940573225597792, -0.28198683044278094, -0.8943616347513519, -1.0487461047463724, -1.1952926301574989, -1.1382669698907975, -1.0910584062874795, -1.207294089095222, -1.2790763668148086, -1.370853976422768, 0.8217048027483337, -0.08908286383520177, -0.5738674836007215, -1.0677431841459881, -1.1336013278291655, -0.9790969653664874, -1.044483613602878, -1.0262700557728375, -1.0641971226816034, -1.2422125807200728, 1.0053126396583993, -0.26950304874455067, -0.49731077252035805, -0.5715563294604785, -0.7743552039239565, -0.8929574867103158, -0.9102047151816843, -0.8919257800125645, -0.7824511103502146, -1.1709373841461048, 0.8927452070223579, 0.056491538220718666, -0.4885760186427902, -0.5974524630005532, -0.3817660030075214, -0.7911591544764252, -0.6892181022170267, -0.6970378985972573, -0.7688322425400839, -1.015727690067707, 0.8287380431723075, 0.18210142916600797, -0.09268322577914806, -0.023613836458241888, -0.16270807279708405, -0.14019053750904992, -0.1590221525732686, -0.3941174626976583, -0.31256213063547644, -0.7746807240197536, 0.8746801123193833, 0.09773316524666262, -0.002059380353671822, 0.5352373998727166, 0.23499107326447724, 0.3013123410713931, 0.22822085688809848, 0.21943116985198227, 0.20781098510816318, -0.46707144586164845, 0.9564790258866195, 0.6364437277656335, 0.3023706658394772, 0.5336749975251491, 1.0698149304277724, 1.052246551560026, 0.6861853958944596, 0.9065779466429701, 0.3836553844471847, 0.01691029514033204, 0.7477422298981938, 0.6004683572410987, 1.303908315686865, 1.299954061197649, 1.4933185934044935, 1.5108480587292363, 1.0940647544703113, 1.3825238832069924, 1.094474884675042, 0.7125587234081638, 1.1225697399356194, 1.7411338518400652, 2.089838263364351, 2.2060159551305576, 1.3001999645087126, 2.0316499860171784, 1.8951097864913007, 2.1066370342777305, 1.948452203588493, 1.160283086092152], "bean_num": 0.5, "model_info": {"det_num_x": 10, "det_num_y": 10, "det_y": 0.03, "det_x": 0.03, "size_x": 0.5, "size_y": 0.5, "med_margin": 0.0015}}