{"source": [-409.8695787566297, 102.19196349756625], "intensity": 100, "miu_detector": 0.3, "miu_medium": 1.2, "miu_air": 0.00018, "output": [0.0, 0.0, 0.0, 0.0, 0.0, 0.0, 0.0, 0.0, 0.0, 0.0, 0.0, 0.0, 0.0, 0.0, 0.0, 0.0, 0.0, 0.0, 0.0, 0.0, 0.0, 0.0, 0.0, 0.0, 0.0, 0.0, 0.0, 0.0, 0.0, 0.0, 0.0, 0.0, 0.0, 0.0, 0.0, 0.0, 0.0, 0.0, 0.5555555555555549, 0.4444444444444451], "miu_de": 0.5, "input": [-0.18082914174737855, -0.864239660054734, -1.2534305681058915, -1.233628683014353, -1.2803275827229768, -1.3551475193320062, -1.213262884969204, -1.2567134074149955, -1.301509778492959, -1.333109481530674, 0.06822653063298914, -0.9046560056126024, -0.929261540314571, -1.0547890024096551, -1.1956202295898872, -1.1758712198293062, -1.0236708074997707, -1.0593002633163509, -1.133063396318131, -1.2400080202391732, 0.0682599625747566, -0.9228438545664145, -0.9837682048216555, -0.9734627528533726, -0.8277780227133927, -0.8296174037260832, -1.0550542516524042, -0.9053613746645948, -1.0236259975250992, -1.1058452443941351, -0.09232676682909814, -0.5528802056913117, -0.8835824877175735, -0.6963821853711034, -0.7008995308240165, -0.6812864147525584, -0.5616697481012258, -0.5679855726708355, -0.8600045717560401, -0.86455275656795, 0.2423617968832533, -0.18140459942248333, -0.43546048377973523, -0.03521609362220366, -0.48142418128263775, -0.45368157864829417, -0.623107252510459, -0.14214522205101188, -0.40642689164947576, -0.7821739843805247, 0.26957585638163956, -0.30877745879766155, 0.015153641813548623, -0.34883736527132053, -0.06610825755281242, -0.3488518786183444, 0.00782489369898197, 0.1677847083078353, -0.48803788567332934, -0.45832511788774616, 0.24925686795804472, 0.4963293800526949, -0.09250274065831361, 0.3904002844918032, 0.31056929818941237, 0.25117426754056593, 0.4915930293266983, 0.5281939909004156, -0.23838316693082384, -0.2545686838881199, 0.7004625231282827, 0.6991331799357763, 0.7767092654973025, 1.0619914031490354, 0.8456551560741122, 0.4813185907087799, 0.653065614979321, 0.9165823625962651, 1.1015656720202018, 0.14127332887759433, 1.382167508211257, 1.7579031537528789, 1.2091395539821745, 0.9570681109849187, 1.7963518949931758, 1.631245683375625, 1.7148955080439798, 1.4853249406081626, 0.8634924874350035, 0.6108320042949225, 1.6661775078804688, 1.6360062533644455, 1.7558513063292855, 1.8232579469001002, 2.359157472901381, 1.6474925043521258, 1.8703949705888592, 2.1318349238346777, 1.7254354160172025, 1.2643086287687963], "bean_num": 0.5, "model_info": {"det_num_x": 10, "det_num_y": 10, "det_y": 0.03, "det_x": 0.03, "size_x": 0.5, "size_y": 0.5, "med_margin": 0.0015}}