{"source": [-70.42567434862629, -444.65020809065004], "intensity": 100, "miu_detector": 0.3, "miu_medium": 1.2, "miu_air": 0.00018, "output": [0.0, 0.0, 0.0, 0.0, 0.0, 0.0, 0.0, 0.0, 1.4135798584282298e-15, 0.9999999999999986, 0.0, 0.0, 0.0, 0.0, 0.0, 0.0, 0.0, 0.0, 0.0, 0.0, 0.0, 0.0, 0.0, 0.0, 0.0, 0.0, 0.0, 0.0, 0.0, 0.0, 0.0, 0.0, 0.0, 0.0, 0.0, 0.0, 0.0, 0.0, 0.0, 0.0], "miu_de": 0.5, "input": [0.8505186297830928, 1.087327341399271, 1.3502033415082006, 1.2385233094867922, 1.2378032798571024, 1.4609245455940303, 1.39308502916334, 0.9980312388900285, 1.3898174416126947, 1.3908844111034833, 0.4864177105500953, 0.6965667286139924, 0.8110041838316432, 0.6635794689212271, 0.4532482914528493, 0.2919773736830274, 0.5763814093835921, 0.9790402624372322, 0.9144752359379444, 1.2998114355047055, -0.2601439329029606, -0.41579686033132585, -0.16421642883426524, 0.09263257716320804, -0.10978209735059527, -0.31519634877646907, 0.27436518301092405, 0.6551825418721874, 1.0010121921901676, 1.7511280106870117, -1.031004129645185, -0.8702745648494495, -0.59880229692589, -0.6268572737351633, -0.45542273239319053, -0.3191368067773474, 0.1266804221530583, 0.4639430596393579, 1.2313128474755548, 1.769880638586556, -1.200812027780456, -1.0176526633878384, -0.7762714664193483, -0.7289919138903788, -0.5638110560455093, -0.26431498913881857, -0.218361017787478, 0.8584913706636236, 0.9647859819934893, 1.9944953626192523, -1.3037355438345997, -1.2346984494539703, -1.0675508651450412, -0.995822609065968, -0.7117789426470513, -0.3174928623047022, -0.09742262615416301, 0.6512649737212488, 0.9303696130121253, 1.729478980614329, -1.4702901915010629, -1.3189004468671683, -1.0823289059725005, -1.0031655947437506, -0.8405684064412325, -0.5444235240406791, -0.23862348405737593, 0.7270266850186495, 0.9880107874387242, 1.7034489493874378, -1.4141114000407329, -1.303440611106479, -1.1305848004119754, -1.1429478567453588, -0.9739124890206041, -0.47393621167707095, -0.1118611448311451, 0.6125052623259529, 1.0682097111335154, 1.4139406356901312, -1.5143738890837461, -1.4065727242884745, -1.311473626780695, -1.0309752619738712, -0.8311528202253288, -0.6378906748683179, -0.14417548856784165, 0.005925908069642479, 0.837782967147323, 1.1703084448896712, -1.6357820340892437, -1.5891920509122217, -1.4599710109739577, -1.3198070398574828, -1.1724908424124827, -0.9270609802788352, -0.3889586248758768, -0.024178978810691906, 0.3789572933315075, 1.1377405524843967], "bean_num": 0.5, "model_info": {"det_num_x": 10, "det_num_y": 10, "det_y": 0.03, "det_x": 0.03, "size_x": 0.5, "size_y": 0.5, "med_margin": 0.0015}}