{"source": [-452.09103251654574, 23.69308704796932], "intensity": 100, "miu_detector": 0.3, "miu_medium": 1.2, "miu_air": 0.00018, "output": [0.6666666666666676, 0.0, 0.0, 0.0, 0.0, 0.0, 0.0, 0.0, 0.0, 0.0, 0.0, 0.0, 0.0, 0.0, 0.0, 0.0, 0.0, 0.0, 0.0, 0.0, 0.0, 0.0, 0.0, 0.0, 0.0, 0.0, 0.0, 0.0, 0.0, 0.0, 0.0, 0.0, 0.0, 0.0, 0.0, 0.0, 0.0, 0.0, 0.0, 0.33333333333333237], "miu_de": 0.5, "input": [-1.447936502712144, -1.4150036705836022, -1.4089697134129069, -1.1611547620541773, -1.2680271192595607, -0.7945734995278179, -0.5126084157788574, -0.5154174307951604, 0.27799244445195526, 1.1063360720794624, -1.4293113678877378, -1.4253575082223762, -1.35462786698941, -1.067714351487026, -0.9676727846101251, -0.8309256254538113, -0.5557208203794365, 0.22341717706044353, 0.748885073097049, 1.3855297027398468, -1.4197786445881817, -1.3070568106753508, -1.3876608785085471, -1.2054347641170018, -1.0120105033286575, -0.8289819864733734, -0.3976002475893791, 0.457255454270323, 0.7053513089837947, 1.6850502722325962, -1.3156838270676043, -1.2493251176939928, -1.0063490336969658, -1.2824506857133366, -0.8495466812558978, -0.4519203544234454, -0.06645833226289093, 0.3612290871508734, 0.6570522206464224, 1.7082189717704594, -1.065400091016364, -1.0816574943503425, -1.051700763608911, -0.860208906390583, -0.9000185872137121, -0.48981467729855366, 0.005578918231754922, 0.03735664680196262, 0.8347543870719141, 1.5542904601366787, -0.9796715752412212, -0.8799429054346207, -0.9301847153235938, -0.5702015822097065, -0.7395601860286773, -0.5549001706499078, -0.48362704944741564, 0.34850752967515564, 0.987096018174293, 1.0680990090051652, -0.9444043871167469, -0.5812184454794049, -0.38852526686365296, -0.22314667422469428, -0.3524188406083603, -0.2991246017944686, 0.03495746145886174, 0.44502115215536653, 0.9366981532472224, 1.708726840758351, -0.39804958538063634, 0.37793411205373256, 0.07622958654010739, 0.17421119228202184, 0.3221289072225427, -0.23837535294271203, 0.21511984353553948, 0.4031549801777087, 1.1321776433740778, 2.100086504413723, 0.2415005745677626, 0.794335533764059, 0.6380942868161641, 0.5434428389296175, 0.8514254384544676, 0.4833667190852694, 1.2036236619093292, 0.47520717113829025, 1.194043163055552, 1.4234104151299594, 1.0864391973590617, 1.6520694607874926, 1.364426837660607, 1.631326835895721, 1.5155483702294281, 1.177639914095859, 1.586065130288178, 1.1760960364997297, 1.4436447899129874, 1.3872776587941456], "bean_num": 0.5, "model_info": {"det_num_x": 10, "det_num_y": 10, "det_y": 0.03, "det_x": 0.03, "size_x": 0.5, "size_y": 0.5, "med_margin": 0.0015}}