{"source": [-274.5414115276633, -364.32875848814354], "intensity": 100, "miu_detector": 0.3, "miu_medium": 1.2, "miu_air": 0.00018, "output": [0.0, 0.0, 0.0, 0.0, 0.0, 0.11111111111111269, 0.8888888888888873, 0.0, 0.0, 0.0, 0.0, 0.0, 0.0, 0.0, 0.0, 0.0, 0.0, 0.0, 0.0, 0.0, 0.0, 0.0, 0.0, 0.0, 0.0, 0.0, 0.0, 0.0, 0.0, 0.0, 0.0, 0.0, 0.0, 0.0, 0.0, 0.0, 0.0, 0.0, 0.0, 0.0], "miu_de": 0.5, "input": [1.147892931671599, 1.5991929693758014, 1.2591584133072506, 1.3002694970037814, 1.248731903318845, 1.2598900972673082, 0.9902085117815926, 1.472427326896358, 1.5602552866080204, 1.0420866775036408, 1.6100644834850601, 1.1581785505589235, 0.48784358212469914, 0.7036550187766916, 0.6219433735717446, 0.5577093075941981, 0.6894905140169734, 0.731984232494902, 0.5289016581850753, -0.03263153607486234, 1.8618600638840146, 0.9670448484501356, 0.45191598784500014, 0.22983741439900918, -0.04447824142501846, -0.07369172604712401, -0.03985476651825719, -0.05980804350038268, -0.31499116404098576, -0.4828212784801842, 1.7959287921728813, 0.9480364593605601, 0.33001767950812155, 0.05962668503860534, -0.4331411697614513, -0.5363842295755445, -0.5417585292442433, -0.5934395241854392, -0.7960199672875001, -0.9673483588615247, 1.3879645955378555, 0.8068977188939709, 0.263032126605888, -0.3001330594978047, -0.44503607676267654, -0.5611429181292766, -0.9427280768643821, -0.8023568975438927, -0.9677182341359923, -1.256212877438267, 1.626117813153802, 1.1094751000960525, 0.8573745251502021, 0.023607623933930712, -0.3783368039735285, -0.831395441145252, -1.0158075133953954, -1.1294691759213564, -1.2425454159911897, -1.3247436889204716, 1.5348777294049551, 1.274705891639091, 0.5300344364058323, 0.053367059530043226, -0.41808444250264815, -0.7421569762495261, -0.9451466892193569, -1.2061631501448087, -1.3541783255859583, -1.404364120656256, 1.6578321979535193, 1.2824667337652778, 0.4296963004933918, -0.27597949578585546, -0.67068538117927, -0.7509594209748238, -1.0565838090062567, -1.1772743694677272, -1.367961202580151, -1.5129258043292322, 1.5250400540925517, 0.8974021610573071, 0.08428011201534062, -0.2422585450684266, -0.6747256766095706, -0.9359048119496489, -1.0798562416549202, -1.2779339488458188, -1.368045486068254, -1.5455036735019427, 1.1509346519350723, 0.5603249693427206, -0.027408472465108143, -0.3318730789959747, -0.5706692095460226, -1.013515365916962, -1.196141050104345, -1.386153619954927, -1.4365371617270304, -1.5865998223947955], "bean_num": 0.5, "model_info": {"det_num_x": 10, "det_num_y": 10, "det_y": 0.03, "det_x": 0.03, "size_x": 0.5, "size_y": 0.5, "med_margin": 0.0015}}