{"source": [268.71209481098356, 369.85046910977366], "intensity": 100, "miu_detector": 0.3, "miu_medium": 1.2, "miu_air": 0.00018, "output": [0.0, 0.0, 0.0, 0.0, 0.0, 0.0, 0.0, 0.0, 0.0, 0.0, 0.0, 0.0, 0.0, 0.0, 0.0, 0.0, 0.0, 0.0, 0.0, 0.0, 0.0, 0.0, 0.0, 0.0, 0.0, 0.0, 0.9999999999999993, 7.067899292141149e-16, 0.0, 0.0, 0.0, 0.0, 0.0, 0.0, 0.0, 0.0, 0.0, 0.0, 0.0, 0.0], "miu_de": 0.5, "input": [1.5282756843846435, 2.0925037474346566, 1.6357051829309721, 2.23034299260655, 1.773700633561104, 1.89315769965946, 1.7065812273633816, 1.9654852112463872, 1.949628816867157, 1.2217826236153726, 0.9017345104319087, 1.2476728533931776, 1.3702679906466704, 1.1944255207972292, 0.9088708020491099, 1.6558683622691999, 1.9337128711460474, 1.5282561201619198, 1.5181528933719968, 0.9570715437921558, 0.13959641042831045, 0.8965269901220564, 1.0570748050469825, 0.8769209617361595, 1.0965012815754753, 0.801486438458887, 1.0839452663664253, 0.8106463026872649, 0.5087417516864591, 0.24905420008795634, 0.17858586460816828, 0.0246865005909877, 0.5710129833644205, 0.42302854096893405, 0.8340884670282717, 0.6025937669648495, 0.3888530637503304, 0.4500294855092597, 0.13697243297461903, -0.17727990818286402, -0.4720755195924648, -0.03072636863258078, -0.0005261837290534572, 0.12452667783531832, 0.06836907757106579, 0.15067987729840493, -0.052229657920086874, -0.4073397219270772, -0.22516094802642095, -0.3836994525261726, -0.5035678174420549, -0.2789508048726719, -0.3346846045330474, -0.17364678765980848, -0.3070712338413672, -0.32663521156715375, -0.34479991084562767, -0.331123151041649, -0.3188270802724695, -0.5943744136793085, -0.6642842425524846, -0.6302824663994516, -0.6731082703449011, -0.3748569994488843, -0.4476454861181766, -0.5643466742002505, -0.8364303368450005, -0.8421851175386107, -0.6823856835825571, -0.8204922038064033, -0.7563259533394214, -0.9720161269512249, -0.8684542590367652, -0.8304743164375284, -0.9406174662457388, -0.5322073181559437, -0.6766007062837491, -1.0191981350899435, -0.8177257009556839, -0.8592703981001245, -0.7595097446628551, -1.1870380838908166, -1.0249174650739332, -0.8985895197966125, -1.0415685832521984, -1.0741703698478995, -0.961113630857081, -1.1355992906683376, -1.0879513542113908, -1.031402958444006, -1.0451189668502072, -1.3474517206442753, -1.3053976823152331, -1.2955327337568334, -1.0342631131276925, -1.225375332403501, -1.325696320522939, -1.2912231968331953, -1.318744717302486, -1.2248270122034641], "bean_num": 0.5, "model_info": {"det_num_x": 10, "det_num_y": 10, "det_y": 0.03, "det_x": 0.03, "size_x": 0.5, "size_y": 0.5, "med_margin": 0.0015}}