{"source": [160.28867365140906, 440.38951145157733], "intensity": 100, "miu_detector": 0.3, "miu_medium": 1.2, "miu_air": 0.00018, "output": [0.0, 0.0, 0.0, 0.0, 0.0, 0.0, 0.0, 0.0, 0.0, 0.0, 0.0, 0.0, 0.0, 0.0, 0.0, 0.0, 0.0, 0.0, 0.0, 0.0, 0.0, 0.0, 0.0, 0.0, 0.0, 0.0, 0.0, 0.22222222222222254, 0.7777777777777775, 0.0, 0.0, 0.0, 0.0, 0.0, 0.0, 0.0, 0.0, 0.0, 0.0, 0.0], "miu_de": 0.5, "input": [1.2955485159671078, 0.8634704513695176, -0.01406296206568116, -0.24098249299186816, -0.7643601263863181, -1.0493768956527068, -1.190615416287463, -1.282281499566807, -1.43301787660546, -1.4760792703042829, 1.6150550731392634, 1.1172019250064262, 0.5279690461474588, -0.0662959585657423, -0.5727716009181179, -0.71886133029345, -0.8962073503766624, -1.1410742389460564, -1.3686365976092767, -1.468979442090569, 1.6562021989520637, 0.8527142425913813, 0.46523103809142213, 0.07571503907245074, -0.44251632028233034, -0.6408329793649987, -0.9714070300683171, -1.0720140630635924, -1.2679264883384966, -1.4453484980028195, 1.5804605346568692, 1.1597732851201272, 0.5269118708971365, 0.0050594497514279985, -0.22364791957784272, -0.5282887946486556, -1.042626138041635, -1.0749007363347638, -1.2460204502160017, -1.369035220055294, 1.8405662594929626, 1.2359672190228312, 0.8373216416699801, 0.11473200951921415, -0.4511626286780166, -0.6216233587389205, -0.9347829150951952, -0.9726951627762747, -1.2324784148454724, -1.358642506538932, 1.7883895876168903, 1.5161539807593802, 0.653325320279185, 0.14888249172223011, -0.2577742494882181, -0.5818197889139697, -0.8565563732144458, -1.0376218686048098, -1.1167817204422659, -1.3353225779864533, 1.640807883566636, 1.296937353393827, 0.5401136480734942, 0.05015933468264737, -0.22423099063681878, -0.6824167621484868, -0.7571222310850915, -0.8159946040072413, -1.1047125606055594, -1.1157631220961086, 1.7825145838418284, 1.229387433490827, 0.7758894653737487, 0.09255510428770657, -0.27117774152381063, -0.4396416985674986, -0.3250558784521989, -0.5300699956694723, -0.5452915603432117, -0.8003216206215008, 1.7689841342662809, 1.1632736480639274, 0.4845318359289019, 0.646564583395396, 0.2770615472621181, 0.1849876254778867, 0.18370727619052202, 0.03731901886933177, 0.07009981330681486, -0.16175447474159996, 1.3059446777294321, 1.2429737808846573, 1.400202753061878, 1.127940471112301, 1.4768565299284862, 1.0462933814857363, 1.077245831854269, 1.12313377387011, 0.8428291291980874, 0.794016703034574], "bean_num": 0.5, "model_info": {"det_num_x": 10, "det_num_y": 10, "det_y": 0.03, "det_x": 0.03, "size_x": 0.5, "size_y": 0.5, "med_margin": 0.0015}}