{"source": [176.96918771738564, -438.0141099790619], "intensity": 100, "miu_detector": 0.3, "miu_medium": 1.2, "miu_air": 0.00018, "output": [0.0, 0.0, 0.0, 0.0, 0.0, 0.0, 0.0, 0.0, 0.0, 0.0, 0.0, 0.0, 0.5555555555555564, 0.44444444444444364, 0.0, 0.0, 0.0, 0.0, 0.0, 0.0, 0.0, 0.0, 0.0, 0.0, 0.0, 0.0, 0.0, 0.0, 0.0, 0.0, 0.0, 0.0, 0.0, 0.0, 0.0, 0.0, 0.0, 0.0, 0.0, 0.0], "miu_de": 0.5, "input": [0.09640198216462874, 0.43525356700345424, 0.3493820487775189, 0.49036686928631784, 0.8327940930855576, 0.6288232633181221, 0.7027476199947721, 0.7818954469378769, 0.991312027536318, 1.3340759752805755, -0.6994076797889827, -0.6475543050593204, -0.5500740777429064, -0.3108259178618065, -0.12978603281758944, -0.2574198695264339, 0.0686141517159352, 0.8405245928624339, 1.1522116481364018, 1.864759822057061, -1.2286410341001697, -1.016852653520672, -0.9535312574121932, -0.7005672267764516, -0.5154551038791222, -0.22457987700646392, 0.2276876921982777, 1.0358542247716986, 1.228888017089362, 2.0679236480866034, -1.279545644791484, -1.0081766940132484, -0.8822050461081782, -0.7825725964184156, -0.41087045195705424, -0.2579447768882528, 0.3963100984492443, 0.867153029771598, 1.4193730023771771, 1.925685114285006, -1.3213182451743457, -1.0973708334213845, -0.9311570252201101, -0.727812268380693, -0.7183733322304211, -0.13436544619539084, 0.2783362474176185, 0.9500693947862493, 1.2407202803808324, 1.8992618480345802, -1.1837483306097822, -1.0431756113906074, -1.0444944327552357, -0.6806111113116805, -0.5108959623744491, -0.17505598118028987, 0.30165790184836805, 0.7213315568105336, 1.4540649639689143, 1.8620741353449086, -1.3011373138642945, -1.067714956841356, -0.9136598673977758, -0.8113909328878286, -0.5921403243355943, -0.29224413728412696, 0.2548830828426843, 1.0549716936582618, 1.5281234071223477, 1.7719304080750535, -1.3282846017047774, -1.2150187084116115, -0.9954486585017739, -0.863951657729129, -0.5449418013207078, -0.2857410365691912, 0.08615338677537843, 0.7778960813682492, 1.3912283436575494, 1.8031952619457763, -1.4513198064393096, -1.2434901582293671, -0.9864252298292101, -0.7253275512508157, -0.6738533896947556, -0.262950440918606, 0.08123181926164828, 0.7129176725680225, 1.4626679950178103, 1.7470035890552018, -1.5067424564880811, -1.3148964436541664, -1.2022207369593936, -1.0302152350345009, -0.7893387346216068, -0.6181615173418162, -0.16527318509136799, 0.355391238708614, 0.8870024415270887, 1.2461270229526806], "bean_num": 0.5, "model_info": {"det_num_x": 10, "det_num_y": 10, "det_y": 0.03, "det_x": 0.03, "size_x": 0.5, "size_y": 0.5, "med_margin": 0.0015}}