{"source": [-367.3828434059615, 330.79299800836793], "intensity": 100, "miu_detector": 0.3, "miu_medium": 1.2, "miu_air": 0.00018, "output": [0.0, 0.0, 0.0, 0.0, 0.0, 0.0, 0.0, 0.0, 0.0, 0.0, 0.0, 0.0, 0.0, 0.0, 0.0, 0.0, 0.0, 0.0, 0.0, 0.0, 0.0, 0.0, 0.0, 0.0, 0.0, 0.0, 0.0, 0.0, 0.0, 0.0, 0.0, 0.0, 0.0, 0.0, 0.0, 0.6666666666666676, 0.33333333333333237, 0.0, 0.0, 0.0], "miu_de": 0.5, "input": [1.194865723747595, 1.1007861298225716, 1.1404604975213513, 1.7281677478200426, 1.1632159447978057, 1.89780826314954, 1.3530762031155974, 1.3261378572199674, 1.5115179896630846, 1.127091775369788, 0.6056786524834517, 1.0749037096725136, 0.8310459928190922, 1.1927987858489648, 0.7561995258710669, 1.1240979152852562, 1.1038835159953968, 1.1531995592315405, 0.7677531628525467, 1.479257752473886, -0.19776874423343668, 0.20793504870095958, 0.46874349737726506, 0.12107789581326944, 0.05592889062149632, 0.468113971569823, 0.6178888706533211, 0.3680330483746882, 0.9884811355092783, 1.4189959630743096, -0.4601722617834413, 0.03415433375380572, -0.13895702100433704, -0.43254841681028067, -0.25720819945832635, 0.03825288452315299, -0.17354212791367293, 0.19542575813174057, 0.8796747871055418, 1.2377899943475499, -0.9007001000657088, -0.7300778318923208, -0.6872155646832495, -0.5229589851801074, -0.4495507320466528, -0.5716631583148699, -0.3054790528100301, 0.050951971762224955, 0.584417540763137, 1.647232666221778, -1.2264024711857942, -1.0686650539933285, -1.0256938920781506, -0.8439701075524808, -0.6661546430047364, -0.6377137048960712, -0.32253435630995797, 0.34092383332958415, 0.7382769225411275, 1.2631654145430609, -1.3271275503456463, -1.108313403902619, -1.2785989490705796, -1.0597876848711945, -0.801780792763276, -0.9734992186859422, -0.26236481044823334, -0.03423847005437674, 0.7780099902159411, 1.5275234881008803, -1.5559874510285014, -1.3960205236259182, -1.2945381870634918, -1.1928996711034314, -0.9929369119473144, -0.8087483728813882, -0.4183217054882425, -0.14281653245037873, 0.8998060293135155, 1.4348173434542497, -1.5515922682966454, -1.4841697328915806, -1.3810546328572588, -1.1938056784993578, -1.2315674962844918, -0.7702813060388347, -0.349042027146108, 0.13006910621774806, 0.5387242593380586, 1.5775103971418563, -1.6168736336332052, -1.5850338930158945, -1.4758854040760616, -1.4315234620674473, -1.296571472888101, -1.0543837549022548, -0.6931125989896614, -0.26121606602267544, 0.10241020436172445, 1.2967881369349303], "bean_num": 0.5, "model_info": {"det_num_x": 10, "det_num_y": 10, "det_y": 0.03, "det_x": 0.03, "size_x": 0.5, "size_y": 0.5, "med_margin": 0.0015}}