{"source": [273.81854381678716, -421.6435820661992], "intensity": 100, "miu_detector": 0.3, "miu_medium": 1.2, "miu_air": 0.00018, "output": [0.0, 0.0, 0.0, 0.0, 0.0, 0.0, 0.0, 0.0, 0.0, 0.0, 0.0, 0.0, 0.0, 0.33333333333333665, 0.6666666666666634, 0.0, 0.0, 0.0, 0.0, 0.0, 0.0, 0.0, 0.0, 0.0, 0.0, 0.0, 0.0, 0.0, 0.0, 0.0, 0.0, 0.0, 0.0, 0.0, 0.0, 0.0, 0.0, 0.0, 0.0, 0.0], "miu_de": 0.5, "input": [1.261477961213697, 0.7969838970955507, 0.21097472960392377, -0.5288486198478446, -0.7914318932760633, -1.0808065666815205, -1.2736692538356935, -1.3117219283441295, -1.4183808601483683, -1.5884541303138267, 1.9364267652644243, 0.748033097220322, 0.3190312436616305, -0.13683719486657306, -0.6565317040952267, -0.7913862685705485, -1.0213728032234823, -1.1229236508495475, -1.341076677719889, -1.5140686057056394, 1.9241779435456372, 0.8870753495164884, 0.4483307895639543, -0.1728021742119255, -0.574776827895486, -0.8921199844198835, -0.8862158098061277, -1.107052335074387, -1.2540652268580714, -1.431725881646234, 1.5263997718596258, 1.0769491924577361, 0.35615505535243064, 0.19612321931661064, -0.733883187119734, -0.5984777653383615, -0.9846455893408145, -1.1317393397549245, -1.3253967457649953, -1.5031486948245047, 1.6530671016653422, 1.0639611178573862, 0.4460297047392414, 0.0627217005650521, -0.4630475262626024, -0.8820334545316783, -0.9025069400523037, -1.0596055731512632, -1.2548794613203766, -1.2253135104383688, 1.8747645276047225, 1.082391714703413, 0.541114944950378, 0.01261470211997007, -0.49066635659865465, -0.5161166985313197, -0.9336589737632859, -0.862752689534171, -0.9491138491435422, -1.1879835583716407, 1.8452781715679518, 0.919526705352296, 0.6448239601389408, 0.14311982123428096, -0.2822419547463006, -0.5651211385231345, -0.8111498399345421, -0.6201574115744157, -0.8403508774966052, -0.9039664794561524, 1.9704618216275076, 1.2247764259511154, 0.5446744254098689, 0.12365604824365775, -0.14685946527654611, -0.0026604562975673174, -0.2899245330294133, -0.2629066390749035, -0.3286394653087813, -0.3935005418332169, 1.4700961196922024, 1.1419618956504307, 0.6945743788150961, 0.1768740234846067, 0.41430414704791513, 0.39714347410842293, 0.4107067898370059, 0.21072605474924805, 0.2745898521920305, 0.061035997398457824, 1.545350199377692, 1.238382010349146, 1.432001750193484, 1.1143662503029805, 0.9648543395544896, 1.335822463081439, 1.4351024798067105, 1.3711280632622411, 1.2265597151771088, 0.5920152003007078], "bean_num": 0.5, "model_info": {"det_num_x": 10, "det_num_y": 10, "det_y": 0.03, "det_x": 0.03, "size_x": 0.5, "size_y": 0.5, "med_margin": 0.0015}}