{"source": [485.8271711980218, 157.85481688735342], "intensity": 100, "miu_detector": 0.3, "miu_medium": 1.2, "miu_air": 0.00018, "output": [0.0, 0.0, 0.0, 0.0, 0.0, 0.0, 0.0, 0.0, 0.0, 0.0, 0.0, 0.0, 0.0, 0.0, 0.0, 0.0, 0.0, 0.0, 0.0, 0.0, 0.0, 0.0, 1.0, 0.0, 0.0, 0.0, 0.0, 0.0, 0.0, 0.0, 0.0, 0.0, 0.0, 0.0, 0.0, 0.0, 0.0, 0.0, 0.0, 0.0], "miu_de": 0.5, "input": [-1.4865307507686698, -1.388314712101641, -1.3304344920432014, -1.4304232622559705, -1.305512379176214, -1.3567345500826307, -1.3460191266642885, -1.0695909165793749, -0.7664024744177331, 0.38337213185323327, -1.4023984500374336, -1.2561435073208185, -1.2513189587997438, -1.188579493318595, -1.0121287767195652, -1.2069465819894656, -1.0993337027654662, -0.964370979161866, -0.49267554324691804, 0.7762354080900282, -1.20098518297634, -1.1370535302376579, -1.1789314655045735, -0.9284953419515983, -0.8417110516678593, -0.9809376150664683, -0.8341114459256703, -0.7410544866333518, -0.3297283980426036, 0.44303957622649864, -1.2109382692762238, -0.8715191345349818, -0.7710758150287448, -0.7874724529001331, -0.8409685301585743, -0.8931484977042183, -0.728969289793675, -0.6492596886673945, -0.19330778776745228, 0.6095861170739034, -0.9052746054901002, -0.512122720139693, -0.41610238251240633, -0.46989402280413245, -0.6580035542278112, -0.6009042877783871, -0.46397559981968706, -0.4235454473125897, -0.016133999767526944, 0.6542853396390771, -0.6519174416792836, -0.3846231454558075, -0.1323781592805518, -0.2831576125776203, -0.2446820439912227, -0.1189380756926257, -0.2965856874831985, -0.07090019572408997, 0.1524163759924556, 0.6665741087645998, -0.11273848969761868, 0.28725407004451026, 0.22944338041967996, 0.24443833856618738, -0.04226882144465239, 0.18769120055244545, 0.24837964462571802, 0.11271917360994298, 0.3990884198572771, 0.9570228759188804, 0.11868931099735715, 0.6515910560820942, 0.5124074771754424, 0.979768236798288, 0.7577224653604293, 0.9887926545185428, 0.8914765178265271, 0.5945938028899166, 0.5391447264350131, 1.095332163703895, 1.0248629181271482, 0.969741475493797, 1.5851780802832969, 1.2972625272502962, 1.3462331516272108, 1.2281210608840298, 1.545587286247216, 1.3116362077882497, 1.1281363975606575, 0.8935096460195413, 1.7886559015721804, 1.9463111585013508, 1.7376958369227347, 1.8494779228556948, 1.9903852461548275, 1.7508258355590887, 1.4162291803541893, 1.8210374695082763, 1.8906169095251173, 1.2751041489092354], "bean_num": 0.5, "model_info": {"det_num_x": 10, "det_num_y": 10, "det_y": 0.03, "det_x": 0.03, "size_x": 0.5, "size_y": 0.5, "med_margin": 0.0015}}