{"source": [-260.1832432658397, 450.6505966144875], "intensity": 100, "miu_detector": 0.3, "miu_medium": 1.2, "miu_air": 0.00018, "output": [0.0, 0.0, 0.0, 0.0, 0.0, 0.0, 0.0, 0.0, 0.0, 0.0, 0.0, 0.0, 0.0, 0.0, 0.0, 0.0, 0.0, 0.0, 0.0, 0.0, 0.0, 0.0, 0.0, 0.0, 0.0, 0.0, 0.0, 0.0, 0.0, 0.0, 0.0, 0.0, 0.0, 0.6666666666666676, 0.33333333333333237, 0.0, 0.0, 0.0, 0.0, 0.0], "miu_de": 0.5, "input": [-1.5050834611447974, -1.4812607299355431, -1.4664581814736888, -1.2958633259660057, -1.0689676816111384, -0.7669058102047064, -0.3050225455733173, -0.05708727647464542, 0.4815883280309794, 1.1491472581166597, -1.4738364825242498, -1.5171314046997015, -1.3007385911834248, -1.0512713328416114, -0.7355407088210539, -0.6437875214836987, -0.09010555953634826, 0.26705867230756325, 0.9884504244837634, 1.530559781385862, -1.4817769545202257, -1.2711971478033504, -1.2426601831117547, -1.0479407555042297, -0.7254056986696308, -0.650858112968694, -0.07314421289263259, 0.25859446975167066, 1.0156677619865386, 1.677764047991453, -1.5727108457421173, -1.3394681194534308, -1.1408247171307675, -1.013152837776285, -0.7001894601465265, -0.4304295862176341, 0.04769758128020438, 0.5615941931075493, 0.9206095610284513, 1.6990572978655278, -1.3792425954249343, -1.284503299094482, -1.1648648702514133, -0.9475986277885526, -0.7747896469935356, -0.5334121071826812, -0.07691411899074982, 0.5356676932755564, 0.9218576656685541, 1.937415604379888, -1.2012257573664642, -1.1869126984774376, -0.8931656361195026, -1.0081286647680872, -0.5100067495542077, -0.3917941143065396, 0.06518760584558879, 0.5918304909084942, 1.247423330111481, 1.3335045348659602, -0.8192725021595932, -0.6756127086867791, -0.6707544956821573, -0.5117701539914665, -0.630894821425838, -0.2885732754376841, 0.01098915723349082, 0.5918519876277514, 1.361185953880529, 1.7559080969547851, -0.500043251503109, -0.3373570951356754, -0.045398921863348124, -0.014035759004982912, 0.006147686925260714, -0.017995243353800674, 0.12173164928480025, 0.40870045513864867, 1.2044130203522871, 1.552275935746156, 0.024977536359640288, 0.5115265431234461, 0.5150764705738042, 0.766926914766711, 0.6316735437604623, 0.4367508102425098, 0.48403127988961486, 0.6564126669135713, 0.8220822683522313, 1.442623985709175, 1.0764938841142546, 1.1943310278096337, 1.2202993496994563, 1.4602414386030487, 1.317862962427133, 1.1106159167917304, 1.196838068961556, 1.2353716279534888, 1.3621404456248671, 1.6029293727624176], "bean_num": 0.5, "model_info": {"det_num_x": 10, "det_num_y": 10, "det_y": 0.03, "det_x": 0.03, "size_x": 0.5, "size_y": 0.5, "med_margin": 0.0015}}