{"source": [-514.7754903973324, -81.53242793937014], "intensity": 100, "miu_detector": 0.3, "miu_medium": 1.2, "miu_air": 0.00018, "output": [2.8271597168564595e-15, 0.9999999999999972, 0.0, 0.0, 0.0, 0.0, 0.0, 0.0, 0.0, 0.0, 0.0, 0.0, 0.0, 0.0, 0.0, 0.0, 0.0, 0.0, 0.0, 0.0, 0.0, 0.0, 0.0, 0.0, 0.0, 0.0, 0.0, 0.0, 0.0, 0.0, 0.0, 0.0, 0.0, 0.0, 0.0, 0.0, 0.0, 0.0, 0.0, 0.0], "miu_de": 0.5, "input": [0.5143341655685671, -0.6674639094815514, -1.009866876115981, -1.2293240943135393, -1.3264525493636088, -1.3939992091369962, -1.3116018008622357, -1.3806264247061282, -1.4958999245092548, -1.4504774986462243, 0.46629207731129935, -0.5151774790105244, -0.9945590520899779, -1.014100720494744, -1.0852742475848163, -1.0362035852387064, -1.0915460479165289, -1.1141824461019671, -1.296004596671939, -1.3776551377060369, 0.6492662690470405, -0.2904248623121644, -0.6507416066677661, -1.1439180498037849, -0.9632329310945192, -1.0804785046484795, -1.1746091111307737, -0.9656619137687105, -1.0509016417033923, -1.1808000352535115, 0.8710001110327383, -0.03171418118250743, -0.754842172352603, -0.7568166483059546, -0.9146439539384397, -0.8065989667059126, -0.8459260594768822, -0.6240765339941219, -0.922457439395125, -0.9271534954301098, 0.851017998990295, -0.05836503469834403, -0.6787947449235698, -0.6222653345134694, -0.6945957787957046, -0.6905686732255528, -0.6457377621368822, -0.4529592753454764, -0.5536333797109879, -0.7073948812580904, 0.7682410392032039, 0.06344211408514436, -0.17550628346860342, -0.39136285647836905, -0.3755775475654396, -0.1412585374671589, -0.20461992974873533, -0.11103374100372186, -0.27520579964251757, -0.6380922140867922, 0.8256227916346768, 0.1372413968319341, 0.3039519467357283, 0.1676518788731596, 0.20901347600091003, 0.5108192324856264, 0.1584817692439278, 0.24947391173443048, -0.10775528073754038, -0.27570312864282503, 0.8477162988706444, 0.9019049387703829, 1.1483294290515877, 1.1280112095643726, 0.5988974403696398, 1.088624299834782, 0.5880616005292695, 0.4812656156459384, 0.6213576395886503, 0.2674544972793115, 1.1905573342259577, 1.0122682190698886, 1.3926094027492404, 1.065677848214738, 1.436026657109455, 1.3060029306870644, 1.5218055308142993, 1.1549841859827796, 1.2721915414738003, 0.7762014600159625, 1.0972090021663734, 1.5747033550749505, 1.9762388123082668, 1.5459546676093952, 1.7538854059352083, 1.8802721419400263, 2.0508073690508852, 1.8227023530149435, 2.1516926775007508, 1.2765798473380037], "bean_num": 0.5, "model_info": {"det_num_x": 10, "det_num_y": 10, "det_y": 0.03, "det_x": 0.03, "size_x": 0.5, "size_y": 0.5, "med_margin": 0.0015}}