{"source": [303.79900660381765, 450.4005494637643], "intensity": 100, "miu_detector": 0.3, "miu_medium": 1.2, "miu_air": 0.00018, "output": [0.0, 0.0, 0.0, 0.0, 0.0, 0.0, 0.0, 0.0, 0.0, 0.0, 0.0, 0.0, 0.0, 0.0, 0.0, 0.0, 0.0, 0.0, 0.0, 0.0, 0.0, 0.0, 0.0, 0.0, 0.0, 0.0, 0.7777777777777775, 0.22222222222222254, 0.0, 0.0, 0.0, 0.0, 0.0, 0.0, 0.0, 0.0, 0.0, 0.0, 0.0, 0.0], "miu_de": 0.5, "input": [-1.6341543073191385, -1.5603357540604577, -1.4566435170418444, -1.3705474275646614, -1.1152216389220408, -0.9402177552736956, -0.5921413097793226, -0.07370484718536513, 0.7080155931215723, 1.0406564210896805, -1.4705509716317153, -1.3251799920474767, -1.4058983396997333, -1.2356816270325923, -0.9196103472754221, -0.7831816297747602, -0.2591321556154851, 0.2472811106638997, 0.8824355718661345, 1.5426700373990396, -1.4113536860593767, -1.4796352525968102, -1.2436804143424998, -1.005803594289437, -0.9128380197825988, -0.6508943048010847, -0.13557351787690589, 0.4572537171881479, 0.9426522711550805, 1.6226429711924786, -1.349498821994501, -1.3576836305080497, -1.094571743161462, -1.1073179606094388, -0.7325887587375581, -0.6106226567944458, -0.29647492828801075, 0.47422836360716075, 1.215221232989487, 1.320014137951007, -1.2607380388998375, -0.9289562029395909, -0.9647539106534821, -1.0057737048750446, -0.8628699153084014, -0.5279516697845676, -0.07786584035731774, 0.4715325692001857, 1.1188738410383066, 1.8052816223360235, -1.0641425681837793, -0.9524893755707208, -0.8080189195374671, -0.857710905185782, -0.7402842321884087, -0.4017781612832968, -0.2927006551305005, 0.4655694814942963, 0.8716497232949229, 1.5045676548243443, -0.8384504463182171, -0.5682546428545499, -0.430299792140479, -0.43100149215463124, -0.3492947173540579, -0.47952561974413105, -0.17750929875971405, 0.5203990354192229, 0.7676535002054432, 1.6173835901508873, -0.46796772310327683, 0.08049264502431822, -0.09354341299179778, -0.18242431286940566, -0.2789729877899018, 0.11452203477308798, 0.47915259699233304, 0.6797902584858595, 1.0956401907416171, 1.4398819324534011, -0.004013547676373063, 0.8951553771865743, 0.6879392752359027, 0.8914021774807676, 0.712829793475313, 0.9202321471125362, 0.6572110016273544, 0.6452442157625177, 1.2456512533407738, 1.4113389353133705, 0.9958042022895437, 1.1926585460670849, 1.116244228287425, 1.3832971766975508, 1.4220650640165862, 1.381822603312227, 1.659694013642531, 1.379690227885683, 1.4612869157303776, 1.03300174459855], "bean_num": 0.5, "model_info": {"det_num_x": 10, "det_num_y": 10, "det_y": 0.03, "det_x": 0.03, "size_x": 0.5, "size_y": 0.5, "med_margin": 0.0015}}