{"source": [-358.62672297815874, -412.5528520992743], "intensity": 100, "miu_detector": 0.3, "miu_medium": 1.2, "miu_air": 0.00018, "output": [0.0, 0.0, 0.0, 0.0, 0.0, 0.5555555555555606, 0.4444444444444394, 0.0, 0.0, 0.0, 0.0, 0.0, 0.0, 0.0, 0.0, 0.0, 0.0, 0.0, 0.0, 0.0, 0.0, 0.0, 0.0, 0.0, 0.0, 0.0, 0.0, 0.0, 0.0, 0.0, 0.0, 0.0, 0.0, 0.0, 0.0, 0.0, 0.0, 0.0, 0.0, 0.0], "miu_de": 0.5, "input": [1.1321241597501492, 1.5061956202976223, 1.667137493695198, 2.2077218010771977, 2.123066333693206, 1.9148064280063781, 1.9311505919658438, 1.7279957275113116, 1.723472668550318, 1.3717898778077144, 0.7482467264330097, 1.0585085677277548, 1.5883824489809817, 1.6399242321972798, 1.788401056548559, 1.3918610992274567, 1.6497793355194008, 1.5365427553476598, 1.521151997112908, 1.015474339762036, 0.407315401444546, 0.6178924650411183, 0.9447145752344035, 1.236212724852802, 1.003629794415213, 0.7405114971843956, 0.8527524801491683, 0.6697427666620359, 1.2046438748192856, 0.5968763776315129, -0.2660713629384076, 0.6519070289229393, 0.861474609365545, 0.5116749389874089, 0.6703074906408664, 0.3741089869058472, 0.33652220096293795, -0.08329683795910514, 0.37164090463985905, -0.1592565652258582, -0.5576991197359287, 0.17858979493896748, 0.09847007832163887, -0.20100488265316346, -0.34955578653371366, -0.22521627472789568, -0.08551767898493787, -0.08583444220056313, -0.40998757215655457, -0.36831217368706415, -0.7389396346852569, -0.5376940019556821, -0.40683202300771565, -0.32121789211186275, -0.18819709258128223, -0.09538405669573412, -0.3135703940348505, -0.31004985592237, -0.7461993255384152, -0.6061426321083913, -0.7651175408706888, -0.6402902661617793, -0.4224139641426879, -0.6715501759752273, -0.40646783371065237, -0.4244262515201214, -0.5656327167465784, -0.6583975537487756, -0.544180217664017, -1.0297692158617195, -0.9554819074191593, -0.8955812688938611, -0.8633763116849044, -0.81490488562903, -0.7243623255823256, -0.7669767257815233, -0.8485028134546669, -0.8920539664004328, -0.8829684027056472, -0.9919909942548654, -1.0542295278893306, -1.0043097886303958, -0.9690003203888973, -0.8188174027340774, -1.005042383928305, -1.1774388112387852, -0.9751705767715416, -0.9998716940238616, -0.8965081374320449, -1.0380995781303086, -1.3649479475290889, -1.2503595257403455, -1.166765303073223, -1.09931044411176, -1.185992559472211, -1.18951780921928, -1.1663463908317617, -1.1646012408566426, -1.130237072879373, -1.0957297937977912], "bean_num": 0.5, "model_info": {"det_num_x": 10, "det_num_y": 10, "det_y": 0.03, "det_x": 0.03, "size_x": 0.5, "size_y": 0.5, "med_margin": 0.0015}}