{"source": [329.9132737438288, -454.0866653044634], "intensity": 100, "miu_detector": 0.3, "miu_medium": 1.2, "miu_air": 0.00018, "output": [0.0, 0.0, 0.0, 0.0, 0.0, 0.0, 0.0, 0.0, 0.0, 0.0, 0.0, 0.0, 0.0, 2.1203697876423446e-15, 0.9999999999999979, 0.0, 0.0, 0.0, 0.0, 0.0, 0.0, 0.0, 0.0, 0.0, 0.0, 0.0, 0.0, 0.0, 0.0, 0.0, 0.0, 0.0, 0.0, 0.0, 0.0, 0.0, 0.0, 0.0, 0.0, 0.0], "miu_de": 0.5, "input": [1.0241390418289198, 0.26682123031445776, 0.15489458974732812, -0.4142339171018547, -0.8196121718544418, -0.9812059541933832, -1.106904126574893, -1.2860304035756263, -1.5526870960854047, -1.5338072598065353, 2.2548666393206, 1.0415685543344682, 0.11565693936268273, -0.3306156718042506, -0.7094050820013844, -0.8325647318231864, -1.0699978267270256, -1.2721618491261133, -1.2786912318610728, -1.5702835788755716, 1.6985085353134421, 1.1768368941174703, 0.878731197552771, -0.002515823725820918, -0.33235959676606575, -0.8095479474103573, -0.9522628136540604, -1.0893126013273569, -1.1915866363651852, -1.4722257685328632, 1.747290137700201, 0.9805915003826216, 0.40170529771090846, -0.03580639992701642, -0.4315549420404349, -0.7880099505437804, -1.005639473125309, -1.250952729010238, -1.3701796430421604, -1.4282201839858535, 1.606269403550268, 1.0150693243259878, 0.26857856605060776, -0.03482580873212013, -0.2927901378811658, -0.7801837452240968, -0.9612690858354463, -1.118612865654477, -1.0819113747116607, -1.2877613115541808, 1.6372603409098108, 0.8170623716411556, 0.3586303834888046, 0.08951948029489806, -0.4868314459537143, -0.7331333963490834, -0.640559003573743, -0.8629940676990879, -0.9029524938349687, -1.13568577056718, 1.4700862637628132, 0.6977106499475895, 0.320453090740535, 0.014323733811848436, -0.22314285321897886, -0.41740602577443187, -0.5632201366055241, -0.6591067522129025, -0.8044238287455888, -0.7663141441486626, 1.5404826403858856, 0.9760108133592591, 0.5113763435660038, -0.4018197470325155, -0.0638373298912334, -0.14032665345117176, -0.07584962962210708, -0.4528160141249707, -0.5704705815093394, -0.753064664129154, 1.3540401887004216, 0.8501602131492664, 0.33484057785774846, 0.5016783411536792, 0.478168510792231, 0.3716710219347107, 0.40150271175101376, 0.46958578641476456, 0.7065712829176032, 0.16530636984649907, 1.5869703456658106, 1.4781907889025354, 1.7044515946334882, 1.6155085510526523, 1.2668124509422736, 1.446748231816298, 1.2550081765637433, 1.5090848140092599, 1.4920825912794062, 1.0768577659999834], "bean_num": 0.5, "model_info": {"det_num_x": 10, "det_num_y": 10, "det_y": 0.03, "det_x": 0.03, "size_x": 0.5, "size_y": 0.5, "med_margin": 0.0015}}