{"source": [559.6226995920923, 139.52961003500565], "intensity": 100, "miu_detector": 0.3, "miu_medium": 1.2, "miu_air": 0.00018, "output": [0.0, 0.0, 0.0, 0.0, 0.0, 0.0, 0.0, 0.0, 0.0, 0.0, 0.0, 0.0, 0.0, 0.0, 0.0, 0.0, 0.0, 0.0, 0.0, 0.0, 0.0, 0.44444444444444436, 0.5555555555555556, 0.0, 0.0, 0.0, 0.0, 0.0, 0.0, 0.0, 0.0, 0.0, 0.0, 0.0, 0.0, 0.0, 0.0, 0.0, 0.0, 0.0], "miu_de": 0.5, "input": [1.5180621827942111, 2.0254068808263113, 2.0450235247655364, 1.6610121270509628, 2.170281671327961, 1.8069892735332735, 1.5487082231724436, 1.549004907403435, 1.3251589026371973, 1.494983172224963, 1.1718663036941157, 1.7305976922803659, 0.9945879142307247, 1.407034129139042, 1.4786317866645633, 1.4454954972348844, 1.406060209846894, 1.3804840655313204, 1.3057320241042811, 1.0511840916106254, 0.5732701579454088, 1.0432413844602042, 0.9236381368727015, 0.6666730802960776, 1.2291340497037988, 0.8955814359077805, 0.8662461198460176, 1.2257363076972478, 0.6596649938150542, 0.5108311167209668, -0.084325296452615, 0.3230389990968566, -0.14108977906256753, 0.2566046424851635, 0.5683864678229728, 0.16793439390650536, 0.5459443824559241, 0.3541225391489083, 0.18146124164106245, 0.45983058838354135, -0.3351795108483766, -0.14472547291861895, -0.012275324161906171, 0.25561873444880356, -0.14218883492476336, -0.022057996536008255, -0.12457600230768168, -0.1657110595803832, -0.20100020230583077, 0.3997019410581529, -0.5932860830602805, -0.5169274801297788, -0.47978970497437956, -0.3736332489893575, -0.5556329764899712, -0.487309014760894, -0.5083708980505257, -0.6246897205718169, -0.5839458919369429, 0.2548105358869734, -1.0271182317160379, -0.6178718135044766, -0.6562878782959191, -0.8054364595110444, -0.9248524970280382, -0.7377622307064534, -0.7151294674834558, -0.6071470363622998, -0.5056051264105095, 0.23313341602247875, -1.2616915968213542, -1.0231218768816628, -0.8473287948755058, -0.8532125284013012, -0.9328286564525324, -1.068636380321461, -1.0389192470357846, -0.616765291693135, -0.8850119565935205, -0.07364065843381945, -1.5026588529070606, -1.2419000635324946, -1.1837043540661627, -0.9803171616105385, -1.0026805152520302, -1.1374043707703791, -1.0923634387497168, -0.999313114917516, -0.9161365427392776, -0.0840704949826383, -1.5049766508317042, -1.3438620534295738, -1.2631262517276678, -1.1677319580915937, -1.0715493586657425, -1.2196235564288709, -1.214803630200928, -1.391150862249492, -1.0549376386912082, -0.44351614926010463], "bean_num": 0.5, "model_info": {"det_num_x": 10, "det_num_y": 10, "det_y": 0.03, "det_x": 0.03, "size_x": 0.5, "size_y": 0.5, "med_margin": 0.0015}}