{"source": [479.19789385751005, 335.5379775732449], "intensity": 100, "miu_detector": 0.3, "miu_medium": 1.2, "miu_air": 0.00018, "output": [0.0, 0.0, 0.0, 0.0, 0.0, 0.0, 0.0, 0.0, 0.0, 0.0, 0.0, 0.0, 0.0, 0.0, 0.0, 0.0, 0.0, 0.0, 0.0, 0.0, 0.0, 0.0, 0.0, 0.11111111111111127, 0.8888888888888887, 0.0, 0.0, 0.0, 0.0, 0.0, 0.0, 0.0, 0.0, 0.0, 0.0, 0.0, 0.0, 0.0, 0.0, 0.0], "miu_de": 0.5, "input": [1.376757667776374, 1.608454771552402, 1.7313343680751092, 1.90019732153103, 1.7268141576014813, 1.6804289349938824, 1.8854638744647163, 1.769570525977449, 1.7051062872186764, 1.3709510591497527, 0.7748872308708602, 1.3954541725462946, 1.353978976160185, 1.2775019840563242, 1.2599133950015489, 1.3821262400956473, 1.2876785051959876, 1.2283593339763386, 1.2246371416274275, 1.1245533424046301, 0.13957354230705946, 0.5775896969140463, 0.6549621207103619, 0.5510307328994718, 0.5622061737637207, 0.6140031455835765, 0.6420143768191034, 0.5907560864731115, 0.5160534127784873, 1.1790948161174755, -0.4632540371693207, 0.019220497808005343, 0.059983657928494, 0.026042882025825935, 0.12269465365320621, 0.12037041228490453, 0.008374578528367146, 0.283358521589791, 0.3832049846413772, 1.2308739857437738, -0.6841094432295415, -0.5403600170081699, -0.3523754525098377, -0.47424159175890407, -0.40550617947125117, -0.3352822940484343, -0.34257816578124106, -0.15546250592663627, 0.24515805705132562, 1.0070873212639686, -1.000177449702904, -0.7676820199967685, -0.6275217280241029, -0.6291517437518481, -0.7570077748412096, -0.7049242303641489, -0.5626044346113269, -0.46900077303030857, 0.23163533633162725, 0.9316610782619583, -1.1623304651520021, -1.0628480918463485, -0.9281732023841428, -0.8762778283403878, -0.8683760390497496, -0.8230712581679894, -0.7796789439688926, -0.3922996584765588, 0.10959543050620771, 0.9789793292961122, -1.2304187555533712, -1.1682865555046946, -1.1273599018364395, -1.060195147361992, -1.0549027868662313, -1.0113205068782156, -0.7807876433165376, -0.47856668974805944, 0.10591411294464517, 0.979225607283139, -1.405477765216573, -1.2983407702852325, -1.177059027258559, -1.2173894442307185, -1.2347749973718967, -1.084089146928812, -0.9738180095305253, -0.6622671834810212, -0.02162684751517151, 1.085153943741439, -1.4450363750697233, -1.4771914172622986, -1.4253010666208321, -1.4320203695605322, -1.3487968444053342, -1.2711944420763288, -1.1194723698011968, -0.8720648830863167, -0.10537473221415165, 0.6274412220661074], "bean_num": 0.5, "model_info": {"det_num_x": 10, "det_num_y": 10, "det_y": 0.03, "det_x": 0.03, "size_x": 0.5, "size_y": 0.5, "med_margin": 0.0015}}