{"source": [-41.26760693435574, 590.1542739813921], "intensity": 100, "miu_detector": 0.3, "miu_medium": 1.2, "miu_air": 0.00018, "output": [0.0, 0.0, 0.0, 0.0, 0.0, 0.0, 0.0, 0.0, 0.0, 0.0, 0.0, 0.0, 0.0, 0.0, 0.0, 0.0, 0.0, 0.0, 0.0, 0.0, 0.0, 0.0, 0.0, 0.0, 0.0, 0.0, 0.0, 0.0, 0.0, 0.0, 0.5555555555555549, 0.4444444444444451, 0.0, 0.0, 0.0, 0.0, 0.0, 0.0, 0.0, 0.0], "miu_de": 0.5, "input": [-0.9478770354277037, -0.8513858078149007, -0.5356035711281399, -0.5430470119285079, -0.3893623439195441, -0.4550461616631506, -0.12060604521907672, 0.25433448149628773, 0.6787846937808327, 1.1027482824009094, -1.219406334097896, -0.9781025367382727, -0.9017197452315845, -0.7274405102200205, -0.2623489025777725, -0.28722828663245276, 0.187056992509718, 0.7673228735520048, 1.3842435001505757, 1.8099320837605133, -1.151398055144078, -1.0347949049282654, -0.9704473343325758, -0.681628434017614, -0.43897787009195555, 0.10540745708635522, 0.3046258619590838, 0.8334374441992798, 1.6065098997347713, 1.7615682073027668, -1.1990053966156038, -0.9873343422095346, -0.8546720615742878, -0.41774980469772754, -0.5008444560907652, -0.00776300698717221, 0.4348295722718325, 1.1922502626238654, 1.251977973357727, 1.906233980233717, -1.2289902088519855, -0.8021257813595818, -0.7881253786688904, -0.6940362291174614, -0.41388944526924026, 0.23967231766725933, 0.5817079870306312, 1.0282412802959873, 1.3998226561741633, 2.246250442588423, -1.2437808851523593, -1.105200628779665, -0.922583595142922, -0.4728684239194172, -0.17702320218089818, 0.142395879574002, 0.5240703961151902, 1.1701706857552212, 1.6396382627627797, 1.6961517269760151, -1.183503224559617, -0.8682532429740285, -0.5610352751372678, -0.6939450292092032, -0.25060988841565607, 0.04846135925327901, 0.6306580828291835, 1.0345661230294234, 1.3487301524463653, 1.6640068613111831, -1.3415558478153056, -1.1697711215486877, -0.5668118848946977, -0.6478752849630092, -0.5134847781465594, -0.24756343194355337, 0.2507266857437991, 1.1332089582150833, 1.6800199858187739, 1.6753459314857895, -1.3214156754482105, -1.1857786289318533, -0.796281055328155, -0.8331703017095737, -0.5814100021062725, -0.15807167153322796, 0.5109892872545224, 0.9454767432755806, 0.9897116489309553, 2.4428511956552157, -1.29669266000395, -1.1849897882944553, -1.023201911783277, -0.9567302191351886, -0.7675046838030324, -0.6253012389402641, -0.07940396694138965, 0.2998319380476398, 0.8429684565870967, 1.419835940053698], "bean_num": 0.5, "model_info": {"det_num_x": 10, "det_num_y": 10, "det_y": 0.03, "det_x": 0.03, "size_x": 0.5, "size_y": 0.5, "med_margin": 0.0015}}