{"source": [-592.223036548712, -72.71584549921859], "intensity": 100, "miu_detector": 0.3, "miu_medium": 1.2, "miu_air": 0.00018, "output": [0.22222222222222254, 0.7777777777777775, 0.0, 0.0, 0.0, 0.0, 0.0, 0.0, 0.0, 0.0, 0.0, 0.0, 0.0, 0.0, 0.0, 0.0, 0.0, 0.0, 0.0, 0.0, 0.0, 0.0, 0.0, 0.0, 0.0, 0.0, 0.0, 0.0, 0.0, 0.0, 0.0, 0.0, 0.0, 0.0, 0.0, 0.0, 0.0, 0.0, 0.0, 0.0], "miu_de": 0.5, "input": [1.172573548996444, 1.5519907552333898, 1.9375860891090881, 1.9880689618410583, 2.1494528331034597, 1.5909380595187328, 1.7546889125396745, 2.0461228581047517, 1.4466002117451255, 1.1810163935364508, 0.765037709097426, 1.8164877173230058, 1.498553270823828, 1.956070180826752, 1.1466966459222034, 1.5780111105552093, 1.6677944922888306, 1.77183737712219, 1.2543080169818195, 0.8539570309880734, 0.47912725922957256, 0.8358819130310473, 0.9471668977376078, 0.7767845237939898, 1.1897007632509957, 0.9439891520410092, 1.088614869841241, 0.8172255169477309, 0.7111925836755923, 0.1105331100843425, 0.16754304868217804, 0.35254380895862275, 0.2791484949146528, 0.4818122086027717, 0.4829027336199215, 0.3477254368991428, 0.5513630343080352, 0.2609063198882727, -0.04872929097235178, 0.10584893185365495, -0.02391656103144581, -0.26376882451820566, -0.019061861473030954, -0.03026664959686091, 0.34606775436097403, 0.027937098609630527, -0.012846485705728631, -0.0634045695684305, -0.18150619710175694, -0.6821435170291948, -0.29333996246294863, -0.40077904548593823, -0.24856044304667943, -0.38522676905783154, -0.40522042638218375, -0.2132045087646387, -0.5536477169132867, -0.2505190112381566, -0.7763106516126551, -0.7107099259026076, -0.11781919533055309, -0.558274113132349, -0.6399477049575524, -0.8270503396272152, -0.6819273598799219, -0.72175563102544, -0.6170050967908897, -0.5883929040876272, -0.7429116369576593, -1.0091519087387018, -0.29358240561676785, -0.9457624556084183, -0.9821758622719856, -0.757843260424119, -0.8248451302499489, -0.7671029734392617, -0.8571111245519887, -1.0260900880092567, -0.7704562957390754, -1.1324832358530426, -0.5241462547867065, -0.9228119374282906, -1.0415044055720348, -0.9069454113423351, -1.167956628480267, -1.120013742819873, -0.9878628919536917, -1.061382116076152, -1.1955822281062392, -1.3318130135650075, -0.49087608577365927, -1.160493552216685, -1.1803623830764436, -1.217448507859289, -1.2545005796121693, -1.3806560454632602, -1.1770261018390666, -1.2949673938814068, -1.2768304080898987, -1.3137768078902938], "bean_num": 0.5, "model_info": {"det_num_x": 10, "det_num_y": 10, "det_y": 0.03, "det_x": 0.03, "size_x": 0.5, "size_y": 0.5, "med_margin": 0.0015}}