{"source": [547.4960293611827, 267.03165562986044], "intensity": 100, "miu_detector": 0.3, "miu_medium": 1.2, "miu_air": 0.00018, "output": [0.0, 0.0, 0.0, 0.0, 0.0, 0.0, 0.0, 0.0, 0.0, 0.0, 0.0, 0.0, 0.0, 0.0, 0.0, 0.0, 0.0, 0.0, 0.0, 0.0, 0.0, 0.0, 0.11111111111111127, 0.8888888888888887, 0.0, 0.0, 0.0, 0.0, 0.0, 0.0, 0.0, 0.0, 0.0, 0.0, 0.0, 0.0, 0.0, 0.0, 0.0, 0.0], "miu_de": 0.5, "input": [-1.431267901269414, -1.4651614723368194, -1.3178534633175703, -1.2299076143576961, -1.2352905702110952, -1.1836615014187604, -1.0954287143110006, -1.3434060303726143, -1.1364782358489809, -0.5045405837247356, -1.3134650372247423, -1.167352842270565, -1.0523199740964193, -1.03050074855746, -1.0845281910566802, -1.0670937495282165, -1.0487929115641323, -0.8582611407845231, -1.1002489070704975, -0.4164576978823369, -1.1454509718687567, -1.0638855799896099, -0.8869856711417036, -1.0699822029848547, -0.9055656677664986, -0.836383937240466, -0.8319373320076594, -0.9008866816577199, -0.9516623786019687, -0.3798177616883168, -0.9894012857922881, -0.8461340538647498, -0.5217620522793243, -0.5171736472030438, -0.7112062970151538, -0.4593956902489467, -0.6834494536585005, -0.5440481479020646, -0.42800358369800406, -0.29863963033839075, -0.7146365627628919, -0.38758765727793065, -0.4579869738194624, -0.22240111755614855, -0.5221675170593656, -0.7052734973962577, -0.39440706838533846, -0.3035404553911979, -0.3220592986655878, -0.09087476912107281, -0.23874076622177234, -0.2710500150278749, 0.23843731018693853, -0.1306684022035727, -0.2517558314763426, -0.15546546327726832, 0.03568901153613428, -0.10135940159394806, -0.2896544271533765, -0.03493787249639856, -0.11066071823366748, 0.13275613895996727, 0.39277377570475275, 0.41296833938821903, 0.7218504532505114, 0.23749534376502757, 0.3434575939490802, 0.46968161752863485, 0.3828041984790347, 0.17986621091526966, 0.26509784919981344, 0.9396283819453093, 0.8342783120097462, 1.1070397647248966, 0.9029478403456511, 0.9371457915201729, 1.094971534028528, 0.6940902683474947, 0.7893697013682035, 0.37784695739344376, 0.9411613291652061, 1.3300106497618265, 1.346969300882012, 1.3449104160943686, 2.0349022965340673, 1.3133268226871102, 1.2230388191620032, 1.4065572199437588, 1.3940724277074217, 1.025290764357327, 1.6532908659826642, 1.6997788054535072, 1.851621449770425, 1.8288345876697705, 2.1352376674102147, 1.805378746786147, 1.614196162744462, 1.9282398567921661, 1.8424497284304586, 1.5495528173899955], "bean_num": 0.5, "model_info": {"det_num_x": 10, "det_num_y": 10, "det_y": 0.03, "det_x": 0.03, "size_x": 0.5, "size_y": 0.5, "med_margin": 0.0015}}