{"source": [486.74167397113825, -366.786159774765], "intensity": 100, "miu_detector": 0.3, "miu_medium": 1.2, "miu_air": 0.00018, "output": [0.0, 0.0, 0.0, 0.0, 0.0, 0.0, 0.0, 0.0, 0.0, 0.0, 0.0, 0.0, 0.0, 0.0, 0.0, 0.11111111111111127, 0.8888888888888887, 0.0, 0.0, 0.0, 0.0, 0.0, 0.0, 0.0, 0.0, 0.0, 0.0, 0.0, 0.0, 0.0, 0.0, 0.0, 0.0, 0.0, 0.0, 0.0, 0.0, 0.0, 0.0, 0.0], "miu_de": 0.5, "input": [1.257472468642888, 0.23642467055061642, -0.4904174777413659, -1.008929393563658, -1.2320487968841067, -1.3679208722292977, -1.2992919988489682, -1.4369002717058401, -1.49280148545896, -1.6086570227819108, 1.1877421490453592, 0.7181041529493679, -0.07512524570834145, -0.6959026302731522, -1.0346639451481636, -1.286449541377378, -1.081475357514262, -1.2692976943954424, -1.4036329770734441, -1.5361650976592975, 0.8866153050628506, 0.39761115253220797, -0.047068294113073554, -0.677407383312077, -0.7842865570218969, -0.9312528132500816, -1.1342656710372763, -1.1972761823441815, -1.2188409993452192, -1.5166857173618902, 1.4452768931378206, 0.5644350007936119, 0.007897594775616017, -0.6772139107513663, -0.9010740932329199, -1.0173382543568477, -1.067897290312598, -1.1029280922002684, -1.0336450950463234, -1.2962067483296826, 1.6795656863038764, 0.6444299712330438, 0.10668710224673256, -0.5998353592162962, -0.752548345273198, -0.8227482244008767, -0.653025946836176, -0.8508650773221892, -0.7685528588545693, -1.155777186248872, 1.4435930001554975, 0.6996557353610992, 0.1345727054374212, -0.47052881385314926, -0.3272603627500382, -0.31294731892414795, -0.5746567035291524, -0.41896722451831303, -0.47813087130578635, -0.6879353785433548, 1.064682136155229, 0.44636400016690986, -0.07059322260393502, -0.25365662499374686, -0.1742882773412654, -0.2946595187650787, -0.02271727515630811, -0.2886674939620633, -0.33231247360142, -0.3903634952929808, 1.474934793545198, 0.4245832246504643, 0.2617086531200169, 0.2634814027491272, 0.7018867537315913, 0.7521280904171176, 0.4790870005912918, 0.6655962865082231, 0.3186096161903791, -0.06316565993400357, 1.7998865236006694, 0.9717072165177887, 1.1964090399366443, 0.7616760435196396, 0.633650441376587, 1.2375587926891634, 0.890921429950309, 0.9868594455692206, 1.0663237275019335, 0.5995681901851233, 1.4639439882492566, 1.6668878694156102, 1.5338453327884582, 1.7380923003709627, 1.5066821921735134, 1.3326448119878467, 1.7257338082954186, 1.6421545783458706, 1.7593149090368512, 0.9102644360417742], "bean_num": 0.5, "model_info": {"det_num_x": 10, "det_num_y": 10, "det_y": 0.03, "det_x": 0.03, "size_x": 0.5, "size_y": 0.5, "med_margin": 0.0015}}