{"source": [-481.11732661506653, -389.60112918634826], "intensity": 100, "miu_detector": 0.3, "miu_medium": 1.2, "miu_air": 0.00018, "output": [0.0, 0.0, 0.0, 0.0, 0.6666666666666676, 0.33333333333333237, 0.0, 0.0, 0.0, 0.0, 0.0, 0.0, 0.0, 0.0, 0.0, 0.0, 0.0, 0.0, 0.0, 0.0, 0.0, 0.0, 0.0, 0.0, 0.0, 0.0, 0.0, 0.0, 0.0, 0.0, 0.0, 0.0, 0.0, 0.0, 0.0, 0.0, 0.0, 0.0, 0.0, 0.0], "miu_de": 0.5, "input": [1.3183142720525354, 1.9967560945679927, 1.6601049200652893, 1.6720093141891759, 1.7434124949889773, 1.4893457928072102, 2.0620508720645216, 1.811521970004697, 1.5970063744908842, 1.3233156372166335, 0.9040671980944818, 1.1425539937502418, 1.4559252318697358, 1.3183829822513402, 1.2904917718728561, 1.1412771201346985, 0.8797631462120736, 0.9973614299588238, 1.1586357422067868, 0.7376339773774003, 1.388211114856774, 0.6331415447097325, 0.9851092062284629, 0.49081499644460896, 0.924604390794638, 0.5771535542587682, 0.7436061368880291, 0.7826607611650858, 0.533418572909231, 0.23843498937189184, 1.1600297500573626, 0.5959840247383701, 0.03284731121694924, 0.21595617216512797, 0.2525546085426465, 0.17165318411256, 0.018304697218732444, -0.0053570906267496115, 0.07522675797531961, -0.1641457366346092, 1.0692291796044626, 0.22766401632170327, -0.11026973008495403, -0.08906001285660396, -0.31926829469569296, -0.2673175705563882, -0.4437312210467191, -0.4440869758469214, -0.26231040450635973, -0.619281410043239, 0.9492007272254392, -0.1176164746209171, -0.4902318614253282, -0.5273860526004249, -0.4800392841193946, -0.41241727129971495, -0.5357042415624259, -0.576697129854606, -0.7064730570456874, -0.9488067271178048, 1.2264173825234406, 0.2078149523166547, -0.5299729692507144, -0.7680836986129606, -1.0537020551368768, -0.6443593651824103, -0.7919266450459695, -0.9960523395777534, -0.9241035288259675, -1.3303166529566304, 0.8364343264572216, -0.14071001690350635, -0.4968869502519437, -0.8972763863883174, -1.1042560176634912, -1.1007302886895944, -1.0364478451671715, -1.203674909233832, -1.0438015223655188, -1.3138734243538306, 0.8298548245927903, -0.1416520960329393, -0.6505105901300818, -1.10504730892286, -1.2464559918445144, -1.3178835650979353, -1.1887850665722954, -1.2413653419447064, -1.4033958652990888, -1.292568325395495, 0.6282344451399491, -0.379389574027857, -0.9721411847631177, -1.2589064475871858, -1.414502211595908, -1.407504233532715, -1.3294184258009254, -1.283986422991739, -1.4405284173244741, -1.524075732997456], "bean_num": 0.5, "model_info": {"det_num_x": 10, "det_num_y": 10, "det_y": 0.03, "det_x": 0.03, "size_x": 0.5, "size_y": 0.5, "med_margin": 0.0015}}