{"source": [510.99636111765017, 357.8035040523097], "intensity": 100, "miu_detector": 0.3, "miu_medium": 1.2, "miu_air": 0.00018, "output": [0.0, 0.0, 0.0, 0.0, 0.0, 0.0, 0.0, 0.0, 0.0, 0.0, 0.0, 0.0, 0.0, 0.0, 0.0, 0.0, 0.0, 0.0, 0.0, 0.0, 0.0, 0.0, 0.0, 0.11111111111111127, 0.8888888888888887, 0.0, 0.0, 0.0, 0.0, 0.0, 0.0, 0.0, 0.0, 0.0, 0.0, 0.0, 0.0, 0.0, 0.0, 0.0], "miu_de": 0.5, "input": [-1.537777169637239, -1.4694262148992774, -1.5204668019043348, -1.486343327848799, -1.3080352927600072, -1.184621499704253, -0.7704599688356745, -0.6246827221086138, 0.1180018791357756, 0.9968981900942919, -1.346758282044586, -1.3261029365167791, -1.3849257509313786, -1.3380672858305425, -1.1735666218520775, -0.9331258624155527, -0.7512548326390023, -0.519094288831835, 0.3140455313208424, 1.2858446163515453, -1.3657906317880528, -1.3980194851408065, -1.212580948894951, -1.290666474590171, -1.1245515046240853, -0.9628751447187209, -0.5357222787455952, -0.25889589437429683, 0.42113397276149095, 1.1183186012982067, -1.167078513315273, -1.0546641609323162, -1.1166715308480468, -0.8817244673782456, -1.0685702712857066, -0.8101623680050509, -0.5301103200508522, -0.014920845121670797, 0.5186659407430283, 1.4415913432077825, -0.9433639318348092, -0.825855838935839, -0.6358374972296832, -0.7795797083877724, -0.9156205775829037, -0.7403672161608574, -0.4979974392906157, -0.16144926565868403, 0.32243246718940966, 1.2575407361677462, -0.8264363647972408, -0.6917712756073021, -0.34748649539747073, -0.5080858893246911, -0.26767713651464775, -0.3364419515739521, -0.495724417684909, -0.10224441058137364, 0.6720927094698641, 0.9253062511241995, -0.5867518654701113, -0.3826261406212729, -0.11284092207586559, 0.12232660400349325, 0.2426973100937391, -0.32687390037135533, 0.146546427432491, -0.006781130881863451, 0.3319992767145337, 1.5214813004322143, 0.00046655744046473634, 0.13184656500377, 0.8731454391364952, 0.43134789881394464, 0.4502024473617444, 0.8295254385648549, 0.6944041258559414, 0.20536811655245052, 0.8138880563575688, 1.3278568355893714, 0.7030391354171317, 0.8141451827101909, 1.2689087561080752, 1.2291330205318327, 1.3174843413937907, 1.5320876872851388, 1.0098045747415656, 1.179817768080571, 0.9058016482288591, 1.4836064489520895, 1.2619510808596035, 1.7312950622737064, 1.6130985262937954, 1.5028111559887725, 1.8442978821297156, 1.5435237011199316, 1.4446280145700172, 1.5390717526748396, 1.4374840515926002, 1.0825626453875246], "bean_num": 0.5, "model_info": {"det_num_x": 10, "det_num_y": 10, "det_y": 0.03, "det_x": 0.03, "size_x": 0.5, "size_y": 0.5, "med_margin": 0.0015}}