{"source": [98.28461270389872, 620.5446223284903], "intensity": 100, "miu_detector": 0.3, "miu_medium": 1.2, "miu_air": 0.00018, "output": [0.0, 0.0, 0.0, 0.0, 0.0, 0.0, 0.0, 0.0, 0.0, 0.0, 0.0, 0.0, 0.0, 0.0, 0.0, 0.0, 0.0, 0.0, 0.0, 0.0, 0.0, 0.0, 0.0, 0.0, 0.0, 0.0, 0.0, 0.0, 0.0, 1.0, 0.0, 0.0, 0.0, 0.0, 0.0, 0.0, 0.0, 0.0, 0.0, 0.0], "miu_de": 0.5, "input": [1.5347302132531895, 1.6986033267224685, 1.6273179092033403, 2.0324354070491055, 1.7740023167968793, 1.6645393036557787, 1.7035645004496573, 1.9017485346018166, 1.7152298415784848, 1.5486244723854923, 0.8107766984842494, 1.037822225466447, 1.2131167033676815, 1.9610283294584032, 1.6684232514243875, 1.2675117532271984, 1.349048801617163, 1.1011505616398272, 1.2680527176239986, 0.88187528655517, 0.049098163739692266, 0.7835220249916007, 0.6763356140336342, 0.9686087979955745, 0.764866696747192, 0.7317084463110115, 0.55156850228348, 0.6359854205110728, 0.9448391698585279, 1.0588800199613995, -0.16833168900982268, 0.26791196034287457, 0.3803642168229861, 0.22460564545004055, 0.14591408068949505, 0.11760136591070247, 0.3658346782675442, 0.01539854925898022, 0.1685740228633335, 0.9215983076651388, -0.5561894550808834, -0.13960693980053646, -0.33657910960673926, -0.29595187704427034, -0.396621723980951, -0.024534118984305395, -0.0559565138208098, 0.03907133948274449, 0.001330413818831562, 0.5883829147247269, -0.9618370008417142, -0.6416619471776283, -0.5048908977512204, -0.46522875403108693, -0.5087574694614082, -0.5264280346054057, -0.47820970445679695, -0.42683977584262595, -0.0602257940265676, 0.8761935119962287, -0.9945444294392988, -0.911949166262147, -0.8986355195176168, -0.7807055916381267, -0.6944347480139957, -0.7150290112477802, -0.7850645565727834, -0.6519837641604438, -0.3671425807694757, 0.6659007422163067, -1.281744424655567, -1.0499606191201825, -0.8953956954344702, -1.0908024416348194, -1.0524138469612416, -1.0172861755947067, -0.9777669977427421, -0.8014796509937603, -0.44202113324590764, 0.6078645409846477, -1.4220831677630905, -1.2065403990521149, -1.2058240210913622, -1.0520811977443856, -1.0922166003675895, -1.375031290122714, -1.2114719881934926, -0.7620733098485035, -0.49530334922263664, 0.45628564798899635, -1.5166039891671272, -1.4438752881278736, -1.3361096512458468, -1.316640649281754, -1.2787077817547672, -1.386193907494734, -1.2832020957316963, -1.089984113566054, -0.7652709094514667, 0.42757791827750663], "bean_num": 0.5, "model_info": {"det_num_x": 10, "det_num_y": 10, "det_y": 0.03, "det_x": 0.03, "size_x": 0.5, "size_y": 0.5, "med_margin": 0.0015}}