{"source": [502.3408730470331, 421.51404129903824], "intensity": 100, "miu_detector": 0.3, "miu_medium": 1.2, "miu_air": 0.00018, "output": [0.0, 0.0, 0.0, 0.0, 0.0, 0.0, 0.0, 0.0, 0.0, 0.0, 0.0, 0.0, 0.0, 0.0, 0.0, 0.0, 0.0, 0.0, 0.0, 0.0, 0.0, 0.0, 0.0, 0.0, 0.5555555555555556, 0.44444444444444436, 0.0, 0.0, 0.0, 0.0, 0.0, 0.0, 0.0, 0.0, 0.0, 0.0, 0.0, 0.0, 0.0, 0.0], "miu_de": 0.5, "input": [-1.475471600053908, -1.53563553043989, -1.4324772816985698, -1.4266847239269704, -1.2810214153791921, -1.1577051826467795, -0.9757405741888018, -0.2364965162000559, 0.4699267563594541, 1.1441874278705069, -1.5110684014358569, -1.4623639851745815, -1.380800441187662, -1.2540094365556977, -1.1402936094879976, -1.010804120213661, -0.5936103759745708, -0.024524605406332764, 0.9061634233539381, 1.3288883746799456, -1.329526787516719, -1.3159869026538644, -1.2713911148323884, -1.100380174546669, -0.7789236468485449, -0.9676584672734379, -0.7925203875278124, -0.2278773497381823, 0.7381605523655894, 1.3023695590270894, -1.2467687877538691, -1.2955090242892784, -1.142918902830918, -1.0370458028153782, -0.904126240867052, -0.9236999474163695, -0.4431577843060373, 0.4484323869320146, 0.8288481811215782, 1.4276523586411072, -1.0473906758360043, -1.0869136719191816, -0.926829122112959, -0.8757395676814549, -0.7835731330759464, -0.6951043245892612, -0.8271711386817764, 0.2845938205027277, 0.46313677297072303, 1.4529665735379744, -0.547426955966222, -0.5413943012923955, -0.6523839736141457, -0.6536546664945803, -0.5102302045097022, -0.3008884615402477, -0.2583118867126297, -0.013459200160098123, 0.7131162853861736, 1.2966631800633048, -0.6538920721819141, -0.22296103657392446, -0.2562410708544758, -0.10868137810198025, -0.1292715616621753, -0.2357609100129383, -0.05191780353236626, 0.4398646948315122, 0.6497328126804431, 1.4788103526245966, 0.0690597134453724, 0.17493605945665106, 0.541231965374305, 0.5576348022216305, 0.5204094393930928, 0.29445741023251826, 0.17318587297649934, 0.42395715442206516, 0.5900184911754132, 1.4785136017571023, 0.2839578908905115, 0.7878898153245455, 0.8518270439168606, 0.8214484194216631, 0.68119070324913, 1.073028637211474, 1.0059281081787144, 0.9833815069373647, 0.7032993418376607, 1.5784509132492441, 1.1877089901700277, 1.363334225896109, 1.6563917439479645, 1.7358501657213548, 1.0354059617888078, 1.8754004768129147, 1.6862050606559633, 1.7848865544834873, 1.2504317856770626, 1.512460869519261], "bean_num": 0.5, "model_info": {"det_num_x": 10, "det_num_y": 10, "det_y": 0.03, "det_x": 0.03, "size_x": 0.5, "size_y": 0.5, "med_margin": 0.0015}}