{"source": [483.7732285957883, -451.12583393509595], "intensity": 100, "miu_detector": 0.3, "miu_medium": 1.2, "miu_air": 0.00018, "output": [0.0, 0.0, 0.0, 0.0, 0.0, 0.0, 0.0, 0.0, 0.0, 0.0, 0.0, 0.0, 0.0, 0.0, 0.0, 0.777777777777776, 0.22222222222222396, 0.0, 0.0, 0.0, 0.0, 0.0, 0.0, 0.0, 0.0, 0.0, 0.0, 0.0, 0.0, 0.0, 0.0, 0.0, 0.0, 0.0, 0.0, 0.0, 0.0, 0.0, 0.0, 0.0], "miu_de": 0.5, "input": [1.0504031468138177, 1.2740299127499086, 1.4999224889332907, 1.2228779447069007, 1.8414484903211514, 1.4417818293969444, 1.419910892267361, 1.6414118535745343, 1.3980841401261326, 1.480398222860778, 0.3423189279423216, 0.5331482959423318, 0.8255787041826843, 0.9368049464401078, 1.1204299638222908, 1.1208934449919612, 1.3412190898708303, 0.6997826064191339, 0.773468831272185, 1.5352142431146663, -0.21338305713022301, 0.019190399561019082, 0.14566626464042953, 0.21924083290170102, 0.4159776302845895, 0.3142485309123996, 0.25288908811412686, 0.1814657246191262, 0.6576096888704146, 1.6308041510860138, -0.6473670204939456, -0.6913604173543072, -0.19341512031880442, -0.38733234562009783, -0.3055878669040131, -0.13940228563483983, -0.08132177447331304, 0.25267041861076683, 0.9589288075595116, 1.4550437097940385, -0.9783396145853481, -0.8430340340481923, -0.733253582369899, -0.6947921458050385, -0.7832803193753424, -0.5590393575870758, -0.26725724377114785, 0.13690499339312764, 0.9780242472506878, 1.63864979977576, -1.1322715463332862, -1.0014051809434796, -0.8476393737028198, -0.9175861766324468, -0.7854941273351667, -0.738141877651378, -0.17895377417154038, 0.09688294034359374, 1.0712631571097992, 1.6456514379674252, -1.2689685480547934, -1.2327021132878182, -1.1352097178960052, -0.9757662244181468, -1.041984101687802, -0.7901407627122707, -0.3351043074356658, 0.18714569963117364, 0.9306491152976105, 1.3194619449076137, -1.3430802622647577, -1.3276462646488802, -1.2123538203353366, -1.0488010962398593, -1.066119102810981, -0.7331101757067613, -0.4155407670884615, 0.026141710001528998, 0.9813302363660283, 1.3639583644429008, -1.515877673201695, -1.3377949459533334, -1.357384276841982, -1.1696358161589413, -0.9811083513443695, -0.8034775411326345, -0.45876167451396527, -0.08681514159680513, 0.6993424736551537, 1.3655946618378136, -1.6082105546515555, -1.4244066985222903, -1.415830698970698, -1.4820213750545725, -1.304842840298499, -1.0268949825710323, -0.6247800028844085, -0.1919513398787044, 0.33194239460466474, 1.0601730211163771], "bean_num": 0.5, "model_info": {"det_num_x": 10, "det_num_y": 10, "det_y": 0.03, "det_x": 0.03, "size_x": 0.5, "size_y": 0.5, "med_margin": 0.0015}}