{"source": [105.96022316452476, -669.0065195003247], "intensity": 100, "miu_detector": 0.3, "miu_medium": 1.2, "miu_air": 0.00018, "output": [0.0, 0.0, 0.0, 0.0, 0.0, 0.0, 0.0, 0.0, 0.0, 0.0, 1.4135798584282298e-15, 0.9999999999999986, 0.0, 0.0, 0.0, 0.0, 0.0, 0.0, 0.0, 0.0, 0.0, 0.0, 0.0, 0.0, 0.0, 0.0, 0.0, 0.0, 0.0, 0.0, 0.0, 0.0, 0.0, 0.0, 0.0, 0.0, 0.0, 0.0, 0.0, 0.0], "miu_de": 0.5, "input": [-0.42593375670893774, -1.161420916579143, -1.2054778173550154, -1.204490198088808, -1.2648136248587107, -1.2925488022883365, -1.2468949626489063, -1.2085526661991597, -1.26834754582877, -1.356898316953162, -0.40421277344448414, -1.0295476125272631, -1.0384924552072494, -1.044398139670621, -0.9750114421935374, -1.0110287718911097, -1.0806892495277736, -1.0899682850696435, -1.0721583930318332, -1.2240816428631789, -0.3964672577372197, -0.8915761048120863, -0.8259921976652139, -0.8363093381068963, -0.8514762987049653, -0.8395530990565461, -0.8749753137456006, -0.8432511735916027, -0.9477050196753799, -1.1463674240906823, -0.26287771318801945, -0.6296879611393807, -0.6198371323412748, -0.7450059031788202, -0.6307839915926436, -0.6962617732322527, -0.6461090894526477, -0.7618421691670483, -0.6990271287826786, -0.9580046079398741, -0.10621665983381388, -0.47600047789151295, -0.5141586686781501, -0.38702950156159577, -0.3267682121789753, -0.41186847592162706, -0.3812708618035591, -0.5104202051553333, -0.5723089553844114, -0.6934513719349406, 0.04590009428534211, -0.14075453208090208, 0.008510333865643848, -0.0494190469963336, 0.01812226897616598, -0.021315884209250454, -0.038422866432736395, -0.04846609530281066, -0.2639382932535145, -0.42503932884091994, 0.11290491293303795, 0.22315016689334988, 0.34953171568800895, 0.3875418550773209, 0.4579215478855437, 0.4368282787605053, 0.37665669665544815, 0.39495559041263856, 0.05431191081815344, -0.0033604611725280265, 0.3572006293902814, 0.6607301845348705, 0.6038475328697674, 0.8468681458675176, 1.041197641424862, 0.8407422212641616, 0.8625820017425796, 0.9809221586274629, 0.6262105841255592, 0.3032780275290087, 0.8127246542689002, 1.4726770802123423, 1.3903154575902401, 1.4498554608304421, 1.4987249533416869, 1.4671900237875906, 1.43546824102293, 1.6058081362538996, 1.56652637601497, 0.7634956724110641, 1.6447534960907324, 1.8035732428246334, 2.029254611493282, 1.9115689381515528, 2.0130581155812326, 1.9759916424024289, 2.1910599415676875, 1.9093421051433175, 1.8947581620709746, 1.2522271580822444], "bean_num": 0.5, "model_info": {"det_num_x": 10, "det_num_y": 10, "det_y": 0.03, "det_x": 0.03, "size_x": 0.5, "size_y": 0.5, "med_margin": 0.0015}}