{"source": [513.0724358214267, 446.00706399863316], "intensity": 100, "miu_detector": 0.3, "miu_medium": 1.2, "miu_air": 0.00018, "output": [0.0, 0.0, 0.0, 0.0, 0.0, 0.0, 0.0, 0.0, 0.0, 0.0, 0.0, 0.0, 0.0, 0.0, 0.0, 0.0, 0.0, 0.0, 0.0, 0.0, 0.0, 0.0, 0.0, 0.0, 0.4444444444444451, 0.5555555555555549, 0.0, 0.0, 0.0, 0.0, 0.0, 0.0, 0.0, 0.0, 0.0, 0.0, 0.0, 0.0, 0.0, 0.0], "miu_de": 0.5, "input": [1.5264200136226689, 1.7081302412441808, 1.6976711123773827, 1.7549993192221374, 1.8635715391050724, 2.0108741879741854, 1.5192010114556136, 2.2889755389028026, 1.6119636968311446, 1.2887222709345776, 1.1314604815440734, 0.8756339392553972, 1.636339493753013, 1.3507464824786852, 1.7633819617315807, 1.8369910244981147, 1.316012770769091, 1.7429157132709345, 1.3215877578110613, 1.3308582678059098, 0.09867711977141287, 0.6868690713848953, 1.1413617737946666, 0.8922723878941731, 0.9472922560539132, 1.0838415414695093, 0.6899031965807467, 0.9772567746527824, 0.7903287064604211, 0.011597498682303567, -0.06419165962014142, 0.024642430983027163, 0.33514431968620945, 0.9676892068633774, 0.36206592957684086, 0.5840960957041117, 0.6801607916423763, 0.4153347134862963, 0.19482874007922812, -0.1909148359798598, -0.2539632748383592, -0.5808506569070769, 0.14629577390515366, 0.09033743231520872, 0.20407494891375802, 0.3002674876710058, -0.1224349860099221, 0.16045840738049014, -0.4165020588373051, -0.40134188145457433, -0.6558800618989502, -0.3732103597208795, -0.6058684878513739, -0.27796593020436455, -0.18715344922495766, -0.48279756318282874, -0.23047580991248018, -0.3881789563050545, -0.36959759404919507, -0.4902566799812049, -0.8810915936477383, -0.7594866093536765, -0.8532684864229325, -0.6973414306988636, -0.5253012679231552, -0.719438408707526, -0.5125040335617663, -0.7352142578782557, -0.7336487227862439, -0.8812367891952382, -1.1815628050135607, -0.9547490286955357, -1.0660322938445033, -0.8518253948553953, -0.34672762876190366, -0.829484549861787, -0.7350985027467521, -1.0824254209800521, -0.8919021539480918, -0.9752922246010799, -1.1497336419218753, -1.0234883014114813, -1.0263409120517897, -0.887824020954783, -0.8823012891382166, -0.9329918930407521, -0.8545630246072443, -0.9488491872706027, -0.9796826382122241, -1.0904302598209794, -1.2875669231015574, -1.0853873714491913, -1.1644279010185385, -0.9268192772530547, -0.999596604622339, -1.1974931904609036, -1.1859857561012375, -1.0160690545941655, -1.1624023515365074, -1.2540839815095186], "bean_num": 0.5, "model_info": {"det_num_x": 10, "det_num_y": 10, "det_y": 0.03, "det_x": 0.03, "size_x": 0.5, "size_y": 0.5, "med_margin": 0.0015}}