{"source": [59.3680414363112, -678.5798187295419], "intensity": 100, "miu_detector": 0.3, "miu_medium": 1.2, "miu_air": 0.00018, "output": [0.0, 0.0, 0.0, 0.0, 0.0, 0.0, 0.0, 0.0, 0.0, 0.0, 0.4444444444444465, 0.5555555555555535, 0.0, 0.0, 0.0, 0.0, 0.0, 0.0, 0.0, 0.0, 0.0, 0.0, 0.0, 0.0, 0.0, 0.0, 0.0, 0.0, 0.0, 0.0, 0.0, 0.0, 0.0, 0.0, 0.0, 0.0, 0.0, 0.0, 0.0, 0.0], "miu_de": 0.5, "input": [-1.3995433332586071, -1.0849383437930464, -0.9778735812592938, -1.203120506858044, -0.6300689369211805, -0.5743272168496014, -0.057307709257284734, 0.38246565945988414, 0.676011245528645, 1.4975980772253323, -1.2725064323036426, -1.0145579539108387, -0.8719414044883442, -0.5623091346165378, -0.6901554388592142, -0.32927627849186675, 0.11685484038148429, 0.4321393312384326, 1.6082214283497047, 1.849803470162678, -1.3531662758787728, -1.0046041319704055, -1.028536447800856, -0.536708648130146, -0.38391879098853066, -0.046674218584514676, 0.1746351204501565, 1.0042879089346346, 1.1155568269021947, 1.1641444490871724, -1.3782281588770524, -1.1307120489162532, -0.9744557259040715, -0.5481916832801333, -0.43025782406897495, 0.01776459455796565, 0.24372593435811427, 0.7988943657659853, 1.589263219066967, 2.0603918551430462, -1.2821101238281138, -1.0860497524021322, -0.9597982337623994, -0.683859888323491, -0.6537442198575631, 0.17348147422003576, 0.582320283077187, 0.7955123215684438, 1.7345803987062345, 2.3989051088460407, -1.138509451757769, -1.052922947650872, -0.8779394078051077, -0.8066826884709537, -0.4194515054504541, -0.031634575756347996, 0.34817829831248825, 1.0772359135480711, 1.6582497181231772, 1.3257925172938094, -1.2290447730669019, -1.1678491958341963, -1.0149615912584975, -0.9834425341650828, -0.4221437947942756, -0.2117579258775813, 0.13694898858601376, 0.6866565687289213, 1.7065131783160623, 2.0813223357589035, -1.3254134438497247, -1.0562294075078258, -0.8539872871007944, -0.764276553355427, -0.34579836430608923, -0.4917451299957051, 0.2780953255345137, 0.8961177909086633, 1.3854040452125023, 1.9644075837310957, -1.019510704570646, -0.7542901437818633, -0.801936313893656, -0.6084389409321567, -0.14436594587637291, -0.20027190348297963, -0.017232789895281687, 0.3237574284246695, 1.3178595731170732, 1.747846663302583, -0.13296452942513562, 0.04721454671296274, 0.24777612245091551, -0.06875742791818917, 0.5877121800001884, 0.47539848037108307, 0.1872937932787194, 0.76172589321102, 0.8514422380544645, 1.580994625212544], "bean_num": 0.5, "model_info": {"det_num_x": 10, "det_num_y": 10, "det_y": 0.03, "det_x": 0.03, "size_x": 0.5, "size_y": 0.5, "med_margin": 0.0015}}