{"source": [-59.43685229764741, -679.36633047361], "intensity": 100, "miu_detector": 0.3, "miu_medium": 1.2, "miu_air": 0.00018, "output": [0.0, 0.0, 0.0, 0.0, 0.0, 0.0, 0.0, 0.0, 0.0, 0.5555555555555564, 0.44444444444444364, 0.0, 0.0, 0.0, 0.0, 0.0, 0.0, 0.0, 0.0, 0.0, 0.0, 0.0, 0.0, 0.0, 0.0, 0.0, 0.0, 0.0, 0.0, 0.0, 0.0, 0.0, 0.0, 0.0, 0.0, 0.0, 0.0, 0.0, 0.0, 0.0], "miu_de": 0.5, "input": [-1.5349123424236468, -1.4404546590746337, -1.3093077069588657, -1.2609931836414554, -1.0178006969388447, -0.9126522160737681, -0.613796089349871, 0.058861316239416345, 0.9876595582663954, 1.1867897264264644, -1.5019438673181678, -1.3940551471415856, -1.3041070566062916, -0.8773833196773806, -0.8963257684499263, -0.6322233828928137, 0.004653073415593157, 0.1715165138386632, 0.9434429564057528, 1.8712310505902612, -1.4265162035894707, -1.3986081657041174, -1.0171661011152398, -1.1381212840845665, -0.7625496990071673, -0.2977401174181483, 0.08878055763726327, 0.3500633382246861, 0.9454707015925525, 1.9058480697639637, -1.4909805160210214, -1.414446899596155, -1.1726491943581347, -1.1720773203313444, -0.6572030058660203, -0.4903428471448234, 0.04861865450320678, 0.4129477466404284, 0.7706197249153192, 1.825376714023848, -1.2988103345879876, -1.3060382702656068, -1.071355102711881, -0.8988462542739902, -0.6233259257718909, -0.4811604780328669, 0.03648540503336968, 0.3975999808704868, 1.0392931262821614, 1.7140351455234413, -1.2625329233339504, -1.0407312985903523, -1.0021733316986106, -0.9046878528459907, -0.8744854687816178, -0.44918521695355973, 0.008636347557008678, 0.35133341886398467, 1.3674317135464293, 1.3637688930119622, -0.7275413837062953, -0.8166547524846983, -0.6704138356971278, -0.6650312332016614, -0.4640335683535312, -0.39577433005965607, 0.7627924993174315, 0.30550656416134053, 1.311125140906577, 1.3968494715835085, -0.5777632903746762, -0.22221916367833097, -0.23835145879909223, -0.13023728327412096, 0.03432137140825252, -0.059010846276951426, 0.14221567540342175, 0.6701018272736574, 0.9945635362956655, 1.3847911654758687, 0.04238289266054048, -0.013414059146642725, 0.7926551915790143, 0.7503964226521145, 0.15450084577402529, 0.48024233799583793, 0.7136450089974375, 0.60201034002971, 1.1863612362001408, 1.5155890068888038, 0.6011368666697162, 0.854956911168482, 1.453446067419995, 1.1493765229484412, 1.4493977864376417, 1.3564699114505847, 1.3456381833502185, 1.6298194096316263, 1.1418902632040528, 1.255488263627798], "bean_num": 0.5, "model_info": {"det_num_x": 10, "det_num_y": 10, "det_y": 0.03, "det_x": 0.03, "size_x": 0.5, "size_y": 0.5, "med_margin": 0.0015}}