{"source": [682.8140072195312, 71.76664405750091], "intensity": 100, "miu_detector": 0.3, "miu_medium": 1.2, "miu_air": 0.00018, "output": [0.0, 0.0, 0.0, 0.0, 0.0, 0.0, 0.0, 0.0, 0.0, 0.0, 0.0, 0.0, 0.0, 0.0, 0.0, 0.0, 0.0, 0.0, 0.0, 0.0, 0.33333333333333326, 0.6666666666666667, 0.0, 0.0, 0.0, 0.0, 0.0, 0.0, 0.0, 0.0, 0.0, 0.0, 0.0, 0.0, 0.0, 0.0, 0.0, 0.0, 0.0, 0.0], "miu_de": 0.5, "input": [-1.3386612338210595, -1.236687789772742, -1.195399380467978, -1.238844098589129, -1.221785594149582, -1.134623730563854, -1.3912155229594532, -1.1201831782767038, -1.234131831967614, -0.7833122371043113, -1.1324258511105487, -1.117608816452049, -0.967641309110953, -0.9602421961732545, -0.9743058306140765, -0.8384126352266811, -1.0849094883072232, -1.0847024831428946, -1.165754737779796, -0.48934638512011597, -1.049809363187371, -0.9764521147876547, -1.0013019947458857, -0.847455313633026, -0.8261760933947133, -0.8913832652660086, -0.955964224669906, -0.7703127632534615, -1.1050356223713336, -0.2735032615978013, -0.8071076762042428, -0.8173104636055633, -0.5900793773891467, -0.5640589122390103, -0.6272953781318074, -0.5879997796160018, -0.6813279689703446, -0.8260532645657415, -0.7410797118365984, -0.554963248988488, -0.6238158916515937, -0.6193744647846305, -0.25976544308311056, -0.3623700341070135, -0.24652228567669437, -0.26269338287463584, -0.5586036880665427, -0.4844911664641389, -0.5528934989908412, -0.45937967732488105, -0.4371554820474545, 0.03865403056305777, 0.2956772544813123, -0.28775962708422737, -0.17742524851217698, -0.014997145688071926, 0.1258503695507084, -0.12426998705294642, 0.19726557356715355, 0.013847346846225378, -0.009800881679648215, 0.3232055956197537, 0.5757961360028607, 0.5484953471268961, 0.36659016964135593, 0.4273321810533905, 0.5622320275189582, 0.39069136499578966, -0.02073928137433352, 0.20080877522244084, 0.20430241830264564, 0.7737334710929912, 0.8451548509160353, 1.0563442735620767, 1.0214865168450966, 0.6850275423882333, 0.6545555532140516, 0.6020984943673485, 0.6753076564046177, 0.4840295286517392, 0.8212403450381776, 1.2938357597181023, 1.3051164996908473, 1.5456359659625278, 1.3823510176239853, 1.2705354988913815, 1.4107406812581296, 1.4536343233521125, 1.4791011357544421, 0.9056593175214185, 1.2869217923565073, 1.6280487391886491, 1.9688056116140074, 1.97006141441792, 2.0950527452609546, 2.2652072226752127, 2.1835203291176493, 2.04378540277082, 1.770493608012091, 1.558687427467413], "bean_num": 0.5, "model_info": {"det_num_x": 10, "det_num_y": 10, "det_y": 0.03, "det_x": 0.03, "size_x": 0.5, "size_y": 0.5, "med_margin": 0.0015}}