{"source": [405.80571865201244, -558.543654376442], "intensity": 100, "miu_detector": 0.3, "miu_medium": 1.2, "miu_air": 0.00018, "output": [0.0, 0.0, 0.0, 0.0, 0.0, 0.0, 0.0, 0.0, 0.0, 0.0, 0.0, 0.0, 0.0, 2.1203697876423446e-15, 0.9999999999999979, 0.0, 0.0, 0.0, 0.0, 0.0, 0.0, 0.0, 0.0, 0.0, 0.0, 0.0, 0.0, 0.0, 0.0, 0.0, 0.0, 0.0, 0.0, 0.0, 0.0, 0.0, 0.0, 0.0, 0.0, 0.0], "miu_de": 0.5, "input": [1.4379567235730704, 0.8727379793435218, -0.12719956969632196, -0.32707050624562806, -0.6516202301605524, -0.9976853087609276, -1.2237347485585859, -1.2877368917703387, -1.5146263061302436, -1.5084040139496595, 1.5246769715580435, 1.06102785875926, 0.5922760351995139, -0.30268819538416697, -0.6094359845124183, -0.9058454405512799, -1.1339186536746844, -1.149997053847405, -1.3074125565173762, -1.4623649106908454, 2.020053652987888, 0.8651024947537594, 0.7699217348497728, -0.18172278761248098, -0.7378479314680899, -0.8486404781897451, -0.9012741866012094, -1.3084764596475233, -1.3173612393442091, -1.3999174358624529, 1.7695016015567653, 0.9629673594097735, 0.2519284943220499, -0.09349391880908656, -0.2788719522162257, -0.601280776857921, -1.1495490687560057, -1.2413243492070267, -1.4144096321730968, -1.4753712360245494, 1.9017715681893195, 1.1593448911914195, 0.17149559796817468, -0.09587201099167492, -0.3680317174454418, -0.8112870651705754, -1.077969786016839, -1.1474614091121176, -1.2037790706812848, -1.186029453215628, 1.6329320418920472, 0.8889254586931847, 0.4161375869322161, 0.130761472762395, -0.4552795138330793, -0.6708342539887964, -0.7025518616754609, -0.8846371815298816, -0.6048670784208843, -0.9537931658565167, 1.6983927494762567, 0.9577529912577851, 0.15201683247733602, 0.10717860256768912, -0.4911403038386917, -0.5064395592983999, -0.6873011669945687, -0.8521491422433806, -0.6088557565348507, -0.7919557355060578, 1.3347526191911732, 0.9609661305305751, 0.5665818090184458, -0.21275015726952456, -0.005500846315475108, -0.0025870660963684075, -0.5307749246165656, 0.04832246536584373, -0.4057348431695061, -0.6226249446368851, 1.340761360421044, 0.8049044164170537, 0.7030821953414672, 0.39993827267311793, 0.3220747738547124, 0.45039004781626507, 0.4824486674200097, 0.4048971498194808, 0.2519268685408939, 0.03988251813904472, 1.3430120788127173, 1.3035772802979282, 1.4492438925489437, 1.172228942501938, 1.552472664231727, 1.3555584915995242, 1.6353973310326309, 1.4802581350054087, 1.4870440918089736, 1.1049069355683412], "bean_num": 0.5, "model_info": {"det_num_x": 10, "det_num_y": 10, "det_y": 0.03, "det_x": 0.03, "size_x": 0.5, "size_y": 0.5, "med_margin": 0.0015}}