{"source": [259.2515015254571, 641.6699831540938], "intensity": 100, "miu_detector": 0.3, "miu_medium": 1.2, "miu_air": 0.00018, "output": [0.0, 0.0, 0.0, 0.0, 0.0, 0.0, 0.0, 0.0, 0.0, 0.0, 0.0, 0.0, 0.0, 0.0, 0.0, 0.0, 0.0, 0.0, 0.0, 0.0, 0.0, 0.0, 0.0, 0.0, 0.0, 0.0, 0.0, 0.44444444444444364, 0.5555555555555564, 0.0, 0.0, 0.0, 0.0, 0.0, 0.0, 0.0, 0.0, 0.0, 0.0, 0.0], "miu_de": 0.5, "input": [-1.3653257386279385, -1.3301205562868827, -1.2885524413109661, -1.2220116232729172, -0.8455003196852117, -0.5151331084579386, -0.3348705137410686, 0.435283576086768, 1.1936613825431988, 0.9686970939858881, -1.3728818129274991, -1.1697100248835794, -1.0083836870468206, -1.0267540292563377, -0.5511154807572701, -0.4342298128762493, 0.12093891697723004, 0.19640469501852448, 1.139650651386868, 1.6645866105361802, -1.3008634625621804, -1.1965974309420697, -0.9187424816261724, -0.8113670468583053, -0.6336531280003654, -0.2646133357966331, 0.1642649513249213, 0.6296712272723363, 1.9037202316946462, 1.4832371670060154, -1.3402520561750724, -1.2807095437265077, -1.1662953906372016, -0.9082456315191157, -0.606667759271327, -0.3613377736374479, -0.11563356517590863, 0.7590095777443099, 1.7620973457138684, 2.0803076573025914, -1.4119137883181623, -1.1450568297704735, -1.0449031793949073, -0.8819326724539394, -0.6104265939813034, -0.28543715207223186, 0.36902918382458716, 0.9061734915108436, 0.9806461337912661, 1.6181231417707542, -1.342006212881645, -1.183642791704142, -0.9258330669907683, -0.7376187767060421, -0.285016076178559, -0.3088248737706481, 0.34373330410381475, 0.5464921994036223, 1.1281455252313184, 1.8039332541306607, -1.3284620004374093, -1.0574042769453258, -0.8933835997191535, -0.6200571714708224, -0.5974709436929205, -0.3984865673539727, 0.24523576021463928, 0.5401724880162599, 1.615595679751978, 1.3663031537871972, -0.8920555260989101, -0.9700939529450445, -0.7158203915036464, -0.5949156264291631, -0.5724098026349377, -0.3685301443747081, 0.4743217772055707, 0.7612725207062357, 1.4007666363046873, 1.4471261191503764, -0.5078145198405903, -0.44904274397819344, -0.25361114242055915, 0.23203104369361643, 0.0559215650693231, 0.08371049193781853, -0.03451773963305701, 0.9774811525921313, 1.1503229598588147, 2.111945334134735, 0.36841795603161265, 0.6626298070724237, 0.7587569344229907, 0.8431402191876882, 1.005886313420223, 0.7521681210329109, 0.7645923720615415, 0.8836948336640396, 1.452206365769418, 1.6347489953137753], "bean_num": 0.5, "model_info": {"det_num_x": 10, "det_num_y": 10, "det_y": 0.03, "det_x": 0.03, "size_x": 0.5, "size_y": 0.5, "med_margin": 0.0015}}