{"source": [-553.5948892580533, 417.16367091661374], "intensity": 100, "miu_detector": 0.3, "miu_medium": 1.2, "miu_air": 0.00018, "output": [0.0, 0.0, 0.0, 0.0, 0.0, 0.0, 0.0, 0.0, 0.0, 0.0, 0.0, 0.0, 0.0, 0.0, 0.0, 0.0, 0.0, 0.0, 0.0, 0.0, 0.0, 0.0, 0.0, 0.0, 0.0, 0.0, 0.0, 0.0, 0.0, 0.0, 0.0, 0.0, 0.0, 0.0, 0.0, 0.11111111111110986, 0.8888888888888902, 0.0, 0.0, 0.0], "miu_de": 0.5, "input": [1.1834371247374977, 1.1937991169224815, 1.5638468907179492, 1.2486430173874765, 1.565321628516465, 1.3338811513259585, 1.5234057049440672, 1.1071744886202433, 1.4520939407466669, 0.713759367096883, 1.3246983899018963, 0.9294068741148013, 0.6841158880729327, 0.9457074816710074, 0.8658660695406172, 0.8945611385444145, 0.613331976931759, 0.6832756362952612, 0.3184722545534183, 0.3939710345309498, 1.6970443781800888, 0.9605460333049337, 0.6154170450024897, 0.42674810105443595, -0.06604202579622843, -0.15914948276656962, -0.047950764168322335, -0.09996456724471359, 0.11104636494832726, -0.4819530923493513, 2.0550565164842816, 0.9435524568032216, 0.38751673295867894, 0.12148099771397164, -0.33154679329795045, -0.486410316496483, -0.6049285920012086, -0.5761438351630572, -0.5658933794041616, -0.7654777452544668, 1.5262951793831339, 1.2504142876506703, 0.5487866517821225, -0.07995290412949653, -0.36684854074739714, -0.7588281834987584, -0.7074514899768483, -0.7161296348069446, -0.7905033345460459, -1.2333379765912806, 1.2724565873273952, 1.0539127368799206, 0.356432066219075, -0.11204752155144718, -0.7862789855138662, -0.7808160517366475, -0.9625207228243311, -1.000636555032472, -1.2256314969369821, -1.2318553654622557, 1.7142394199152282, 0.9338911785903724, 0.21401727239078197, -0.03705085747018062, -0.8591182382757833, -0.9402075541486948, -1.038901311368398, -1.3213512927463338, -1.0962920547652002, -1.4494730706975654, 1.7855748057773027, 0.8873364141207217, 0.36047010021573156, -0.10394162739082234, -0.6962287961631659, -0.873567650240506, -1.1222574172896922, -1.328278601437039, -1.4163249340226896, -1.4494733359167413, 1.3005605352962375, 0.7036676180370156, 0.7321293624110273, -0.14517669110545098, -0.7160729268770539, -0.9914729657515456, -0.9617114368771477, -1.2845382477160077, -1.4593467848884627, -1.6179512696191891, 1.148360992325086, 0.38767992006491636, -0.33912880174374144, -0.4382459921197273, -0.7046021357595225, -0.9855813429017471, -1.2599748948299125, -1.3849286077976042, -1.4606025561552374, -1.613302176637522], "bean_num": 0.5, "model_info": {"det_num_x": 10, "det_num_y": 10, "det_y": 0.03, "det_x": 0.03, "size_x": 0.5, "size_y": 0.5, "med_margin": 0.0015}}