{"source": [-73.45993541901592, -698.9245983601725], "intensity": 100, "miu_detector": 0.3, "miu_medium": 1.2, "miu_air": 0.00018, "output": [0.0, 0.0, 0.0, 0.0, 0.0, 0.0, 0.0, 0.0, 0.0, 0.6666666666666662, 0.3333333333333338, 0.0, 0.0, 0.0, 0.0, 0.0, 0.0, 0.0, 0.0, 0.0, 0.0, 0.0, 0.0, 0.0, 0.0, 0.0, 0.0, 0.0, 0.0, 0.0, 0.0, 0.0, 0.0, 0.0, 0.0, 0.0, 0.0, 0.0, 0.0, 0.0], "miu_de": 0.5, "input": [1.154366122255121, 0.7857974274593125, 1.2848273564341106, 1.3118613165881248, 1.5085557886833456, 1.3295993300890525, 1.3671687181140981, 1.6661201532361267, 1.6019731489128388, 1.1232086496927192, 1.2417645619209188, 0.780093923440831, 1.1546555565040393, 0.7447854790633538, 0.93981468634864, 0.5961981704587278, 0.3940148932685454, 0.5103391455014658, 0.3502224413650064, 0.3191811854316773, 1.3993919021858314, 1.2316280434096127, 0.7810064545390136, -0.2678204380537421, 0.04703553575980786, 0.11011313638016187, 0.14511239065014575, 0.21992164925713287, -0.15834206993930547, -0.6684594239278965, 1.6374172366708082, 1.2075351840690594, 0.3795341568520826, -0.1852322773700822, -0.3121581768769736, -0.32102358131799635, -0.6366742409147053, -0.5839666590850179, -0.5436574770208064, -0.7775478539348467, 1.4608234968295664, 1.2091807226109998, 0.42451678235880896, 0.0065883825172858785, -0.412406718085858, -0.4814636578677428, -0.91617760088444, -0.8526793870071819, -0.8803255897800895, -1.0344326969028432, 1.2510761004614264, 1.072768822403721, 0.23177867040196234, 0.004441563206744503, -0.5881103986663461, -0.7755007810997346, -0.7815586276263542, -1.196581330990165, -1.0293568119522898, -1.2734436754555492, 1.6913758533613874, 0.9878417801029619, 0.5753445966035033, -0.10537576619269068, -0.4006951837355828, -0.8334368901675963, -1.1467603477466257, -1.3290040878039975, -1.3745507838850826, -1.4471581824742632, 1.56179233015495, 1.0601349545757723, 0.2705109988322816, -0.362039868058398, -0.5283908002386364, -0.9425340543698091, -1.0300596663344663, -1.1235866659311415, -1.4132882247525926, -1.6090429731062355, 1.6936499861572698, 1.3754053100544934, 0.1444139168012283, -0.48214041433940774, -0.9093552724655678, -0.9751091560472408, -1.0303309042103832, -1.4054347020900497, -1.391477763060295, -1.462863023794221, 1.3346953833131685, 0.4023089697971158, -0.23987223851075198, -0.6056896507998452, -0.8878647383140696, -0.9735673039932765, -1.1020281056224046, -1.3188075184968884, -1.4277973048350605, -1.5467112989497922], "bean_num": 0.5, "model_info": {"det_num_x": 10, "det_num_y": 10, "det_y": 0.03, "det_x": 0.03, "size_x": 0.5, "size_y": 0.5, "med_margin": 0.0015}}