{"source": [434.7952198182136, -576.9927449250687], "intensity": 100, "miu_detector": 0.3, "miu_medium": 1.2, "miu_air": 0.00018, "output": [0.0, 0.0, 0.0, 0.0, 0.0, 0.0, 0.0, 0.0, 0.0, 0.0, 0.0, 0.0, 0.0, 0.0, 0.8888888888888915, 0.11111111111110844, 0.0, 0.0, 0.0, 0.0, 0.0, 0.0, 0.0, 0.0, 0.0, 0.0, 0.0, 0.0, 0.0, 0.0, 0.0, 0.0, 0.0, 0.0, 0.0, 0.0, 0.0, 0.0, 0.0, 0.0], "miu_de": 0.5, "input": [-1.4566157026294213, -1.520327036276796, -1.4848890286942276, -1.528147869446593, -1.4741392308596828, -1.1220808432687095, -0.711438494619327, -0.6812334369851843, -0.1383060026005136, 0.5401166249798861, -1.4560775837965998, -1.2414160152964433, -1.4023443047418074, -1.2936530590094162, -1.1769039205304141, -1.2798451186282174, -0.7980316560865088, -0.3632679205612275, 0.6728294319546335, 1.1919370038625987, -1.3626948738782865, -1.082039799194003, -1.1672092195588233, -1.2543606581350761, -1.0558628921183193, -1.0740177309492505, -0.49516082326790145, 0.0865993208862525, 0.3690034583646483, 1.4765187622556293, -1.3655754274314227, -1.1013389894901044, -0.9797704439557979, -1.1083998437286093, -1.0235811193634172, -0.9463401437556502, -0.6416724567600429, -0.19906812033629717, 0.7848846684197258, 1.048607423418293, -1.05800071250804, -0.8723688748125435, -0.7534719528223549, -0.6267961674484446, -0.8494851405811992, -0.6415255689506304, -0.6696727636253745, -0.0589453888020803, 0.7371547733342614, 1.142314344208002, -0.5989472214883894, -0.49213633626047165, -0.6920213704077597, -0.445862383888661, -0.20772497962150616, -0.3067064383501886, -0.13261047095952608, -0.051542787860506985, 0.4768689048047123, 1.331295726569415, -0.4072586243348034, 0.11366396942268973, -0.1881994604089669, -0.37037381039101636, 0.017991025032959698, 0.06590316106150124, -0.2634736032968135, 0.039171094437104176, 0.6867777909034612, 0.9890155118638722, 0.057014670961395814, 0.3379617168436244, 0.7963698898591977, 0.40235039937122796, 0.7042191648490845, 0.7222793327891666, 0.38831006114037486, 0.6189615082821557, 0.7648426712524798, 1.3921399681041287, 0.3384120115872839, 0.6815473912546147, 1.0155716641546406, 1.0092540909846046, 1.0943957199271004, 1.5299292875610675, 1.299460460695922, 0.9276508811799715, 0.8953450925678109, 1.12773556222153, 1.461585637834423, 1.1695346224437477, 1.9904223217773476, 1.4769162965101115, 1.7389461418742571, 1.8606593327929108, 1.7568812321844387, 1.556233534606751, 1.0207976085628492, 1.7665525528195185], "bean_num": 0.5, "model_info": {"det_num_x": 10, "det_num_y": 10, "det_y": 0.03, "det_x": 0.03, "size_x": 0.5, "size_y": 0.5, "med_margin": 0.0015}}