{"source": [224.16815774944783, 689.9186486643807], "intensity": 100, "miu_detector": 0.3, "miu_medium": 1.2, "miu_air": 0.00018, "output": [0.0, 0.0, 0.0, 0.0, 0.0, 0.0, 0.0, 0.0, 0.0, 0.0, 0.0, 0.0, 0.0, 0.0, 0.0, 0.0, 0.0, 0.0, 0.0, 0.0, 0.0, 0.0, 0.0, 0.0, 0.0, 0.0, 0.0, 0.0, 1.0, 0.0, 0.0, 0.0, 0.0, 0.0, 0.0, 0.0, 0.0, 0.0, 0.0, 0.0], "miu_de": 0.5, "input": [0.963418601074982, 0.5363091642372414, -0.19669538886862808, -0.29684289774745415, -0.9062305842373536, -1.205936006887255, -1.283521619394644, -1.3902863736763018, -1.522124412865439, -1.6032100272968928, 1.2146709362990726, 1.003064533447596, 0.2632378061555011, -0.1649227205977422, -0.7236440697900282, -1.239146285604976, -1.0858155955040418, -1.5244292284176897, -1.4187270272313763, -1.4738552092162593, 1.4706871423313994, 1.5692202062085334, 0.14856873786921163, -0.291502753658275, -0.5442172338675826, -0.8365229153144534, -1.3063395978832637, -1.2303293070436723, -1.2698086934654231, -1.392770015139135, 1.9979330726009514, 1.3178657412895403, 0.4109313602303024, -0.23318999986953384, -0.7898321816343914, -0.9223703633025363, -0.7683141684502559, -1.0360399088213665, -1.247229392246929, -1.456424304910169, 1.6197846407833647, 0.9737955118993716, 0.7114523997542999, -0.3361293649570528, -0.287531336120767, -0.8085171951346798, -0.9118278633991556, -0.914450338755244, -1.0916988233384013, -1.2271404808813038, 1.2570397670319313, 1.10005929520235, 0.38938162609070803, -0.08241217464933005, -0.7380273400573643, -0.5730592455806556, -0.7383104376511198, -0.7085500312694655, -0.9171920524029651, -1.267147568013364, 1.1713370253808004, 0.8331529676106461, 0.36339911836726885, 0.11980195292871165, -0.09011517786245034, -0.5657437572047708, -0.3828058169920125, -0.6824480403309819, -0.7861895441475472, -0.8992618777362822, 1.3913146564184906, 1.6780960085587606, 0.594888242794533, 0.12661453916843746, 0.034894484807173505, 0.03116538435347707, 0.4259127694999221, -0.1064152331876951, 0.08289885104135035, -0.5155731528287473, 1.1867368677197643, 1.2290430111434718, 0.7721599143510974, 0.810438503129203, 0.8110577102521986, -0.04081175642929005, 0.6307390473509927, 0.8542920855711442, 0.9467026915094071, 0.22185175483501843, 1.0110352356856716, 1.2766292935942352, 1.3409334905558805, 1.3448800304936699, 1.7020220745771506, 1.2246884435935157, 1.3943415039212357, 1.243338492211906, 1.1768529984368417, 1.05299719950537], "bean_num": 0.5, "model_info": {"det_num_x": 10, "det_num_y": 10, "det_y": 0.03, "det_x": 0.03, "size_x": 0.5, "size_y": 0.5, "med_margin": 0.0015}}