{"source": [700.2303686229221, 200.78782717081205], "intensity": 100, "miu_detector": 0.3, "miu_medium": 1.2, "miu_air": 0.00018, "output": [0.0, 0.0, 0.0, 0.0, 0.0, 0.0, 0.0, 0.0, 0.0, 0.0, 0.0, 0.0, 0.0, 0.0, 0.0, 0.0, 0.0, 0.0, 0.0, 0.0, 0.0, 0.22222222222222254, 0.7777777777777775, 0.0, 0.0, 0.0, 0.0, 0.0, 0.0, 0.0, 0.0, 0.0, 0.0, 0.0, 0.0, 0.0, 0.0, 0.0, 0.0, 0.0], "miu_de": 0.5, "input": [0.424638416673256, -0.42894879583878476, -1.0238368627780088, -1.3562738117450661, -1.2482840085758342, -1.4326920747153675, -1.4939393649602781, -1.3847166279200562, -1.3908483259146747, -1.4845445247608744, 0.39215833605020756, -0.18712271084418325, -0.6773705811458766, -1.0142095064893026, -1.0605273690922428, -1.2534400554305791, -1.2416121062625713, -1.3471690225801733, -1.1910841639531313, -1.5032192786259935, 0.6148616266833221, 0.07693141078018927, -0.6896510161866335, -0.9442425908458525, -0.9339751358525619, -1.1015437093420575, -1.0698269341024824, -1.1359440809109227, -1.1325172211614611, -1.0686148020513708, 0.5842270428346862, -0.054509515427088796, -0.4369779368245788, -0.6751215068498412, -0.9984631823986088, -1.0470562869015392, -0.8857942337217937, -0.923601533913609, -0.8447763750353268, -0.894744092777154, 0.651894389755459, -0.05388511862101763, -0.21708848404765788, -0.723656529231313, -0.6975146383069477, -0.6524714098471622, -0.727055211736085, -0.4171413502442661, -0.558813624901081, -0.813625970024892, 1.369394212270535, 0.11448272407726197, -0.0448539771236685, -0.268542416747491, -0.020241218341894796, 0.025920159072889616, -0.30890012588016275, -0.3900755574071281, -0.18878070944923703, -0.3456438487003821, 0.6996400783065679, -0.19349632683629148, 0.013120831126238242, 0.46753706965746816, 0.24291546266404346, 0.48426770401043323, 0.3100940136208862, -0.16189431187754563, 0.26895927316958806, -0.2282194400838345, 0.7739984255248485, 0.4922149573718133, 0.844328479951083, 0.658763188843738, 0.722134929279017, 0.8841223933692052, 0.7268533854047718, 0.33901995098427085, 0.4596653400119608, 0.18185168471467794, 0.9044246479897002, 1.176551908847182, 1.0695554090560957, 1.1346245402504793, 1.549000914305089, 1.481888316347807, 1.050966490594386, 1.7203857255352837, 1.3268158589528434, 0.6265837938340153, 1.5379267287428011, 1.7646814843252223, 1.6849627707970993, 1.842623904796829, 1.9508058641102701, 1.7710256744143953, 1.57899201692787, 1.8882367099449773, 2.107573076275187, 1.57747829308803], "bean_num": 0.5, "model_info": {"det_num_x": 10, "det_num_y": 10, "det_y": 0.03, "det_x": 0.03, "size_x": 0.5, "size_y": 0.5, "med_margin": 0.0015}}