{"source": [473.8895147304647, -585.2048142524261], "intensity": 100, "miu_detector": 0.3, "miu_medium": 1.2, "miu_air": 0.00018, "output": [0.0, 0.0, 0.0, 0.0, 0.0, 0.0, 0.0, 0.0, 0.0, 0.0, 0.0, 0.0, 0.0, 0.0, 0.6666666666666662, 0.3333333333333338, 0.0, 0.0, 0.0, 0.0, 0.0, 0.0, 0.0, 0.0, 0.0, 0.0, 0.0, 0.0, 0.0, 0.0, 0.0, 0.0, 0.0, 0.0, 0.0, 0.0, 0.0, 0.0, 0.0, 0.0], "miu_de": 0.5, "input": [0.6356521061782545, 0.7727918491574819, 0.847265871181469, 0.9831631666343947, 0.955491851828764, 1.1699790720340915, 1.394745502286333, 0.8476770329632943, 0.9862807975872233, 1.2877638001776395, -0.1592613854388683, 0.26928378155805294, 0.18320376776296823, 0.19634605721091478, 0.4083401802418839, 0.15876172626584054, 0.41201125794473464, 0.9491886696063335, 1.6766101388436987, 1.4222522874640953, -0.7572286418937908, -0.580206360123161, -0.5209751033279043, -0.2694371406157532, -0.09314808299194786, -0.18749581612047764, 0.5000342768586978, 0.5767609560669843, 0.7710994582474193, 1.1647497864340302, -1.0917260865961478, -0.9827415899606731, -0.595271033225021, -0.8009175699961502, -0.34623625977064526, -0.3321590758101148, -0.26474282231824287, 0.503345413389456, 1.0623714371019997, 1.7194359278575353, -1.3547371022747223, -0.7275654791683713, -1.1010463728651785, -0.8925899915990878, -0.6930913059773164, -0.4470589771978275, 0.10025796155842805, 0.3381525342945368, 0.8668955107076743, 2.37447309518133, -1.3172953830888705, -1.208050257334681, -1.095573954994012, -0.9940076423038592, -0.8168847103949348, -0.2793225215355606, 0.19871914085846906, 0.8176313675111445, 1.3912397188322936, 2.32230215743978, -1.4876934738283085, -1.2009512205913369, -0.8256510101980841, -1.10478335087936, -0.7613567566450519, -0.261684375309276, -0.10921148450297907, 0.6750443322902931, 1.5772951920852585, 1.5528282584105677, -1.499895442768542, -1.2337480600244786, -1.098214398742258, -1.0438852084962629, -0.8838556905113338, -0.2216076028175051, -0.5015202040765012, 0.7994895176789165, 1.3199215206230346, 1.9380067997339345, -1.4430100192732347, -1.3402999416006256, -1.1450908024728221, -1.197042628325764, -0.8223526401544288, -0.40840106127711256, -0.019910480036897042, 0.5171820159590137, 0.9430165013096027, 1.9563927499560687, -1.578464002178757, -1.2604561632830773, -1.0665857805580743, -0.9191255697095384, -1.0060531870170806, -0.5001277813655306, -0.3546562750444675, 0.05332809871077777, 0.6328470072043954, 0.9747756253829071], "bean_num": 0.5, "model_info": {"det_num_x": 10, "det_num_y": 10, "det_y": 0.03, "det_x": 0.03, "size_x": 0.5, "size_y": 0.5, "med_margin": 0.0015}}