{"source": [93.96534137892206, 765.2862924128372], "intensity": 100, "miu_detector": 0.3, "miu_medium": 1.2, "miu_air": 0.00018, "output": [0.0, 0.0, 0.0, 0.0, 0.0, 0.0, 0.0, 0.0, 0.0, 0.0, 0.0, 0.0, 0.0, 0.0, 0.0, 0.0, 0.0, 0.0, 0.0, 0.0, 0.0, 0.0, 0.0, 0.0, 0.0, 0.0, 0.0, 0.0, 0.0, 0.7777777777777775, 0.22222222222222254, 0.0, 0.0, 0.0, 0.0, 0.0, 0.0, 0.0, 0.0, 0.0], "miu_de": 0.5, "input": [-1.338200297403354, -1.3002353881376676, -1.091682566350592, -1.2278441429493059, -1.2281079850658758, -1.1564543184716842, -1.3766131581823, -1.1092168473112436, -1.2081115031684444, -0.5767404222801652, -1.1773524279065075, -1.1177380623585864, -0.9805931991711068, -1.0254533410813969, -1.009891219139285, -0.8041920478908375, -1.1134520463195645, -0.9934612659676025, -1.0804174993591216, -0.31925350692099785, -1.0305843502494405, -1.0430829878248422, -0.9262919603094903, -0.8441746703246842, -0.8180978569953331, -0.9150395820843722, -0.9652431912692138, -0.8570631243971973, -0.98500525428028, -0.46485175391830225, -0.808530455002554, -0.8215487388094826, -0.6150667864549444, -0.6877925035137792, -0.5703630755928026, -0.7063303476949011, -0.5935434183192765, -0.887179053885117, -0.718652212941262, -0.5100313906772865, -0.753685777017944, -0.5122802439306597, -0.30577801836054, -0.28386579074789214, -0.29915316464069763, -0.3156658105996998, -0.4977537922077889, -0.5938274742774174, -0.5132648090718304, -0.38830408185674237, -0.36621979286209283, 0.15129984957702766, 0.3661361090210705, -0.27953001970758246, -0.15478438822044838, -0.042777357756848336, -0.13728182908779218, -0.06272643792009577, 0.2707893043437242, -0.15967458354068337, -0.03952106296603888, 0.205480120796434, 0.3081800669873925, 0.5203476368691033, 0.3101898105675688, 0.4653496560490207, 0.48464593817028484, 0.4480585792332927, 0.3075994829863867, 0.2708506753085603, 0.025510848082385816, 0.4835383421561367, 0.843518604209778, 0.9382750279354964, 1.0537862494195502, 0.7018130981016838, 0.6391714235650037, 0.7729042727484777, 0.6884765163870873, 0.555412956733248, 0.8532767004937732, 1.2451156485641686, 1.23366968774437, 1.5426937389838182, 1.2996309606710998, 1.191750197501512, 1.4726446307409533, 1.4337119178200242, 1.5354033650681949, 1.1304532868272328, 1.422368507575088, 1.6293339022047435, 2.016287138684421, 2.0893233334697277, 2.2487657025497327, 2.3130536261285406, 2.09344983767143, 1.9624665852487548, 1.6464432539730922, 1.538401803583594], "bean_num": 0.5, "model_info": {"det_num_x": 10, "det_num_y": 10, "det_y": 0.03, "det_x": 0.03, "size_x": 0.5, "size_y": 0.5, "med_margin": 0.0015}}