{"source": [-187.59982156820107, 752.4217874804672], "intensity": 100, "miu_detector": 0.3, "miu_medium": 1.2, "miu_air": 0.00018, "output": [0.0, 0.0, 0.0, 0.0, 0.0, 0.0, 0.0, 0.0, 0.0, 0.0, 0.0, 0.0, 0.0, 0.0, 0.0, 0.0, 0.0, 0.0, 0.0, 0.0, 0.0, 0.0, 0.0, 0.0, 0.0, 0.0, 0.0, 0.0, 0.0, 0.0, 0.0, 0.44444444444444364, 0.5555555555555564, 0.0, 0.0, 0.0, 0.0, 0.0, 0.0, 0.0], "miu_de": 0.5, "input": [-0.592077055199204, -0.2530338706395817, -0.3285314721115013, -0.25052262882730036, -0.2110206751541115, -0.2050133487859848, 0.22798410990643558, 0.43910973174606444, 0.9456928542459497, 1.368057692841018, -1.2233314782962184, -0.9596605273491372, -0.9786310532628453, -0.7736887707215954, -0.6075124387194049, -0.2694942771061147, 0.3630390614362075, 0.6008698614519685, 1.5226231095405536, 1.9828453164847986, -1.367643236694663, -0.912843093633859, -0.9457628470545247, -0.6896017493581633, -0.44611012449797566, -0.0214163224690524, -0.006538859993872822, 0.8653070543385505, 1.6024026994600826, 1.9507317912539188, -1.101842689458695, -0.9602246455675256, -0.8602509348195739, -0.7206812015007652, -0.24463632377240224, 0.1656328154834066, 0.10361167366194246, 0.8934238326007381, 1.8964644368357038, 2.393785522548057, -1.1709822865422181, -1.08215551970639, -0.7534112757627157, -0.504843097852787, -0.45128177781317586, 0.09659316456525673, 0.8106584454585869, 1.2852863190148924, 1.784189363389276, 1.6376802799850243, -1.1076483770521302, -0.9954821517511866, -0.7964914276289825, -0.4451642469093684, -0.42438660992300425, -0.0027195135681285653, 0.29041984410775323, 1.3103126261053546, 1.566636397542977, 1.4765147235141345, -1.1450893283700858, -1.0022995020524463, -0.8552026545441311, -0.7689488039221618, -0.22823405070143413, -0.14206843442195632, 0.25889518284435503, 0.48222970850023583, 1.6491995045801784, 1.4070971978548976, -1.3114567528195216, -0.9675546377823914, -0.9875311739409373, -0.5959665868987608, -0.4935330105059276, 0.17037378300358366, 0.302081765292184, 1.306734662574896, 1.2399278459990126, 1.9260410119586953, -1.3474589031317599, -1.164083908343455, -1.0131908611638771, -0.7970823368737601, -0.49584624248672515, 0.17983937287742507, 0.27533290397322646, 0.46735367564317476, 1.109678451955848, 1.517310264707553, -1.3928603481444788, -1.2869717356958703, -1.3398879357486206, -0.9734291459845373, -0.8962228679583052, -0.39400678298911485, 0.012455701534620124, 0.29144348047365876, 0.7188297265579303, 1.3688649461342668], "bean_num": 0.5, "model_info": {"det_num_x": 10, "det_num_y": 10, "det_y": 0.03, "det_x": 0.03, "size_x": 0.5, "size_y": 0.5, "med_margin": 0.0015}}