{"source": [-630.7518748172772, 492.79737368690314], "intensity": 100, "miu_detector": 0.3, "miu_medium": 1.2, "miu_air": 0.00018, "output": [0.0, 0.0, 0.0, 0.0, 0.0, 0.0, 0.0, 0.0, 0.0, 0.0, 0.0, 0.0, 0.0, 0.0, 0.0, 0.0, 0.0, 0.0, 0.0, 0.0, 0.0, 0.0, 0.0, 0.0, 0.0, 0.0, 0.0, 0.0, 0.0, 0.0, 0.0, 0.0, 0.0, 0.0, 0.0, 0.22222222222222254, 0.7777777777777775, 0.0, 0.0, 0.0], "miu_de": 0.5, "input": [1.3325466133443187, 0.8460463516503374, 0.1470685305560269, -0.1217023610697244, -0.42031639550052713, -0.7210851702267259, -0.8768844734083573, -1.0779315555608988, -1.181131977057189, -1.3204484006492847, 1.9635695225497078, 1.5294989746016965, 0.733691272618866, 0.35534327771688895, -0.09426123183625558, -0.4867853422687619, -0.7695587978182972, -1.014002116017301, -1.1396816984798361, -1.3144055854670145, 1.9609590346008015, 1.4269370803175347, 0.6731452988526371, 0.35729361222467126, -0.027243681858303875, -0.5046848393928856, -0.6924058610041793, -0.9484028159156827, -1.0918131031668854, -1.2270071588150384, 1.8648589623684007, 1.6611604504316433, 0.9226987382573933, 0.4404104857112129, -0.07982072846001251, -0.428441785303317, -0.6696147888498447, -0.8954406470477315, -1.0587231053993396, -1.209480251402196, 1.7272219910023259, 1.647867556764887, 1.0451312671792152, 0.41473372038441625, -0.047240857680025665, -0.34407860154052056, -0.7101403066512338, -0.849575250902811, -1.0768517851204702, -1.2109294780454403, 2.0016380285686997, 1.6397596917759458, 0.9689486953356412, 0.5552354034877985, 0.042196382550375645, -0.32374697121959817, -0.5919190280762759, -0.8696958426166437, -1.0437102638487232, -1.1676965842804239, 2.02098769395102, 1.250128972798401, 0.9604027359642546, 0.4913223558549175, -0.041637578969509294, -0.2683832787707566, -0.7673409852988768, -0.9029524532125378, -1.0937687262827902, -1.2262990403997203, 1.7573178661993392, 1.3952989300833392, 0.765117917213977, 0.3718619311448346, 0.043069062401866386, -0.3654333563113536, -0.5959086190692455, -0.8839971954443531, -1.0564025149639944, -1.2517217200291495, 1.9492924440242905, 1.3517726054075128, 0.6307997881912348, 0.2769768233452112, -0.01741660972825378, -0.5454201142022551, -0.7237479855672297, -0.8721535999328068, -1.077099232493484, -1.1976142715543459, 1.5183250935809751, 0.8333146753359114, 0.5403510163830427, 0.11994467744169247, 0.0553081228907398, -0.19679283302309644, -0.3050722368284093, -0.417925019494837, -0.4850117592626646, -0.6905956822665801], "bean_num": 0.5, "model_info": {"det_num_x": 10, "det_num_y": 10, "det_y": 0.03, "det_x": 0.03, "size_x": 0.5, "size_y": 0.5, "med_margin": 0.0015}}