{"source": [434.81546551034216, 695.8502032172585], "intensity": 100, "miu_detector": 0.3, "miu_medium": 1.2, "miu_air": 0.00018, "output": [0.0, 0.0, 0.0, 0.0, 0.0, 0.0, 0.0, 0.0, 0.0, 0.0, 0.0, 0.0, 0.0, 0.0, 0.0, 0.0, 0.0, 0.0, 0.0, 0.0, 0.0, 0.0, 0.0, 0.0, 0.0, 0.0, 0.5555555555555549, 0.4444444444444451, 0.0, 0.0, 0.0, 0.0, 0.0, 0.0, 0.0, 0.0, 0.0, 0.0, 0.0, 0.0], "miu_de": 0.5, "input": [-1.517111947354123, -1.519907541765428, -1.2502372215618562, -1.0263324268067595, -0.9635379538660944, -0.6584468852592695, -0.19098624521641228, 0.016002615592197945, 1.0482764275742347, 1.2148749028153518, -1.4820109809566435, -1.3252008915340812, -1.1182580528277475, -1.0581840761539274, -1.001832162053373, -0.5747696222119497, -0.20102783078146141, 0.6194895733937708, 0.9799728185017483, 1.7784446181415645, -1.5058505520998602, -1.2492263675062534, -1.0513664339238473, -1.0579320573485633, -0.586510278740088, -0.537898918057278, -0.17884207994008108, 0.7422024194458491, 1.220820484523179, 1.5576139184776532, -1.4598706511947686, -1.0221954183365352, -1.240910176833363, -1.0271159898329336, -0.6982358609897138, -0.08268411504525527, 0.012243864853333035, 0.6491852918362708, 1.0834062800495188, 2.319333641119812, -1.2850154824959261, -1.3945581779112128, -1.0569800171114152, -0.9056315058525664, -0.6443240173176877, -0.5049423275077666, 0.1718608945464725, 0.1509730609708546, 0.701415500089005, 2.1122339689181855, -1.2239847208366312, -1.0426682149423283, -1.0587108858449648, -0.8695420444616757, -0.9252457882451669, -0.15530159109152436, -0.013184970241927772, 0.6624224091080546, 1.3534342553903702, 1.1554212929162295, -1.10627980810939, -0.8882572322406412, -0.780191138776469, -0.45009186950089314, -0.5955893391117262, -0.2452594166040548, 0.1503679625518722, 0.52152411111744, 0.6428800439534601, 1.9059950510469392, -0.6363795556682575, -0.24445022302777114, -0.3601205852753236, -0.4486825993877096, -0.19694646639424906, -0.12839540001431587, 0.2026412641511516, 0.5423563857452077, 1.5466302153404843, 1.4383790740484725, 0.0757426371309032, -0.18427989408412307, 0.1206365835210291, 0.2859788912470482, 0.3398074716911381, 0.14254774078138535, 0.5967608372411123, 1.0349393458096674, 1.4048883068163256, 1.8132479139148572, 0.5998283151642476, 1.2964986570211328, 0.8017958245695939, 0.9878947023246305, 0.8740660154186534, 1.1150512217220874, 1.3241345011687258, 1.061723530996683, 1.3506076386265446, 1.204943528868904], "bean_num": 0.5, "model_info": {"det_num_x": 10, "det_num_y": 10, "det_y": 0.03, "det_x": 0.03, "size_x": 0.5, "size_y": 0.5, "med_margin": 0.0015}}