{"source": [-744.1148969478963, -412.4696226990632], "intensity": 100, "miu_detector": 0.3, "miu_medium": 1.2, "miu_air": 0.00018, "output": [0.0, 0.0, 0.0, 0.7777777777777803, 0.2222222222222197, 0.0, 0.0, 0.0, 0.0, 0.0, 0.0, 0.0, 0.0, 0.0, 0.0, 0.0, 0.0, 0.0, 0.0, 0.0, 0.0, 0.0, 0.0, 0.0, 0.0, 0.0, 0.0, 0.0, 0.0, 0.0, 0.0, 0.0, 0.0, 0.0, 0.0, 0.0, 0.0, 0.0, 0.0, 0.0], "miu_de": 0.5, "input": [1.5471117177515328, 0.5394153327559521, 0.07746032121099432, -0.43157901117237585, -0.5276700133270528, -0.9533792089522496, -1.038699969336372, -1.3594265151361955, -1.325421061458871, -1.526800664291619, 1.5992231353061044, 1.2423622882835903, 0.43567944072454784, -0.13846221455848742, -0.3679766087943417, -0.6037285956641315, -0.9406547800407418, -1.0919358293678398, -1.3127691372577988, -1.4607762379905278, 1.8576572366226132, 1.1145571391711, 1.0119083468490717, 0.1788643108003621, -0.5562867523218537, -0.8232889146238577, -1.046558975133752, -1.217831109612622, -1.191825397142039, -1.2905060391086294, 1.7552343026552675, 1.1649077200683542, 0.7210987529890533, 0.25465740533906817, -0.29280347341414587, -0.7092899406789579, -0.9640180817698082, -1.2241761477064528, -1.2956012766888787, -1.4723268937913379, 1.8971701931397427, 1.260998158271643, 0.6787014140111792, 0.10077335852100286, -0.28556885582824243, -0.3942496658167109, -0.8339053341604538, -0.9955307620705325, -1.2198798609458654, -1.4028779073944175, 1.6118637874266328, 1.0409020442541665, 0.5302964519694525, 0.04393767745608225, -0.2394784138631403, -0.6785162213931353, -0.6363097220447433, -0.9901129102519066, -1.2449847889574497, -1.27215658460032, 1.7434315252221564, 1.490671188329386, 0.6766773268004574, -0.11584330868450403, -0.34201571669495845, -0.4543527144259591, -0.7787260478804389, -0.9262951282936258, -1.032295111961374, -1.0631833814322103, 1.8829487363981006, 1.5132111083439492, 0.6625850613311018, 0.1363476269630239, -0.12325520671951563, -0.268871147343026, -0.4738235950164805, -0.634823193682451, -0.6627949207796219, -0.9763305675739771, 1.5708419338277018, 1.2569558137646835, 0.4871457735346458, 0.28754425860707494, 0.16020412541786788, 0.3107833317401361, 0.058121874879298006, 0.13074317548141304, 0.0067436658262579495, -0.24653306177210965, 1.2831504967953358, 0.8335924319255106, 1.258121311189182, 1.0592374089273402, 1.0929720408062702, 0.9211123027618452, 1.1280681202479634, 1.1335683823591147, 0.960107722996276, 0.7468396988744972], "bean_num": 0.5, "model_info": {"det_num_x": 10, "det_num_y": 10, "det_y": 0.03, "det_x": 0.03, "size_x": 0.5, "size_y": 0.5, "med_margin": 0.0015}}