{"source": [624.7608430754499, -582.598911395941], "intensity": 100, "miu_detector": 0.3, "miu_medium": 1.2, "miu_air": 0.00018, "output": [0.0, 0.0, 0.0, 0.0, 0.0, 0.0, 0.0, 0.0, 0.0, 0.0, 0.0, 0.0, 0.0, 0.0, 0.0, 0.777777777777776, 0.22222222222222396, 0.0, 0.0, 0.0, 0.0, 0.0, 0.0, 0.0, 0.0, 0.0, 0.0, 0.0, 0.0, 0.0, 0.0, 0.0, 0.0, 0.0, 0.0, 0.0, 0.0, 0.0, 0.0, 0.0], "miu_de": 0.5, "input": [1.3394342068507141, 1.5919603214259834, 1.8963875112941238, 1.923442341262803, 1.6093121790813294, 1.9458286140168073, 1.744914176035108, 1.7673598437675733, 1.7304045852873093, 1.1826169670907252, 1.4278353553314171, 1.1114452969460913, 1.3602697708752522, 1.3268700106252052, 1.4637421149731962, 1.4211559091442805, 1.443128475486345, 1.5284161326634456, 1.1325085421781802, 0.7987664800035282, 1.1672414029250247, 0.44405974297741796, 0.7244224009652219, 0.7345106865643765, 0.7332506519644618, 0.8138450955511125, 0.7487149809792465, 0.6133125324544615, 0.556918071697445, 0.2270225695535403, 0.8031933117659736, 0.3599797561544772, 0.1510601475819106, 0.1687154992371378, 0.2869205708130434, 0.20280332641160864, 0.24183895752322992, 0.08840447413985655, -0.09612848880986377, -0.38145016312377894, 0.8742212641888709, 0.013853959323344402, -0.2911320432267103, -0.09189362102290122, -0.2124542349433308, -0.2116558654154552, -0.4613730400019825, -0.21258418019787406, -0.3533259709715256, -0.6745147759497587, 0.6153834518205796, -0.018488041300266, -0.42881397511790015, -0.4822137011009154, -0.4750403384080777, -0.5482784523349461, -0.6146274255061595, -0.6060225651039975, -0.7682703750925999, -1.0251272857779097, 0.6239875118851029, 0.2352642078692807, -0.6882372052634589, -0.7896390176599429, -0.6067966497957166, -0.8358106380026274, -1.002476130482141, -0.9153137283047045, -0.9110846721380531, -1.108907686766737, 0.81415294562405, -0.16282440418021962, -0.7874110035351604, -0.9885888590382426, -0.9282161395944182, -1.196565178393596, -1.0927398402220139, -1.2434990905203842, -1.0326731574427648, -1.2772966330258333, 0.9278591094821002, -0.08143883370343327, -0.7478383177226687, -1.0730533954093748, -1.2686662732791167, -1.2687560644626417, -1.0932184153895284, -1.1568689415527516, -1.224430213805743, -1.3695238648060566, 0.5665963699531046, -0.26476798745383817, -1.0823295804025295, -1.240439627659181, -1.2664287249259163, -1.4069609534603678, -1.3177124079912867, -1.3778604661168894, -1.299758256963091, -1.4218049308690306], "bean_num": 0.5, "model_info": {"det_num_x": 10, "det_num_y": 10, "det_y": 0.03, "det_x": 0.03, "size_x": 0.5, "size_y": 0.5, "med_margin": 0.0015}}