{"source": [134.09161437138448, -846.6211333425517], "intensity": 100, "miu_detector": 0.3, "miu_medium": 1.2, "miu_air": 0.00018, "output": [0.0, 0.0, 0.0, 0.0, 0.0, 0.0, 0.0, 0.0, 0.0, 0.0, 1.4135798584282298e-15, 0.9999999999999986, 0.0, 0.0, 0.0, 0.0, 0.0, 0.0, 0.0, 0.0, 0.0, 0.0, 0.0, 0.0, 0.0, 0.0, 0.0, 0.0, 0.0, 0.0, 0.0, 0.0, 0.0, 0.0, 0.0, 0.0, 0.0, 0.0, 0.0, 0.0], "miu_de": 0.5, "input": [0.27516460538287174, 0.9075803660601118, 0.6838934615668177, 0.878924812048204, 1.0695718196855974, 0.8460376597544561, 0.7429290478761255, 0.5894225457011422, 1.5725378588788133, 1.3268958670726854, -0.44322497928946164, -0.40150134560210826, -0.03680302784150361, -0.24965195732252424, -0.3891507504227785, -0.1359713621556041, 0.33677435879505374, 0.3590761780488464, 1.0535066413819103, 1.8784315282840593, -1.0547298004436265, -0.8847003619225567, -0.8394266746835497, -0.7711302323017798, -0.14653854193430596, -0.34501977705272074, 0.26815657568274137, 0.6594962598268022, 1.52011318070544, 1.8759331818255582, -1.391524907418415, -1.1637339073590054, -0.8335260127484118, -0.8031257779415332, -0.5952179586323966, -0.2639163994693424, 0.29206095941139115, 0.4983571077348863, 1.1966631062467328, 1.7412814137295014, -1.2896815282437264, -1.020428372970052, -1.0282415482957263, -0.875692407485255, -0.40305493339920706, 0.13186091943057746, 0.23125104367225927, 0.8778554984754746, 1.1628919952689027, 1.8288884241534948, -1.2866361212093513, -1.2442085293269376, -0.8645573991432396, -0.7738099696933605, -0.5659879165814062, -0.3043978411176714, 0.19304947703046643, 0.5421604072347844, 1.4226347051066228, 1.940196991003796, -1.3950837072914128, -1.119263258692574, -1.0769773494408756, -1.1480906673414708, -0.6214632593113373, -0.6150033637398102, 0.15843650999165984, 0.7705445084383771, 1.319019621332056, 1.9600186186187605, -1.3112468894321274, -1.2506124295909484, -1.000168207318843, -0.6879020364750081, -0.36941863982211626, -0.25920448364206883, 0.47305705109440616, 0.3862651380650893, 1.208782122647656, 1.821296108004283, -1.3767154445792513, -1.3563459848451722, -1.1865945173995907, -0.8384470183243415, -0.45634688998016626, -0.17867726099508763, 0.20241223755827828, 0.6422295655979536, 1.4149377693393708, 1.7812648060799854, -1.455720449254553, -1.4819200216109565, -1.1873719619037468, -1.090915252162925, -0.7410309479086363, -0.4572654227130548, -0.13855483165624893, 0.2090442861029134, 0.5060760571380465, 1.4489482403549234], "bean_num": 0.5, "model_info": {"det_num_x": 10, "det_num_y": 10, "det_y": 0.03, "det_x": 0.03, "size_x": 0.5, "size_y": 0.5, "med_margin": 0.0015}}