{"source": [193.8078471850076, 839.4740143288111], "intensity": 100, "miu_detector": 0.3, "miu_medium": 1.2, "miu_air": 0.00018, "output": [0.0, 0.0, 0.0, 0.0, 0.0, 0.0, 0.0, 0.0, 0.0, 0.0, 0.0, 0.0, 0.0, 0.0, 0.0, 0.0, 0.0, 0.0, 0.0, 0.0, 0.0, 0.0, 0.0, 0.0, 0.0, 0.0, 0.0, 0.0, 0.44444444444444364, 0.5555555555555564, 0.0, 0.0, 0.0, 0.0, 0.0, 0.0, 0.0, 0.0, 0.0, 0.0], "miu_de": 0.5, "input": [-1.366857138906631, -1.3557841013265708, -1.1448407379106103, -1.0373549114319005, -0.7662090429822395, -0.6446378870733835, -0.13420001545846033, 0.22742427974918356, 0.8823263049810739, 1.5801730947152162, -1.3365316988140972, -1.1963404158658932, -1.0495483945772595, -0.9309524500633802, -0.6304308617982615, -0.24518097189923724, 0.12068527746347227, 0.6236746140416204, 1.1582869637814417, 1.8526867795404507, -1.264100462319413, -1.127468268382785, -1.0354058189919366, -0.8092707571637509, -0.5544773502648903, -0.1147915504949814, 0.15298906484411, 0.7808284037612895, 1.4090164832021048, 2.0731059909552774, -1.275788653956771, -1.0391981533732957, -0.8955765086498135, -0.7837438978109664, -0.40091333358756226, -0.14377354883002966, 0.2625261108770859, 0.804784518476724, 1.3427708338992752, 1.799667958540613, -1.2384767185042242, -1.0896070307209063, -0.9650204134370638, -0.7233077137070648, -0.48427694037020297, -0.13606474593654824, 0.34235579956138606, 0.7753007279948276, 1.549365956270858, 2.0587431045247846, -1.30953636398451, -1.0567492733742794, -0.8883661141948799, -0.7944084698472089, -0.5430000122454262, -0.23483873848268785, 0.37783646402524224, 0.758274658429711, 1.4305125645413002, 1.989464728312474, -1.301243570222484, -1.045191192779006, -0.9792662782114172, -0.6976281894401193, -0.3398497829193201, -0.16667025566265897, 0.18442291599627594, 0.9941742524664998, 1.4377668764575446, 2.1230556001522225, -1.2100938891530215, -0.9645433914567976, -0.7784832314814718, -0.7719667161000832, -0.48886243485916625, -0.18620436290521925, 0.23005097750734038, 0.8484854750604189, 1.3359009971482654, 1.9199032330075954, -0.8089101193583063, -0.6914851881511159, -0.6727963378300789, -0.48060047296249864, -0.3425247224967441, -0.17253565379254882, 0.1936847204207867, 0.6909322137466882, 1.43545894085407, 1.5494186328697916, -0.007851399341741441, 0.2918667731145218, 0.24496342819072028, 0.3945725451219824, 0.4810939044384028, 0.46195073259868064, 0.5100228534439155, 0.717831451881077, 0.935032345933491, 1.5203471029631177], "bean_num": 0.5, "model_info": {"det_num_x": 10, "det_num_y": 10, "det_y": 0.03, "det_x": 0.03, "size_x": 0.5, "size_y": 0.5, "med_margin": 0.0015}}