{"source": [-255.33903700735362, 835.1763577967217], "intensity": 100, "miu_detector": 0.3, "miu_medium": 1.2, "miu_air": 0.00018, "output": [0.0, 0.0, 0.0, 0.0, 0.0, 0.0, 0.0, 0.0, 0.0, 0.0, 0.0, 0.0, 0.0, 0.0, 0.0, 0.0, 0.0, 0.0, 0.0, 0.0, 0.0, 0.0, 0.0, 0.0, 0.0, 0.0, 0.0, 0.0, 0.0, 0.0, 0.0, 0.11111111111111127, 0.8888888888888887, 0.0, 0.0, 0.0, 0.0, 0.0, 0.0, 0.0], "miu_de": 0.5, "input": [-1.3554594645271638, -1.4404528020175524, -1.219141643526314, -1.0364258403802582, -0.8829795879119884, -0.49378076688966255, -0.3709419520742134, 0.2077727645516657, 0.5882542867566565, 1.2161679242235561, -1.2426626473898468, -1.2079756027028565, -1.0950628705020893, -0.8514224220997945, -0.6553641076996751, -0.5673959139561422, -0.2313461974961216, 0.5909912458599278, 1.4632193685141879, 1.6703454917325298, -1.2558847878687278, -1.12066871951329, -1.0344283656174744, -0.8488647344030976, -0.4505912988409349, -0.285688740673697, -0.09913807059235999, 0.7890791734714543, 1.4858267364159303, 1.3543095122419206, -1.2596947998563086, -1.275387470259813, -1.1534453898888135, -0.9701048142843772, -0.5954167860749279, -0.5259452218120217, 0.06419368926629092, 0.746434913927917, 1.6811774218094275, 2.0372171385143676, -1.3941864063454454, -1.1649817922715826, -0.913423246711511, -0.8796418938250293, -0.5931065725549297, -0.4754369156288803, 0.10291786620282871, 0.2905896870467048, 1.845007826646807, 1.9077789913919625, -1.2593842449118096, -1.116886981349052, -1.1086640050652763, -0.7859726443164236, -0.24780729861690545, -0.18595165052432086, 0.23043275745494912, 1.098841856113502, 1.2339122057616856, 2.331368664163225, -1.1419093927706119, -0.9025084845359748, -0.9684315139615326, -0.7402203921771232, -0.585703668268184, -0.06387208376011187, -0.08152400178314849, 1.1155709787279673, 1.181362403033699, 2.061182305277401, -0.7868573911759791, -0.9983363751412638, -0.542274164361326, -0.6115463016013019, -0.44490517495994814, -0.20996225414534478, 0.2407826547451048, 0.6365078979152021, 1.0935010701600423, 1.6245298390551313, -0.5917812723797596, -0.30152886515175614, 0.01562841036914879, -0.06350695316907429, -0.4282742482098606, 0.1652052384604821, 0.24201164389157312, 0.6506315417305464, 0.8029262847605517, 1.7593132236844131, 0.5818722675394912, 0.46718560164506195, 1.2278163570901592, 1.0362719537133698, 0.7443390674622763, 0.538989683957156, 0.9366754235083949, 1.285002079367124, 0.8857229514488599, 0.8853888089223265], "bean_num": 0.5, "model_info": {"det_num_x": 10, "det_num_y": 10, "det_y": 0.03, "det_x": 0.03, "size_x": 0.5, "size_y": 0.5, "med_margin": 0.0015}}