{"source": [479.2580419612351, -737.992667442486], "intensity": 100, "miu_detector": 0.3, "miu_medium": 1.2, "miu_air": 0.00018, "output": [0.0, 0.0, 0.0, 0.0, 0.0, 0.0, 0.0, 0.0, 0.0, 0.0, 0.0, 0.0, 0.0, 0.33333333333333665, 0.6666666666666634, 0.0, 0.0, 0.0, 0.0, 0.0, 0.0, 0.0, 0.0, 0.0, 0.0, 0.0, 0.0, 0.0, 0.0, 0.0, 0.0, 0.0, 0.0, 0.0, 0.0, 0.0, 0.0, 0.0, 0.0, 0.0], "miu_de": 0.5, "input": [-1.5516161392833037, -1.4122374328221687, -1.3658009099334634, -1.3925249540131266, -1.3147301929063486, -1.2554094585179756, -1.0266743264581775, -0.6381732681301077, -0.09625386126256616, 0.686591672155466, -1.4235011662293484, -1.3272607005474417, -1.272224159884163, -1.250314840623018, -1.1660078536107887, -1.1071564884524376, -0.8702551396233786, -0.511126580463667, 0.2684379846505275, 0.9802682236093094, -1.2961421721166364, -1.2011308995386518, -1.1658432014763596, -1.1333336801581289, -1.0895195685501673, -1.0196647969607164, -0.7876733233972888, -0.33220885567630654, 0.14025683883789725, 1.1050393365293658, -1.1912145938804601, -1.013306530406425, -1.0221032242193773, -1.0424465212785683, -0.9532639626872935, -0.880739921074178, -0.7326219900861907, -0.33370032224172175, 0.37397879873244305, 1.163103671233921, -1.0259238359035883, -0.8293027114224035, -0.6393467323758221, -0.7776130302505393, -0.8271481703968205, -0.5912878627693391, -0.4968046641752179, -0.09330341005303236, 0.36211373747667314, 1.1261590259366265, -0.7660922263079424, -0.4836331798539906, -0.44225299297020165, -0.374621114291536, -0.415009248971645, -0.35766354489691693, -0.22563530704257606, -0.07284104698086674, 0.4880348436748395, 1.2653463407988121, -0.4451188903033714, -0.1872102637734653, -0.045594497066189045, 0.00393143590945133, 0.053669464844640156, 0.0655662194913392, 0.052246095528356545, 0.1461034761448087, 0.4882318819553452, 1.358715193536836, 0.02599177197362031, 0.16565953587588134, 0.3411818670463485, 0.5464061445772381, 0.6046702638184585, 0.5555536360387131, 0.5727412771199795, 0.500790331239364, 0.5874493157965676, 1.3673813579541536, 0.4562134265892647, 0.9200367752967493, 1.0279329058473048, 1.2768338440916727, 1.208076724465694, 1.1525140187132827, 1.1198662121267546, 1.2704667522086903, 1.3294790291246896, 1.6066250779847402, 1.242933640921658, 1.6487230780768658, 1.8877922518470815, 1.6932324884683894, 1.846200088041434, 1.6254736251978106, 1.6954843683771805, 1.9382901019158867, 1.6880858261604226, 1.2427037883728722], "bean_num": 0.5, "model_info": {"det_num_x": 10, "det_num_y": 10, "det_y": 0.03, "det_x": 0.03, "size_x": 0.5, "size_y": 0.5, "med_margin": 0.0015}}