{"source": [665.3741765827211, 599.1055995664273], "intensity": 100, "miu_detector": 0.3, "miu_medium": 1.2, "miu_air": 0.00018, "output": [0.0, 0.0, 0.0, 0.0, 0.0, 0.0, 0.0, 0.0, 0.0, 0.0, 0.0, 0.0, 0.0, 0.0, 0.0, 0.0, 0.0, 0.0, 0.0, 0.0, 0.0, 0.0, 0.0, 0.0, 0.3333333333333331, 0.6666666666666669, 0.0, 0.0, 0.0, 0.0, 0.0, 0.0, 0.0, 0.0, 0.0, 0.0, 0.0, 0.0, 0.0, 0.0], "miu_de": 0.5, "input": [-1.5336254729902434, -1.5526667302757837, -1.5728289114062306, -1.3715762652775416, -1.2987599869393547, -0.7664223942856064, -0.6337487097112546, -0.4197561411815374, 0.3176366489443267, 1.2869607101057623, -1.4846349362780746, -1.3845647011399342, -1.3283930989115023, -1.3170925719604665, -0.8829854099351693, -0.8661039863902885, -0.4007583299120664, -0.33107233370791167, 0.7576664409332722, 1.7300600535109079, -1.442658982707743, -1.3295695635184408, -1.343794152677569, -1.3127906507519924, -1.1095168395890225, -0.7122764218069352, -0.5364050630362851, -0.23109326831680235, 0.6705384429292562, 1.4741898988399962, -1.1554334343707926, -1.1488671728395397, -1.046392476156238, -0.9601240638565154, -0.8069893883528894, -0.7822926812274982, -0.32143862093718434, 0.02900551179301492, 0.8752205388405522, 1.5336018235375672, -1.3268362250720127, -1.1871259260643325, -0.9018869035228257, -0.8750120125909808, -0.7706234487108999, -0.6895309594459657, -0.37330834438851385, 0.07267241162096125, 0.9121176398729818, 1.1333281469691785, -1.0602554805662767, -0.7464059631729009, -0.6361426628078958, -0.4960006036442546, -0.7332247168062329, -0.3289855014704774, -0.41591878817567624, 0.010903325659585341, 0.6011092709097648, 1.3377328237391486, -0.7921341355560465, -0.25613155016776845, -0.3045838070140733, -0.12963190575589262, 0.08567023379572769, -0.07548466420607858, 0.03687752445416397, 0.3252065262723645, 1.1278929282887042, 1.4796781356680395, -0.06913829484965575, 0.21452356633409728, 0.3938747250655163, 0.28176038283023636, 0.4980112425822937, 0.38820709643187923, 0.0032816785833247215, 0.5412704686516496, 0.6061107527254815, 1.4146138909264667, 0.5556398765101562, 0.5838185803166096, 0.7730999372270408, 0.7783928262004993, 1.0818053077526073, 1.025625634517894, 1.2951400413501044, 0.7587375955429313, 0.6204354125296933, 1.654114589228943, 0.7126591754280904, 1.567406980980386, 1.441685974424904, 1.0825336189757404, 1.9577916937220692, 1.6083113952275363, 1.4114813316485748, 1.736862161544744, 1.4664946614107548, 1.3012350190817201], "bean_num": 0.5, "model_info": {"det_num_x": 10, "det_num_y": 10, "det_y": 0.03, "det_x": 0.03, "size_x": 0.5, "size_y": 0.5, "med_margin": 0.0015}}