{"source": [-453.0712799457937, 784.7424763163773], "intensity": 100, "miu_detector": 0.3, "miu_medium": 1.2, "miu_air": 0.00018, "output": [0.0, 0.0, 0.0, 0.0, 0.0, 0.0, 0.0, 0.0, 0.0, 0.0, 0.0, 0.0, 0.0, 0.0, 0.0, 0.0, 0.0, 0.0, 0.0, 0.0, 0.0, 0.0, 0.0, 0.0, 0.0, 0.0, 0.0, 0.0, 0.0, 0.0, 0.0, 0.0, 0.0, 0.6666666666666676, 0.33333333333333237, 0.0, 0.0, 0.0, 0.0, 0.0], "miu_de": 0.5, "input": [1.4791839337232686, 2.1961826883659885, 1.7723134014995208, 1.8236319431786407, 1.6719380607196754, 1.5727162125193472, 1.6276399975063263, 1.5842172668245011, 1.56159630626747, 1.3378649802070635, 0.7375959577971157, 1.1809624882869068, 1.2839475512654168, 1.3982536353944102, 1.412349239793835, 1.3292166584192704, 1.5085108641279612, 1.0415766656165844, 1.2630936673275912, 1.1585198412106203, 0.13421824211179348, 0.4463516531828068, 0.59494775733897, 0.5338981813342885, 0.7223282296571455, 1.0196492574951226, 0.8131461885582181, 0.7079432667899039, 0.5539762755296177, 1.1485722887060976, -0.31481381382501356, 0.09844172845227045, 0.296236208646842, 0.26708695086647866, 0.032237479539836064, 0.3086631749831065, -0.0005588952469742764, 0.3882506946101079, 0.0761890745513897, 0.43623211313002846, -0.7412029974460387, -0.510714151619559, -0.13442876703741846, -0.4941731812718123, -0.7029367682959247, -0.11196607978306893, -0.1784562968361848, -0.237007245321976, -0.13773310122835467, 1.216662404111335, -0.6932298031029767, -0.8388151435538543, -0.8166523910616377, -0.4671952005855966, -0.5982846870502025, -0.5068153596309583, -0.5686799719340135, -0.11978603067155133, 0.08074022153215515, 1.2382240132919273, -1.0080842032547417, -0.8754443083672965, -1.1670908738352368, -0.7790429946226463, -0.8880998823233723, -0.9690764763402944, -0.7723127216931281, -0.8370908168194243, 0.30376708462382684, 0.7240449661255303, -1.1142312085431496, -1.1913427933185878, -1.096856046224265, -1.0635798571176256, -1.0915986240472335, -0.9474017726712992, -0.8237717946886246, -0.5206089646165284, -0.3520457386331033, 0.8903407958346209, -1.4149099236528189, -1.270998715535253, -1.3617304226708151, -1.2372043106171644, -1.3366260267297476, -1.2499450578862952, -0.9978065301995906, -0.6471339811043388, 0.11650533342674073, 0.9530398044935267, -1.541253522622199, -1.3914269852121317, -1.153449084640893, -1.4443763180564217, -1.384594512514867, -1.2900707387261177, -0.9581135470642487, -0.9287830194587139, -0.3660334877768054, 0.6025803981128833], "bean_num": 0.5, "model_info": {"det_num_x": 10, "det_num_y": 10, "det_y": 0.03, "det_x": 0.03, "size_x": 0.5, "size_y": 0.5, "med_margin": 0.0015}}