{"source": [-31.67873478768211, -907.160273062357], "intensity": 100, "miu_detector": 0.3, "miu_medium": 1.2, "miu_air": 0.00018, "output": [0.0, 0.0, 0.0, 0.0, 0.0, 0.0, 0.0, 0.0, 0.0, 0.2222222222222268, 0.7777777777777732, 0.0, 0.0, 0.0, 0.0, 0.0, 0.0, 0.0, 0.0, 0.0, 0.0, 0.0, 0.0, 0.0, 0.0, 0.0, 0.0, 0.0, 0.0, 0.0, 0.0, 0.0, 0.0, 0.0, 0.0, 0.0, 0.0, 0.0, 0.0, 0.0], "miu_de": 0.5, "input": [1.236544804839702, 1.5038441096443707, 1.456041818682708, 1.8617271162458826, 1.4390980970128582, 2.3480974526624894, 2.1729604441421078, 1.8885117084052725, 1.8103070598005901, 1.411065536322796, 0.9418114671481063, 1.2455873636081827, 1.687997598405431, 1.6527741509980887, 2.1068654648333105, 1.6301161692344381, 1.320914973093091, 1.3221719739382198, 1.101687347440908, 1.0392916497844007, -0.016902852384623197, 0.7846671260208204, 1.010810597453716, 1.3056938741701785, 0.6845885823020402, 1.059602025087944, 0.7887075886665206, 0.8999318929199307, 0.40024400289912776, 1.0209966991737924, -0.23969052070810432, 0.12534214262792107, 0.15398436487898756, 0.4811227549903368, 0.5201992952296602, 0.6344755076927036, 0.336188228028044, 0.21209711040726215, 0.2383712277276734, 0.07338110952080996, -0.37049516386752174, -0.19346075858536937, -0.15983439232313948, 0.14728684463919914, -0.03731921952286992, -0.11048627759142801, 0.4558284647040515, -0.14663905286699866, 0.0036796106329682627, -0.11183265342427484, -0.6745795791819829, -0.4575559429446642, -0.13537747537440578, -0.4209168347319425, -0.5090736702457282, -0.4466651448809672, -0.3105180499262413, -0.14914619649313993, -0.3265700550755186, -0.22468336123747537, -0.9818196366805996, -0.49292333855206627, -0.7293162431629212, -0.45677025131918625, -0.46842812780925963, -0.791735624793764, -0.3717340680005712, -0.36584826468574566, -0.6812204589108827, -0.5690483239535675, -1.2547461427243196, -0.9849873967986723, -0.9134672129278767, -1.0073285901631603, -0.8601743656330036, -0.9989078117608359, -0.9242600232886851, -0.9948615354342181, -0.8966102455178839, -0.7022790418930543, -1.2189748303128216, -0.9873858720762604, -0.9198953590953484, -1.0506771597321656, -1.1300413843029615, -1.120802846970747, -1.1208011185971545, -0.9924465504719155, -1.0579533978133844, -0.7615274365808096, -1.1377817009751052, -1.2290276815750112, -1.3264159286978696, -1.2054738650084214, -1.166070355349809, -1.170647827234874, -1.2805543065549794, -1.1399573237232297, -1.0019462294983723, -1.0080202760687147], "bean_num": 0.5, "model_info": {"det_num_x": 10, "det_num_y": 10, "det_y": 0.03, "det_x": 0.03, "size_x": 0.5, "size_y": 0.5, "med_margin": 0.0015}}