{"source": [-596.6605736380997, -686.3794737476339], "intensity": 100, "miu_detector": 0.3, "miu_medium": 1.2, "miu_air": 0.00018, "output": [0.0, 0.0, 0.0, 0.0, 0.0, 0.5555555555555578, 0.44444444444444225, 0.0, 0.0, 0.0, 0.0, 0.0, 0.0, 0.0, 0.0, 0.0, 0.0, 0.0, 0.0, 0.0, 0.0, 0.0, 0.0, 0.0, 0.0, 0.0, 0.0, 0.0, 0.0, 0.0, 0.0, 0.0, 0.0, 0.0, 0.0, 0.0, 0.0, 0.0, 0.0, 0.0], "miu_de": 0.5, "input": [1.1907978367361085, 1.417184868130289, 1.0304124863271222, 1.4312925350098706, 1.3513422845256158, 1.4046884710331617, 1.4402593762405234, 1.9125619047544664, 1.4938830966646361, 1.7099371639806555, 0.35454052703142747, 0.9916268544201216, 0.6664947869688534, 0.7934164155577434, 1.053127151481034, 1.054596348986518, 1.0895733277922364, 0.9827388012864462, 0.9421545533208987, 1.5400332105584376, -0.33464585455679136, 0.0447946153784819, 0.2185837233457977, 0.27978336632919754, 0.2326884782686091, 0.4852798931410394, 0.3346106708647957, 0.13873191022085782, 0.5601119205829937, 1.3207159046126369, -0.5656796453521001, -0.4934333287633845, -0.3266798084118811, -0.4127191158068778, -0.2037472169615537, -0.37265445410814874, -0.09398918008878322, 0.26936439286775793, 0.9599359824241718, 1.4491020595527482, -0.9232803817698303, -0.6580997831450429, -0.7031488711368783, -0.7106746607153728, -0.6888028942157955, -0.5333655199908547, -0.27151098476132335, 1.444210814110013e-05, 0.9180638711683656, 1.5069382349534737, -1.0976777297342513, -1.1040531211940101, -1.0409985910407333, -0.972771809336233, -0.8861970972663129, -0.7907113045984809, -0.3766890102860528, 0.20590247222252006, 1.1187279955785547, 1.4169272772699741, -1.2943823306679925, -1.279031837372865, -1.131278557290437, -1.015365876325159, -1.017576798318077, -0.6446321718379923, -0.37186735410017996, 0.024399911205645938, 0.9588295546048748, 1.4439520416464264, -1.3785719591954253, -1.4060039150632246, -1.3880147938988885, -1.203486773350848, -0.9822094943036738, -0.7879392072502097, -0.2533452170062303, -0.051076815422751734, 0.8679937740923888, 1.502436960805616, -1.4984125077009995, -1.398854594218711, -1.3222525475603932, -1.2730994384281653, -0.9816034694092132, -0.7190347473599203, -0.3281062440467055, 0.27387983303112795, 0.9038636449943558, 1.296642052590026, -1.5220456898704495, -1.4577702374630879, -1.3339849875694172, -1.3342160482023846, -1.1467631597937769, -1.0372610751527265, -0.8397630369015858, -0.22392355460816188, 0.42261412619975325, 1.1778536920638394], "bean_num": 0.5, "model_info": {"det_num_x": 10, "det_num_y": 10, "det_y": 0.03, "det_x": 0.03, "size_x": 0.5, "size_y": 0.5, "med_margin": 0.0015}}