{"source": [-813.8744851327638, -451.13799385555285], "intensity": 100, "miu_detector": 0.3, "miu_medium": 1.2, "miu_air": 0.00018, "output": [0.0, 0.0, 0.0, 0.7777777777777803, 0.2222222222222197, 0.0, 0.0, 0.0, 0.0, 0.0, 0.0, 0.0, 0.0, 0.0, 0.0, 0.0, 0.0, 0.0, 0.0, 0.0, 0.0, 0.0, 0.0, 0.0, 0.0, 0.0, 0.0, 0.0, 0.0, 0.0, 0.0, 0.0, 0.0, 0.0, 0.0, 0.0, 0.0, 0.0, 0.0, 0.0], "miu_de": 0.5, "input": [1.0976283098618682, 1.2849249730884165, 1.2597244618659862, 1.6326479218247676, 1.8408526507403389, 1.2594201016841793, 1.6386867657028883, 1.4199190389368543, 2.1488342637989293, 0.9346433725931625, 1.7101657603688676, 0.962103772012116, 1.1820333540476244, 1.4708103886707131, 1.3190969346334114, 1.186324891034853, 1.4295322110203454, 0.9053263717266385, 1.6278538976652164, 0.9737398070090275, 1.3818575672834899, 0.5440569802547194, 0.6254591831433247, 0.1644520797384845, 0.4849511616730084, 0.9748879421332322, 0.866755656964899, 0.8099464579096487, 0.7323852516161571, 0.2450945719932857, 1.2753852648502055, 0.2302415177274565, 0.22846855651141676, 0.3926240847004438, 0.038025478061025596, 0.13402329235412785, 0.35288814162787424, -0.1477125880814558, -0.032140659535813465, -0.521326858983013, 1.1617028391050106, 0.2518970969128695, -0.4896481069383515, -0.27863661503318077, -0.18925191507554748, -0.6071623972651987, -0.21726021702183868, -0.17276218477708985, -0.36613824340215645, -0.6085877079911051, 0.8674805623698219, 0.2990959863113342, -0.19323531286246834, -0.8037241123370845, -0.7553549366491299, -0.7100496890365607, -0.918100772511824, -0.7579522716592468, -0.8639287668959906, -0.8863753986190337, 1.0339241290047598, 0.162562554652334, -0.44983759633091724, -0.5112248243923445, -0.6974071487874246, -0.8508282765048137, -0.9482924243863713, -0.8560418580713222, -0.9913678372491486, -1.2773196557705673, 1.1985416252586385, 0.37572655496897145, -0.07125262855005177, -0.9700590521195618, -0.8775808414580825, -1.1147526919573472, -1.1072638949858522, -0.9216892478989883, -1.2445280500804032, -1.2805582278915448, 1.1583197707216573, 0.2175917942307814, -0.369608152578381, -0.9443695951717189, -1.1733550856727362, -1.3237775450274376, -1.2634010023069662, -1.2966550203343925, -1.3388648299896604, -1.5697370713049392, 0.32486150627265176, -0.5248042171611629, -0.6573427692077223, -0.9607649769509498, -1.301933663612746, -1.448584895844149, -1.4186619100181919, -1.5408724265988798, -1.4710390530692128, -1.5243516306777616], "bean_num": 0.5, "model_info": {"det_num_x": 10, "det_num_y": 10, "det_y": 0.03, "det_x": 0.03, "size_x": 0.5, "size_y": 0.5, "med_margin": 0.0015}}