{"source": [81.90308726063816, -936.1565711467235], "intensity": 100, "miu_detector": 0.3, "miu_medium": 1.2, "miu_air": 0.00018, "output": [0.0, 0.0, 0.0, 0.0, 0.0, 0.0, 0.0, 0.0, 0.0, 0.0, 0.4444444444444465, 0.5555555555555535, 0.0, 0.0, 0.0, 0.0, 0.0, 0.0, 0.0, 0.0, 0.0, 0.0, 0.0, 0.0, 0.0, 0.0, 0.0, 0.0, 0.0, 0.0, 0.0, 0.0, 0.0, 0.0, 0.0, 0.0, 0.0, 0.0, 0.0, 0.0], "miu_de": 0.5, "input": [-1.5988059476488576, -1.461356246045677, -1.4414854223304703, -1.4459603896962647, -1.4462095574010443, -1.2344549804016638, -1.0972175982354226, -0.6859386305903723, -0.12077136308659163, 0.5864142337480489, -1.3321649968149087, -1.3999855140536719, -1.2756665081368215, -1.1421897704669473, -1.1912884427338069, -1.1157754484303, -0.6761922310294612, -0.38316653458888295, 0.09367990330266625, 0.8219437614145231, -1.3753657211619723, -1.2537726693211382, -0.9848743263654383, -1.0113953888622773, -1.1768991545472451, -0.9505945495519734, -0.6881320809937825, 0.009018682094022491, 0.38032603893137773, 1.581539256242732, -1.0952976792203146, -0.9276200021913463, -1.2283779145368008, -0.9397004267505076, -0.8633032473851826, -0.9043617216945022, -0.7718697998513341, -0.4261918902926287, 0.10482194170654108, 1.3251764940323079, -1.0472510634838739, -0.9056540171487404, -0.7717631138842149, -0.7995991202582261, -0.6517980360263892, -0.7167452485189915, -0.4777716898933881, -0.2612225262486898, 0.1029174165213659, 1.2546003217493669, -0.7995310498946139, -0.5669294301563513, -0.22129068337109392, -0.2331884066267765, -0.41210826093190794, -0.2697531339250089, -0.32514476522264807, 0.050876703758620835, 0.5108131112082805, 1.4078223059795434, -0.6011776551227056, -0.07850680263218861, 0.220174743889285, 0.008964774835019293, -0.22692494737920096, 0.08358689849671631, -0.04292090273997688, 0.16513588273321098, 0.5748695936846875, 1.5902515885704325, -0.16777649486283464, 0.5083504642146225, 0.2592895318141484, 0.3233396077099517, 0.5399475931900897, 0.41737823632349014, 0.8853072086689665, 0.6227629928393159, 0.9141437032727961, 1.3904433557953457, 0.6419635986973213, 1.107147409244667, 0.9474226071257185, 0.9850513242228511, 1.1307289633727895, 1.2534167999939616, 0.8293472409772032, 1.0932363597873997, 1.0549617370365305, 1.361167356619168, 1.1727758816496874, 1.6411990053299852, 1.6569420291318098, 1.5497334074103861, 1.6090920943099303, 1.9946788820455774, 1.5549625031324, 1.5640500396009325, 1.949102605034187, 1.3925673112954247], "bean_num": 0.5, "model_info": {"det_num_x": 10, "det_num_y": 10, "det_y": 0.03, "det_x": 0.03, "size_x": 0.5, "size_y": 0.5, "med_margin": 0.0015}}