{"source": [-82.78742296793712, 946.2645745343463], "intensity": 100, "miu_detector": 0.3, "miu_medium": 1.2, "miu_air": 0.00018, "output": [0.0, 0.0, 0.0, 0.0, 0.0, 0.0, 0.0, 0.0, 0.0, 0.0, 0.0, 0.0, 0.0, 0.0, 0.0, 0.0, 0.0, 0.0, 0.0, 0.0, 0.0, 0.0, 0.0, 0.0, 0.0, 0.0, 0.0, 0.0, 0.0, 0.0, 0.44444444444444364, 0.5555555555555564, 0.0, 0.0, 0.0, 0.0, 0.0, 0.0, 0.0, 0.0], "miu_de": 0.5, "input": [1.4284083753632901, 1.4235672440509275, 1.7997879736236526, 1.8432913727995504, 1.3211949339109013, 1.7457792992520618, 1.5891668469494922, 1.8422344033486264, 1.7392639643275416, 1.3727090540528295, 1.2831602658805643, 1.1388211729527868, 1.271227195803355, 1.595939955738394, 1.7482780764182462, 1.2657653561154674, 1.6027264500346456, 1.3599633493114514, 1.2546635813797977, 0.7239278006281533, 0.7753048710006197, 0.6223515948387212, 0.8788690465850851, 0.8241681901653546, 0.9421114309771463, 0.7908838367101052, 1.0000219871939704, 0.8117317681567022, 0.5217631716260973, 0.22136344983437561, 0.8980653965076353, 0.1790980588860531, 0.23849556071812458, 0.27110403261451815, 0.2675706714932605, 0.12399257973977784, 0.22697772848694675, 0.159177885425703, -0.11071588137355011, -0.22878355510361675, 0.6624532166755173, 0.025042380028652462, -0.2631121929858056, -0.03698875356121076, -0.29715892869867844, -0.16780808873982028, -0.03985523726441507, -0.29981474229627236, -0.2406415788427243, -0.4544886676196951, 0.9452718804225541, -0.26385183028193704, -0.5650568628713032, -0.5306409865406042, -0.4243303750356427, -0.46982395653785447, -0.6307598472247833, -0.6627906287727984, -0.7880775547638249, -0.831277638458154, 0.8737493514322894, -0.348254183384661, -0.7653700641165851, -0.7798559985141292, -0.6406058388000493, -0.8155958224673918, -0.9688001542865787, -1.0248458855188256, -0.9369543471216059, -1.0305986150844046, 0.9563563599613877, -0.43419104200573877, -0.9673020611526469, -1.0213123099547055, -1.0269105351105086, -1.1352869990343166, -1.0405616228513153, -1.2187734711938403, -1.0999658066120435, -1.1632798803805593, 0.8545346179619966, -0.3584078172450474, -0.9953788277777246, -1.0025696685799261, -1.053106917326173, -1.003323918766654, -1.2700135791397458, -1.2151046275675847, -1.3155977511552575, -1.329971427776829, 0.7017034954208337, -0.7233763382589918, -1.0564940243811956, -1.1269801531429542, -1.387773470628685, -1.1967362077949282, -1.2516342533487528, -1.3086639863460905, -1.39422733665486, -1.4082369843511984], "bean_num": 0.5, "model_info": {"det_num_x": 10, "det_num_y": 10, "det_y": 0.03, "det_x": 0.03, "size_x": 0.5, "size_y": 0.5, "med_margin": 0.0015}}