{"source": [-519.9183449621908, -800.604043451742], "intensity": 100, "miu_detector": 0.3, "miu_medium": 1.2, "miu_air": 0.00018, "output": [0.0, 0.0, 0.0, 0.0, 0.0, 0.0, 0.6666666666666676, 0.33333333333333237, 0.0, 0.0, 0.0, 0.0, 0.0, 0.0, 0.0, 0.0, 0.0, 0.0, 0.0, 0.0, 0.0, 0.0, 0.0, 0.0, 0.0, 0.0, 0.0, 0.0, 0.0, 0.0, 0.0, 0.0, 0.0, 0.0, 0.0, 0.0, 0.0, 0.0, 0.0, 0.0], "miu_de": 0.5, "input": [-1.3695804760511812, -1.2482786512288524, -1.393879016049548, -1.3338572206745782, -1.3066866210479753, -1.1707841972674848, -1.3741500123711627, -1.3135662703351483, -1.0514656506613653, -0.27527318855846566, -0.985341655080248, -1.167162077575094, -1.0692249324445158, -1.3194225521773195, -0.9399032955232266, -1.1916058620432133, -1.2163775972717512, -0.9406701007718864, -0.9136226788896133, -0.07366445392198057, -1.1102111037486417, -1.091750625706588, -0.779408564751282, -1.040729490959564, -0.8764962831999101, -1.1154712379078031, -0.7226599704865303, -0.9104705955355668, -0.8426168062898093, 0.2496980239645849, -1.0859972394294823, -0.5856963801083457, -0.4730700177816802, -0.8136161320610621, -0.44810077771599754, -0.5196810730856304, -0.2931559431391855, -0.6565762992512841, -0.91186979840107, 0.10618808842310339, -1.0253988328853998, -0.5059919939878993, -0.4721351539971818, -0.32250239184824925, -0.3965534895349017, -0.43553296579258816, -0.45595046635131775, -0.422922314416319, -0.5455373260802676, 0.05581823162226651, -0.36661893867967993, -0.193499988967506, -0.02529419116931058, -0.03018483673678302, 0.09789030781334436, -0.46190564151981883, 0.0725471807653998, -0.0015793173978833521, -0.2425631382017074, 0.18389075597146062, 0.039899882016450464, 0.21615290430401504, 0.2012449205932928, 0.21926768436467212, 0.1136991540502446, 0.3165192906697942, 0.22251379040957817, 0.466090067236448, 0.2227577428613466, 0.4491412088344435, 0.2791062264289253, 0.6311645066689856, 0.9725435822754606, 1.2129756489487027, 0.963023064788365, 1.3474817317274046, 0.4268825936450182, 0.816893883022061, 0.5238932653929059, 0.755506944343517, 0.8693383089666687, 1.473377517148121, 1.7916134242304902, 1.720931936952179, 1.6119075726251815, 1.754581303245389, 1.1976750717116416, 1.0105339775415856, 0.9694083769172824, 1.152575611128203, 0.7592967498608685, 1.792648727278565, 1.9126643960073173, 1.6937430613006512, 2.099421010646355, 2.1262943881670857, 2.1376329478175715, 1.5277928216698928, 1.7871203244534861, 1.2849176282605352], "bean_num": 0.5, "model_info": {"det_num_x": 10, "det_num_y": 10, "det_y": 0.03, "det_x": 0.03, "size_x": 0.5, "size_y": 0.5, "med_margin": 0.0015}}