{"source": [-921.620286047733, 299.4525833847137], "intensity": 100, "miu_detector": 0.3, "miu_medium": 1.2, "miu_air": 0.00018, "output": [0.0, 0.0, 0.0, 0.0, 0.0, 0.0, 0.0, 0.0, 0.0, 0.0, 0.0, 0.0, 0.0, 0.0, 0.0, 0.0, 0.0, 0.0, 0.0, 0.0, 0.0, 0.0, 0.0, 0.0, 0.0, 0.0, 0.0, 0.0, 0.0, 0.0, 0.0, 0.0, 0.0, 0.0, 0.0, 0.0, 0.0, 0.0, 1.0, 0.0], "miu_de": 0.5, "input": [1.480393702662077, 1.9721302798776807, 1.9743791691031272, 1.803213950646558, 1.8539929117679612, 1.8457016234807115, 2.0840842326950804, 1.8853552202566628, 1.8840878303540682, 1.4716372810192666, 1.043846430229191, 1.3473593444772574, 1.4951198273139552, 1.4682157898379615, 1.5350225872007957, 1.410289635545026, 1.7071653269635132, 1.6121118645170216, 1.3468194708692447, 0.9396556389954132, 0.3029268238740776, 0.7480404934136862, 0.7044356327797006, 0.9380170051368609, 0.8668553603077594, 0.8999571261455842, 1.0976675886919012, 0.903251393500722, 0.7829747060531206, 0.27498853364610026, -0.2343691189027216, 0.13121020525840352, 0.3019730644575708, 0.36733581080714744, 0.40531209398970586, 0.5094872416286486, 0.5636720344943493, 0.5159724431631801, 0.34417658281343805, -0.015194214512172228, -0.5500619062414615, -0.11664214490206821, -0.11053024768357751, -0.06070188964024502, 0.020081305779607775, 0.05998840289281136, 0.03794181979457639, 0.021275624802505055, -0.03423078286142424, -0.41039633244332274, -0.7328389967792233, -0.5533472519770521, -0.3354234085275865, -0.4374593246173679, -0.27626861499299415, -0.2826355047101286, -0.26582770081846163, -0.2927972424934157, -0.4780138399793195, -0.5971690822757658, -0.9298765817710634, -0.6818156152240776, -0.6684611922532828, -0.6692253559775, -0.6262751804871171, -0.5703970169579287, -0.596882534254155, -0.6648847889662184, -0.5851411126333129, -0.8890654745134343, -1.0059492231674676, -0.9234673354544218, -0.7566110766102082, -0.7537619673465875, -0.7739403699720423, -0.8274755094160313, -0.7658930219227246, -0.8526815170322448, -0.8599179035112192, -0.9317698565937378, -1.1730428169344536, -1.037241661678163, -0.9736284690079573, -0.9093427472676977, -0.9839050424362207, -0.9710740082913956, -0.9088298270127025, -0.924277446692854, -1.0442428811600397, -1.118620656479823, -1.2753586146664735, -1.199335880320342, -1.1759929938937244, -1.131354073170004, -1.1702605935317412, -1.1002551665794937, -1.15381845178205, -1.1415866517722095, -1.1937615979345477, -1.2547935922090865], "bean_num": 0.5, "model_info": {"det_num_x": 10, "det_num_y": 10, "det_y": 0.03, "det_x": 0.03, "size_x": 0.5, "size_y": 0.5, "med_margin": 0.0015}}