{"source": [826.1676892163628, 557.2571427164638], "intensity": 100, "miu_detector": 0.3, "miu_medium": 1.2, "miu_air": 0.00018, "output": [0.0, 0.0, 0.0, 0.0, 0.0, 0.0, 0.0, 0.0, 0.0, 0.0, 0.0, 0.0, 0.0, 0.0, 0.0, 0.0, 0.0, 0.0, 0.0, 0.0, 0.0, 0.0, 0.0, 0.22222222222222182, 0.7777777777777781, 0.0, 0.0, 0.0, 0.0, 0.0, 0.0, 0.0, 0.0, 0.0, 0.0, 0.0, 0.0, 0.0, 0.0, 0.0], "miu_de": 0.5, "input": [-1.5127437786579183, -1.4588613236433814, -1.608338074921932, -1.4479741552812682, -1.4522395056778032, -1.3101267101328082, -1.0230278322899125, -0.6236929440741622, -0.0748005668422833, 0.758584623655285, -1.392619821894803, -1.3366272650534128, -1.4106848711052091, -1.1669117475059134, -1.315844318142136, -1.1422843718853246, -0.6800299671924833, -0.2600322851359146, 0.5035819603190038, 1.1578329222375878, -1.4099432236432912, -1.1744254680414432, -1.2385281325933357, -0.9665160800861651, -1.0419331665440839, -0.9724582161054622, -0.6063276387748351, -0.27212288995912914, 0.5955281608451501, 1.1544560803560528, -1.1362110281411677, -1.3791684897253196, -1.1043530994929163, -0.8275095271995132, -0.8100158425785429, -1.0505919015731584, -0.858878393404788, -0.17238742560480302, 0.9816100891651035, 1.2834610971118916, -0.9674879170329088, -0.7529050621826727, -0.8637225401493789, -0.9293659386575484, -0.6272092890972287, -0.8067039390564367, -0.5627096983047135, 0.0049748404214235925, 0.6239341207990372, 1.3312402138517, -0.49217835830526063, -0.5870044693955581, -0.23900315582027234, -0.2601335518547554, -0.441192634635197, -0.4377147503028289, -0.4475709551607248, -0.09146776434336773, 0.4685840427027169, 0.8692018547429079, -0.052832499781932336, -0.4547276757314065, -0.08923450701734315, -0.1364973468721539, 0.31041420865793656, 0.34285329193548764, 0.032539692053899165, -0.018714725831648987, 0.7051889132523148, 1.5861438148231337, -0.14036257494002446, 0.3652619243790875, 0.2408315450075232, 0.28480251281533653, 0.5256027412921418, 0.5280357594608757, 0.29644725609345307, 0.626841022980919, 0.909577751314144, 1.1484959391613692, 0.39280679957656417, 0.9667012746711733, 0.7640970044007633, 1.4211406979635628, 1.0111697445038739, 1.2448431562327549, 1.0602961003129006, 1.3176210088798643, 0.9736264704054567, 1.4814763736429286, 0.9767653513554895, 1.9490955077296273, 1.7742319908282942, 1.524822410613484, 1.429413317720877, 1.56024788998069, 1.6516113614795935, 1.780645257337929, 1.0745755610242416, 1.6457357592824235], "bean_num": 0.5, "model_info": {"det_num_x": 10, "det_num_y": 10, "det_y": 0.03, "det_x": 0.03, "size_x": 0.5, "size_y": 0.5, "med_margin": 0.0015}}