{"source": [-985.9267710148537, 156.15545982816496], "intensity": 100, "miu_detector": 0.3, "miu_medium": 1.2, "miu_air": 0.00018, "output": [0.0, 0.0, 0.0, 0.0, 0.0, 0.0, 0.0, 0.0, 0.0, 0.0, 0.0, 0.0, 0.0, 0.0, 0.0, 0.0, 0.0, 0.0, 0.0, 0.0, 0.0, 0.0, 0.0, 0.0, 0.0, 0.0, 0.0, 0.0, 0.0, 0.0, 0.0, 0.0, 0.0, 0.0, 0.0, 0.0, 0.0, 0.0, 0.0, 1.0], "miu_de": 0.5, "input": [1.1509481550640952, 1.8029388480793722, 1.9626921884413782, 2.027280553627128, 2.4992489802824367, 1.9550117767296111, 1.5412974597154712, 2.0730851642146777, 1.63791418355579, 1.1433754981622422, 1.0487568058860353, 1.6324616440416784, 1.3207198558468047, 1.3501410254944064, 1.8930810634394903, 1.3230512321986574, 1.908909317763013, 1.466912400462946, 1.362032777464812, 0.885634721381954, 0.14696394320120096, 0.6806308424750392, 0.7575694882118214, 0.7093225311022141, 0.8981962834125549, 0.9390120479695663, 0.7283963901369143, 0.8069990080868826, 0.9280352332687222, 0.4180109805780474, -0.22951814964303258, 0.4073619753472619, 0.3752743138279576, 0.4227583241862218, 0.3621910150577056, 0.4219720707379748, 0.33223570557953874, 0.4124786413940182, 0.6703576991492388, -0.22346143230889792, -0.4841369292189235, -0.11592393756298838, 0.16165730595656783, 0.024407025308543176, 0.21273045508279628, 0.1456347841382938, -0.04141411581141801, 0.16245647538501792, -0.19496493768179754, -0.4003259749082127, -0.8492660999521111, -0.46071338479414436, -0.4097622797450122, -0.3944620905907509, -0.13774344323028956, -0.3539700357999831, -0.5708883851769186, -0.34553668865967047, -0.58033583740067, -0.7550340771416102, -0.8813146334493931, -0.7525054973720909, -0.615172474836807, -0.45925882090296843, -0.603265180971485, -0.5152643519261075, -0.6405319734609087, -0.7522039347203148, -0.7295650189748135, -0.9483033443523351, -0.983583355463957, -0.9755439136765763, -0.9347464409507887, -0.844724623117306, -0.7673566651315723, -0.8827079949600065, -0.7028861408107858, -0.7319539616429483, -0.7429885869069583, -0.9164883261478747, -1.0987584662008787, -0.896413876974431, -0.7351676519058385, -1.0819482855664782, -0.9610762184512499, -0.8571914501287654, -0.8629394203000393, -1.033858549698637, -0.9572923656444835, -0.9707999732439896, -1.355072403514396, -1.146583181327598, -1.097125666918243, -1.1148525596429204, -1.1953942014370438, -1.0899375872806394, -0.9440467147514332, -1.1695304949288006, -1.2619182096320791, -1.3524158744957124], "bean_num": 0.5, "model_info": {"det_num_x": 10, "det_num_y": 10, "det_y": 0.03, "det_x": 0.03, "size_x": 0.5, "size_y": 0.5, "med_margin": 0.0015}}