{"source": [465.58148517696895, 404.7238104371211], "intensity": 100, "miu_detector": 0.3, "miu_medium": 1.2, "miu_air": 0.00018, "output": [0.0, 0.0, 0.0, 0.0, 0.0, 0.0, 0.0, 0.0, 0.0, 0.0, 0.0, 0.0, 0.0, 0.0, 0.0, 0.0, 0.0, 0.0, 0.0, 0.0, 0.0, 0.0, 0.0, 0.0, 0.44444444444444575, 0.5555555555555542, 0.0, 0.0, 0.0, 0.0, 0.0, 0.0, 0.0, 0.0, 0.0, 0.0, 0.0, 0.0, 0.0, 0.0], "miu_de": 0.5, "input": [1.3754179179552364, 0.5042859506165172, 0.06622686045604628, -0.39273828236742625, -0.7877216838987425, -0.9366403792224262, -1.1377056444251596, -1.282683105128542, -1.4260893628747933, -1.5034126402938377, 1.6650800695520873, 1.0310875514283293, 0.28307104108917275, -0.1551491777445357, -0.4963415634859119, -0.743878721231133, -1.0405084701605993, -1.1830007489289311, -1.29128805857692, -1.500266873435729, 1.6651377407868166, 1.24077150129981, 0.444191622942748, 0.130223214849973, -0.46221626427811563, -0.7053372589994658, -0.9396852727546887, -1.1299612569019641, -1.317845344496411, -1.427412863361376, 1.5489604311011844, 1.187245237705654, 0.6243907640549814, 0.012449565193389928, -0.26947299121637075, -0.6080990328736559, -0.9542207491186654, -1.0738520822332247, -1.2246194878519898, -1.4050011516819954, 1.647597249949423, 1.4498697699681375, 0.8229412319249578, -0.010059909772540657, -0.37766729998068466, -0.6668469926525435, -0.9009870089838804, -0.9958192790504543, -1.3320863057635324, -1.3138333910514026, 1.8738678433037317, 1.3175749185992083, 0.5030107096884809, 0.05985882805897035, -0.36764027814541606, -0.6546901471333175, -0.919253140987013, -0.9522956691336598, -1.222138353962162, -1.29273068529827, 1.8345067061650817, 1.1791348727825401, 0.7000402072359625, 0.12433029487622921, -0.4212199470151905, -0.5939416320612484, -0.6628211657050098, -0.7698807607299017, -0.7509047913585092, -1.0881366547913995, 1.9310785840347464, 1.129977165187195, 0.4984343547039339, 0.19115447563103086, -0.23406874628142346, -0.3519775066382539, -0.31623304349388687, -0.6209786867955186, -0.586565909337069, -0.8094283386060027, 1.7259000828342834, 1.2124658992677657, 0.507204933456957, 0.38295361925453325, 0.2645827625259309, 0.2982995042542762, 0.4040451898379243, 0.2683789973197916, 0.22666217618079232, -0.036292217045977584, 1.4110684567880207, 1.1546112092277168, 1.191993955623304, 1.1029394579493537, 1.1206090752282356, 1.248020085121559, 1.2911978486605424, 1.2888058032559795, 0.9046022899629296, 0.5973883014253764], "bean_num": 0.5, "model_info": {"det_num_x": 10, "det_num_y": 10, "det_y": 0.03, "det_x": 0.03, "size_x": 0.5, "size_y": 0.5, "med_margin": 0.0015}}