{"source": [-135.99104229769083, -95.22195294583854], "intensity": 100, "miu_detector": 0.3, "miu_medium": 1.2, "miu_air": 0.00018, "output": [0.0, 0.0, 0.0, 0.11111111111111269, 0.8888888888888873, 0.0, 0.0, 0.0, 0.0, 0.0, 0.0, 0.0, 0.0, 0.0, 0.0, 0.0, 0.0, 0.0, 0.0, 0.0, 0.0, 0.0, 0.0, 0.0, 0.0, 0.0, 0.0, 0.0, 0.0, 0.0, 0.0, 0.0, 0.0, 0.0, 0.0, 0.0, 0.0, 0.0, 0.0, 0.0], "miu_de": 0.5, "input": [1.2789970372847885, 1.558112546345376, 1.6453072808912403, 1.7406344025531346, 1.7463012035412782, 1.540928617999604, 1.5895140720336491, 1.6776677111404, 1.4488378029933886, 1.1580412870375554, 1.4708294838800011, 1.0095310349054678, 0.9160477519648087, 1.2951275082808744, 1.1488664540648597, 1.2499063222842857, 1.1668255657693476, 1.0042880525251934, 1.0532104900743893, 0.7046116654546224, 1.5032702246168708, 0.6586170376554625, 0.6628444743080687, 0.643417534279603, 0.37208258551452994, 0.44683572405702643, 0.4562818595251584, 0.4023017746335741, 0.45836739805442184, 0.013483117875006338, 1.2961758871817686, 0.6381784816142048, 0.08276432067299185, 0.011818471716378712, -0.028615320748875628, 0.012517682858373295, -0.1793748352489251, -0.23105060446530482, -0.26988070150068777, -0.3721556551599774, 1.3510520254072624, 0.5101626344512635, -0.1453360839509467, -0.3344423229989644, -0.4678810727258034, -0.400617386882924, -0.4772743919098819, -0.516156864932744, -0.6118550676374728, -0.7385133173905742, 1.3688797537654884, 0.5000940177650942, -0.2651341442346338, -0.6202571179594996, -0.6320067710719016, -0.7260345561276252, -0.7588200937792179, -0.8271222625969996, -0.9149336058624455, -0.9133245400154331, 1.4263212069647007, 0.5100344088934462, -0.2515362771523787, -0.6245143445675815, -0.9445287352592338, -0.8518364840655449, -0.9681843934451443, -0.9907801613449558, -1.122282203237048, -1.1705111114543207, 1.2919178070927253, 0.4597352336525823, -0.2505860045925717, -0.6092668038236329, -1.1207739018126233, -1.0649161596990169, -1.1492297801299294, -1.1719129832227382, -1.3012589904414968, -1.4001162632916722, 1.2955535422679914, 0.41921081676553557, -0.32782606427059385, -0.7125917977141353, -0.9410207863973488, -1.192070321239912, -1.2985823513035673, -1.3413846089728603, -1.3918267120468728, -1.4791536311633602, 0.747272518584254, 0.11503680685956902, -0.5976724946053928, -0.884747337789194, -1.1520875252397007, -1.3404478533725168, -1.4368828554753947, -1.4346394464177559, -1.5180625483862957, -1.585795988921968], "bean_num": 0.5, "model_info": {"det_num_x": 10, "det_num_y": 10, "det_y": 0.03, "det_x": 0.03, "size_x": 0.5, "size_y": 0.5, "med_margin": 0.0015}}